
0200000001
0200000002
0200000003
0200000983
0200001142
0200000887
0200001095
0200001137
0200001052
0200001027
0200000992
0200000950
0200000006
2300013322
0200000007
0200001119
0200001123
2300015605
0200000903
0200000010
0200000012
0200000013
0200000014
0200001111
0200000015
0200000016
0600000014
0200000017
0200000018
0200001143
0200001065
0200000998
0200000019
0200000022
0200000025
2300013218
0200000026
0200000989
0200000888
0200000027
2300000326
0200000029
0200000030
0200000033
0200000034
0200000035
0200000036
0200000040
0200001145
0200000041
2300000484
0200001074
2300000519
0200000927
0200000042
0200000043
0200000044
0200000045
0200000046
0200000047
0200000049
0200000050
0200000889
1600002827
0200000052
0200001128
0200001133
0200001116
0200000054
0200000055
0200001140
0200001005
0200000057
0200000058
1700004772
0200001127
2300013344
0200000060
0200000062
2300016419
0200000064
0200000066
0200000069
0200000071
0200000074
0200000075
0200000076
0200000077
1100000043
0200000078
0200000079
2300015193
0200000082
1100000050
0200000085
0200000087
0200000088
0200000090
0200001097
1700004970
0200000091
0200000092
0200000093
0200000094
0200000095
2300001178
0200000096
0200000098
0200000099
0200000100
0200000101
0200000102
0200000103
0200000104
0200000105
0200000106
0200000107
0200000109
0200000108
0200001018
0200000110
0200000111
0200000963
0200000113
0200000114
0200000115
0200001028
2300001393
0200000116
0200001068
0200000118
0200000119
0200000120
0200000121
0200001073
2300001434
2300012121
0200000122
0200000124
0200000128
2300016564
0200001131
0200000129
0200000131
0200000132
0200000134
0200000135
0200000137
0200000138
0200000935
0200000140
0200001132
2300015024
0200000142
0200000143
2300013121
0200001136
2300001713
0200000149
0200000974
2300001755
0700000134
0200000151
0200000152
0300001497
0200000153
0200000154
2300014379
0200001092
0200001094
0200000156
0200000157
0200000158
0200000159
0200001130
0200000160
0200000162
0200000166
0200000167
0200000168
0200000171
0200000173
0200000174
0200000176
0200000972
2300017737
0200000177
0200001022
0200001067
2100000835
0200000179
0200000181
0200000183
0200000185
0200001042
0200000186
0200000187
0200000189
0200000900
0200000193
0200000195
2300002265
0200000196
0200000878
0200000201
0200000202
2300014490
0200000203
0200000879
0200000993
0200000204
0200000205
0200000207
0200000980
0200000208
0200000209
0200000210
0200000961
0200000931
0200000211
2300014272
2300015071
0200000956
0200000212
0200000214
0200000215
0200001112
0200001120
2300014411
0200000219
0200000220
0200000221
0200000222
0200001110
0200000223
0200000224
1700004857
2300015115
0200001013
0200001004
0700000805
0200000227
0200000891
0200000228
0200001096
0200000957
0200000229
0200000231
0200000232
0200000233
0200000906
0200000234
2400001058
0200000997
0200000235
0200000236
0200000237
2300015621
0200000238
0200001107
0200000239
0200000241
2300002844
0200000243
0200000244
0200000247
0200000248
0200000252
2300013672
0200000253
0200000254
2300002968
0200000255
0200000257
2300002981
0200000259
0200000260
0200000261
0200000262
2900000504
0200000907
2300014704
0200000264
0200000265
0200000266
0200001108
0200000268
2300013389
0200000269
0200000270
0200000273
0200001139
0200000276
0200000278
0200000279
0200000280
0200000281
0200000283
0200000982
2300012189
0200000284
0200000285
0200000286
0200000287
0200000288
0200000290
0200000292
0200000294
0200000908
0200000295
2300013408
0200000296
0200000297
0200000298
2300014936
0200000302
0200001124
0200000303
0200000304
0200000305
0200000306
0200000307
2300003645
2300015560
0200000308
0200000309
0200000310
0200001134
0200000312
0200000313
0200001122
0200000316
1600002378
0200001009
0200001051
0200000928
0200000317
0200000318
1700004788
0200000320
0200000323
0200000324
0200000955
0200000326
0200000328
0200000330
0200000331
0200000332
0200000333
0200000334
0200000335
0200000926
0200000994
0200000338
0200001103
1600002921
0200000339
0200000340
0200001141
0200000341
0200000342
0200000343
0200000344
0200000345
0200000346
0200000347
0200000350
2300004164
0200001091
0200000981
0200000356
0200000357
0200000359
0200000360
0200000362
0200000363
2500000619
0200000364
0200000365
0200000367
0200000369
0200000370
0200000371
0200000372
0200000373
0200000374
0200000375
0200000376
2300013887
0200001072
0200000377
0200000909
0200000379
2300010787
0200000996
1100000258
0200000380
2500002468
0200000382
0200000383
0200000384
0200000385
2300014989
0200000387
0200000388
0200000390
0200000391
0200000381
0200000393
0200000932
0200000394
2300013811
0200000975
0200000395
0200000398
0200000399
0200000400
0200000401
0200000402
0200000944
0200001080
0200000405
0200000406
0200000407
0200000410
2300011952
0200000412
0200000414
0200000415
0200000985
0200000416
0200000419
0200000420
0200000421
0200000422
0200001066
0200000424
0200000425
0200000426
0200000428
0200001117
0200001104
2300013586
0200000429
0200000430
0200000431
0200000433
0200000434
0200000435
0200000437
0200000439
0200000440
0200000444
0200001087
0200000446
0200000447
0200000448
0200000449
0200000450
0200000451
0200000452
0200000911
2300014685
1700006357
0200000453
1100000620
0200000456
0200000893
0200000427
0200000460
0200000942
0200000462
0200000463
0200000464
0200000465
1500000245
0200000466
0200001144
0200000468
0200000469
0200000470
0200000472
0200001098
2300016534
0200000995
0200001048
0200001077
0200000474
2300011123
0200001050
0200000477
0200000478
0200000481
0200000482
0200000882
0200000483
0200000485
0200000484
0200000486
1100000321
0200000488
0200001021
0200000489
0200000490
0200000923
0200000491
0200000492
2300005499
0200000496
1100000328
0200000500
0200001046
0200000501
0200000504
0200000506
0200000508
0200000509
0200000510
0200000513
0200000515
0200000516
0200000518
0200000520
0200000521
0200000522
0200001105
0200000523
0200000526
0200000527
0200000529
0200000530
0200000531
0200000533
0200000534
2300005808
0200000537
0200000538
0200000540
0200000541
0200000542
0200000543
0200000544
0200000546
0200000919
0200001060
0200000548
0200000549
0200000552
0200000551
0200001025
0200001088
0200000554
0200001106
0200000555
0200000557
0200000558
0200000559
0200000560
0200001010
0200000561
0200000562
0200000564
0200000951
0200000568
0200000569
0200000570
0200000895
0200000572
0200000573
0200000574
0200000576
0200000577
0200001118
0200001049
2300006281
0200000578
0200000579
0200000580
0200000581
0200001113
0200000970
0200000583
0200000584
0200000585
0200001138
0200000588
2300006573
0200000590
0200001056
0200000912
0200000594
0200000925
0200000595
0200000596
0200000964
0200001082
0200001011
0200001093
2500002092
0200000598
2300014824
0200000599
0200000600
0200000601
0200000914
0200000603
0200000920
0200000604
1700005799
0200000605
0200000606
0200000608
0200000610
0200000612
0200000616
0200000618
0200000619
0200001033
0200001081
0200000967
0200000991
0200000620
0200000621
0200000966
0200001007
2300013276
0200001071
0200000622
0200000623
2200000403
0200000624
0200000625
2300006977
0200000627
0200000628
0200000630
0200000631
0200000632
0200001029
0200000634
0200000635
0200000636
0200000637
0200000638
0200000639
0200000642
0200000641
0200000643
1100000571
0200000645
0200000646
0200000649
0200000650
0200000651
0200000652
0200000653
0200000658
0200000660
0200000661
0200000663
2300007539
0200000665
0200000666
0300000950
1200000648
0200000671
0200000672
0200000673
2300007714
0200000674
0200000675
2300016478
0200000676
0200000677
0200001020
0200000679
0200000680
0200000681
2300015511
0200001114
0200000962
2500002137
0200000684
1100000451
0200000686
0200000687
0200000688
1600001264
0200000689
0200000690
0200000692
0200001035
1700006162
0200000930
0200001034
2300016141
2300014335
0200000953
0200000693
0200001089
0200000694
0200000695
0200000696
0200000697
0200001135
0200001019
2400000418
0200000702
0200000701
0200000703
1100000465
1600001285
0200000704
0200000705
0200000883
0200000706
0200000708
1500000513
0200000709
0200001014
0200000710
1600001307
0200000712
0200000713
0200001036
0200001100
0200001070
0200000714
0200001102
0200000715
0200000716
0200000718
0200000720
0200000722
0200000719
0200001062
0200000723
0400002270
0200000724
0200001125
0200000725
0200000726
2300013202
0200000727
0200001101
2500002536
2300015360
0200000731
0200001126
0200000732
0200000733
0200000735
0200000737
0200001038
1700003234
0200000740
0200001146
0200000742
0200000744
0200000743
1100000496
0200000745
2300011369
2300015206
0200000746
0200000747
0200000748
0200000749
0200001121
2300011257
0200001059
1700005080
0200000754
0200001057
0200000756
0200000757
0200000897
0200001129
0200000759
0200000760
0200000762
0200000765
0200000767
0200000770
0200000772
0200000775
0200000776
0200000945
0200000777
0200000778
0200000779
0200000781
0200000954
0200000783
0200000785
0200000784
0200000786
0700000820
0200000788
2300012278
0200000789
0200000793
2400000845
0200001086
2300009399
0200000797
0200000798
0200000799
0200000801
0200000802
0200000803
0200000805
0200000806
0200000807
2300009482
0200001061
0200000809
2300009502
0200001026
0200001031
0200001041
0200000811
0200000812
0200000813
2300013489
0200000814
2300014725
0200000815
0200000884
0200000816
0200000986
0200000819
0200000821
0200000823
0200000824
0200000826
0200001045
0200001008
2300009720
0200000828
0200000830
0200000831
0200000829
0200000833
2300017071
0200001109
0200001030
0300001450
0200000836
2300009849
0200000838
0200000840
0200000841
1100000558
0200000842
0400004187
0200000843
0200000845
0200000847
0200000848
0200000849
0200000850
0200000852
0200000854
0200000855
0200000856
0400003436
2300014918
0200000857
0200000886
0200000860
0200000861
0200000859
0200000864
0200000866
2900000001
0300001718
0300000002
0300001616
0300001794
0400004519
0300001728
2300014342
0300001791
2500002331
1700004409
2500001798
1700004633
0300000003
0300000005
2700001012
1600003022
0300001713
0300001790
2500002366
0400000021
0300001721
2500002417
2900000545
0300001345
2300000135
0300001847
0300000007
0300001880
0300001475
2500001877
2300000184
0300001710
2700000939
0300000010
0300000011
0300000012
2100000830
0300000014
1900000999
1600001915
2500000014
0300001838
0300001549
0200000976
2300016008
0300000017
1300000553
1700000125
0300001907
1700000126
2300014361
0300000022
2900000009
0300000021
0300000027
0300000028
2300000349
1600002022
0300000029
0300000030
0300000031
0300001614
0300000033
0300000034
0300000035
0300001596
0300000036
0300001611
0300000037
0300000038
0300000039
0900000022
0300000043
0300000046
2100000800
2300012021
2300014353
0400003785
1700004593
1600001988
0300001664
0300000049
1600000085
0300000050
0300001581
2300000544
2500000053
0300000053
0300000055
0700000035
0300000056
0300000057
1400000043
0300000058
0300001922
0300000059
0300001909
0700000036
0300001317
0300000062
0300000064
0300000065
0300000066
0300000068
0300000069
0400002914
2100000034
0300000072
0300000073
0300000074
0300001747
0300000075
0300001461
0300001416
0400004865
0300001595
0300001796
0300001832
0300001841
0300001890
1800000430
0300001811
0300001777
1900000047
0300001536
0300000081
1700004262
0300000082
0300000085
0300000086
2300010692
2900000028
2500002086
1200000678
0300000088
0300001619
2300015861
0300000090
0300000091
0300000092
0300001750
0300001814
0300000093
0300000094
1700005946
2300000947
0400000222
0500000991
0300000098
2500001974
0300000099
0300001809
2300001032
0300001537
0300000101
0300001775
0400003839
0300000103
0300001486
0400004441
0300001720
2300013699
0400003017
0300000104
0300001505
2300013967
0400000259
0300000107
0300000108
1700000444
2500000135
2500000136
1600000178
1900001001
0300000110
1900000080
0300000111
0300000112
0300000113
0800000054
2000000526
0300000114
0400000298
0300001734
0300000115
0300001458
0300000116
2500001927
1200000054
0300000117
0300000118
0300000119
0300000120
2300011679
0400005266
0300001681
0300000124
0300000125
0300000126
0300000127
0300000128
0300000130
0400004135
0300000135
0300001504
0300001666
0800000060
0300000136
0300000137
0300000138
0300000140
0300000143
0300000144
0400004322
0300000146
2300013187
1000000044
0300000148
2300013158
0400005048
1700000604
0300000151
2900000072
0300001526
0400004755
0300000156
0300001807
0300000157
0300000158
0300000159
0300001324
0400004486
0300000161
0300000162
1700003959
0300000163
2900000077
0300001571
0300000164
2400000074
0300000165
1700004202
0300001325
2100000085
0300000166
2500002090
1700000652
0300000167
0400005114
0300000168
0300000170
0300001924
0300000169
0300000174
0300001793
0300000175
0300001745
0300001889
2500002325
1600003019
1700006741
0300001766
0400005265
0300001844
2500002356
0300001781
0300001575
2700000937
1200000720
0300001786
0300001858
1600000306
0300001927
0300000178
1600000310
0300001471
0300000182
0300000183
0300001604
0700000155
1600001888
0300001532
2800000761
0400003877
0300000190
0300001822
0300001652
0400005125
2300013292
0400005124
0400005644
2500002397
0300000195
0300001380
0300000196
0300001523
0300000197
0300000199
0300000201
2900000089
0300000205
0300001763
0400003913
0300000207
1600000352
0300000208
2500000265
0300000209
0300000210
0300000211
0300001850
0300001527
0300000213
2700001050
0300000215
0300000217
0300001845
0300001565
0300001382
0300000224
0300001579
0300001731
0300000228
0300000229
0300000232
0300000233
0300000234
0300000235
0300000238
0300001629
2900000100
0300000241
0300000242
0300000243
2700000176
0300000246
0300000247
0300000248
2100000831
0300001724
0300000250
1600002698
0300000253
0300001798
0300000254
0300000255
0300000257
0300000258
0300001556
0300001576
0300001711
2600000478
0300001589
0300000261
0300000262
0300000265
0300000266
0300000268
0300001647
0400002915
0300001810
0300000270
0300001772
0300001607
0400004609
2500002346
0300001480
2500002376
0300001610
0300001765
2500002104
0300000273
0300001904
0300001921
2100000142
0300001671
0300000274
0300001687
0300000275
0300001886
2300012232
0300000277
0300001368
0300000278
0300000279
0300000280
0300000281
0300000282
2300014575
1700004889
0300000284
0300000286
0300000287
1700004384
2300013179
0300000291
0300001801
0500001054
0400004536
1700004511
0300000292
0500001583
2500002343
2100000152
0300001682
2500002375
0300001568
0300001778
0300001554
0500001520
0300001481
0300000294
0300000295
0300001401
2800000136
0300001940
2500002349
1600000448
1700006244
1600002231
0300001938
0300001586
0300001768
0300000296
0300000297
0300000298
0300000299
0400005636
1600001997
1600002705
0300001655
0300001685
2300017118
0300000301
0300001935
2500002103
2700000238
0300000303
0300000304
0300000305
0300000306
0300000307
0300000308
0900000165
2100000166
0300000309
2300013828
0300000310
2100000174
0300000311
0400003997
0300001706
0300001378
2300012649
0400004077
2500001906
0400004809
0300001645
0300000318
0300000316
2700000908
0300000319
0300001898
0300000321
0300001508
2300015163
1700006499
0300000328
0300001701
0300000329
0300001872
0300000330
0300001783
0300001691
0300001476
0300001605
0400004646
0300000333
0300000335
0400000780
0300000336
0500001071
0300000341
0300000342
0900000773
0300000343
2900000605
2500002109
0300001875
0300001582
0300000346
0300000348
0300000349
0300000350
0400004590
0300000351
0400005629
0300000353
2500001978
0300001803
0300000354
0300000356
0300000357
2300016825
1700004885
0300001473
0300000363
0400004726
2900000563
2300003067
0300001569
0300000368
0300000369
0300000370
0300001518
0300001831
0300000372
0300000374
1600002610
2300011182
0300000376
0300000378
0300001539
0300000389
0300001206
2300015510
2000000501
0300001663
0300000392
0300000394
2100000231
0400005402
0300001915
2300003245
2700000918
0300000395
1900000237
0300001546
0300000396
0300000398
0300000399
2800000180
0300001653
0300001388
0300000404
0300000405
0300001917
0400003956
0300000406
0300001911
0300000408
2300003377
0300000410
0300001759
0300001495
0300000411
0300001559
0300000412
0300000413
2300011424
0300000415
0300000416
0300000417
0300000418
0300000414
0300000422
0300001769
0300000423
0300000424
1600002862
0300001675
0300000425
0300000427
0300001627
0400005064
2300013447
0300001396
0300000429
0300000430
0300001344
0400004610
0300000433
0300000434
0300001365
0400003854
0300000435
2300010331
0400003751
0300000437
0300000439
0900000842
2600000439
2500002544
0300001707
0300000441
0300001736
0300001882
0400004744
0400004576
0300000444
1200000188
0300000445
0300001541
0300000448
0300000449
2900000178
0300000450
1400000333
2800000207
0300000451
0300000453
0400004017
0300000455
0300000457
0300000458
2500000543
1700001445
0400001002
0300000459
0900000245
0300000461
0300001369
0300000463
2800000694
2500002165
0300000464
2300014636
0300000465
0300000466
0300000467
0300000468
0300001635
0300001933
2300012509
0300000473
0300000474
0300000475
0300001690
0300001843
0300000476
0300000477
0300000478
0300000480
2600000388
0300000481
1400000354
0800000642
0300000487
1600001683
0300001920
0400004613
0300001521
0300001601
2500002461
0300001636
2300014410
0300001491
2300011154
0300001509
0300000490
0300000491
0300000492
2300016836
0300001702
0300001749
0300000493
0300001482
0600000188
1700005746
2500002345
1700004966
0300000498
0300000500
0300001774
0300000501
0300000503
0300001615
0300000505
1600001841
0300001577
2100000843
0300000508
0300000510
0300001449
0400005095
0300001785
0400005500
0300000513
0400002878
0300000515
1700006676
2500002061
0300001613
0300000519
0300000522
2500000637
0300000527
2500000641
2300004312
0300001712
0300000529
0300000530
0300000533
0300000536
1700001663
0300000537
0300000541
0300000542
2200000172
0300000543
0400004096
0300001374
0300001932
0300001800
0300000544
0300000545
0300001656
0300001908
0400003521
0300000546
0300000548
0300001448
0400004767
2300013522
1700006406
0400005305
0300000549
1700006013
0300001617
0300000557
2700000941
0300000558
2900000218
0300000559
0300000561
0300000562
0300000563
0300001735
0300000565
0300001787
0300000566
0300000567
0300000568
1600002718
0300000569
0300000570
0300000571
2400000775
0300000572
0300000573
0300001668
1600001968
2200000442
0300001405
1600003109
2500002490
0400004696
0400003546
0300001684
0300001804
0300001829
0300001649
0300000576
0300000578
0300001770
0300000579
2500001892
0300001372
0400005037
0300000585
0800000230
1800000139
2900000227
0300001350
2300010684
0300001918
0300001651
0300000589
0300000590
0300000592
1900000987
1900000993
0300000594
0300000595
0300000596
0300001503
0300001415
0300001591
0300001865
0400004380
0300001517
0300001715
0300000602
0300000603
0300000604
0300000605
0300000606
0300000608
0300001676
1600002664
0300000611
0500001171
2100000840
0300000613
0300000614
0300000615
0300001515
1900000363
0300001584
0300001662
1700006742
0300001555
2300012601
0300001487
0300001321
1600002686
0300001857
0400001325
0300000625
0300000626
0300001375
0300000628
0300001896
0300000629
0300000632
0300000638
0300000640
0300000641
0300000642
0300000643
0300000644
0800000249
2500001742
0300000645
1200000280
0300000646
0300001534
0400003367
0300000647
0300000648
2500000771
0800000252
0300000650
2700000482
0300001623
0300000652
0300000653
2300012084
0300000654
200000001
200000002
200000003
200000983
200001142
200000887
200001095
200001137
200001052
200001027
200000992
200000950
200000006
200000007
200001119
200001123
200000903
200000010
200000012
200000013
200000014
200001111
200000015
200000016
600000014
200000017
200000018
200001143
200001065
200000998
200000019
200000022
200000025
200000026
200000989
200000888
200000027
200000029
200000030
200000033
200000034
200000035
200000036
200000040
200001145
200000041
200001074
200000927
200000042
200000043
200000044
200000045
200000046
200000047
200000049
200000050
200000889
200000052
200001128
200001133
200001116
200000054
200000055
200001140
200001005
200000057
200000058
200001127
200000060
200000062
200000064
200000066
200000069
200000071
200000074
200000075
200000076
200000077
200000078
200000079
200000082
200000085
200000087
200000088
200000090
200001097
200000091
200000092
200000093
200000094
200000095
200000096
200000098
200000099
200000100
200000101
200000102
200000103
200000104
200000105
200000106
200000107
200000109
200000108
200001018
200000110
200000111
200000963
200000113
200000114
200000115
200001028
200000116
200001068
200000118
200000119
200000120
200000121
200001073
200000122
200000124
200000128
200001131
200000129
200000131
200000132
200000134
200000135
200000137
200000138
200000935
200000140
200001132
200000142
200000143
200001136
200000149
200000974
700000134
200000151
200000152
300001497
200000153
200000154
200001092
200001094
200000156
200000157
200000158
200000159
200001130
200000160
200000162
200000166
200000167
200000168
200000171
200000173
200000174
200000176
200000972
200000177
200001022
200001067
200000179
200000181
200000183
200000185
200001042
200000186
200000187
200000189
200000900
200000193
200000195
200000196
200000878
200000201
200000202
200000203
200000879
200000993
200000204
200000205
200000207
200000980
200000208
200000209
200000210
200000961
200000931
200000211
200000956
200000212
200000214
200000215
200001112
200001120
200000219
200000220
200000221
200000222
200001110
200000223
200000224
200001013
200001004
700000805
200000227
200000891
200000228
200001096
200000957
200000229
200000231
200000232
200000233
200000906
200000234
200000997
200000235
200000236
200000237
200000238
200001107
200000239
200000241
200000243
200000244
200000247
200000248
200000252
200000253
200000254
200000255
200000257
200000259
200000260
200000261
200000262
200000907
200000264
200000265
200000266
200001108
200000268
200000269
200000270
200000273
200001139
200000276
200000278
200000279
200000280
200000281
200000283
200000982
200000284
200000285
200000286
200000287
200000288
200000290
200000292
200000294
200000908
200000295
200000296
200000297
200000298
200000302
200001124
200000303
200000304
200000305
200000306
200000307
200000308
200000309
200000310
200001134
200000312
200000313
200001122
200000316
200001009
200001051
200000928
200000317
200000318
200000320
200000323
200000324
200000955
200000326
200000328
200000330
200000331
200000332
200000333
200000334
200000335
200000926
200000994
200000338
200001103
200000339
200000340
200001141
200000341
200000342
200000343
200000344
200000345
200000346
200000347
200000350
200001091
200000981
200000356
200000357
200000359
200000360
200000362
200000363
200000364
200000365
200000367
200000369
200000370
200000371
200000372
200000373
200000374
200000375
200000376
200001072
200000377
200000909
200000379
200000996
200000380
200000382
200000383
200000384
200000385
200000387
200000388
200000390
200000391
200000381
200000393
200000932
200000394
200000975
200000395
200000398
200000399
200000400
200000401
200000402
200000944
200001080
200000405
200000406
200000407
200000410
200000412
200000414
200000415
200000985
200000416
200000419
200000420
200000421
200000422
200001066
200000424
200000425
200000426
200000428
200001117
200001104
200000429
200000430
200000431
200000433
200000434
200000435
200000437
200000439
200000440
200000444
200001087
200000446
200000447
200000448
200000449
200000450
200000451
200000452
200000911
200000453
200000456
200000893
200000427
200000460
200000942
200000462
200000463
200000464
200000465
200000466
200001144
200000468
200000469
200000470
200000472
200001098
200000995
200001048
200001077
200000474
200001050
200000477
200000478
200000481
200000482
200000882
200000483
200000485
200000484
200000486
200000488
200001021
200000489
200000490
200000923
200000491
200000492
200000496
200000500
200001046
200000501
200000504
200000506
200000508
200000509
200000510
200000513
200000515
200000516
200000518
200000520
200000521
200000522
200001105
200000523
200000526
200000527
200000529
200000530
200000531
200000533
200000534
200000537
200000538
200000540
200000541
200000542
200000543
200000544
200000546
200000919
200001060
200000548
200000549
200000552
200000551
200001025
200001088
200000554
200001106
200000555
200000557
200000558
200000559
200000560
200001010
200000561
200000562
200000564
200000951
200000568
200000569
200000570
200000895
200000572
200000573
200000574
200000576
200000577
200001118
200001049
200000578
200000579
200000580
200000581
200001113
200000970
200000583
200000584
200000585
200001138
200000588
200000590
200001056
200000912
200000594
200000925
200000595
200000596
200000964
200001082
200001011
200001093
200000598
200000599
200000600
200000601
200000914
200000603
200000920
200000604
200000605
200000606
200000608
200000610
200000612
200000616
200000618
200000619
200001033
200001081
200000967
200000991
200000620
200000621
200000966
200001007
200001071
200000622
200000623
200000624
200000625
200000627
200000628
200000630
200000631
200000632
200001029
200000634
200000635
200000636
200000637
200000638
200000639
200000642
200000641
200000643
200000645
200000646
200000649
200000650
200000651
200000652
200000653
200000658
200000660
200000661
200000663
200000665
200000666
300000950
200000671
200000672
200000673
200000674
200000675
200000676
200000677
200001020
200000679
200000680
200000681
200001114
200000962
200000684
200000686
200000687
200000688
200000689
200000690
200000692
200001035
200000930
200001034
200000953
200000693
200001089
200000694
200000695
200000696
200000697
200001135
200001019
200000702
200000701
200000703
200000704
200000705
200000883
200000706
200000708
200000709
200001014
200000710
200000712
200000713
200001036
200001100
200001070
200000714
200001102
200000715
200000716
200000718
200000720
200000722
200000719
200001062
200000723
400002270
200000724
200001125
200000725
200000726
200000727
200001101
200000731
200001126
200000732
200000733
200000735
200000737
200001038
200000740
200001146
200000742
200000744
200000743
200000745
200000746
200000747
200000748
200000749
200001121
200001059
200000754
200001057
200000756
200000757
200000897
200001129
200000759
200000760
200000762
200000765
200000767
200000770
200000772
200000775
200000776
200000945
200000777
200000778
200000779
200000781
200000954
200000783
200000785
200000784
200000786
700000820
200000788
200000789
200000793
200001086
200000797
200000798
200000799
200000801
200000802
200000803
200000805
200000806
200000807
200001061
200000809
200001026
200001031
200001041
200000811
200000812
200000813
200000814
200000815
200000884
200000816
200000986
200000819
200000821
200000823
200000824
200000826
200001045
200001008
200000828
200000830
200000831
200000829
200000833
200001109
200001030
300001450
200000836
200000838
200000840
200000841
200000842
400004187
200000843
200000845
200000847
200000848
200000849
200000850
200000852
200000854
200000855
200000856
400003436
200000857
200000886
200000860
200000861
200000859
200000864
200000866
300001718
300000002
300001616
300001794
400004519
300001728
300001791
300000003
300000005
300001713
300001790
400000021
300001721
300001345
300001847
300000007
300001880
300001475
300001710
300000010
300000011
300000012
300000014
300001838
300001549
200000976
300000017
300001907
300000022
300000021
300000027
300000028
300000029
300000030
300000031
300001614
300000033
300000034
300000035
300001596
300000036
300001611
300000037
300000038
300000039
900000022
300000043
300000046
400003785
300001664
300000049
300000050
300001581
300000053
300000055
700000035
300000056
300000057
300000058
300001922
300000059
300001909
700000036
300001317
300000062
300000064
300000065
300000066
300000068
300000069
400002914
300000072
300000073
300000074
300001747
300000075
300001461
300001416
400004865
300001595
300001796
300001832
300001841
300001890
300001811
300001777
300001536
300000081
300000082
300000085
300000086
300000088
300001619
300000090
300000091
300000092
300001750
300001814
300000093
300000094
400000222
500000991
300000098
300000099
300001809
300001537
300000101
300001775
400003839
300000103
300001486
400004441
300001720
400003017
300000104
300001505
400000259
300000107
300000108
300000110
300000111
300000112
300000113
800000054
300000114
400000298
300001734
300000115
300001458
300000116
300000117
300000118
300000119
300000120
400005266
300001681
300000124
300000125
300000126
300000127
300000128
300000130
400004135
300000135
300001504
300001666
800000060
300000136
300000137
300000138
300000140
300000143
300000144
400004322
300000146
300000148
400005048
300000151
300001526
400004755
300000156
300001807
300000157
300000158
300000159
300001324
400004486
300000161
300000162
300000163
300001571
300000164
300000165
300001325
300000166
300000167
400005114
300000168
300000170
300001924
300000169
300000174
300001793
300000175
300001745
300001889
300001766
400005265
300001844
300001781
300001575
300001786
300001858
300001927
300000178
300001471
300000182
300000183
300001604
700000155
300001532
400003877
300000190
300001822
300001652
400005125
400005124
400005644
300000195
300001380
300000196
300001523
300000197
300000199
300000201
300000205
300001763
400003913
300000207
300000208
300000209
300000210
300000211
300001850
300001527
300000213
300000215
300000217
300001845
300001565
300001382
300000224
300001579
300001731
300000228
300000229
300000232
300000233
300000234
300000235
300000238
300001629
300000241
300000242
300000243
300000246
300000247
300000248
300001724
300000250
300000253
300001798
300000254
300000255
300000257
300000258
300001556
300001576
300001711
300001589
300000261
300000262
300000265
300000266
300000268
300001647
400002915
300001810
300000270
300001772
300001607
400004609
300001480
300001610
300001765
300000273
300001904
300001921
300001671
300000274
300001687
300000275
300001886
300000277
300001368
300000278
300000279
300000280
300000281
300000282
300000284
300000286
300000287
300000291
300001801
500001054
400004536
300000292
500001583
300001682
300001568
300001778
300001554
500001520
300001481
300000294
300000295
300001401
300001940
300001938
300001586
300001768
300000296
300000297
300000298
300000299
400005636
300001655
300001685
300000301
300001935
300000303
300000304
300000305
300000306
300000307
300000308
900000165
300000309
300000310
300000311
400003997
300001706
300001378
400004077
400004809
300001645
300000318
300000316
300000319
300001898
300000321
300001508
300000328
300001701
300000329
300001872
300000330
300001783
300001691
300001476
300001605
400004646
300000333
300000335
400000780
300000336
500001071
300000341
300000342
900000773
300000343
300001875
300001582
300000346
300000348
300000349
300000350
400004590
300000351
400005629
300000353
300001803
300000354
300000356
300000357
300001473
300000363
400004726
300001569
300000368
300000369
300000370
300001518
300001831
300000372
300000374
300000376
300000378
300001539
300000389
300001206
300001663
300000392
300000394
400005402
300001915
300000395
300001546
300000396
300000398
300000399
300001653
300001388
300000404
300000405
300001917
400003956
300000406
300001911
300000408
300000410
300001759
300001495
300000411
300001559
300000412
300000413
300000415
300000416
300000417
300000418
300000414
300000422
300001769
300000423
300000424
300001675
300000425
300000427
300001627
400005064
300001396
300000429
300000430
300001344
400004610
300000433
300000434
300001365
400003854
300000435
400003751
300000437
300000439
900000842
300001707
300000441
300001736
300001882
400004744
400004576
300000444
300000445
300001541
300000448
300000449
300000450
300000451
300000453
400004017
300000455
300000457
300000458
400001002
300000459
900000245
300000461
300001369
300000463
300000464
300000465
300000466
300000467
300000468
300001635
300001933
300000473
300000474
300000475
300001690
300001843
300000476
300000477
300000478
300000480
300000481
800000642
300000487
300001920
400004613
300001521
300001601
300001636
300001491
300001509
300000490
300000491
300000492
300001702
300001749
300000493
300001482
600000188
300000498
300000500
300001774
300000501
300000503
300001615
300000505
300001577
300000508
300000510
300001449
400005095
300001785
400005500
300000513
400002878
300000515
300001613
300000519
300000522
300000527
300001712
300000529
300000530
300000533
300000536
300000537
300000541
300000542
300000543
400004096
300001374
300001932
300001800
300000544
300000545
300001656
300001908
400003521
300000546
300000548
300001448
400004767
400005305
300000549
300001617
300000557
300000558
300000559
300000561
300000562
300000563
300001735
300000565
300001787
300000566
300000567
300000568
300000569
300000570
300000571
300000572
300000573
300001668
300001405
400004696
400003546
300001684
300001804
300001829
300001649
300000576
300000578
300001770
300000579
300001372
400005037
300000585
800000230
300001350
300001918
300001651
300000589
300000590
300000592
300000594
300000595
300000596
300001503
300001415
300001591
300001865
400004380
300001517
300001715
300000602
300000603
300000604
300000605
300000606
300000608
300001676
300000611
500001171
300000613
300000614
300000615
300001515
300001584
300001662
300001555
300001487
300001321
300001857
400001325
300000625
300000626
300001375
300000628
300001896
300000629
300000632
300000638
300000640
300000641
300000642
300000643
300000644
800000249
300000645
300000646
300001534
400003367
300000647
300000648
800000252
300000650
300001623
300000652
300000653
300000654
0300001519
0300000655
0300001891
2500002377
0300001558
0300001424
0300001410
0300001805
0300000657
0300000658
0300001660
0300001544
2500002327
1600001885
0300001860
0300001403
0300000659
0300000660
0300001879
2300005264
0300000662
0300000663
0300000664
0300000666
2000000125
2300015554
0300001620
0300000671
0300000672
2500000805
0300001570
0300000675
0300000677
0300000678
0300000679
0300001361
0300000680
0300001732
0600000246
1400000492
0300000685
0300000686
0300000688
0300001923
0300000691
0300001376
0300000692
2100000390
0500000235
2500000823
1700003949
2300017171
0300001757
0300000700
2500002357
0400004422
0300000701
0300001420
0300000704
0300001910
0300000713
0300000714
0300000716
0300000717
0300000719
0300000720
0800000611
0300000708
0300000712
2900000277
0300000721
2300005866
0300000768
0300000725
0300000728
0300000729
0300000730
2900000283
0300000731
0300001884
0300001926
0400001555
2200000423
2800000795
1600003182
0300000733
0300000734
1700005960
0300000735
0300000736
1100000361
0300000737
0300001936
0300001479
0300000738
2300015542
0300000739
0300000740
0300001383
0300001498
0300000743
2700000541
0300000747
0300000746
0300001863
0300001929
0300000748
0300000749
2300016644
0300001490
0300000750
0300000751
0300001823
0400004305
0300000753
0300001694
0300001688
0300000756
2500002261
2100000857
0400001621
0300001442
0300000757
0300000759
0300001930
0300000760
0300000761
0300000763
0300000764
2300012945
0400003749
0300000767
0300001531
0400001648
0300000769
0300000770
2500000919
0300001903
0300001338
0300001824
0300001746
2300016180
0300001812
0400004849
1700005637
0300001738
1700006477
0300001788
0300001878
0300001392
0300001385
0400003415
0300000774
0300000775
1700002399
1600002040
2900000565
0600000290
0300001925
2300011276
0300001709
2500002287
0300001510
0300001722
0400005449
0300001501
0300001913
0400002875
1700005482
2000000496
0300001871
0400004115
2500002116
2300017546
1700004965
0300000776
0300000777
0300001371
2300013833
0300000779
0300001756
0300001874
0300000780
0300001742
0300000782
0300001412
0300000783
0900000808
0300001867
0400001714
0300000784
2300011104
0300000785
0400005267
0300001341
0300001588
2300011924
0300001840
0300000787
0300000786
1000000200
0300001494
2100000445
0300000790
0300001939
0300000794
0300000795
0300000796
0300001919
2100000871
2500000960
2500000964
2500002056
2800000386
2300014621
0300001597
0300000800
2300012198
2300012893
0300000801
0300001901
0300000802
0300001335
0300000803
2500001835
2500000975
0300001818
0300000805
0300001902
0400005293
0300001773
0300001887
0300000807
0300000808
0300000811
0300000812
0300000813
0300001820
0300000816
0300001725
0300000818
0300001912
1200000369
0300000819
0400004223
2500002000
2900000310
1700005455
2300013883
2600000440
0300001507
0300000821
1600002938
0300000823
0300001364
0300001760
0300000825
0300000826
0300001599
2300013465
0300000830
2500001012
0300000832
0300000837
0300000838
2300011921
0400004989
0300000839
0300000840
0300001931
2300016852
2300013957
0300000844
0400003814
0400001824
0300000846
0300000847
0400004210
0300000849
0300000850
0700000506
0300000852
0300000851
0300001472
0300000854
0300001739
0300000857
1900000914
0300001572
0300000858
0400001846
0300001876
0300000860
1600002623
0300001894
1700005492
0300001916
0400005126
0300000863
0300001557
0300000868
2500001040
2300012183
0300001934
0300000870
0300000871
0300000872
0300001686
0300001355
0300000873
0300001312
2300013275
0300000874
0300000875
0300000877
0300000881
0300000882
2300007080
0400001880
0300000884
0300001426
0500000301
0300000885
0300001802
0300000886
0300000887
1400001158
0500000302
0300000888
0300000889
0300000890
0300000891
0300001941
0300001870
0500001522
2300007162
0300001864
0300000859
0300000894
0400004280
0300001828
0300000897
0300000899
0300000900
0300000903
0300000905
0300000906
0300000907
0300001852
0300001659
0300001740
0300001848
0300001455
2300007249
0300000908
0400004928
0300001593
0300001362
0300001689
0300001553
0300001892
0300001808
0300000910
0300001552
0300000911
0300001464
0300000912
0400004846
0300000913
0400005613
0300001836
0300000914
0300000915
0300000919
0300001859
2500001102
0300000924
0300000925
0300000926
1800000416
2900000559
2100000526
0300000927
0300000928
0300000929
0300001417
0500001297
0300000934
0300000935
0300000939
0300000941
0300000946
0300000948
2500001131
2300011634
0300001815
0300000949
0300001714
2300014187
0300000951
1700002894
0400003290
1700002897
0300000954
0400005075
0300000956
0300000958
0300001678
0300000959
0300001899
0300000960
0300001485
0300000961
0500001321
0300000962
1600002009
2300011934
0300000964
0300000966
0800000410
2500001786
0300001727
0300001819
0300000968
0300000969
0300000970
0800000412
0300001370
2900000509
2100000542
1600002574
0300000973
2300015569
0300000974
2300015263
0300001630
0300000975
2500001171
2100000737
1600003159
0300001937
0400003863
2300015226
1600002717
0300000977
0300001566
0300001670
0300000978
0300001587
0300000980
0300000981
0300000983
2300010533
1600001253
0300001561
0500000356
0400003770
0300001506
0300000986
0300000987
0300000988
2900000375
0300001826
2300012915
0300000993
0300000991
1300000442
0300000995
0300000997
0300000998
0600000506
0400002126
1900000915
0300001795
0400004827
0300001914
1700005202
0300001825
2500001677
0300000999
0300001467
0300001928
1400001091
1900001021
0300001000
0300001661
0300001885
1700006221
0400002135
0300001002
2300014663
0300001004
0300001007
2300008039
2900000577
0300001008
0300001009
0300001010
0300001012
0300001015
0300001017
0300001719
0300001451
1700005464
2300008127
0300001877
0300001020
0300001022
0300001023
0300001024
0300001025
0300001026
0300001027
2900000395
0300001031
0300001032
0300001033
0300001035
0300001036
0300001037
2800000766
0300001040
0300001042
0300001580
0300001462
0300001044
0400003680
0300001723
0300001797
0300001854
0300001900
1900000644
0300001855
0300001562
0300001881
1600001314
2900000550
1600001989
0300001784
0300001049
0300001050
0300001051
0300001052
0300001053
0300001054
0300001055
0300001057
0300001058
0400004301
0300001059
0300001060
0300001061
0900000565
0300001062
0300001600
0300001064
2300013403
0300001606
1000000444
0300001700
0400003993
0300001346
0300001516
2700000751
0300001066
0400003623
2700000953
1600002381
0300001897
0300001068
2500002473
0300001654
0300001837
0300001069
2800000512
0300001821
2500002230
0300001856
0300001792
0300001643
1600001766
0300001502
0300001071
0300001073
0300001074
0300001075
2300008559
0500001593
0300001076
0500000394
2500001272
2300008587
0300001077
0500001611
1600002768
2300013998
1700005001
2300008621
0300001806
0300001883
1600003175
0300001729
0300001079
0300001524
0300001080
0300001081
0300001082
0300001086
0300001088
0800000462
0300001089
0300001091
0500001531
0300001094
0300001096
0300001097
2100000748
0300001098
0300001099
0300001101
0300001869
1600001392
0300001102
0300001103
0400003998
0300001106
0300001540
0300001893
0300001107
0300001418
0300001513
0400005619
2300008822
0300001110
2300015150
2300008838
0300001693
2500001762
0300001113
0300001114
0300001115
0300001116
0300001119
0300001120
0300001121
0300001123
0300001626
0300001125
0300001126
0300001127
1600002689
0900000775
2300013172
0300001135
2500001326
0300001137
0300001138
0300001139
0300001830
0400004553
0300001674
0300001638
0300001835
0300001141
0300001142
0300001144
0300001145
2300012462
0300001146
0300001147
0300001148
0300001150
2500001345
0300001646
0300001154
0300001696
0300001155
2300009070
0300001157
0300001158
0300001160
0300001153
0400004214
0300001045
2300013670
1700003453
0300001165
0300001167
0300001170
0300001168
0300001373
2300014433
0300001171
0300001173
0300001174
0400004452
2300013997
2300009214
2300013035
2500001395
0300001175
0300001177
0300001179
0300001180
0300001181
0300001789
0800000500
0700000720
2300015123
0300001183
0300001184
0300001185
0300001409
0300001186
0300001187
0300001695
0300001431
2500001413
0300001888
0300001866
0300001188
2300015610
1900000992
0300001548
0300001779
0500001409
0300001189
0300001191
2300009374
0300001192
0300001193
0300001194
0500001412
2300009394
0300001196
1700004616
0300001197
0300001200
0300001202
0300001204
0300001205
0300001209
0300001560
1600003179
0400004159
0300001210
0300001214
0300001215
0300001217
0300001538
0300001402
0300001432
0300001437
0300001861
0300001221
0300001222
0600000515
0400002607
2900000515
0300001223
0300001225
0300001226
0300001529
0300001313
0300001764
0300001419
0300001227
2300012936
0300001315
0800000575
1300000629
0300001230
0300001233
0300001234
0300001692
0300001592
0300001231
0300001753
0300001235
2100000673
0300001236
2300012892
2300015549
0300001644
0300001239
0300001241
0300001243
0800000527
0400004098
2500001641
2300014754
2500001463
0300001248
2500002157
0400004707
0300001251
2500001754
0300001252
0300001642
2500002130
0300001257
0300001258
0300001260
0700000771
0300001389
0300001259
0400002673
0300001583
0300001594
0400004412
0700000772
1200000618
0500001435
0300001703
0300001264
0300001265
0300001266
0300001268
0300001269
0300001270
0300001849
0300001271
0300001272
0300001274
0300001275
0300001717
0300001276
0400004761
0300001733
0300001279
0300001280
0300001281
0300001282
0300001283
0400005115
2300015025
0300001284
0300001285
0300001286
0300001287
0300001862
0300001379
0300001288
0400003486
0400003204
0400000002
0400003784
0400000170
0400000004
0400004618
0400005294
0400000006
0400004368
0400003612
0400000007
0400003983
0400004411
0400005618
1600000008
0400004595
0400005638
2300013419
0400003388
2600000460
0400005308
0400004730
0400005740
0400003418
0400000010
2600000001
0400000011
0400000012
0400000013
0400003473
0400003935
0400003478
0900000813
0400004837
0400000016
0400005088
0400004476
0400004249
0400004747
0400005092
2900000587
0400005292
0400004165
0400003719
0400004121
0400004145
0400000022
0400004673
0500001510
0400004788
0400003527
0400000024
0400004615
0400004122
0400003696
0400004930
0400004689
0400004825
0400003872
0400000030
2800000010
2500001741
0400004844
0400005388
0400004123
0400003657
0400005480
0400005458
0400000035
0400000036
0400005726
0400004608
0400005596
2500002202
0900000797
0400005727
1600001769
0400004514
0400000040
0400005057
0400002873
0400004001
0400000045
0400000099
0400005626
0400000048
0400003752
0400004872
0400005396
0400000050
2300016936
0400000052
0400002909
0400000055
0400005073
0400000056
0400000057
0400000061
0400000064
0400005720
2000000341
0500001617
0400000066
0400000067
0400000068
0400004746
0400004566
0400005704
0400005035
0400004209
0400005228
0400003864
0400000070
2300017407
1700004805
0400004816
0400005517
0400000072
0400000074
0400004661
0400000077
0400002832
0400000079
0400000080
0400004913
2800000015
2600000011
0400000081
0400002800
0400004490
0400005577
0900000020
0400005233
0400004484
0400005488
1600002005
0400000085
0400000086
0900000814
0400000087
0400000089
0400000095
0400000096
0900000754
0400005766
0400005730
2300016668
0400005503
0400004184
0400000101
0400005573
0400005516
2000000535
0400005457
0400005733
0400003756
0400000108
0400000109
0400000111
0400000113
0400000114
0400000115
0400000118
0400000120
0400002883
0400000123
0400000124
0400004617
0400003557
2800000019
0400005049
0400000126
0400000128
0400000130
0400000131
0400000132
0400000133
0400000135
0400004915
0400000136
0400000137
0400000138
0400000140
0400000141
0400003930
0400000143
0400004925
0400000144
0400000145
0400000146
0400005492
0400000148
0400005254
2800000023
0400003710
0400000151
0400004414
0400000153
0400000155
0400003942
0400005100
0900000769
0400000158
0400000159
0400005703
0400000160
0400000161
0400000162
0400004246
0400003528
0400004041
0400000163
0400004089
0400003901
0400000165
0400003506
0900000823
0400000166
0400003587
0400000169
0400004243
0400003442
2600000024
0400004420
2500002387
0400005404
0400005213
0400000175
0400005229
0400003549
0400000177
0300001621
0400004033
0400000178
0400000179
0500001636
1900000853
0400000180
0400000181
0900000033
0400000183
0400000185
0400000187
0400000188
0400000190
1900000057
0400004370
0400000195
0400000198
2600000389
0400004438
2000000013
0400004651
0400003744
0400000201
0400005738
0400000205
0400000208
0400000171
0400004433
0400000215
0400004912
0400003773
0400000221
0400004954
0400003511
0400004185
0400004137
0400000223
0400000224
1300000042
0400004449
0400003927
0400000226
0400000227
0400002796
2300001023
0400000230
0400003818
0400003018
0400003686
0400002840
0400005445
0400004904
0400000235
0400000236
0400000238
0900000807
0400005312
0400003857
0400000240
0400005333
0400000241
2800000045
0400003524
0400003544
0400005497
0400000246
0400002942
0400000247
0400000248
0400000249
0400000250
0400000252
0400000253
0400000255
0400000256
0400004133
0400004040
0400000258
2800000049
0400000261
0400000262
0400003848
0400000263
0400000265
0900000054
0900000055
0400000266
0400000267
0400000268
0400000269
0400000270
0400000271
0400004317
0400000273
0400000274
0400003798
0400000275
0400004044
0400000277
0400003885
0400003282
0400000279
0400000283
0400000284
0400000286
0400000287
0400000288
0400000289
0400000291
1200000681
0400000293
0400003736
0400000295
0400000296
0400005455
0400000300
0400000302
0400000303
0400004561
0400003911
0400005474
0400000306
0400000308
0400000309
0400000310
0400000311
0400000312
0400000316
0400000317
0400000318
1600000215
0400003434
0400003625
0400000322
0900000784
0400002936
0400000325
1800000045
0400000328
0400000330
0400000331
2000000031
0400000332
0400005479
0900000862
0400005712
1800000046
0400000434
0400000340
0300000134
0400000341
0400004461
0400000344
0400004007
0400000346
0400002938
0400004856
0400000347
0900000070
0400005241
0400004358
0400005304
2800000645
0400000348
0400004702
0400004895
0400003003
0400000352
0400000357
0400000358
0400000359
0400005087
0400004374
0400000369
0400000371
1500000085
0400000373
0400000374
0400000375
0400000378
0400000379
0400005481
0400000380
0400005485
0400004162
0400004520
0400000384
0400004701
0400004481
0400005562
0400000386
0400004568
0400002886
0400005065
0400000388
0400000389
0500001013
0400000391
0400003606
0400004756
0400004112
0400000395
0400004503
0400000397
0400000398
0400004493
0400000402
0400000403
0400000404
0400000405
1800000372
0400005650
0400004047
0400004079
0400000418
0400002905
0400000420
0400000421
0400000422
0400000423
0400000424
0400000426
0400000427
0400004801
0400000429
0400004857
0400005310
0400000431
0400000432
0400000425
0400000334
0400000435
0400000438
0400000439
0400000440
0400000442
0400000443
2300011785
2100000089
0400004394
2300015311
0300001463
0400005432
0400004084
0400005615
0400003420
0400000448
0400005251
0400005732
0400003482
0400004213
0400003938
0400004869
0400004248
0400004866
0400000449
0400005739
0400005444
0400004075
0400003447
0400000450
0400003922
0400000452
0400000453
0400004668
0400000454
0400000455
0400000456
0400000457
0400000458
0400004656
0400000460
0400000461
0400000463
0400000462
0400005097
0400000465
0400000466
0400000469
0400000470
1900001080
0400000473
0400000477
0400004117
0400000479
0400000480
0400000481
0400005469
0400004019
0400004892
0400002813
0400000485
300001519
300000655
300001891
300001558
300001424
300001410
300001805
300000657
300000658
300001660
300001544
300001860
300001403
300000659
300000660
300001879
300000662
300000663
300000664
300000666
300001620
300000671
300000672
300001570
300000675
300000677
300000678
300000679
300001361
300000680
300001732
600000246
300000685
300000686
300000688
300001923
300000691
300001376
300000692
500000235
300001757
300000700
400004422
300000701
300001420
300000704
300001910
300000713
300000714
300000716
300000717
300000719
300000720
800000611
300000708
300000712
300000721
300000768
300000725
300000728
300000729
300000730
300000731
300001884
300001926
400001555
300000733
300000734
300000735
300000736
300000737
300001936
300001479
300000738
300000739
300000740
300001383
300001498
300000743
300000747
300000746
300001863
300001929
300000748
300000749
300001490
300000750
300000751
300001823
400004305
300000753
300001694
300001688
300000756
400001621
300001442
300000757
300000759
300001930
300000760
300000761
300000763
300000764
400003749
300000767
300001531
400001648
300000769
300000770
300001903
300001338
300001824
300001746
300001812
400004849
300001738
300001788
300001878
300001392
300001385
400003415
300000774
300000775
600000290
300001925
300001709
300001510
300001722
400005449
300001501
300001913
400002875
300001871
400004115
300000776
300000777
300001371
300000779
300001756
300001874
300000780
300001742
300000782
300001412
300000783
900000808
300001867
400001714
300000784
300000785
400005267
300001341
300001588
300001840
300000787
300000786
300001494
300000790
300001939
300000794
300000795
300000796
300001919
300001597
300000800
300000801
300001901
300000802
300001335
300000803
300001818
300000805
300001902
400005293
300001773
300001887
300000807
300000808
300000811
300000812
300000813
300001820
300000816
300001725
300000818
300001912
300000819
400004223
300001507
300000821
300000823
300001364
300001760
300000825
300000826
300001599
300000830
300000832
300000837
300000838
400004989
300000839
300000840
300001931
300000844
400003814
400001824
300000846
300000847
400004210
300000849
300000850
700000506
300000852
300000851
300001472
300000854
300001739
300000857
300001572
300000858
400001846
300001876
300000860
300001894
300001916
400005126
300000863
300001557
300000868
300001934
300000870
300000871
300000872
300001686
300001355
300000873
300001312
300000874
300000875
300000877
300000881
300000882
400001880
300000884
300001426
500000301
300000885
300001802
300000886
300000887
500000302
300000888
300000889
300000890
300000891
300001941
300001870
500001522
300001864
300000859
300000894
400004280
300001828
300000897
300000899
300000900
300000903
300000905
300000906
300000907
300001852
300001659
300001740
300001848
300001455
300000908
400004928
300001593
300001362
300001689
300001553
300001892
300001808
300000910
300001552
300000911
300001464
300000912
400004846
300000913
400005613
300001836
300000914
300000915
300000919
300001859
300000924
300000925
300000926
300000927
300000928
300000929
300001417
500001297
300000934
300000935
300000939
300000941
300000946
300000948
300001815
300000949
300001714
300000951
400003290
300000954
400005075
300000956
300000958
300001678
300000959
300001899
300000960
300001485
300000961
500001321
300000962
300000964
300000966
800000410
300001727
300001819
300000968
300000969
300000970
800000412
300001370
300000973
300000974
300001630
300000975
300001937
400003863
300000977
300001566
300001670
300000978
300001587
300000980
300000981
300000983
300001561
500000356
400003770
300001506
300000986
300000987
300000988
300001826
300000993
300000991
300000995
300000997
300000998
600000506
400002126
300001795
400004827
300001914
300001825
300000999
300001467
300001928
300001000
300001661
300001885
400002135
300001002
300001004
300001007
300001008
300001009
300001010
300001012
300001015
300001017
300001719
300001451
300001877
300001020
300001022
300001023
300001024
300001025
300001026
300001027
300001031
300001032
300001033
300001035
300001036
300001037
300001040
300001042
300001580
300001462
300001044
400003680
300001723
300001797
300001854
300001900
300001855
300001562
300001881
300001784
300001049
300001050
300001051
300001052
300001053
300001054
300001055
300001057
300001058
400004301
300001059
300001060
300001061
900000565
300001062
300001600
300001064
300001606
300001700
400003993
300001346
300001516
300001066
400003623
300001897
300001068
300001654
300001837
300001069
300001821
300001856
300001792
300001643
300001502
300001071
300001073
300001074
300001075
500001593
300001076
500000394
300001077
500001611
300001806
300001883
300001729
300001079
300001524
300001080
300001081
300001082
300001086
300001088
800000462
300001089
300001091
500001531
300001094
300001096
300001097
300001098
300001099
300001101
300001869
300001102
300001103
400003998
300001106
300001540
300001893
300001107
300001418
300001513
400005619
300001110
300001693
300001113
300001114
300001115
300001116
300001119
300001120
300001121
300001123
300001626
300001125
300001126
300001127
900000775
300001135
300001137
300001138
300001139
300001830
400004553
300001674
300001638
300001835
300001141
300001142
300001144
300001145
300001146
300001147
300001148
300001150
300001646
300001154
300001696
300001155
300001157
300001158
300001160
300001153
400004214
300001045
300001165
300001167
300001170
300001168
300001373
300001171
300001173
300001174
400004452
300001175
300001177
300001179
300001180
300001181
300001789
800000500
700000720
300001183
300001184
300001185
300001409
300001186
300001187
300001695
300001431
300001888
300001866
300001188
300001548
300001779
500001409
300001189
300001191
300001192
300001193
300001194
500001412
300001196
300001197
300001200
300001202
300001204
300001205
300001209
300001560
400004159
300001210
300001214
300001215
300001217
300001538
300001402
300001432
300001437
300001861
300001221
300001222
600000515
400002607
300001223
300001225
300001226
300001529
300001313
300001764
300001419
300001227
300001315
800000575
300001230
300001233
300001234
300001692
300001592
300001231
300001753
300001235
300001236
300001644
300001239
300001241
300001243
800000527
400004098
300001248
400004707
300001251
300001252
300001642
300001257
300001258
300001260
700000771
300001389
300001259
400002673
300001583
300001594
400004412
700000772
500001435
300001703
300001264
300001265
300001266
300001268
300001269
300001270
300001849
300001271
300001272
300001274
300001275
300001717
300001276
400004761
300001733
300001279
300001280
300001281
300001282
300001283
400005115
300001284
300001285
300001286
300001287
300001862
300001379
300001288
400003486
400003204
400000002
400003784
400000170
400000004
400004618
400005294
400000006
400004368
400003612
400000007
400003983
400004411
400005618
400004595
400005638
400003388
400005308
400004730
400005740
400003418
400000010
400000011
400000012
400000013
400003473
400003935
400003478
900000813
400004837
400000016
400005088
400004476
400004249
400004747
400005092
400005292
400004165
400003719
400004121
400004145
400000022
400004673
500001510
400004788
400003527
400000024
400004615
400004122
400003696
400004930
400004689
400004825
400003872
400000030
400004844
400005388
400004123
400003657
400005480
400005458
400000035
400000036
400005726
400004608
400005596
900000797
400005727
400004514
400000040
400005057
400002873
400004001
400000045
400000099
400005626
400000048
400003752
400004872
400005396
400000050
400000052
400002909
400000055
400005073
400000056
400000057
400000061
400000064
400005720
500001617
400000066
400000067
400000068
400004746
400004566
400005704
400005035
400004209
400005228
400003864
400000070
400004816
400005517
400000072
400000074
400004661
400000077
400002832
400000079
400000080
400004913
400000081
400002800
400004490
400005577
900000020
400005233
400004484
400005488
400000085
400000086
900000814
400000087
400000089
400000095
400000096
900000754
400005766
400005730
400005503
400004184
400000101
400005573
400005516
400005457
400005733
400003756
400000108
400000109
400000111
400000113
400000114
400000115
400000118
400000120
400002883
400000123
400000124
400004617
400003557
400005049
400000126
400000128
400000130
400000131
400000132
400000133
400000135
400004915
400000136
400000137
400000138
400000140
400000141
400003930
400000143
400004925
400000144
400000145
400000146
400005492
400000148
400005254
400003710
400000151
400004414
400000153
400000155
400003942
400005100
900000769
400000158
400000159
400005703
400000160
400000161
400000162
400004246
400003528
400004041
400000163
400004089
400003901
400000165
400003506
900000823
400000166
400003587
400000169
400004243
400003442
400004420
400005404
400005213
400000175
400005229
400003549
400000177
300001621
400004033
400000178
400000179
500001636
400000180
400000181
900000033
400000183
400000185
400000187
400000188
400000190
400004370
400000195
400000198
400004438
400004651
400003744
400000201
400005738
400000205
400000208
400000171
400004433
400000215
400004912
400003773
400000221
400004954
400003511
400004185
400004137
400000223
400000224
400004449
400003927
400000226
400000227
400002796
400000230
400003818
400003018
400003686
400002840
400005445
400004904
400000235
400000236
400000238
900000807
400005312
400003857
400000240
400005333
400000241
400003524
400003544
400005497
400000246
400002942
400000247
400000248
400000249
400000250
400000252
400000253
400000255
400000256
400004133
400004040
400000258
400000261
400000262
400003848
400000263
400000265
900000054
900000055
400000266
400000267
400000268
400000269
400000270
400000271
400004317
400000273
400000274
400003798
400000275
400004044
400000277
400003885
400003282
400000279
400000283
400000284
400000286
400000287
400000288
400000289
400000291
400000293
400003736
400000295
400000296
400005455
400000300
400000302
400000303
400004561
400003911
400005474
400000306
400000308
400000309
400000310
400000311
400000312
400000316
400000317
400000318
400003434
400003625
400000322
900000784
400002936
400000325
400000328
400000330
400000331
400000332
400005479
900000862
400005712
400000434
400000340
300000134
400000341
400004461
400000344
400004007
400000346
400002938
400004856
400000347
900000070
400005241
400004358
400005304
400000348
400004702
400004895
400003003
400000352
400000357
400000358
400000359
400005087
400004374
400000369
400000371
400000373
400000374
400000375
400000378
400000379
400005481
400000380
400005485
400004162
400004520
400000384
400004701
400004481
400005562
400000386
400004568
400002886
400005065
400000388
400000389
500001013
400000391
400003606
400004756
400004112
400000395
400004503
400000397
400000398
400004493
400000402
400000403
400000404
400000405
400005650
400004047
400004079
400000418
400002905
400000420
400000421
400000422
400000423
400000424
400000426
400000427
400004801
400000429
400004857
400005310
400000431
400000432
400000425
400000334
400000435
400000438
400000439
400000440
400000442
400000443
400004394
300001463
400005432
400004084
400005615
400003420
400000448
400005251
400005732
400003482
400004213
400003938
400004869
400004248
400004866
400000449
400005739
400005444
400004075
400003447
400000450
400003922
400000452
400000453
400004668
400000454
400000455
400000456
400000457
400000458
400004656
400000460
400000461
400000463
400000462
400005097
400000465
400000466
400000469
400000470
400000473
400000477
400004117
400000479
400000480
400000481
400005469
400004019
400004892
400002813
400000485
0400003545
0900000094
1100000627
0400003720
0400000489
0400004678
0400000491
0400003673
0400000492
0400003996
0400004712
0400000493
2000000488
2800000782
1800000394
0400005734
0400002995
0400000496
0400000498
0400004361
0400003868
0400003958
0400003416
2100000103
2000000047
0400004573
0400000506
0400004853
0400004574
0400005755
0400005599
0400004695
0400004312
0400005094
0400005071
0400004118
0400005258
0400005642
0400005468
0400000508
0400000509
0400000512
0400003699
0400000513
0400000514
0400003932
0400000517
0400000519
0400000520
0400000522
0400000523
0400000524
0400000527
0400000529
0400000530
0400000532
0400000533
0400000534
0400000536
0400000535
0400000538
0400000539
0400000540
0400000541
0400000542
0400000543
0400003866
0400000547
0400000548
0400004134
0400000551
0400003824
0400004418
1200000116
0400005558
0400000557
0400005149
2600000075
0400005578
0400003246
0400000559
0400003919
0400005429
0400000562
0400005316
0400004072
0400003679
0400004226
0400004471
1700000809
0400000568
0400000569
0400000571
0400000573
0400005255
0400004850
0400000575
0400000577
0400000578
0400000579
0400000580
0400000581
0400004128
0900000126
0400000583
0400005731
2600000081
0400003869
0400003989
0400000587
2800000108
0400003394
0400003668
0400005045
0400005299
2600000408
0400000597
0400000599
0400003731
1600002465
0400005105
0400000602
0400000603
0400004718
0400000606
0400005447
0400000608
0400004095
0400004470
0400004877
0400003893
2800000116
0400000612
0400004074
0400004749
0400003626
0400000615
0400000616
0400002907
0400004591
0400000618
0400000619
0400000622
0400000623
0400000624
2000000431
0400004736
2000000525
0400005297
0400000630
0400005695
0400000632
0400005112
0400000633
0400000634
1600001722
0400000635
2800000719
0400000636
2800000122
0400000637
0400004540
0400005355
0400004567
0400003432
0400004657
0400003926
0400000639
0400000640
0400000641
0400004182
0400000642
0400000643
0400003622
0400000645
0400000646
0900000755
0400000647
0400000649
0400002935
0400000651
0900000146
0400000652
0400000653
0400000655
0400004841
0400000657
0400003739
0400000658
0400000659
0400002943
0400000663
0400000664
0400005072
0400004634
0400000665
0400005690
0400004229
0400000666
0400002848
0400003949
0400002978
0400004224
0400003538
0900000152
0400000668
0400003116
0400000670
0400000671
0400004278
0400004150
0400000667
0400000672
0400000669
0400005389
0400000676
0400005707
0900000747
2300016535
0400003117
0400000679
0400004076
0400004067
0400002839
2600000095
1600001645
1700006447
0400004070
2300016664
0400005610
0400004672
0400004531
0400005679
0400000682
0400005296
0400000683
0300001438
0400003874
0400003697
0400002804
0400005459
0400005069
0400004902
0400005122
0400004311
0900000818
0400003446
0400003821
0400000684
0400000686
1600002147
0400005487
0400004108
0400000687
0400002898
0400004616
0400005034
0400004636
0400002947
0400000690
0400004521
0400004499
0400000691
2300014305
0400003392
0400002912
0400000694
0400004899
0400005631
0400004168
0400004882
0400004173
0400003381
0400000697
0400000700
0400004325
0400000701
0400000703
0400003122
0400000705
0400000832
0400000706
0900000704
0400004599
2000000064
0400000710
0400003287
0400004335
1800000084
0400000712
0400003902
0400005672
0400005528
0400005709
0400005058
0400003365
0400000713
0400000714
0400004170
0400000717
0400002866
2000000065
2500000371
0400000720
0400003910
0400000721
0400000723
2000000067
0400000725
0400000726
0400000727
2800000140
0400000729
0400004867
0400000731
0400000733
0400000734
0400000735
2800000141
0400000736
0400000737
0400000738
0400000739
0400000740
0400000742
0400000837
0400000743
0400003450
0400003523
1900000200
0400003702
0400002963
0400005084
0400004231
0400005501
0400004282
0400005694
2100000809
0400004735
2200000451
0400004241
0400000750
0400000751
0400004167
0400000756
0400000757
0400000760
0400000763
0400004717
0400000764
0400003499
0400003685
0400004458
0400004575
0400004153
0400000768
0400000769
0400000770
0400003788
0400000774
0400004508
0400000775
0400004482
2800000156
0400003810
0400000776
0400000778
0400000779
0400000781
0400000782
0400004244
0400000789
0400000790
0400000791
0400000794
0400000797
0400000798
0400005212
0400005682
0400004495
0400005560
0400000804
0400000805
0400005257
0400004407
0400000808
2800000677
0400004687
0400000813
0400003835
0400000814
0400000816
0400000817
0400000819
0400004690
0400005347
0400000821
0400004426
0900000805
1800000391
0400000825
0400000826
0400004336
0400000827
0400000830
0700000242
0400004659
0400004425
0400004831
0400005298
0400000833
0400000708
1100000172
0400004333
0400005256
0400003575
0400000835
0400004900
0400000836
2300010658
0400000838
0400000840
0900000198
0400003616
0400000841
0400000842
0400003630
0400000847
0400004423
0400000849
0400005273
0400004119
0400000850
0400004129
0400003769
2300013550
0400000853
0900000762
2100000720
0400004356
0400005077
0400005144
0400000854
0400000856
0400000857
0400000860
0400004541
0400000864
0400000865
0400003856
0400004908
0400004916
0900000213
0400000867
0400002856
0400005078
2000000419
0400002829
0400000868
0400004353
0400000869
0400004111
0400004732
0400004818
0400000872
0400003915
0400000874
0400005015
1800000097
0400000875
0400004106
0400000878
0400000879
0400000880
0400000881
0400000883
0400000884
0400004671
0400000886
2300013299
0400000887
0400003808
0400003278
0400000893
0400004820
1900001193
2800000774
0400004662
0400005221
0400000895
0400000897
0400005220
2300010751
0400000898
0400000899
0400003406
0400005051
0400000900
2800000181
0400000901
0400004169
0400004034
0400005685
0400000902
0400005612
0400000903
0400000904
0400000905
0400000906
0400003518
0400000910
0400004766
0400004577
0400004583
0400000911
0400000914
0400003667
0400004670
0400000917
0400003666
0400003422
0400004105
0400004851
2300011232
0400000923
0900000738
0400004719
0400000924
0400000925
0400004171
0400000920
0400000929
0400003705
0400000930
0400000931
0400004598
0400000933
0400000934
0400000935
0400005460
0400003912
0400005665
0400005530
0400003368
0400005670
2500002529
0400003560
0400000936
0400004347
0400003925
0400003899
0400004377
0400005648
0400004714
0400005510
0400005234
0500001591
2300011028
0400003443
0400000939
2000000502
0400000940
0400002811
0400000942
0400000943
0400004739
0400004342
0400005767
0400000946
0400000947
0400000948
0400000950
0400000952
0400000953
0400000954
1800000106
0400004868
0400003815
0400000961
0400000965
2000000365
1800000113
0400000966
0400004272
0500001589
0400004703
0400005667
0400004444
0900000229
0400005262
0400000968
0400004920
0400005491
0400000969
0400004919
0400004819
0400003444
0400005623
0400005463
0400004003
2300013258
0400000974
0400004012
0400000978
2800000203
0400000980
0400005252
0400005080
0400000985
0400000986
0400005098
0400000988
0400000989
0400003783
0400000992
0400000993
2800000647
0400004606
0400000994
0400005260
0900000772
0400003637
0400000996
0400003567
0400000997
0900000706
0400005645
0400000998
0400000999
0400001001
0400001004
0400001005
0400003691
0400001006
0400005461
0400001007
0400004477
0400001008
0400001010
0400004022
0400004029
0400001014
0400003569
0400005038
0400004603
0400003980
0400005525
0400001019
0400004267
0400001020
2800000214
0400001025
0400002854
2800000215
0400005319
0400004611
0400005520
0400004429
1800000390
0400001031
0400001032
0400002881
0400003391
0400001034
0400001035
0400001036
0400003431
0400001039
0400001040
0400001041
0400001044
0400001045
0400005046
0400003953
0400001048
0400001049
0400005225
2500000582
0400001050
0400005757
0400004020
0400002807
2800000223
0900000262
0400004699
0400005668
0400003595
0400004424
0400005721
0400005230
2500002217
0400004256
0400001051
2300016457
0400001052
0400004479
0400001054
0400004933
0400003530
0400001056
0400003959
0400004907
1700004609
0400001058
0400004723
0400001059
0400003992
0400001062
0400005289
0400001064
0400005607
0400001068
0400005598
1900000296
0400005435
0400001070
0900000274
0400001072
0400001073
0400004852
0400003471
0400001079
0400003639
0400002857
0400001082
0400005055
0400001084
0400001086
0400001087
0400005683
0400001092
0400001094
0400001097
0400001098
2600000151
0400001099
0400001102
0400005659
1600002058
0400005300
0400005761
0400001117
0400001120
0400001121
0400001124
0400001126
0400001127
0400001131
0400001134
0400005040
0400001137
0400004088
0400004727
0400001138
0400005162
0400001140
0400003964
0400004049
0400004572
0400004391
0400001141
0400001142
0400004682
0400001143
0400001144
0400001145
0400002861
0400001146
0400005239
0400005719
0400005453
0400001147
0400001148
2600000160
0400001149
0400001150
0400001151
0400004230
0400004649
0400001152
0400004554
0400004648
0400004087
0400001154
0400004880
0400003643
0400001157
0400004878
0400004834
0400001158
0400005219
0400003245
0400002972
0400004638
0400002944
0400001164
0400001167
0400002859
0400005158
0400005464
0400001169
0400004363
0400003894
0400004674
0400004753
0400001172
0400005397
0400005646
0400005285
0400001177
0400001179
0400001180
0400004290
0400001183
2300016447
0400003650
0400005663
0400001186
0400001187
0400004932
0400005524
0400003987
0400004155
0400001188
0400001190
0400001191
0400001192
0400003371
0400001193
0400005684
0400001194
0900000299
0400001195
0400005495
0400001196
0400001197
0400001198
0400001199
0400001200
0400001201
0400001204
0400001205
0400001209
1900000334
0400001211
0400001212
0400001213
0400001214
0400001215
0400005749
0400005441
0400005744
0400005415
0400004697
0400004886
0400004295
0400005270
0400004304
0400005076
0400005676
0400005736
0400004538
0400004483
0400005765
0400005477
0400004734
0400004815
0400004270
0400005686
0400001217
0400004373
0400001220
1600001737
0400001222
0400005499
0400002994
0900000759
0400005439
0400003023
2900000225
0400003445
0400005693
0300000581
0400003580
0400004764
0400001229
0400004704
0400001231
0400001232
0400004826
0400001234
0400003853
0400002820
0400001237
0400001238
0400001239
0400001241
0400001242
0400001243
2800000800
0400001244
0900000320
0400002864
0400001245
0400005647
0400005222
0400003875
0400003205
0400005628
0400004918
0400001247
0900000857
0400005250
0400004497
0400002808
0400001246
0400001252
0400001250
0400004419
0400004884
0400001256
0400004706
0900000719
0400005527
0400004571
0400004156
0400003572
0400004587
0400001258
2600000177
0400001260
0400001261
0400005063
0400001262
0400003403
0400001263
0400001264
0400004340
0400001265
0400005466
0400001268
0400001270
0400001271
0400001272
0400001273
0400004507
0400004259
0400001274
0400001275
0400001276
0400005729
0400001277
0400004144
0900000714
0400004408
1700004376
0400004475
0400004560
0400005741
0400005454
0400005490
0400001278
0400001279
0400001280
0400001281
0400001285
0400001286
0400003254
0400001287
0400001289
0400002950
0400001291
0400001293
0400001296
0400004751
0400001297
0400001299
0400001300
0400004300
0400003025
0400001303
0400005473
0400001304
0400003531
0400001309
0400001311
0400001312
0400001313
0400005302
0900000330
2000000451
0400004488
0400001317
2000000120
0900000331
0400001319
0400001320
0400001322
0400001323
0400005671
0400001324
2800000301
0400001326
0400001328
0400001336
0400001337
0400004466
0400003687
0400001338
0400001340
0400001342
0400001343
0400001345
0900000336
0400001346
0900000337
2800000307
0400001347
2100000372
0400001349
0400001350
0400004176
0400001353
0400001354
0400003703
0400001355
0400001357
0400002836
0400004487
0400001359
0400001360
0400003760
0400001362
0400001363
0400001364
0400002882
0400005507
0400001365
0400002862
0400001366
0400003755
0400001369
0400004858
0400001371
0400001372
0400001373
0400001377
0400001378
0400001381
0400001382
0400001383
0400003390
0400003121
0400001384
0400005356
0400003867
0400001386
0400004552
0400004854
0400004893
0400003462
2300013584
0400003950
0400005096
0400004556
0400005070
2500002168
0400003988
0400005318
0400005602
0400001387
0400005760
0400004874
0400005131
0400005609
0400004501
0400005718
0400004136
0400005434
0400004708
0400005762
0400001389
0400001390
0400001391
0400001393
0400001394
0400003610
0400001399
2800000319
0400001401
0400001404
0400001407
0400004821
0400001410
0400001408
0400001414
0400002835
2000000452
0400001415
0400001416
2000000524
0400001417
1900000387
0400001418
0400004737
0400005263
0400004469
0400003816
0900000354
0400001421
0400001422
0400003832
0400003707
2800000320
0400001429
0400002953
0400003786
0400001432
0400001435
0400001436
2300005365
0400003656
0400001439
0400001442
0400001443
0400001444
0400001445
0400001446
0400005611
0400003881
1800000383
0400001449
0400005403
0400005702
0400005509
0400005406
0400004395
0400001450
0400005086
1600000860
0400005706
0400004901
0400003733
0400001452
0400001454
0400004254
0400003778
0400001456
0400001457
0400004386
0400001463
0400003684
0400005081
0400005113
2800000325
0400005522
1900000931
2400000279
0400004264
1600000890
0400001471
0400001473
0400001475
0400001476
0400001477
0400003728
0400004677
0400005532
0400003943
0400001480
0400004442
0400004691
0400004443
0400001481
0400001485
0400003828
0400004351
0400004655
0400003525
0400001486
0400001487
2300013323
0400004352
1900000967
0400001490
0400002937
0400003896
0400001494
0400001495
0400001496
0400001497
0400001498
0400001500
0400004359
0400001501
0400004181
0400001506
0400004092
0400001507
0400001508
0400003775
2800000340
0400001511
0400001514
0400001515
0400003806
0400004454
0400001523
2000000139
0400001528
0400001530
0400002917
0400004142
0400002831
0400005768
1800000168
0400001535
0400001653
0400001540
0400001541
0400004828
0900000384
0400003247
0400001543
0400001544
0400004544
0400001545
0400001546
0400001547
0400002951
0400001549
0400001550
0400001551
0400001602
0400001635
0400001557
0400004338
0400001559
0900000736
0400004039
0400002837
0400001567
0400003203
0400005047
0400005752
0400005521
0400001570
0400001571
0400001573
0400001574
0400001575
0400001577
0400004018
0400005771
0400003399
0400001581
0400001582
0400001583
0400001584
0400001585
0400005261
0400001586
0400004000
0400001588
0400001589
0400001592
0400001598
0400001599
0400005405
0400005059
0400001601
0400001604
0400001605
0400001606
0400003883
0400004032
0400004334
2800000673
0400001616
0400001617
0400005116
0400003513
0400001620
0400003624
0400003361
0400001623
0400005692
0400001627
0400005303
0400001629
2000000490
0400003609
0400001631
0400001632
0400003914
0400005281
0400005268
0400002874
0400001636
0400002952
0400005231
0400005248
0400004307
0400003280
0400001638
0400002934
0400001641
0400004910
0400001644
0300001834
0400005496
0400001522
0400002849
0400001649
0400001651
0400001532
0400001652
0400003934
0400001655
0400001526
0400001654
0400001656
0400005039
0400001657
0400004440
0400004016
0400005655
2000000543
0400001659
1800000355
0400001660
0400004559
1700004821
0400005595
2800000363
0400002892
0400004227
0400004896
0400005764
0400003921
0400005121
0400001663
0400005274
0400003708
0400001664
0400001665
0400001666
0400001667
0400001668
0400003937
0400001671
1900000466
0400005103
0400003566
0400001672
0900000721
0400001673
0400001674
0400003827
0400001675
0400001676
0400003419
0400001678
0400001679
2800000667
0400005235
0400005747
0400004694
0400005066
0400005291
0400004894
0300001752
0400004833
0400004225
0400005390
0400003516
0400003799
0400004321
0900000836
0400005275
0400004215
2800000781
0400003359
2300011892
0400004428
0400001682
0400001683
0400001684
0400001685
0400001686
0400001687
0400001688
1800000181
0400003459
0400003931
0400001694
0400003916
0400004817
0400001696
0400001697
0400001698
0400003028
0400004160
0400004315
0400005074
0400005652
0300001337
0400003369
0400005467
0300000781
0900000417
0400001703
0400001704
0400001706
0400001707
0400001709
0400004462
0400004255
0400001712
0400005223
0400004642
0400001715
0400001716
0900000423
0400003507
0400001717
0400001718
0400003886
0400001721
0400001722
0400001723
1700002430
0400001724
0400001725
0400001726
0400001728
0400002929
0900000426
0400004177
0900000699
0400001729
0400005681
0400005661
1700002443
0400004023
0400001734
0400001735
0400001738
0400002920
0400004637
0400001742
0400005742
0400003678
0400003726
0400001743
0400002893
0400005110
0400004346
0400004748
0400004271
0400004740
0400005008
0400004848
0400004266
0400005089
0400005696
0900000785
0400001748
0400004180
0400001749
0400001750
0400001752
0400001753
0400003634
0400005728
0400001754
0400001755
0400004492
0400004750
0400004888
0400004188
0400003709
0400003895
0400001756
0400001757
0400004684
2800000387
0400004258
0400004274
0400004963
0400005745
0400005723
0400001758
0400004923
0400005243
0400004824
0400004207
0400005482
0400004860
0400003879
0400001759
0400001761
0400004113
0400003757
0300000815
0400001767
0400004496
0400001770
0400003978
0400004158
0400004692
0400005456
0400001772
0400001773
0400005143
0400003519
0400004152
0400005271
0400003016
0400002946
0400001774
0400003235
0400005237
0400001775
0400003475
0400004555
0400005450
0400005056
0400001776
0400003358
0400004903
0400005561
0400003970
0400004622
0400004174
0400004344
0400001781
0400004840
0400001784
0400001786
0400003800
0400005724
0400001787
0300000824
0400001788
0400001789
0400001790
0400004612
0400005511
0400005758
0400003740
0400004097
0400001793
0400001794
2800000396
0400003672
0400003540
0400001799
0400001800
0400003514
0400002927
0900000451
0400001802
0400005641
0400005699
0400001803
0400003435
0400001804
0400005678
0900000765
0400001806
0400003374
0400003539
0400001808
0400001809
0400001811
0400004564
0400001812
1800000325
0400001814
0400001817
0400001816
0400001818
0400003878
0400001822
0900000458
0400001825
0400005288
0400001826
0400001828
0400001829
0400001830
0400004107
0400001831
0400004279
0400003920
0400001834
0400001835
0400001836
0400003776
1900000516
0400001838
0400004494
0400005756
0400005651
2900000521
0400001840
0400004500
0400005400
0400004125
0400001842
0400004260
0400005637
0400005753
0400005442
0400005640
0400005624
0400005705
0400005016
0900000864
0400004745
0400004926
0400001848
0400001851
2600000461
0400001879
0400001882
0400005763
0400002957
0400004376
0400005280
0400003952
0400001855
0400001856
0400001857
0400004887
0400003909
0400003963
0400001858
0400003389
2600000252
0400003677
0400001862
0400001864
0400004711
0400001865
0400001866
0400001867
0400001872
0400001873
0400001874
0400001877
0400001881
0500001278
0400005301
0400002803
2800000408
0400001889
0400001888
0400005287
0400003797
0400005471
0400001890
0400001893
0400005658
0400001894
0400001896
0400004276
1700003951
0400001898
1900000532
0400001899
0400005689
0400003830
0400002850
0400001900
0400005411
0400004763
0400005701
0400003961
0400004306
0400003795
0400001901
0400004710
0400001902
0400001903
0400004234
0400001907
0900000794
0400001909
0400001910
0400001912
0400004313
0400001913
0400001915
0400001916
0400001917
0400002903
0400001918
0400001919
0400005531
0400003529
0400001921
0400002958
0400005502
0400005264
0400001922
0400001924
0400004929
0400001925
0400004645
0900000833
0400003689
0400001928
2800000670
0400004650
0400002833
0400005412
0400001931
0400004141
0400003596
0400003870
0400005597
0400004439
0400001932
0400005700
0400005393
0400001933
0400005754
0400003791
0400001934
0400001935
0400003556
0400002819
1800000434
0400005746
0400001941
0400004273
0400003946
0400003570
0400004126
0400002852
0400001947
0400001948
0400002787
0400003134
0400001949
0400001950
0400001951
2800000424
1900000975
0400001954
0400001955
0400001956
0400001958
0400001961
0400001957
0400004870
0400004502
0400001962
0400004345
0400004409
0400001964
0400001965
0400001966
0400003586
0400001971
2800000429
0400001972
0400001974
0400001976
0400001977
0400001979
0400001982
0400001983
0400001984
0400003441
0400001985
0300000930
0400003831
0400004534
0400002793
0400001990
0400001992
0400001995
0400001997
0400004641
0400003700
0400003603
0400002000
0400002001
0400004163
0300001817
0400002004
2900000503
0400002005
0900000504
0400005106
2800000441
0400004600
0400003243
0400002009
0400002012
1800000432
0400004621
0400005101
0400002017
0400002018
0400002020
0400002021
0400002022
1800000344
0400004269
0400003591
0400004147
0400002028
0400002029
0400005575
0400002925
0400005664
0400002030
0400005643
0400002031
0400002033
0400002035
0400002789
0400002041
0400002042
0400002045
0400002044
0400003454
0400002046
0400002888
0400002038
0900000513
0400004558
0400002969
0400004139
0400005448
0400005416
0400003495
0400004579
0400002049
0400002052
0400002051
2300013646
0400005632
0400003362
0400002054
0400005710
0400002056
0400002057
0400002058
0400002992
1700002925
0400002062
0400003240
0400002065
0900000718
0400002067
0400002068
0400002071
0400002072
0400002073
0400002074
0400002076
0400003629
0400003386
0400003683
0400003439
0400004596
0400004542
0400002078
2300012661
0400004624
0400005601
0400002079
0400002080
0400002084
0400003621
0400002085
0400005656
0400004383
0400005759
0400004653
0400002086
0400003812
2000000542
0400002088
0400004457
0400005446
0400003738
0400005472
0400003398
0400004565
0400004489
0400002092
0400005085
0400005493
0400004472
0400004943
0400004614
1900000961
0400003695
0400003363
0400002096
0400002097
0400002099
0400002101
0400002103
2100000544
0400004607
0400002890
0400002105
0400004434
0400002109
0400002110
0400002846
0900000523
0900000709
0400002111
0400002112
0400003512
0400002113
0400002114
0400004046
0400005697
0400004179
0400004652
0400002115
0400002116
0400004294
0400002117
0400003727
2800000457
0900000525
0400004898
0400002998
0400002118
0400005518
2400000402
0400003747
0400004485
0400002900
0400005669
0400003861
0400004366
0400004328
0400004464
0400004864
0400004451
0400004164
0400003941
0400002131
0400005657
0400002132
0400005708
0400003532
0400003520
0400002133
0400002134
0400002136
0400002899
0400004873
0400004585
2800000672
0400002139
0400005743
0400002141
0400002143
0400002144
0400002145
0400002146
0400003918
0400004222
0400002152
0400003843
0400004349
0400002154
0400002155
0400002157
0400004700
0400002158
0400003860
0400002160
0400002162
0400002167
0400003279
0400002168
0400002170
0400005512
0400002171
0400002172
1900000625
0400005104
0400002174
0400003424
0400002175
0200000699
0400005514
0400004326
2900000389
0400004252
1800000368
0400004261
0400004253
0400002179
0400002180
0400004239
0700000632
0400002182
0900000542
0400002183
0900000544
0400002185
0400002186
0400002187
0400004883
0400002188
0400002190
0400002191
2800000480
0400002196
0400004620
0400002197
0400002200
0400002201
0400002202
0400002204
0400002205
0400005603
0400005662
0400002208
0400002214
0400002215
0400003293
0400002217
0400002219
0400002221
0400002222
0400004332
0400002224
0400002226
0400002216
0400002228
0400002230
0400002231
0400002234
0400002235
0400002236
0400004478
0400002238
0400002240
0400002241
0400005277
0400004357
2800000492
1800000250
0300001047
0400005079
0400004205
0400003487
0400004367
0300001650
0400005111
0400002245
0400004580
0400002247
0400002249
0400002251
0400002255
2300012004
0400002821
2600000298
0400002258
0400002259
0400002260
0400005773
0400002261
0400002262
0400002264
0400002263
0400002266
0400002267
0900000563
0400002268
0400002269
0400002271
0400002273
0400002274
0400002275
0400002277
0400003754
0400002278
0400004339
0400003794
0400002279
0400005508
0400003029
0400002280
0300001641
0400003602
0400002282
0400002286
0400002291
0400004066
0900000568
2300010771
0400003343
0400002292
0400002293
0400002933
0400002296
0400005091
0400002955
0400003534
0400003387
0400005751
0400002299
0400004392
0400002300
0400002301
0400002302
0400002303
0400002962
0400002309
0400002310
0400004506
0400002311
0400005529
0400004348
0400002315
0400002316
0400003787
0400002317
0400002318
0400002319
2600000305
0400004071
0400003701
0400003692
0400004835
2300016663
0400002322
0400002323
0400002880
0300001070
0400005306
0400004927
0400002327
0400005278
0400002358
0400005630
0400004430
0400004955
0400004281
0400004399
0400002328
0400002329
0400002331
0400002336
0400002332
0400002333
0400004327
0400003850
0400004178
0400004242
0400004043
0400003698
0400002337
0400004310
0400002340
0400002932
0400002341
0400002342
0400005409
0400005428
0400003718
0400002344
0400002345
0400002346
2500001274
0400002348
0400004546
0400003984
0400005476
0400003923
0400004803
0400005750
0400002352
0400004446
0400004605
0400004251
0400003759
0400004293
0400005033
0400005123
0400005633
0400004474
0400002354
0400005343
0400005067
0400005660
0400004453
0400002357
0400005486
0400002359
0400002363
0400004132
0400005253
0400004114
0400004078
0400002364
0400003903
0400005677
0400002368
0400002370
0400002372
0400002373
0400002374
0400002375
0900000582
0400003985
0400002377
0400004829
2100000849
0400002380
0400002382
0400002383
0400003315
0400002384
2000000455
0400002385
0400002378
2100000596
0400002386
0400002391
0400002393
0400002376
0400002395
0400004456
0400005634
0400002941
0400002396
0400004545
0400002397
0400002398
0400002399
0400004686
0400002400
0400002401
0400003449
0400005386
0400004389
0400003425
0400002404
0400002407
0400003640
0400002409
0400002410
0400005422
0400005674
0400003999
0400005478
0400005526
0400005430
0400002911
0400004148
0400005054
0400005286
0400004151
0400003704
0400005451
0400002961
0400002412
0400004250
0400002413
0400002414
0900000593
0400004140
0400003004
0400005108
2800000542
0400004435
0400005236
0400002418
0400002420
0900000598
0400005772
0400004277
0400002426
0400005421
0400004080
0400005504
0400002431
0400002427
0400002428
0400004190
0400002430
0400002432
0400002798
0400005688
0400004847
0400002433
0400004597
2200000384
0400002868
0400003734
0400005484
0400005770
1500000521
0400002442
0400005082
0400002446
0400002448
0400004354
0400005691
0400003725
0400002450
0400002452
0400002454
0400005240
2800000804
0400004410
0400002455
0400002456
0400002460
0400002461
0400002462
0400002463
0400002466
0400002468
0400002469
0400002471
0400002473
0400002475
0400005698
0300001530
0300001336
0900000600
0400005653
0400002483
0400002484
0400005399
0400004647
2000000489
0400002488
0400004805
0400002489
0400003675
0400002491
0300001639
0900000788
0400002493
0400002494
0400004375
2800000813
0400002828
0400002496
0400002500
0400002503
0400002505
2600000428
0400005443
0400003440
0400005574
0400002509
0900000615
0400002511
0400002512
0400004589
0400002818
0400004385
0400002514
0400004369
0400002515
0400002516
0400002517
0400005118
0400002518
0400002519
0400002520
0400002521
0400003360
2300009196
0400002522
0400002523
0400002524
0400002967
0400002525
0400002526
0400002528
0400002529
2900000455
1800000354
0400003338
0400002530
0400002531
0400002532
0400002533
0400004303
0400002534
0400002536
0400002538
0400002539
0400002540
0400003948
2500001406
0400002544
0900000789
0400002545
0400002546
0400004045
0400003693
2600000385
0400002547
1600001813
0400002548
0400002549
0400005120
0400002550
0400004051
0400003661
0400002551
0400004604
0400004364
0400004038
0400005675
0400002554
0400002908
0400002555
0400004473
0400002786
0400005748
0400002557
0400003762
0400002561
0400004037
0400003781
0400002884
0400005666
0400003981
0400005276
0400005117
1900000734
0400002571
0400004715
0400002577
0400004906
0400002578
0300001445
1800000347
0400002583
0400002586
0400002587
0400002590
0400002592
0400002593
0400002595
0400002954
0400005680
1800000401
0400005673
1900000740
0400002596
0400002597
0400004355
0400002599
0400002600
0400004030
0400004350
0400004299
2300016607
0400003782
0400004810
0400004196
0400004757
0400002604
0400003768
0400004871
0400002606
0400003628
0400002608
0400004731
0400003504
0400004459
0400002613
0400005090
0400005062
0400005737
0400005410
0400002616
0400004581
0400002618
0400003712
0400004922
0400002619
0400002621
0400002622
0900000640
0400005224
0400003500
0400002624
0400002625
0400004208
0400002628
0400002626
0400005387
0400004855
0400002630
0400003805
0400002631
0400002632
0400002633
0400002638
0400002640
0400002641
0400004437
0400004296
0400002645
0400005687
0400002894
0400005093
0400005722
0400002649
0400002651
0400004861
0400004360
0400004931
0400004863
0400004982
0400004569
0400004094
1800000294
0400004379
0400004024
0400002657
0400005600
0400002658
0400004680
0400002659
2300010585
0400003433
0400002662
0400002664
0400002665
0400002666
0400002667
0400002668
0400002669
0400002670
0400002672
0400004924
0400003865
0400002675
0300001413
0400003636
0900000650
0400005041
2600000358
0400002677
0400002679
0400005218
1700003764
0400004099
0400004709
0400005245
0400004362
0400004101
0400005242
0400002682
2300012862
0400002683
0400002684
0400002689
0400002690
0900000653
0400002691
0400002692
0400002694
0400005238
0400004318
2300014383
0400004116
0400004811
0400002697
0400002698
0400004427
2800000607
0400003979
0400002700
0400002701
0400004681
0400002703
0400002704
0400003317
0400002706
0400002708
0400002710
0900000748
0900000659
0400002714
0400003357
0400002715
0400003971
2800000616
2800000617
0400002717
0400003871
0400003825
0400002718
0400002719
2600000361
0400002721
0400002722
0400002724
0400002725
0400002726
0400002727
0400002728
0400005769
0400003951
0400002729
0400002730
0400004663
0400003632
0400004623
2300010018
0400004455
0400004675
0400002731
0400003917
0400003858
0400005604
0400004693
0400003123
0400002735
0400002744
0400004365
0400002736
0400003510
0400002738
0400002739
0400002740
0400002741
0400002742
0400004679
0400004643
0400004237
0400002745
0400002746
0400003826
0400004127
0400002815
0400002747
0400002749
0400004891
0400004814
0400004633
0400005735
0400004021
0400003690
0500000951
0500001587
1200000002
0500000954
0500000955
0500000001
0500001634
0500001618
0500001573
0500000002
0500000003
1600002910
0500000005
0500001623
0500000007
0500001594
0500000958
0500000010
0500000011
1900000809
0500000953
0500001446
0500000960
0500000013
0500000014
0500000962
0500000015
0500000963
0500000964
0500000965
0500000016
0500000017
0500000967
0500000018
0500000019
0500000968
0500000020
1600002252
0500000969
0500000970
0500000971
0400004104
0500000021
0500000973
0500000023
0500001640
0500001647
0500000025
0500000026
0500001490
0500001500
2300000731
0500001471
0500000978
0500001559
0500000980
0800000032
0500000981
0500000982
0500000986
0500001536
0500000987
2300000931
2300000948
0500000033
0500000990
0500001646
0500000992
0500000035
0500000036
0500000994
0500000995
0500000037
2300001154
1600000171
0500000996
0500000038
0500000039
0500000997
0500000998
0500000999
0500000040
0500000041
0500001000
0500000042
0500000045
0500000046
0500000047
0500000048
0500000051
0500000052
0400000319
0500000053
0500001001
0500000054
0500001002
0500000055
0500000056
1600002153
0500001004
0500000061
0400005465
1600003169
0500000064
0500001005
0500000065
1600001960
0500001008
0500001009
0500000066
0500001596
2300001678
0500000067
0500000068
0500001015
0500000069
0500000070
0500000071
0500000072
0500001016
0500000073
1900000926
0500001563
0500001580
1900000123
2100000091
0500000074
0500001019
0500000075
0500001020
0500000076
0500000078
0500001021
0500000079
2000000421
0500000080
0500001610
0500000082
1900001171
0500001568
0500000084
1600003184
0500000086
0500000087
0500001026
0500001028
0500001029
0500000088
0500000089
0500000090
0500000091
0500001031
1600002731
0500001032
0500000093
0500001033
0500000095
0500001034
0500001036
0500001037
0500001038
0500001629
0500000098
0500001040
0500001041
0500001044
0500000102
0500000103
0500000104
0500001046
0500001047
2600000457
0800000601
0500000106
0500001049
0500000107
0500000108
0500000109
0500000110
0500001051
0500000111
0500000112
0500000113
0500000114
0500001052
0500000115
0500001053
0500000116
0500000117
0500000119
0700000899
0500000120
0500000121
0500001055
0500001588
0500001058
1200000687
0500000122
0500001626
0500001639
1600000454
0500001056
2100000815
0500001059
0500000123
0500001060
0500001561
0500001062
0500001064
0500000124
0500000125
0500001066
0500001065
0500001067
0500000126
0500000128
1900000205
0500001073
0500000131
0500001074
0500001605
0500000132
0500000133
0500001075
0500000134
0500000135
0500000136
2300003084
0500000137
0500000138
0500001077
0500001078
0500001079
0500001080
0500000139
0500001081
1600000523
0500001082
0500000142
0500000143
0500000144
0500000147
0500000148
0500001084
0500001085
0500001635
0500000149
0500000150
0500001088
0500001089
0500000151
0500001525
0500000153
0500001091
0300001533
0500000154
0500001092
0500000155
0500001093
0300001813
0500000156
0500000161
0500001097
0500001098
2300003641
0500001100
0500001101
0500001102
0500001103
0500000160
0500001481
0500000162
0500001106
0500000163
2800000200
1600002187
2300013422
0500000165
0500000168
0500000170
0500001110
0500001112
2300013747
0500001473
2500002222
0500000171
1600002547
0500000172
0500000174
0500001116
0500001117
1600002297
0500001118
0500001119
0500001121
0500000175
0500001577
0500000177
0500000178
0500000179
0500001122
0500001125
0500001630
0500000182
0500000183
0500000186
0500000187
0500001585
0500000189
0500001131
0500001132
0500001598
1600003113
1600000685
0500001133
0500001569
0500001488
0500000190
0500000191
0500001136
0500001614
0500001138
0500000193
0500001139
0500001140
0500000194
0500001141
2300012660
0500001142
1200000706
1600000709
2100000816
0500000195
0500001144
0500001145
0500001613
1600001768
0500001570
0500001556
0500001147
0500001149
0500000196
0500000197
0500001155
0500000198
0500001156
0500001157
0500000199
0500001158
0500001159
0500000200
0500001161
0500001162
0500001163
0500000201
0500001633
0500001468
2300016671
0400005259
0500000204
0500001167
0500000206
0500001631
0500001168
0500001169
0500000207
0500000208
2300015960
0500001172
0500000209
0500000210
0500001491
0500000211
0500001179
0500001180
0500001182
0500000212
0500001183
0500001184
0500000213
0500001185
0500001186
0500001188
0500000214
0500000215
0500001189
0500000216
0500001190
0500001192
0500001193
0500001571
0500001447
0500000218
0500000219
0500000220
0500001599
0500000222
0500001507
0500001199
0500001622
0500001200
0500000225
0500001201
2300014283
1600002361
0500001466
0500000226
0500000229
0500000230
0500001202
0500000231
0500000232
0500000233
0500001203
0500001205
0500000234
0500001207
0500000236
0500000237
1200000302
0500000238
0500001209
0500000241
0500000242
0500000243
2300017359
0500000245
0500000247
0500000248
0500000249
0800000289
0500001455
0500000244
1600000966
0500000251
0500000253
0500001212
0500000254
0500001213
0500001214
0500001215
0500001216
0500000256
0500000257
0500001597
0500000258
0500000259
0300000732
0500001223
0500001514
0500001225
1600002296
0500001226
0500001227
0500001228
0500000260
0500000262
0500001229
0500001602
0500001560
0500001231
0500001628
0500001232
0500001233
2500000909
0500001236
0500000263
0500001477
0500000264
0500001478
0500001603
0500001239
0500000265
0500000266
0500000267
0500001241
1800000179
0500000268
1200000345
0500001243
0500001245
0500001541
0500001246
0500001247
2900000300
0500001528
0500001530
0500000270
0500000271
0500000272
0500000273
1600001010
0500001250
0500001251
0500001252
0800000331
0500001254
0500000275
0500001642
0500001255
0500000277
0500000278
0500001463
0500000279
0500001505
0500000280
0500001632
0500000281
0500001258
0500001259
0500000282
0500001562
0800000342
0500001643
0500001578
1600002188
0500001262
0500001263
0500001526
0500000286
0500001266
0500000288
0500000289
0500000290
0500001267
2300006919
0500001268
0500000291
0500000292
1300000385
0500001269
0500000294
0500000295
0500001271
0500000297
0500000298
0500000299
0500001272
0500001274
0500001276
0500001277
0500000300
1700004310
0500001280
0500000304
0500000305
0500000306
0500000307
0500000308
0500000309
0400001906
0500001282
0500000310
0500001283
0500000311
0500000312
2300007218
0500000313
0500001284
0500000314
0500001286
1600001133
0500000315
0500000316
0500001287
2300007285
0500000317
0500001288
0500000318
0500001289
0500000319
0500000320
0500001290
0500001292
0500000321
0500000322
0500000323
0500000324
0500000325
0500000326
0500000327
0500001296
0500001299
0500001301
0500000330
0500000331
0500001304
0500000333
0500001307
0500001309
0500001308
0500000334
0500000335
0500000336
0500000337
0500000338
0500000339
1600001199
0500000340
0500001313
0500001314
0500001316
0500001317
0500000341
1900000587
0500000342
0500001590
0500001320
0500001322
0500000344
0500000345
0800000408
0500000346
0500001492
0500001567
0500000348
0500001323
0600000346
2600000278
0500000349
0500001324
2000000395
0500000350
0500001621
0500000351
0500001325
0500001326
0500001584
0500001328
0500000352
0500000353
0500001579
0500000355
0500001330
0500001609
0500001334
1600002238
0500001604
0400004669
0500000358
0500001335
0500000359
0500000360
0500001336
0500001459
0500001572
0500001338
0500001339
0500001340
0500001341
0500001489
2300008044
0500000362
0500000364
0500000363
0500000365
0500000367
2300008091
0500000368
0500000369
0500001540
2500001692
0500000370
0500001345
0500001347
0500001348
0500001349
0500001351
0500000375
0500001352
0500000376
1600002046
0500001354
0500000378
0500000379
0500001616
0500000380
0500001358
0500000381
0500001360
0500000382
0500000383
0500000384
0500001361
0500000386
0500001558
0500001363
0500000387
0500001493
1600001341
0500000388
0500000390
0500001368
0500001369
0500001370
0500000391
0500000392
0500001372
0500000393
0500001529
2300013766
0500000395
0500001638
0500001627
0500001374
0500001375
0500001376
0500000398
0500001378
0500001548
0500001379
0500001384
1700005752
0500000399
2900000423
0500001586
0500000401
0500000402
0500001386
0500001388
0500001389
0500001390
1600001407
0500001392
0500001394
1600002800
0500001395
0500000406
0500001612
0500000407
0500001397
0500000409
0500001399
0500000410
0500000411
1600002757
0500000412
0500000413
0500001402
0500000415
0500000416
0500001403
0500000417
0500000419
1600001462
0500000420
0500001407
1900000724
0500001408
0500001645
0500000422
0500000423
2300013381
0500001411
0500001410
0500000425
0500000426
0500001549
0500000427
0900000628
0500000428
0500000429
0500000430
0500000432
0500001415
1600001877
1600002334
0500000435
0500000436
0500001418
0500001419
0500001420
0500001553
0500001422
0500001644
0500000437
0800000648
0500001425
0500000439
0500000440
0500000441
0500001427
0500000442
0500000443
0500001625
0500000444
0500000446
0500000447
0500000448
0500000449
0500001521
1600003002
0500001434
0500001496
0500001436
0500001437
0500001438
0500001439
0500001440
0400003593
0500001472
0500000453
0500001534
0500001443
1600001602
0500000454
0500001444
0500000455
0500001637
0500001527
2900000482
0500001445
0600000005
0600000006
0600000008
0600000009
1600002241
0600000010
0600000529
0600000013
0600000015
0600000501
0600000016
0600000017
0600000526
1600000035
0600000020
0600000021
0600000022
0600000023
0600000511
0600000024
0600000026
0600000027
0600000527
0600000031
0600000484
0600000033
0600000034
0600000035
0600000533
0600000037
0600000039
0600000040
0600000042
1300000046
0600000047
0600000001
0600000049
0600000051
0600000055
0600000057
0600000058
0600000061
0600000059
0600000060
0600000063
0600000064
0600000065
0600000067
0600000072
0600000073
0600000074
0600000075
0600000077
0600000078
0600000080
0600000082
0300000176
0600000085
0600000088
0600000089
0600000091
0600000093
0600000096
0600000098
0600000099
0600000101
0600000102
0600000104
0600000107
0600000108
0600000109
0500001469
0600000115
0600000116
0600000516
0600000117
0600000119
0600000120
0600000121
0600000122
0600000124
0600000125
0600000126
0600000127
0600000128
0600000129
0600000130
0600000131
0600000132
0600000133
0600000134
0600000135
0600000137
0600000540
2300014548
0600000139
0600000140
0600000142
0600000143
0600000144
0600000145
0600000147
0600000148
0600000149
0600000528
0600000151
0600000155
0600000156
0600000157
0600000158
0600000159
0600000492
0600000160
0600000548
0600000518
0600000163
0600000165
0600000166
0600000167
0600000504
0600000522
0600000168
0600000169
0600000173
0600000175
0600000176
0600000171
0600000177
0600000179
0600000180
0600000182
0600000495
0600000186
0600000189
0600000191
2300004195
0600000197
0600000198
0600000199
0600000491
0600000204
0600000207
0600000208
0600000209
0600000210
0600000211
0600000212
0600000213
0600000216
0600000503
0600000217
0600000218
2300016889
0600000534
0600000220
0600000222
0600000223
0600000225
0600000226
0600000488
0600000228
0600000544
0600000233
0600000239
0600000240
0600000241
0600000242
0600000244
0600000245
0600000247
0600000249
0600000250
0600000251
0600000252
0600000256
0600000259
0600000260
0600000261
0600000262
0600000264
0600000266
0600000267
0600000268
0600000270
0600000271
0600000272
0600000273
0600000279
0600000280
0600000281
0600000284
0600000288
0600000289
0600000517
0600000485
0600000293
0600000294
0600000295
0600000296
0600000537
0600000299
0600000300
0600000301
0600000302
0600000303
0600000304
0600000305
0600000306
0600000307
0600000308
0600000310
0600000311
0600000490
0600000313
0600000315
0600000318
0600000322
0600000323
0600000324
0600000150
0600000549
0600000326
0600000327
0600000329
0600000333
0600000335
0600000336
0200000670
0600000339
0600000536
0600000341
0600000342
0600000343
0600000345
0600000347
0600000348
0600000349
0600000351
1300000617
0600000352
0600000353
0600000354
0600000355
0600000489
0600000358
0600000543
0600000359
0600000360
0600000361
0600000362
0600000365
0600000367
0600000368
0600000369
0600000370
0600000371
0600000372
0600000376
0600000378
0600000379
0600000519
0600000380
0600000386
0600000387
0600000389
0600000390
0600000393
0600000394
0600000395
0600000398
0600000400
0600000513
0600000402
0600000404
0600000405
0600000406
0600000407
0600000408
0600000409
0600000410
0600000521
0600000546
0600000411
0600000412
0600000413
0600000547
0600000417
0600000418
0600000550
0600000421
0600000426
0600000432
0600000435
0600000437
0600000439
0600000438
0600000442
0600000443
0600000446
0600000449
0600000478
0600000453
0600000004
0600000456
0600000457
0600000458
0700000001
0700000937
0700000002
0700000003
0700000004
0700000005
0700000006
0700000007
0700000979
0700000985
0700000009
0700000011
1600001731
0700000015
0700000839
1300000009
0700000018
0700000019
0700000021
0700000022
0700000844
0700000023
0700000024
0700000027
0700000028
0700000950
0700000031
0700000033
0700000992
2300000532
0700000904
0700000034
0700000038
0700000039
0700000042
0700000044
0700000961
0700000045
0700000890
0700000873
0700000046
0700000047
0700000050
0700000925
0700000051
0700000052
0700000054
0700000972
0700000057
0700000059
0700000060
0700000063
1600002170
0700000065
0500001518
0700000067
0700000070
0700000072
0700000073
0700000074
0700000075
0700000077
0700000078
0700000083
0700000086
0700000092
0600000052
0700000088
0700000093
0700000094
1300000059
0700000097
0700000099
0700000100
2300001331
0700000101
0700000102
0700000105
0700000104
0700000106
0700000983
0700000989
0700000110
0700000954
0700000111
0700000113
0700000115
0500001007
0700000856
0700000117
0700000118
0700000119
0700000120
0700000816
0700000121
0700000123
0700000921
0700000124
0700000126
0700000128
0700000133
0700000135
0700000136
0700000137
0700000140
0700000994
0700000958
0700000143
1600003144
0700000997
0700000836
0700000149
0700000151
0700000152
0600000095
1600002214
1600000332
0700000158
0700000933
2300002034
0700000162
0700000164
0700000166
0700000167
0700000857
0700000169
0700000171
0700000173
2300011159
0700000177
0700000180
0700000181
0700000182
0700000183
2300002313
1200000123
0700000190
0700000907
0700000192
0700000926
0700000193
0700000196
0700000198
0700000200
0700000868
0700000202
0700000204
0700000205
0700000206
0700000207
0700000208
0700000209
0700000213
0700000215
0700000216
0700000218
0700000219
0700000220
0700000984
0700000941
0700000981
0700000915
0700000920
0700000224
2500002523
0700000227
1300000126
2500001841
1600001655
0700000911
0700000229
2300015354
0700000231
0700000234
0700000237
2300015701
0700000239
0700000240
0700000243
0700000245
0700000830
0700000812
0700000990
1600000521
0700000254
0700000255
0700000256
0700000257
0700000258
0700000259
0700000260
0700000262
0700000932
0700000266
0700000263
0700000265
2300013623
0300001441
0700000267
0700000270
0700000276
0700000278
0700000875
0700000280
0700000283
0700000284
0700000286
0700000288
0700000289
0700000290
0700000291
0700000294
0700000295
0700000297
0700000902
0700000299
0700000840
0700000938
0700000301
0700000302
0700000806
0700000977
1600000627
0700000305
0700000309
0700000852
0700000313
0700000314
0700000317
0700000319
0700000846
0700000964
0700000325
0700000326
0700000885
0700000949
0700000329
0700000331
0700000970
0700000332
0700000335
0700000336
0700000337
0700000338
0700000340
1300000227
0700000999
0700000344
0700000940
0700000351
0700000345
0700000948
0700000944
0700000348
0700000350
0700000352
0700000889
0700000353
0700000354
0700000355
1200000241
0700000955
0700000356
2300004584
0700000908
0700000952
1600000734
0700000845
0700000359
0700000361
0700000363
0700000364
0700000980
1300000257
0700000367
0700000369
0700000370
0700000371
0700000808
0700000374
0700000375
0700000376
0700000377
0700000378
0700000382
0700000385
0700000387
0700000388
0700000389
0700000391
0700000392
0700000393
1300000284
0700000394
0600000231
0700000396
0700000987
0700000867
0700000397
0700000400
0700000962
0700000405
0700000406
0700000408
0700000409
0700000412
0700000414
0700000415
0700000417
0700000422
0700000423
0700000424
0700000425
0700000427
0700000428
0700000976
0700000429
0700000430
0700000900
0700000434
1600000888
0700000922
0700000442
0700000443
0700000444
0700000809
0700000445
0700000448
0700000455
0700000456
0700000457
0700000471
0700000458
0700000459
0700000823
0700000969
0700000865
0700000467
2300013688
0700000469
1600000965
0700000919
0700000967
0700000474
2300006344
0700000478
0700000828
0700000479
0700000480
0700000482
0700000483
0700000863
0700000485
0700000916
0700000488
0700000489
0700000490
0700000491
0700000492
0700000934
1600002461
0700000497
0700000499
0700000918
0700000998
2300015182
0700000501
0700000502
1300000578
0700000503
0700000507
0700000508
0700000509
0700000511
0700000515
0700000516
0700000833
0700000518
0700000519
0700000521
0700000522
0700000523
0700000525
0700000526
0700000913
0700000531
0700000532
0700000533
0700000534
0700000536
0600000317
0700000537
0700000859
0700000538
0700000883
0700000543
0700000545
0700000927
0700000546
0700000547
0700000548
0700000549
0700000550
0700000551
0700000552
1600001139
0700000553
0700000559
0700000914
0700000562
0700000563
0700000568
0700000569
0700000571
0700000897
0700000575
0700000577
0700000579
0700000939
2300007525
0700000582
0700000971
2300007575
1300000420
0700000586
0400005419
1600001198
0700000811
2300011999
0700000951
0700000590
0700000591
0700000592
0700000906
0700000593
0700000594
0700000600
0700000601
0700000993
0700000604
0700000608
0700000609
0700000610
2300012578
2100000545
0700000615
0700000617
0700000841
2300014552
0700000968
0700000821
0700000620
2300008047
0700000817
0700000621
0700000623
0700000624
0700000625
0700000628
0700000630
0700000631
0700000633
0700000634
0700000635
0700000636
0700000637
0700000639
0700000640
0700000641
0700000642
0700000643
0700000644
0700000645
1600001739
0700000647
0700000648
0700000831
0700000650
0700000651
1700004131
0700000656
0700000657
0700000661
0700000662
2300008432
0700000832
0700000665
0700000667
0700000668
0700000669
0700000671
2300011076
0700000676
0700000924
0700000991
0700000680
0700000681
0700000682
0700000866
0700000683
0700000684
0700000685
0700000686
0700000687
0700000689
0700000690
0700000691
0700000692
0700000694
0700000695
0700000697
0700000819
0700000698
0700000699
0700000701
2300008949
0700000702
2300014003
0700000880
0700000705
2300010748
0700000708
0700000710
0700000892
0700000713
0700000714
1200000574
0700000870
2300009256
0700000719
0700000723
0700000957
0700000724
0700000725
0700000715
0700000726
0700000729
0700000730
0700000953
0700000731
0700000732
0700000733
0700000736
0700000738
0700000739
0700000928
0700000741
0700000742
0700000744
0700000746
0700000747
0700000973
0700000752
0800000577
0700000756
0700000755
1200000605
0700000758
0500001429
0700000760
0700000762
0700000765
0700000767
0700000770
2400000526
0700000888
0700000986
0700000959
0700000774
0700000912
0700000978
0700000996
0700000988
0700000776
0700000777
0700000778
0700000779
0700000782
0700000783
2300009951
0700000785
0700000784
0700000788
0700000791
0700000936
0700000871
0700000793
0700000794
0800000671
0500001582
0800000003
0800000643
0800000005
0800000672
0800000006
2500000019
0800000007
0800000009
0800000010
0800000011
2300010908
0800000015
0800000017
2300011545
0800000021
1000000018
0800000024
0800000025
0800000026
0800000027
0800000673
1600002081
0800000031
0800000033
0800000034
0800000035
0800000037
0800000040
0800000043
0500000989
0800000044
0800000046
2300016229
0800000660
0800000048
0800000049
0800000050
2500000141
0800000052
0800000053
0800000670
0800000055
0800000057
2300015795
1600003040
0800000058
0800000059
0800000061
0800000063
0800000064
1600002583
0800000065
0800000576
0800000068
0800000073
0800000641
2500002233
0800000074
2400001034
0800000077
0800000078
0800000080
0800000081
0800000082
0800000083
0800000084
0800000085
0300001440
1600000375
0800000090
0800000091
0800000092
0800000093
0800000096
0800000095
0800000098
0800000100
0800000105
0800000590
0800000106
0500001524
2000000476
0800000108
0800000653
0800000111
0800000113
0800000115
0800000119
0800000120
0800000122
0800000659
0800000123
2300015009
0400004676
0800000124
0800000125
1600002714
0500001057
0800000128
0800000622
0800000133
0800000134
0800000135
0800000136
0800000630
0800000141
0800000621
0800000145
0200000892
0800000150
0800000153
0800000155
0800000157
0800000158
0800000573
0800000161
0500001076
0800000162
0800000163
0800000166
0800000646
0800000168
0800000170
0800000175
0800000176
0800000647
0800000177
1300000176
0800000183
0800000182
0800000184
0800000185
1900000278
0800000187
0800000189
1200000738
0800000589
0800000193
1700006755
0800000199
0800000200
0800000202
0800000204
0800000205
0800000207
1200000215
0500000184
0800000209
0800000213
0800000214
0800000216
0800000219
0800000220
0800000221
0800000223
0800000224
0800000226
0800000227
0800000228
0800000229
2300015137
0800000232
0500001624
0800000234
0800000236
0800000238
0800000620
0800000241
0800000245
0800000246
0800000247
0800000250
0800000579
0800000253
2700000483
0800000254
0800000658
0800000255
0800000261
0800000263
0800000266
0800000267
0800000268
0800000270
0800000271
0800000272
0800000274
0800000277
0800000278
0800000280
0800000281
0800000286
0800000288
0800000284
0800000292
0800000296
0800000297
0800000640
0800000300
0800000302
0800000306
0800000307
0800000309
0800000310
0800000619
0800000312
2300013830
0800000318
2500000896
0200000575
0800000316
0800000317
0800000293
0800000319
0800000298
0800000299
1600002210
2300012808
0800000322
0800000324
0900000413
0800000326
0800000328
0800000329
0800000330
0800000332
0800000335
0800000336
0800000654
0800000337
0800000338
0800000339
0800000624
0800000341
0800000343
0800000344
0800000346
0800000347
0800000348
0800000349
0800000351
2500002315
0800000352
0800000353
0800000355
0800000652
0800000356
0800000357
0800000358
0800000359
0800000360
0800000362
0800000363
0800000637
0800000368
0800000370
0800000664
0800000632
0800000372
2300015365
0800000373
0800000375
0800000376
0800000379
1600001130
0800000382
0800000608
0800000383
0800000386
0800000390
0800000387
0800000389
0800000388
0800000385
0800000656
0800000391
0500001294
0800000395
1200000430
0800000397
1200000437
0800000399
0800000403
1600001196
0800000404
0800000586
0800000650
0800000665
0800000406
0800000407
0800000409
0800000411
0800000413
0800000414
0800000418
0800000419
0800000636
0800000657
0800000421
0800000422
0800000612
0800000426
0800000428
0800000429
0800000431
0800000432
0800000433
0800000655
0800000435
0800000436
0800000439
0800000440
0800000442
0800000443
0800000448
0800000445
0800000446
0800000447
0800000449
0800000450
0800000580
0800000452
0800000662
0800000454
0800000651
0800000458
0800000459
0800000607
0800000464
0800000609
0800000467
0800000468
0800000470
0800000667
0800000472
0800000474
1300000611
0800000475
0800000476
0800000477
0800000649
0400004586
0800000483
0800000484
0800000485
0800000661
0800000490
0800000491
0800000492
0800000493
0800000494
0800000495
0800000497
0800000498
0800000499
0800000501
0800000639
0800000502
0800000666
0800000504
0800000582
0800000507
0800000508
0800000512
0800000513
0800000514
0800000516
0800000585
0800000519
0800000520
1200000705
0800000530
0800000535
0400003945
0800000537
0800000538
0800000539
0800000540
0800000542
0400002842
2500001709
0800000546
0800000547
0800000551
0800000553
0800000560
2500001490
0800000562
0800000564
0800000565
0800000566
2300011546
0800000569
0900000846
0900000852
0900000804
0900000003
0900000004
0900000005
0900000009
0900000012
0900000013
0900000015
0900000016
0900000017
0900000018
0900000799
0900000777
0400004372
0900000034
0900000035
0900000036
0900000037
0900000040
0900000044
0900000046
0900000047
0900000048
0900000051
0900000052
0900000700
0900000056
0900000058
0900000059
0900000690
0900000062
0900000063
2500000170
0900000064
0900000066
0900000068
0900000826
0900000867
2300001500
0900000073
0900000074
0900000866
0900000689
0900000076
0400000394
0900000077
0900000078
0900000079
0900000080
0900000082
0900000817
0900000084
0900000085
0900000089
0900000092
0900000097
0900000099
0900000100
0400005711
0900000102
0900000103
0900000104
0900000105
0900000106
0900000108
0900000109
0900000737
0900000110
0900000111
0900000114
0900000118
0900000119
0900000120
0900000121
0900000122
0900000124
0900000743
0900000725
0900000129
0900000131
0400005283
0900000132
2300010648
0900000134
0400004131
0900000798
0400004644
0900000141
0900000144
0900000145
1800000076
0900000150
0900000151
0900000153
2600000400
2300017086
0900000155
0900000860
0900000822
0900000717
0400004754
0900000156
0400005639
0900000157
0900000746
0900000159
0900000162
0900000164
0900000166
0900000167
0900000168
0900000169
0900000170
0900000796
0900000177
0900000180
0900000184
0900000189
0900000190
2600000110
2500002485
0900000194
0900000832
0900000196
1900000217
0900000780
0900000197
0900000201
0900000202
0900000203
0900000207
0900000209
0900000210
2300011942
0900000214
0900000215
0900000218
0900000729
2300014029
0900000809
0900000771
0900000223
0400005060
0900000224
0900000225
0400000963
2300003749
0900000226
0900000854
0900000829
0900000230
0900000803
0900000232
0900000233
0900000768
0900000234
0900000235
0900000821
0400004733
0900000238
0900000239
0900000240
0900000243
0900000244
0900000758
0900000249
0400004445
0900000250
0900000252
0900000253
0900000254
0900000256
0900000716
0900000257
0900000258
0900000260
0900000261
0900000812
0900000263
0900000264
0900000728
0900000266
0900000269
0900000271
0900000848
0400005061
0900000279
0900000283
0900000284
0900000282
0900000286
0900000287
0900000692
0400003571
0900000834
0900000290
0900000291
0900000856
0900000295
0900000296
0900000297
0900000300
0900000831
0900000303
0900000306
0900000308
0900000838
0900000311
0900000315
0900000316
0900000318
0900000323
0900000321
0900000322
0900000770
0900000741
0900000324
0900000850
0900000326
0900000327
0600000221
0900000328
0900000740
0900000334
0900000339
0900000340
0900000343
0900000344
0900000345
0900000349
0900000760
0900000859
0900000815
0900000861
0900000355
0900000356
0900000359
0900000360
0900000363
2300010647
0900000364
0900000365
0900000767
0900000367
0900000370
0900000787
0400004667
0900000374
0900000378
0900000380
0900000386
0900000392
0900000843
0900000393
0900000396
0900000397
0900000399
0900000402
0900000403
0900000837
0900000820
0900000406
0900000407
0900000383
0900000410
0900000412
0400003717
0900000414
0900000806
0900000416
0900000418
0400004288
0900000745
0900000421
0900000422
0900000424
0900000425
0900000427
0900000428
0900000429
0900000744
0900000430
0900000431
0900000432
0400004027
0900000766
1600002303
0900000433
0900000435
0900000824
0900000437
0900000438
0900000778
0400004460
0900000442
0900000443
0400002959
0900000444
0900000445
0400004562
0900000447
0900000449
0900000783
0900000853
0900000450
0900000454
0900000459
0900000460
0900000461
0900000464
0900000851
0900000731
0900000466
0900000468
0900000470
0900000472
0900000756
0900000476
0900000479
0900000480
0400001927
0900000481
0900000482
0900000484
0400002877
0900000694
2000000178
0900000486
0900000487
0400001945
0900000489
0900000492
0900000493
0900000495
0900000496
0900000497
2800000693
0900000841
0900000501
0900000505
0900000507
0900000509
0900000510
2300012326
0900000515
0900000516
0900000517
0900000801
0900000800
0900000531
0900000532
0900000533
0900000535
0900000536
0900000539
0900000540
0900000541
0400004705
0300001018
0900000546
0900000547
0900000548
0900000549
0900000553
0900000554
0400004191
0900000556
0900000557
0900000559
0900000561
0900000564
0900000566
0900000569
0900000567
0900000802
0900000572
0900000711
2300011877
0900000840
0900000782
0900000575
0900000576
0900000577
0900000578
0900000858
0400004308
0900000828
0900000863
0900000579
0900000580
0900000581
0900000583
0900000585
0900000591
0900000597
0900000599
0900000865
0900000723
0900000601
0900000602
0900000603
2800000550
0900000849
0900000613
0900000845
0900000618
0900000708
0900000619
0900000764
0900000620
0400002996
0400002543
0900000749
2300010424
0900000632
0900000631
0900000635
0900000636
0900000637
0900000638
0900000639
0400005109
0900000830
0900000844
0900000645
2700000858
0900000648
1800000439
0900000696
1900000928
0900000652
0900000654
0900000665
0900000658
0900000701
0900000660
0900000662
0900000663
0900000664
0900000666
0900000667
0300001851
0900000668
0900000855
0900000752
1000000002
1000000003
1000000417
1700005141
1000000004
1700005422
1000000484
1000000537
1000000006
1000000007
2500001897
1000000449
1000000559
1000000565
1000000553
1000000546
1000000016
1000000469
1000000522
2500002134
1000000556
1000000019
1000000020
1000000021
1000000022
2500002475
1000000023
1000000427
1000000558
2700000926
2500001821
1000000024
1000000026
1000000028
1000000027
1000000500
1000000575
2300013346
1000000451
1000000429
1000000357
2700000065
1000000509
1000000033
2700001086
1000000036
1000000037
1000000038
2700000096
1000000041
2500000198
1000000046
1000000049
1000000563
2700000130
1000000052
1000000423
1000000054
1000000056
1000000057
1700000840
1000000061
1000000063
1000000064
1000000065
1000000502
0700000195
1000000539
1000000420
1000000530
1000000460
1000000471
1000000067
1000000533
1000000069
1000000504
1000000483
1000000543
1000000074
1000000076
2500002173
1000000573
2500002191
1000000508
1000000520
1000000078
1000000080
1000000081
1000000527
1000000082
1000000083
1000000085
1000000087
1000000088
1000000089
1000000077
1000000079
1000000099
1000000100
1000000101
1000000402
1000000456
1000000103
1000000105
1000000549
1000000107
1000000525
1000000494
1000000415
1000000109
2300003627
1000000111
1000000112
1000000113
1000000431
1000000114
1000000373
1000000439
1000000115
1000000116
2100000730
1000000567
1000000529
1000000561
1700001422
1000000118
1000000121
1000000122
1000000462
1000000519
1000000126
1000000127
1000000128
1000000496
1000000135
1000000136
2300004253
1000000572
1000000138
1000000139
1000000145
1000000548
1000000147
1000000149
1000000150
1000000151
1000000390
1000000574
1000000482
1000000554
1000000153
1000000154
1000000421
1000000158
2300013305
1000000162
1000000388
1000000349
1000000468
2700000486
1000000164
1000000513
1000000165
1000000168
1000000170
1000000171
1000000172
1000000173
1000000174
1000000176
1000000177
1000000178
1000000179
1000000180
2900000281
1000000183
1000000186
1000000187
1000000188
2300006141
1000000191
1000000192
1000000193
1000000411
1000000195
1000000394
1000000545
1700005970
1700005399
1000000197
1000000541
1000000198
1000000201
1000000202
1000000203
1000000446
1700004355
1000000206
1000000566
2300006659
1000000207
1000000209
1000000542
1000000210
1000000213
1000000214
1000000557
2600000418
1000000560
1000000413
1000000216
1000000347
1000000220
1000000221
1000000223
1000000491
1000000224
1000000442
1000000576
1000000227
1000000228
1000000229
1000000231
1000000232
1000000233
1000000531
1000000447
1000000511
1700004497
1000000235
1000000236
1000000524
1000000237
1000000433
1000000467
1000000238
1000000239
1000000241
1000000242
1000000243
1000000244
1000000363
1000000248
1000000461
1000000249
1000000564
1000000250
1000000251
1000000252
1000000577
1000000432
1000000257
1000000260
1000000452
1000000426
1000000265
1000000269
1000000516
1000000570
1000000392
1000000396
1000000274
1000000275
1600001340
1000000343
1000000276
1000000555
1000000538
1000000493
1000000277
1000000552
1000000278
1000000478
1000000279
1000000544
1000000515
1000000506
1000000488
1000000280
1000000281
1000000569
1000000518
1000000285
1000000286
1000000288
1000000289
1000000292
2300008944
1000000295
1000000301
1000000571
1000000457
2500002164
1000000304
1000000305
1000000306
1000000307
1000000473
1000000540
1000000310
1000000314
1000000523
1000000316
1000000317
1000000318
1000000319
2000000234
1000000498
1700004826
1000000458
1000000428
1000000437
1000000503
1000000414
1000000512
1000000320
1000000321
1000000322
2700001006
2300013375
2500001600
1000000325
1000000326
1000000487
1000000327
1000000328
1000000330
1000000507
1000000535
1000000406
1000000485
1000000568
1000000331
1000000332
1000000547
1000000333
1000000334
0400005050
1000000562
1100000002
1100000003
1100000005
1100000006
1100000642
1100000007
1100000009
0200000947
1100000011
1100000013
1100000590
1100000016
1100000017
1100000630
1100000648
1100000019
1100000022
1100000023
1100000024
1100000026
1100000028
2300000455
1100000029
1100000591
1100000032
1100000033
1100000616
2300010270
1100000039
1100000040
1100000041
1100000042
1100000044
1100000597
1100000048
1100000607
1100000051
1100000052
1100000053
1500000056
1100000056
1100000060
1100000061
1100000064
1100000065
1100000066
1100000069
1100000649
1100000072
1100000074
1100000075
1100000076
1100000077
1100000575
1100000082
1100000085
2300011001
1100000092
1100000093
1100000094
1100000095
1100000097
1100000100
1100000101
1100000104
1100000106
1100000107
1100000113
1100000114
1100000115
1100000116
1100000646
0400000515
1100000623
1100000120
1100000121
1100000123
2500000285
1100000122
1100000128
1100000129
1100000130
1100000134
1100000137
1100000654
1100000139
1100000140
1100000141
1100000653
1100000146
1100000147
1100000148
2300014909
1100000149
1100000151
1100000153
2300012102
1100000577
2300014501
1100000154
1100000155
1100000156
1100000157
1100000606
2300002889
1100000162
1100000164
2300002927
1100000166
1100000167
1100000170
1100000171
1100000174
1100000177
1100000178
1500000164
1100000181
1100000182
2300003291
1100000183
1100000184
1100000185
1100000186
2300012411
1100000187
1100000189
1100000190
1100000192
1100000193
1100000194
1100000195
1100000196
1100000197
1100000198
1100000202
1100000204
1100000209
1100000210
1100000211
1100000213
1100000215
1100000216
1100000644
1100000217
1100000604
1100000218
1100000219
1100000223
1100000224
1100000665
1100000226
1100000228
1100000234
1100000235
1100000603
1100000236
1100000237
2300004096
1100000240
1100000647
1100000245
2300017801
1100000250
1100000251
1100000252
1100000253
1100000254
1100000256
1100000257
1100000583
1100000259
1100000260
1100000263
1100000661
1100000659
1100000265
1100000267
1100000268
1100000592
1100000269
1100000270
1100000271
1100000272
1100000273
1100000275
1100000277
1100000278
1100000279
1100000280
1100000281
1100000282
1100000283
1100000284
1100000285
1100000288
1100000289
1100000293
1100000294
1100000651
1100000295
1100000296
1100000297
1100000645
1100000301
1100000302
1100000303
1100000304
1100000305
1100000306
1100000308
1100000309
1100000310
1100000313
1100000315
1100000316
1100000368
1100000317
1100000319
1100000320
1100000325
1100000329
1100000331
1100000333
1100000335
1100000337
1100000584
1100000340
1100000609
1100000341
1100000342
1100000343
1100000345
1100000347
1100000349
1100000351
1100000352
1100000353
1100000617
1100000355
1100000357
1100000358
1100000175
1100000364
1100000366
1100000370
1100000371
1100000373
1100000354
2300006241
1100000660
1100000376
1100000377
1100000378
2300006316
2300012878
1100000379
1100000618
1100000380
2300014034
1100000382
2300006408
1100000383
1100000387
1100000601
1100000390
1100000391
1100000612
1100000393
1600003211
1100000662
1100000394
1100000395
1100000396
1100000399
1100000402
1100000403
1100000405
1100000410
1100000585
1100000412
1100000413
1100000414
1100000416
1100000628
1100000420
1100000422
1100000423
1100000425
1300000405
1100000427
1100000428
1100000429
1100000432
1100000433
1100000436
1100000598
1100000438
1100000441
1100000443
1100000444
1100000446
1100000447
2300017244
1100000449
1100000448
1100000450
1100000452
1100000453
1100000454
1100000455
2300016466
1100000457
1100000458
1100000460
1100000461
0800000427
1100000462
1100000464
1100000466
1100000467
1100000469
1100000471
1100000474
1100000475
1100000476
1700005760
1100000477
1100000478
1100000581
1100000483
1100000481
1100000643
1100000485
1100000636
1100000486
1100000489
1100000490
1100000634
1100000610
1100000608
1100000491
1100000493
1200000525
1100000629
1100000497
1100000499
1100000500
1100000502
1100000504
1100000506
1100000510
1100000511
1100000512
2300011668
1100000514
1100000663
2300009018
1100000517
0200001047
2300009083
1100000632
1100000520
1100000522
1100000523
1100000524
1100000640
1100000525
1100000527
1100000530
1100000635
1100000540
1100000542
1100000543
1100000545
1100000546
1100000549
1100000624
1100000552
1100000553
1100000652
1100000557
1100000560
1100000561
1100000563
1100000582
2300014459
2200000361
1100000567
1200000737
1200000735
1200000739
1200000731
1200000676
1200000658
1200000004
1200000005
1200000007
1200000010
1200000011
1200000015
1200000020
1200000025
1600003064
1200000029
1200000030
1200000031
2300014064
1200000038
1200000039
1200000047
1200000049
1200000050
1200000051
1200000052
1200000723
1200000053
2400000058
1200000055
1200000056
2300001362
1200000058
1200000062
1200000065
1200000066
1200000067
0700000112
1200000069
1200000073
1200000076
1600000260
1200000079
1200000081
1200000084
1200000086
1600001856
1200000090
1200000091
1200000097
1200000098
1200000099
1200000104
1200000105
1200000106
1200000107
1200000110
1200000115
1200000117
1200000118
0800000097
1200000122
1600000400
1200000127
1200000128
1200000130
1200000131
1200000132
1200000133
1200000134
1200000138
1200000139
1200000140
2500002250
1200000142
1200000143
1600003108
1200000145
1200000146
1200000148
1200000149
1200000150
1200000151
1200000152
1600000474
1200000157
1200000159
1600000506
1200000162
1200000163
1200000165
1200000166
1200000167
1200000169
1600002448
1200000173
1200000174
1200000175
0500000152
1200000643
1200000178
1200000180
1200000181
1200000182
1200000184
1200000186
1200000673
1200000187
1200000189
2300017790
2300017789
1200000191
1200000734
1200000194
1200000195
1200000197
1200000198
1200000199
1200000201
1200000724
1200000204
1200000206
1600002456
1200000719
1200000211
1200000212
1600000672
1200000216
1200000217
1200000219
1200000221
1200000223
1200000227
1200000232
1200000233
1200000234
1200000717
1200000237
1600001879
1200000238
1200000240
1600000729
1200000243
1200000244
1200000245
1200000246
1200000247
1200000248
1200000250
1600002475
1200000255
1600000773
1200000257
1200000258
1200000260
1200000261
1200000711
1200000263
1200000270
1200000271
1200000272
1200000274
0900000341
1200000276
1200000277
1200000281
1200000282
1200000283
1200000284
2300015010
1200000649
1200000287
1200000290
1200000291
1200000296
1200000297
1200000298
1200000299
1200000303
1200000304
1200000305
1200000306
1200000308
1200000309
1200000312
1200000313
1200000314
1200000316
1200000317
1200000318
1200000319
1200000337
1200000320
1200000321
1200000322
1200000324
1200000328
1200000330
1200000332
1200000721
1200000340
1200000341
1200000342
1200000344
1200000346
1200000349
1200000350
1200000351
1200000353
1200000357
1200000359
1200000360
1200000361
1200000363
1200000364
1200000651
1200000367
1200000371
1200000372
1200000374
1200000378
1200000379
1200000382
1200000383
1200000387
1200000389
1200000390
1200000391
1200000728
1200000392
2300015141
1200000395
1200000397
1200000400
1200000401
1200000402
1200000404
1200000405
1200000406
1200000409
1200000410
1200000411
1200000414
1200000416
1200000417
1200000420
1200000421
1200000424
1200000425
1200000426
1200000427
1200000429
1200000431
1200000434
1200000435
1200000438
1200000440
1200000442
1200000445
1000000434
1200000446
1200000725
1200000447
1200000727
1200000449
1200000450
1200000451
1200000452
1600001217
1200000454
1200000456
1200000457
1600001227
1200000458
1200000461
1200000462
1200000463
1200000464
1200000468
1200000471
1200000692
1200000472
1200000736
1200000476
1200000477
1200000478
1600002162
1200000483
1200000484
1200000479
1200000487
1200000489
1200000491
1200000492
1200000493
1200000494
1200000495
1200000497
1200000498
1200000501
1200000503
1200000504
1200000506
1200000508
1200000509
1200000510
1200000511
1200000513
1200000515
1200000516
1200000517
1200000518
1200000519
1200000520
1200000523
1200000527
1200000529
1200000530
1200000532
1200000533
1200000534
1200000535
1200000536
1200000537
1200000538
1200000539
1200000540
1200000542
1200000544
1200000545
1200000560
1200000548
1200000550
1200000554
1200000555
1200000558
1200000559
1200000561
1200000563
1200000568
1200000569
1200000570
1200000571
1200000575
1200000577
1200000578
1200000579
1200000580
1200000576
1200000583
1200000586
1200000587
1200000729
1200000591
1200000592
1200000740
1200000712
1200000596
1200000597
1200000599
1200000600
1200000602
1200000603
1200000604
1200000742
1200000715
1200000684
1200000608
1200000610
1200000611
1200000696
1200000641
1200000614
1200000615
1200000617
1200000620
1200000621
1200000714
1200000624
1200000625
1200000626
1200000629
1200000630
1200000741
1200000631
1200000632
1200000633
1300000003
1300000004
1300000005
1300000006
1300000640
1300000008
1300000015
1300000016
1300000018
1300000020
1300000564
1300000025
1300000026
1300000609
1300000649
1300000027
1300000633
1300000029
1300000031
1300000602
1300000033
1300000037
1300000038
1300000039
1300000048
1300000049
1300000052
1300000053
0600000054
1300000056
1300000058
1300000060
1300000061
1300000062
1300000063
1300000064
1300000065
1300000066
1300000069
1300000071
1300000595
1300000073
1300000075
1300000645
1300000077
1300000080
1300000081
1300000082
1300000083
1300000084
1300000085
1300000088
1300000556
1300000089
1300000090
1300000091
1300000646
1300000643
1300000096
1300000098
1300000100
1300000101
1300000102
1300000103
1300000105
1300000107
1300000108
1300000109
1300000560
1300000111
1300000112
1300000113
2300011252
1300000114
1300000115
1300000116
1300000117
1300000118
1300000120
1300000121
1300000604
1300000124
1300000125
1300000127
1300000128
1300000607
1000000393
1300000130
1300000131
2300002828
1300000134
1300000135
1300000637
1300000142
2300003070
1300000147
1300000555
1300000151
1300000152
1300000154
1300000155
1300000156
1300000606
1300000159
1300000162
1300000165
1300000166
1300000167
1300000169
2300003549
1300000172
1300000173
0700000275
1300000177
1300000178
1300000179
1300000180
1300000182
1300000183
1300000184
1300000642
1300000186
0700000292
1300000189
1300000190
1300000191
1300000193
1300000194
1300000197
1300000198
1300000199
1300000200
1300000201
1300000202
1300000627
1300000203
1300000204
1300000205
2300004103
1300000208
1300000212
1300000213
1300000214
1300000220
1300000221
1300000226
1300000228
1300000229
1300000232
1300000233
1300000236
1300000238
1300000239
1300000601
1300000628
1300000634
1300000242
1300000245
1300000246
1300000250
1300000253
1300000254
1300000255
0300001499
1300000258
1300000260
1300000261
1300000264
1300000265
1300000266
1300000579
1300000267
1300000269
1300000271
1300000273
1300000274
1300000275
1300000277
1300000648
1300000279
1300000281
1300000282
1300000283
1300000287
0700000398
1300000635
1300000292
1300000600
1300000295
1300000296
1300000297
1300000298
1300000299
2300015528
1300000304
1300000305
1300000306
1300000307
1300000308
1300000310
2300005569
1300000311
1300000312
0600000253
1300000644
1300000315
1300000316
0600000479
1300000317
1300000318
1300000319
1300000321
1300000323
1300000324
1300000325
1300000328
1300000329
1300000330
1300000331
1300000333
0600000277
1300000341
1300000342
1300000344
1600002541
1300000347
1300000636
1300000349
1300000350
1300000355
1300000359
1300000361
1300000365
1300000366
1300000367
1300000368
1300000641
1300000372
1300000377
1300000378
1300000383
2300006916
1300000387
1300000392
1300000390
1300000391
1300000394
1300000395
1300000396
2300007203
1300000399
1300000401
1300000402
1300000624
1300000404
1300000406
1300000409
1300000410
1300000411
1300000414
1300000412
1300000419
1300000421
1300000422
1300000423
0600000340
1300000638
1300000425
1300000426
1300000428
1300000429
1300000430
1300000431
1300000433
1300000435
1300000596
1300000440
1300000445
1300000446
1300000447
1300000449
1300000450
1300000451
1300000452
1300000453
0600000364
1300000454
1300000455
2300008199
1300000456
1300000458
1300000459
1300000460
1300000461
1300000462
1300000620
1300000466
1300000468
1300000631
1200000514
1300000471
1300000473
1300000474
1300000475
1300000476
1300000478
1300000639
1300000480
1300000481
1300000487
1300000594
2300008881
2300013155
1300000590
1300000490
1300000492
1300000496
1300000497
1300000498
1300000501
2300015603
1600003131
1300000505
1300000506
1300000508
1300000510
1300000511
1300000517
1300000518
1300000520
1300000647
1300000522
1300000523
1300000526
1300000528
1300000533
1300000608
1300000537
1300000538
1300000539
1300000541
0700000786
1300000542
1300000544
1400000002
1400000003
1400000004
1400000995
1400001046
1400001106
1400000005
1400001032
1400001064
1400000993
1400000963
1400001074
1400000007
1400001044
1400001026
1400001023
1400000012
1400001098
1400001027
1400001161
1400000014
1400000015
1400000016
1400000017
1400000971
1400000019
1700006690
1400000021
1400001151
1400000024
1400001130
1400000026
1400000028
1400001132
1400000031
1400000032
1400000034
1400000036
1400000037
1400000038
1400001111
2300000427
1400001081
1400000039
1400000960
1400001037
1400000040
1700000195
1400000041
1400000042
1400001134
1400000046
1400000050
1400001011
1400000985
1400001162
1400000053
1400000054
1400001089
1400000057
1400001022
1400000058
1400001068
1400000059
1400000060
1400001107
1400000061
1400001077
1400000062
1400000063
1400000984
1400000068
1400000069
1400000070
1400000071
1400000072
1400001071
1400001103
1400000999
1400000075
1400000076
1400000077
1400001062
1700000398
1400000078
1400001063
1400000083
1400000084
1400000086
1400000087
1400001124
1400000089
1400000090
1400000091
1400000930
1400000092
1400000093
1400000094
1400000095
1400000096
1400001138
1400000098
1400000099
1400001144
1600000220
1400000100
1700005566
1400001113
1400000103
1400000104
1400000112
1400000113
1400000115
1400000116
2400000065
1400000117
1400000934
1400000120
1400000935
1400001094
1400000955
1700005143
1400000926
1400000123
1400000124
1400000126
0400000390
1700000627
1400000127
1400000128
1400000129
1400000130
1400000959
1400000131
1400000132
1100000641
1400000134
1400001139
1400000139
1400000141
1400000142
1400000144
1400000147
1400001050
1400000154
1400000155
1400000157
1400000158
1400000161
1400000162
1400000166
1400000170
1400000173
1400000175
1400000178
1400000915
1400000179
1400000181
2300002249
1400001038
1400000188
1400001100
1400000198
1400000200
1400000967
1400000964
1400000204
1400000205
1400001115
1400000208
1400000209
1400000193
1400001029
1400000210
1400000211
1700004645
1400000212
1400000213
1400000214
1400000215
1400000216
1400000217
1400001020
1400000219
1400000220
1400000218
1400000221
1700005671
2200000105
1400000222
1400000223
0400003559
1600000419
1400000225
1400001128
1400001016
1400000226
1400000227
1400000228
1400000229
1400000961
0500001509
1400000230
1400000231
1700004601
1400001017
1400001101
1400000232
1400000233
1700006082
1400000234
2300017572
1400001129
1400001093
1400001126
1000000387
1400000238
1400000241
1400000243
1400000245
1400000244
1400000246
1400000249
1400000250
1400000251
1400000252
2300002913
1400000256
1400000977
1400000262
1400000263
1400000264
1400000265
1400000920
1400000266
1400001061
1400000938
1400000267
1400000271
1400000272
2300003080
1400001060
1400000274
1400000275
1700005568
1400000277
1400000279
2300011054
1400000280
1400000281
1400000282
1400000283
1400000284
1400000285
0900000211
1400000286
1400000288
1400000290
1400000291
1400001009
0400003889
1400000293
1400000296
1400001087
1400000298
1400000299
1400001099
1400000300
1400000303
1400000304
1400001160
1400000305
1400000982
1400000307
1400000308
1400000301
1400000310
1400000311
1400000313
1400000302
1400000315
1400001080
1400000316
1400000317
1400000318
1400001024
1400000321
1400001090
2300014612
1400000962
1400000322
1400000323
1400000326
1400000327
1400001112
1400000328
1400000331
1400001122
1400001021
1400000332
1400000334
1400000335
1400000336
1400000337
2300003872
1400001051
1400000340
1400000341
1400000343
1400000344
1400000345
1400000346
1400000347
1400000932
1400001013
1400000349
1400000350
1400000919
1400000353
1400001025
1400000355
1400001052
1400000358
1400001105
1400001069
1400000359
1400000362
1400000363
1400000364
1400000366
1400000367
1400000369
1400000370
1400000372
1400000374
1700001616
1400000383
1400001012
1400000384
1400000385
1400000386
1400000991
1400000387
1400000388
1400000389
1400000390
1400001125
1400001165
2700000395
1400000392
1400000393
1400000394
1400000397
1400000398
1400000399
1400000401
1400000402
1400000403
1400000404
1400000405
1400000406
1400000407
1400000408
1400001015
1400000412
1400001155
1400000414
1400000415
1400000957
0300001354
1400000417
1400000418
1400001008
2300010355
1400001088
1400001104
1400000419
1400000420
1400000422
1400000424
1400000426
1400000427
1400000429
1400000430
1400000431
1400001119
1400000432
1400000433
1400001140
1400000434
1400000435
1400000437
1400000441
1400000442
1400001118
1400000443
1400000444
2300004872
1400000446
1400000448
1400000449
1700001891
2600000183
1400000452
1400000455
1400000456
1700005125
1400001147
1400001083
1400000457
1400000458
1400000460
1400000461
1400000462
2700000468
1400000908
1700001945
1400000463
1100000300
2300005096
1400000467
1400000468
1400000928
1400000470
1400000472
1400000473
1400000474
1400001042
1400001067
1400000923
1400000949
2500000777
1400000475
1400001152
1700004041
1400001095
1400000476
1400000478
1400000924
1400000480
1400000481
1400000482
1400000484
1700002044
1400000485
1400000487
1400000486
1400001075
1400000489
1400000491
1400000494
1400000495
1400000497
1400000498
1400000499
1400000501
1400000502
1400000503
1400000505
1400000506
1400000507
1400001159
1400001150
1400000509
1400000510
1400000512
1400000513
1400000514
1400000515
1400000516
1400000518
1400000519
1400000520
0800000290
1400000521
1400000522
1400000560
1400000523
1400000524
1400000525
1400000527
1400000528
1400000529
0800000301
1400000559
2300013020
1400000530
1400000531
1400000532
1400000534
1400000536
1400000535
1400000539
1400000540
1400000541
1400001135
1400000983
1400000542
1400000543
1400000544
1400000546
1400000548
1400001076
1400000549
1400000550
1400001079
1400000958
1400000948
1400000555
1400000556
1400000558
1400001137
1400000561
1400000526
1400001143
1200000708
1400001078
0400004725
1400000562
1400000563
1400000564
1400001028
1400000569
1400000570
1400001049
1400000987
1400000571
1400000573
1400001097
1400000574
1400000575
1400000576
1400000577
1400001019
1400000578
1400000579
1400000582
1400000583
1400000584
1400001014
1400000585
2100000731
1400001034
1400000947
1400001047
1400000588
1400001163
2300012813
1400000590
1400000591
1400000980
1400001141
1400000969
1400000979
1400000594
1400000595
1400000596
1400000597
1400000598
1400000599
1400000600
1400001057
1700006098
1700006735
1400000602
1400000606
1400000607
1400000608
1400000609
1400000610
1400000611
1400000612
1400000613
1700002611
1400001127
1400001082
1400000909
1400001148
0300001680
1400000621
1400000623
1400000625
1400000626
1400000627
1400000628
1400000629
1400000631
1700005132
1400000632
1400001039
1400000633
1400000634
1400000635
1400000636
1700002714
1400001117
1400001142
1400001053
1400000637
1400000941
1400000641
1400000965
1400000642
1000000218
1400000643
1400000645
1400001018
1400001085
1400001084
1400000647
1400000651
1400000652
2300007438
1400000654
1400000655
1400000656
1400001136
1400001154
1400000661
1400000662
2700000670
1400000665
1700005577
1400000666
1400001156
1400000668
1400000670
1400000671
1400000672
1400001055
1400000673
1400000677
1400000678
1400000679
1400000680
1400000681
1400000682
1400000683
1400000684
1400000685
1400000686
1400000657
1400000687
1400001086
1400000690
1400000692
1400000693
1400000694
1400000695
1700004553
1400000696
1400000697
1400000698
1400001109
1400000699
1400001157
1400001123
1400000702
1400000703
0300001906
1400001133
1400000074
1700003025
1400000706
1400000707
1400000708
1400000709
1400000710
1700006217
1400000713
1400000714
1400001146
1400000717
1400000718
1400000720
1400000721
1400000722
1400000953
2300008285
1400000724
1400000725
1400000726
0200001055
1400000727
1400000728
1400000729
1400000731
1400000735
1400000736
1400000737
1400000738
1400000739
1400000740
1400000741
1400000742
1400000998
1400000744
1400000747
1400001102
1400001002
1400000750
0300001683
1400000753
1400000755
1400000756
1400000760
1400000763
1400000764
1400000767
1400001120
2300014333
1400000773
2500001640
1400001073
1400001058
1400000775
1400000776
1400000910
1400000781
1400001153
1400000783
1400001041
1700003381
1400000785
1400001043
1400000786
1400000788
1400000992
1400001065
1400000789
1400000791
1400000793
1400000794
0700000818
2300009052
1400000796
1400000797
1400000799
1400000801
2300009097
1400000805
1400000806
1400000807
1400000808
1400000811
1400000814
1400000816
1400000817
1400000818
1400000819
1400000931
1400000821
1400000822
1400000823
1400000994
1400000824
1400000825
1400000826
1400001121
1400000831
1400001072
1400000833
1400001033
1400000834
0400004543
1400000839
1400000841
1400000844
1400000845
1400000847
1400001035
1400000848
1400000850
1400001045
1400000853
1400000852
1400000854
1400001166
1400001131
1400000857
1400000858
1400000859
1400001149
1400000860
1400001145
1400000861
1400000862
1400000863
1400000865
1400000866
1400000867
2300011364
1400000869
1400001116
1400000871
1400000872
1400000873
1400000981
1400000874
1400000876
1400000875
1400000878
1400001004
1400000879
1400001054
1400000880
1400000881
1400000882
1400000883
1400001164
1400000886
1400000890
1400000892
1400001059
1400000976
1400000893
1700005995
1400000896
1400000897
1400001092
1500000532
1600003054
1500000004
1500000005
2300013789
1500000008
1500000009
1500000569
1500000012
1500000011
2300000189
1500000013
1600003094
1500000579
1500000014
1500000016
1500000017
1500000018
1500000019
1500000020
1500000022
1500000023
1500000024
1500000025
1500000572
1500000027
1500000029
1500000030
1500000558
1500000545
1500000032
1500000033
1500000034
1500000035
1500000036
1500000037
1500000038
1500000563
1500000567
1500000042
1500000043
1500000045
1600003090
1500000046
1500000047
2300010613
2300000819
1500000049
1500000051
1500000052
1500000053
2300011253
1500000054
1500000060
2300001142
1500000061
1500000063
1500000065
1500000066
1500000070
1500000067
1500000068
1500000069
1500000071
1500000072
1500000074
2300010303
1500000077
1500000079
1500000080
1500000081
1500000082
1500000089
1500000090
1500000091
1500000092
1500000095
1500000097
1500000099
1500000100
1500000560
1500000491
1500000101
1500000105
1500000106
1500000108
2300001925
1500000111
1500000112
1500000113
1500000114
1500000115
1500000117
1500000118
1500000119
1500000123
1500000126
1500000131
1500000136
1500000138
1500000139
1500000564
1500000562
1500000141
1500000142
1500000143
1500000146
1500000147
1500000150
1500000151
1500000152
2300016468
1500000536
1500000509
1500000155
1500000156
1500000157
1500000534
0400004660
1500000163
1500000165
1500000166
1500000167
1500000169
1500000171
1500000172
1500000566
1500000177
1500000178
1500000568
1500000181
1500000184
1500000185
1500000186
1500000188
1500000189
1500000190
1700004483
1500000191
1500000193
1500000194
1500000573
1500000197
1500000199
1500000575
2300013357
1500000556
1500000200
1500000201
1500000203
2300014946
1500000204
1500000206
1500000212
1500000505
1500000214
1500000215
2300004441
1500000218
2500002206
1500000219
1500000220
1500000221
1500000222
1500000225
1500000549
1500000229
1500000230
1500000233
1500000235
2300004822
1500000239
1500000240
1500000241
1500000242
1500000243
1500000244
1500000247
1500000249
1500000250
1500000253
1500000254
1500000255
1500000256
1500000561
2300005233
1500000259
1500000261
1500000264
1500000268
1500000510
1500000274
1500000276
1500000279
1500000280
1500000577
1500000281
1500000282
1500000553
1500000571
1500000285
1500000286
1500000288
1500000290
1500000292
1500000293
1700004116
1500000298
1500000299
1500000302
1500000303
1500000305
1500000306
1500000307
1500000518
1500000311
1500000313
1500000314
2300006538
1500000317
1500000318
1500000559
1500000544
1500000323
1500000324
1500000554
1100000404
1500000328
1500000329
1600003091
1500000332
1500000333
2300013115
1500000334
1500000336
1500000339
1500000341
1500000343
1500000347
0200000647
1500000350
1500000351
1500000352
1500000355
1500000357
1500000359
1500000361
1500000362
1500000363
1500000367
1500000368
2000000515
1600003099
1500000375
1500000376
1500000530
1500000378
1500000380
1500000381
1500000382
1500000383
1500000384
1500000385
1500000388
1500000389
1500000391
1500000392
1500000393
1600003037
1600003100
1500000396
1500000398
1500000402
1500000403
2800000516
2300008604
1500000407
1100000664
1500000511
1500000409
1500000413
1500000415
0600000396
1500000418
1500000419
1000000287
1500000428
1500000430
1500000435
1500000540
2300009089
1500000439
1500000440
1500000443
1500000576
1500000452
1500000455
1500000501
1500000460
1500000462
1500000465
1500000466
1500000469
1500000470
1500000471
1500000473
2300016655
1500000474
1500000475
1600003101
1600003196
1600000002
1600003047
1600003058
1600000004
1600000005
1600000006
1300000619
1600002648
1600000007
1600002441
1600002132
1600002850
1600003201
1600002007
1600002369
1600000010
0700000862
1600000011
0700000825
1600000013
1600002755
1700000022
1600000015
1600002139
1200000683
1600003193
1600002458
0400003891
1600002634
1600003046
1600003012
1600002790
1600002791
1600002771
1600002702
1600002235
1600000017
1600000018
1600000019
1600000020
1600000021
2000000456
1600002786
1600002466
2300013197
0700000966
1200000003
1600002660
1600002725
1300000623
1600002858
1600002808
1600002860
1600002628
1600002083
1600003093
1600001962
1600002304
1600000032
1600003146
1600002887
1600000033
1600003198
1600002024
1600003052
1600003191
1600003125
1600002313
1600002693
1600002760
1600002852
1600000034
1600002426
1600002903
1600001775
1600000036
1600000037
1600003003
1600002867
1600003115
1600000042
1600000043
1600000044
1600000046
1600000047
0500000961
1600000050
1600000051
1600000052
1200000009
1600000054
1600000055
1600002203
1600000057
1600000059
1600000061
1600000063
1600000064
1600000065
1600000066
1500000021
1600002042
1600000067
1600000069
1600000071
1600000072
0700000030
1600000073
1600002317
1600000075
1600000076
1600000077
1600000078
1600000079
1600000080
1600000082
1600002658
1600000083
1600000084
1600001678
1600001828
1600002539
1600003078
1600000087
1600000089
1600000090
1600000091
1600000093
1600002637
0500000022
1600003004
1600002190
0700000804
1600000096
1300000599
1600002807
1600002560
1600003026
1600000098
1600000099
1600000100
1600000101
1600003215
1600001922
1600002151
1600002977
1600001836
1600003017
1600000104
2300000690
1600002617
1600001971
1600000107
2300000702
1600000109
1600000110
1600000114
1600002669
1600003205
1600001924
1600000117
2800000807
1600000118
1600002438
1600003140
1600002907
1600002896
1600002871
1600001670
1600002540
1900000048
0600000477
1600002789
1600000122
1600000124
1600000125
1600000128
1600002734
0300001842
2100000862
1600000131
1600001919
1600000134
1600003023
1600002453
2300017245
1600002780
0700000061
1600001662
1600000138
1600000139
1600000141
1600000142
0300001698
1600002152
1600002164
1200000035
1900000066
1600002873
1600002065
1600000150
1900000969
1600000152
1600000153
2300014667
1600002699
1600000154
1600003030
1600001651
1600002886
1600000155
1600001850
1600000156
1600001660
1600002549
1600000157
1600000158
1600000159
1200000043
1600002722
1600002703
1600003008
1600000163
1600000164
1600000165
1600000168
0700000081
1600000170
1600003119
1600000174
1600000176
1600000179
1600000180
1600000183
1600000184
1600000185
1600002785
1600000186
1600000187
1600003229
1600001759
1600000191
1600000193
1600002464
1600000195
1600000196
1600000197
1600000198
1600002184
1600000199
1600000200
1600003189
1600000201
1600000202
1600000203
1600000204
1600003171
1600000206
1600000207
1600002728
1600000209
1600000210
1600000211
1600000212
1600000213
1600000214
1600000216
1200000660
1600000218
1600000222
1200000057
1600000224
1600000225
1600002196
1600002974
1600000226
1600003226
1600000227
1600002804
1600001849
1600002653
1600000230
1600002432
1600002707
1600002233
1600002925
1600000233
1600002738
1600002619
1600003174
1600003126
1600003132
1600002311
1600002891
1600002919
1600000237
1600002582
1600000238
1600000240
1600001771
1600000241
1600000242
2300014435
2300013850
1600002171
2300013817
1600000246
1600000247
1600002550
1600002558
1600000250
1600000254
1600000255
1600002769
1600002014
1600000257
1600000258
1600000259
1600000261
1600000262
1600000263
1600000264
1600001874
2300001578
1600002563
1600000268
1600000269
1600000270
1600002621
1600002263
1600002720
1600002900
1600002138
1600002351
1600002127
1600002889
1600000271
1600001886
1600003027
1600002526
1600000273
1600000276
1600003176
1600000277
1600000278
1600000282
1600000283
1600000285
1600000286
1600000287
1600001916
1600002650
1600000289
1600000290
1600000291
1600000292
1600003190
1600002914
2300016904
1600001820
1600000296
1600003145
1600002737
1600003152
1600000297
1600000298
2300015627
1600002799
1600003116
1600002776
1600002344
1600003139
1600002643
1600001677
1600003194
1600002620
1600001949
1600002564
1600002930
1600002023
1600000300
1600000301
1600000303
1600000307
1600000308
1600000309
0400000478
1600002783
1600000314
1600002758
1600000315
1600000317
1600000319
1600000321
1600000323
1600000326
1500000110
1600000328
1600000329
1600002054
1600000334
1600003164
2800000811
1600000335
1600000336
2300011458
0500001023
1600000341
1600002449
2300015790
0500000083
1600002793
2300016187
1600001672
1600002681
1600002719
1600003036
1600003195
1600002368
1600000343
1200000101
1600003186
0300001477
1600002877
1600003224
1600000344
1600000345
1600000347
1600000348
1200000642
1600000349
1600000350
1600000351
1600000353
1600000355
1600000356
1600001661
1600000357
1600000358
1600000359
1600000361
1600000363
1600000362
1600000364
1600000365
2300016669
1600000367
1600000370
1600002538
1600000373
1200000112
1600000374
1600000376
0400005244
1600000381
1600000382
1600002818
1600002379
1700005554
1600000383
1600000384
1600003024
1600002444
1600002376
1600002814
1600000387
1600000388
2300014380
1600000390
1600001908
2300013651
1600000393
1600000394
1600002457
1600000395
1600000396
1600000397
1600000398
2900000579
1600002428
1600000402
1600002229
1600002880
1600002245
1600002647
1600002290
1600002727
1600002772
1600002143
1600000405
1600002324
1600000406
1600000407
1600003138
1600000408
1600001958
1600002794
1600000410
1600003077
1600000411
0700000199
1600000412
1600002349
2800000784
1900001010
1600003225
1600000415
1600003044
1200000129
1600001929
1600001723
1600000417
1600000418
1600002546
1600000420
1600002775
1600000421
1600000423
1600000424
1600000425
1600000426
1600000428
1600002773
1600000430
1600000432
1700005338
1600000434
1600000435
1200000137
1600000436
2000000359
1600000439
1600000440
1600000441
1600001776
1600002918
1600002704
1600003104
1600000444
1600002684
1600002352
1600002443
1600002596
1600003033
1600003133
1600002724
1600002357
1600002735
1600001676
1200000141
1600000446
1600001767
1600000447
1600002256
1600003230
1600000449
1200000704
1300000568
1600001821
2300016226
1600001905
1600000451
1600002338
1200000144
1600000453
1600002864
1600002039
1600000455
1600002845
1600002739
2300016575
1600002450
1600000457
1600000459
1600003045
1600000461
2300002745
1600000463
1600000464
1600000466
1600002997
1600000467
1600001842
1600000468
1600000469
1600002929
1600000470
1600001659
1600000471
1700006298
1600000473
1600003029
1600000475
1600002146
1600002142
1600000477
0400005620
1600000479
1600000480
1600000483
0700000826
2300015918
2300013460
0400004120
1600002383
1600000486
1200000699
1600000488
1600002857
1600000489
2300017060
1600000490
1600000491
1600000492
1600002557
1600000496
1300000565
1600003137
0700000956
1600003006
0500001551
1600000500
1600000501
1600000504
0800000143
1600000508
1600002144
1600000509
1600003124
1600000511
1600000512
1600000513
1600002082
1600001800
1600000515
1600001827
1600002199
1600002765
1600002163
1600000517
1600002055
1600002061
1600003060
1600002627
1600002926
1600000525
1600001981
1600002048
1600000528
1600000530
1600002854
1600000539
1600001839
1600002366
1600000541
1600003050
1600003185
0300001673
0500001600
1600002576
1600002706
1600000544
1600000545
1600000546
1600000547
1600000548
1600000550
1600000552
1600000554
1600000555
1600000557
2300014438
1600000558
1600002440
1600002774
1600000562
1600000563
1600003147
1600003001
1600000564
1600001890
1600001791
1600002370
1600000565
1600002346
1600002883
1600002158
1600002195
1600002312
1600000567
2300003595
1600003173
1600000568
1600000569
1600000570
1600000573
1600002553
1600000574
1600002840
1600000575
1600000576
1600000577
1600000579
1600001843
1600000580
1200000183
1600000581
1600001736
1600001641
1600000586
1600000587
1600000588
1600000590
1600000591
2900000566
1600002284
1600000593
1600000594
1600000595
1600000597
1600000602
1600003227
1600002750
1600003228
1600003167
1600002570
1600001934
1600000603
1600000605
1600000606
1600000607
1600001644
1600000609
1600001917
1600002645
2300016225
2500002011
1600002141
1600002885
1600002339
2500002496
1600003141
1600003223
1600000612
1600000613
1600000614
1600000615
1100000233
1600000619
1600003153
1600002149
1600000621
1600001816
1600002105
1600000622
1600003135
0600000486
1200000644
2300015190
1600002314
1600002625
1600002309
0600000542
1600002711
1600000624
1600003020
1600000625
1600003129
1600000626
1600000628
1600000629
1600000631
1600000632
1600003118
1600003127
1600002161
1600002626
1600000633
1600002232
1600002759
1200000196
1600000634
1600001790
1600002434
1600000636
1600000637
1600000639
0700000308
1600000641
1600000642
1600002695
1600002454
1600002559
0800000195
1600002721
1600001872
1600002691
1200000202
1600000646
1600000650
1600000651
1600000652
1600002097
2300014152
1600001942
1600002208
1600000660
1600001668
1600002851
1600000662
1600002452
1600000663
1600002446
1600000664
0600000539
1600002117
1200000213
1600002762
1600003220
1600002264
1600003143
1600000669
1600000671
1600000673
1600000674
1600002246
1600000676
1600001909
1600000677
1600003043
1600000678
1600000679
1600000680
1600002630
1600002093
0800000635
2000000103
1600002451
1600002056
1600003055
1600002788
1600001669
1600000684
1600000686
1600000687
0500001619
1600000688
1200000222
1600000689
1600002160
1600002847
1600002761
1600002797
1600002894
1600000692
2300013535
1600000693
1200000229
1600003156
1600000697
1600002879
1600002437
1600002116
1600003014
2300016238
0200000988
1600000700
1600000701
1600000703
1600002359
1600002870
1600002888
1600002882
1600002462
1600002289
1600000710
1600000711
1600001671
1600000712
1600000713
1600000714
1600002101
1600000716
1600000717
1600000718
1600000720
1600001991
1600000724
1600000727
1600002109
1600002459
1600000728
1600002805
1600002095
1600002291
1600002578
0700000917
1600002194
1600002784
1600002787
1600002781
1600002340
1600002646
1600002373
1600002622
1900001210
2300014694
1600000733
1600002779
1600000737
1600000738
1600000739
1600000740
1600000741
1600002166
1600000743
1600000745
1600002813
1600002283
1600000748
1600000749
1600003148
1600000750
0500000202
1600000751
1600002701
1600002976
1600000754
1600000756
1600000757
1600002281
1600000758
1600002688
1600000759
1600000760
1600002912
1600002649
1600002657
1200000252
1600003038
1600003103
1600002884
1600000761
1600000762
1600001861
1600000763
1600002911
1600000764
1600000765
1600000766
1600001824
1600003028
1600000768
1600001912
1600000769
1600000770
1600002439
1600000771
1600003150
1600000774
1600000775
1600000776
1600000777
1600000778
2300004879
1600002644
1600000780
1600003219
0400003608
1600000782
1600002104
1600000783
1600000787
1600002939
1600002108
1600000788
1600002015
1600003172
1600001809
1600000791
1600002251
1600000792
1600000793
2600000184
1600002224
1600000794
1600000797
1600000798
1600002933
1600002299
1600000800
1600000801
1600000803
1600000804
1600000807
1200000275
1600000810
1600000812
1600000813
1600000814
1600000816
1600000817
1600000818
1600002045
1600000820
1600000822
1600003188
1600000823
1600002099
1200000646
1600002193
1600002239
1600003218
1600002802
1600002995
1600002384
1600003123
1600000828
0700000963
1600002874
1200000285
0800000257
1600000831
1600000835
1600000836
1600001730
1600000839
1600000838
1200000671
1600000848
0500001552
1600002469
1600000844
1600003062
1600000846
1600000847
1600002613
1600002455
1600000851
1600000852
1600000855
1600000856
1600000857
1600003178
1600000858
1600003180
1600000862
1600000863
1600001876
1600002661
1600000864
1600000866
1600000867
2100000385
1600002250
1600002114
1600000865
1600003187
1600002915
1900000411
1600002916
1600002920
1200000293
1600000872
1600001889
1200000295
1600000875
2300005623
1600000878
1600002066
1600002556
1600002230
1600000881
1600000882
1600000883
1600000884
1600000886
1600002430
1600000891
1600000892
1600001987
0400001474
1600000896
1600000898
1600002060
1600002631
0200001069
1600001710
1600000902
1600002561
1600002274
1600002635
1600000903
1600000906
1600001881
1600001846
1600000907
1600000909
1600000910
1600000912
1600000914
1600000917
1600000918
1600000919
1600000922
1600000924
1600000927
1600000928
1600000931
1600000933
1600000935
1600000936
1600000939
1600000941
1600002249
1600002011
1600000944
1600002892
1600002890
1600000945
1600000947
1600003160
1600002294
1600003016
1600001826
1600003151
1600002318
2300006015
1600000951
0600000278
1600000953
1600000956
1600000957
1600000958
2300012023
1600000959
1600000960
1600002427
1600000961
0300001895
0400005420
1600003117
1600000967
1600000968
0600000483
2300006250
1600000970
1600000971
1600000972
1600003181
1900001019
1600003039
1200000674
1600002716
0400004010
1600002145
1600002927
1600002008
1600002429
1600002365
1600000973
2300015612
1600002355
1600002998
1600002700
1600000976
1600000979
1600000980
1600000981
1600000982
1600000983
1600000984
1600002122
1600002130
1600002006
1600000985
2300006314
1600001729
1600000987
1600001673
1600000988
1600000989
1600002726
1600000990
1600002694
1600000992
1600002134
1600003083
2800000808
0700000476
1600002292
1600000997
1600000998
0400004741
1600000999
1600003015
1600001001
1600002191
1600001002
1600001945
1600001004
1600001005
1300000357
1600001003
1600003197
1600001006
1600001007
1600003130
1600001012
1600001015
1600001631
1600002983
1600001017
1600003200
1600002552
1600002548
2300015713
1600003199
1600001728
1600002345
1200000722
0500000276
1600002467
1600001021
1600002103
1600002990
0500001256
1600002811
1600003025
1600003112
1600002087
1600003007
1600002868
1600002436
1600003165
1600001032
2300006610
1600001035
1600001037
1600001039
2300013367
1600002878
2300012567
1600002460
1600001042
1600001043
1600001044
1600003206
1600002970
1600002844
1600002746
0300001726
1600003057
1600002092
1600001049
1600002388
1600003021
1600001051
1600002248
1600002913
1600001054
1600002201
1600001815
1600001055
1600001895
1600002697
1600002566
1600001058
1600001059
1600002126
1600002228
1600002542
0700000982
1600001658
1600001687
1600001062
1600001063
2600000238
1600002817
1200000657
1600001064
1600001066
1600001068
1600001069
1600001070
1600002777
1600001073
1600003136
0700000505
1600001075
1600002445
1200000386
1600003034
1600001079
1600002253
1600001081
1600002881
1600001083
1600001084
1600001085
1600003018
1600003208
1600001088
2300015915
1600002165
1600001089
0500001503
2300006979
0400003598
1600002293
1600001092
1600001093
1200000398
0700000520
1600002407
1600003120
1600001096
1600002260
1600002763
0500001273
1600001098
1600001100
1600002875
1600001101
1600002709
1600001102
1600002632
1600001913
1600002633
1600001105
1600001650
1600001951
1600001107
1600001108
1600001109
1600001674
1600001111
1600002077
1600001112
1600002767
1600002895
1600002652
1600002803
1600001119
1600001124
1600003177
1600003122
1600001127
1600001128
1600001131
1600001132
1600001134
1600001135
1600001136
1600001920
1600002136
1600001137
1600002234
1600003207
0700000974
1600001141
0700000931
1600001142
0700000557
1600001143
1600001144
1600001146
1600001149
1600003051
1600001151
1600001152
1600001153
1600001155
1600002192
1600002571
1600002636
1600001156
1600002849
1600003183
1600002154
1600001160
1600001164
1600001165
1600001166
1600001167
1600001170
1600001171
1600001172
1600002286
1600001175
1600003105
1600001177
1600001182
0700000810
0700000574
1600001941
1600001185
1600001186
1600001187
1600001647
1600001192
1600001193
1600002708
1600001194
1600002806
1600001642
1700004085
1600001745
1600001202
1600001203
1600001204
2300015082
1600002287
1600003013
1600001211
1600001216
1600001218
1600001220
1600001221
1600001222
1600001224
1600001225
1600001226
1600001228
1600001229
1600001230
1600001231
1600001232
1600002348
1600002073
1600002629
1600002812
1600002616
1600002016
1600002148
1600001857
1200000467
1600002049
1600002651
1600001234
1600001235
1700002941
1600001653
1600002468
1600001237
1600001239
1600001240
1600001241
1600001244
1600002639
1600003000
0400004268
1600003142
1600002257
1600002302
1600002753
1600002337
1600002236
1600002981
1600001249
1600001251
1600002363
1600002736
1600002094
1600002696
1600002186
1600001256
1600001258
1600002924
1600002611
1600001260
1600001935
1600003121
1600003162
1600002353
1600001265
1600003149
0500001460
0500001502
1600002343
1300000443
1600002615
1600002064
1600003168
0400005249
1600003089
1200000694
1600001267
1600002331
1600003106
1600001269
1600001273
0800000605
1600001275
1600001277
1600001278
2600000426
2300012628
0400004760
1600001282
2300014038
1600001283
1600001284
1600002308
1600002690
1600001286
1600001288
1600001289
2300008172
1600001290
1600002618
1600001291
1600001293
1600001295
1600001297
1600001299
1600001300
1600001303
0500001353
1600001308
1600001311
1600003158
2300013513
1600001312
1600003056
1600003192
1600002019
1600002358
1600002182
1600002301
1600001316
1600001318
1600001320
1600001319
1600001322
1200000502
1600001326
1600002025
1600001666
1600001327
1600002069
1600001332
1600001333
1600001334
1600001335
1600001773
1600001336
1600001871
1600001338
1600001339
1600002782
1600001342
1600001343
0500000389
1600002052
1600001345
1600003155
1600002770
1600001347
1600001348
1600002341
0500001547
1600001741
1600002908
1600001350
1600001351
1600002295
1600003009
1600001352
1600001353
1600002555
2300016048
1600003210
1900000857
1600001356
1600001357
1600001358
1600001359
1600001360
1600001361
1600001362
1600002310
1600001364
0400004539
1600002754
1600001366
2300012876
1600002374
1600002654
1600002898
1600002923
1600002756
1600002477
1600001374
1600001931
1600002197
1600001376
1600002865
1600002113
1600001778
1600002988
1600001378
1600001377
1600001380
1600001383
1600003085
1600001385
1600001386
1600001387
1600001388
1600001389
1600002671
1600003005
1600001391
1600002237
1600002068
0500001380
1600002967
0500001382
0500001383
1600001395
1600002059
1600001396
2300012394
2300015058
1600002572
1600001398
1600001399
1600001400
0500001387
1600001401
1600001972
2300008876
1200000543
1600002389
1600001404
1600001822
1600001786
1600001408
1600002692
1600001410
1600001411
1600002053
2400000715
1600001405
1600001413
1600002342
1600001414
1200000553
1600002663
1600003041
1600001415
1600003157
1600001417
1600001418
1600001419
1600002863
1600001420
1600001422
0400004403
1600003170
1600001427
1600002766
1600001431
1600001432
1600001848
1600002332
1900000709
1600002966
0500001461
1600003216
1600001434
1600001435
1600003203
1600003209
1600002367
1600001438
1600001439
1600002433
1600001440
1600001441
1600002662
1200000573
1600001443
1600003217
1600002745
1600001967
1600002173
0700000717
1600002565
1600001985
1600001449
1600001450
1600001453
1600001455
1600001458
1600001460
2300010669
1600001464
1600001465
1600001466
1900000888
1600002876
1600002687
1600003049
1900001127
1600002715
1600001853
1600002642
1600002371
1600002778
1600002242
1600001471
1600002041
1600002612
0300001699
1600001472
1600002641
1600002893
1600001473
1600001630
1600001474
1600002568
1600001894
1200000584
1600001477
1600001478
1600002710
1600001481
0800000506
1600003032
1600001487
1600001488
0800000509
1600001491
1600002932
1600001493
1600002917
1300000512
1600001494
1600002240
1600001496
1600001497
1600002723
0200001115
1200000732
1600001498
1600001499
1600002472
1600003128
1600002943
1600001502
1600003076
1600002279
1600001504
1600001506
1600001507
1600002569
1600001511
1600001509
1600002855
1600003114
1700004800
1600001513
1600001514
1600001516
1200000598
1600001517
1600001519
1600002729
1600001522
1600001524
1600001525
1600002866
1600001532
1600002206
1600001534
1900000996
1600001536
1600003166
1600001541
1600003031
0700000945
1600001547
1600001549
1600001550
1600001551
1600001552
1600001556
1600001557
1600001558
1600001559
1600001560
0800000549
1600003011
1600001561
1600001562
1600001774
1600001563
1600001565
1600002798
1600002810
0800000550
1600003221
1600002480
1600002764
1600003010
1600001564
1600001570
1600002733
1200000616
1600001568
1600002200
1600003163
1600002899
1200000623
1600002096
1600002474
1600001571
1600001572
1600002996
1600002544
1600001575
0800000554
1600001578
1600001581
1600001582
1600002243
1600001584
1600001585
1600002315
1600001586
1600003212
1600002906
1600002273
1600001587
1600001589
1600003213
1600002305
1600001592
1600001593
1600001594
1600002922
1600002306
1600002110
1600001702
1600002931
1600001595
2000000493
1600001667
1600001588
1600001596
1600001597
0800000561
1600001598
1600001599
1600001600
1600001601
0700000790
1600002220
1600003204
1600001605
1600003202
1600001606
2300016855
1600001608
1600002307
0300001767
1600001663
1600002831
1700006617
1700000004
1700006177
1700005300
1700006629
1700006197
1700000007
1700000008
1700006414
1700006434
1700005115
1700005079
1700000009
1700005636
1700000010
1700006135
1700006634
1700006608
1700005999
0300001425
1700004900
1700006731
1700006636
1700005367
1700005279
1700006253
1700005234
1000000479
1700006058
1700006720
1700006740
1700000013
1700000015
1700000016
1700000017
1700000020
1700000021
1700000023
1700000024
1700000025
1700000028
1700006423
1700004873
1700004834
1700004411
1700000029
1700005948
1700005329
1700004853
1700006364
1700004655
1700006129
1700006269
1700005755
1700005730
1700005041
0300001564
1700005406
1700005709
1700005913
1700005192
1700005152
1700004981
1700005005
1700006008
1700000033
1700005400
1700000036
1700004547
1700003849
1700000037
1700005498
1700005891
1700000043
1700000038
1700000040
1700006646
1700006380
1700005490
1700006581
1700005497
1700005440
1700000044
2200000490
1700000046
1700005129
1700006141
1700005251
1700004831
1700000048
1700000049
1700006278
1700000050
1100000014
0300001550
1700005116
1700000054
1700004978
1700005683
1700000055
1700000058
1700003889
1400000997
1700005514
1700006346
1700000059
1700005142
1700000061
1700006072
1700006612
1700000063
1700005859
1700005686
1700003924
1700006036
1700006452
1700005756
1700006584
1700000065
1700006596
1700006122
1700006586
1700006254
1700004402
1700000068
1700005612
1700000071
1700004982
1700000072
2200000421
1700004064
1700000074
1700004943
1700000077
1700004952
1700000316
1700006726
1700000081
1700006547
1700006783
1700004679
2200000426
1700000086
1700000087
1700000094
1700000095
1700000097
1700005405
1700000098
1700005819
1700000099
1700005880
1700006628
1700004224
1700000101
1700000104
1700000105
1700000106
1700000107
1700000108
1700005602
1700006108
1700006767
1700006693
1700004134
1700000113
1700005188
1700005964
1700004627
1700006504
1700003991
1700005191
1700000117
1700000118
1700000119
1700000120
1700005165
1700004637
1700000121
1700006137
1700000123
1700000124
1700000127
1700000128
1700004450
1700004537
1700004902
1400000027
1700000134
1700006640
1700005131
1700006128
2200000016
1700006428
1700005477
1700006760
1700006692
1700000139
1700000140
1700005421
1700005261
1700004564
1400000989
1700000144
1700000145
1700004000
1700000146
2300011172
2900000538
1700004065
1700004387
1700000148
1700006456
1700006533
1700005546
1700000149
1700000150
1700000151
1700000152
1700004690
1700000153
1700000154
1700000155
2300015640
1400000035
1700000158
1700000159
1700000161
1700000162
2200000417
1700000163
1700006806
2700000026
1700005986
1700005070
1700000169
1700004733
1700004312
1700000173
1700005394
1700000174
1700006642
1700006505
1700004934
1700000177
1700005896
1700000178
1700005739
1700000179
1700000182
1700006610
1700000184
1700000185
1700000187
1700006514
1700005461
2300016068
1700006422
1700000191
1700000193
1700000194
0300001460
1700000197
1700000198
1700006744
1700000199
1700000202
1700000203
1700000204
1700000207
1700000208
1700006683
1700000210
1700000212
1700004778
1700000213
1700005232
1700000215
1700000217
1700005954
1700000218
1700000219
1700000223
1700005180
1700000224
1700000225
1700000226
1700004504
1700000228
2700000042
1700000229
1700006490
1700006097
1700000230
1700000231
1700006344
1700005169
1700000232
1700000233
1700003950
1700005270
1700006014
1700005831
1700005741
1700006152
1700006094
1700005122
1700006578
1700000237
1700006541
1700004935
1700000238
1700000239
1700006424
1700000241
1700004133
1700006171
1700006256
1700000242
1700000244
1700005111
1700000245
1700005107
0200000890
1700005842
1700000248
1700000250
1700000251
1700000252
1700005834
1700000254
1700004054
1700004432
1700005808
1700005513
1700000258
1700004770
1700000259
1700000260
1700006224
1700000261
1700000262
1700005704
1700005747
1700005666
1700000266
1700000270
1700000274
1700004888
1700006185
1700006266
1700006688
1700006285
1700005961
1700004499
1700004232
1700000279
1700000283
1700004220
1700000284
1700000285
1700000286
1700000287
1700000288
1700000290
1700005619
1700006140
1700000291
1700005736
1700000292
1700000293
1700006778
2200000037
1700003858
1700005945
1700000296
1700006528
1700004031
1700005076
1700004308
1700005611
1700003976
1700000297
1700004668
1700004721
1700000303
1700000304
1700006526
1700000305
1700000306
1700005712
1700006678
1700005123
1700000308
1700005419
1700000309
1700000311
1700000312
1700004348
1700005798
1700000314
1700006696
1700006600
1700004522
1700006019
1700006607
1700005205
1700005146
1700000317
1700006770
1700005576
1700004774
1700005876
1700006818
1700004157
1700004702
1700005573
1700005687
1700004226
1700006555
1700005471
1700000319
1700006105
1700006585
1700006630
1700006274
1700006007
2600000473
1700006507
1700005347
1700006626
1700005966
1700005874
1700006763
1700006308
2500001840
1700000321
1700000322
1700004525
1700004029
1700000323
1700000324
1700006412
1700000334
1700005578
1700000330
1700005606
1700006365
1700000333
1700004748
1700000336
1700005175
1700000339
1700000341
1700000342
1700000346
1700000349
1700000350
1700000354
1700000357
1700000358
1700000359
1700005144
1700000360
1700005404
1700005907
1700006535
1700004998
1700004870
1700006661
1700006378
1700000362
1700005659
1700006065
1700006143
1700000365
1700000369
1700000370
1700000371
1700005052
1700000376
1700000377
1700000378
1700000379
1700000380
1700005285
1700000385
1700000387
1700006561
1700000388
1700004515
1700004028
1700004594
1700004167
1700000391
1700006282
1700000394
1700006605
1700003974
2300012549
1700005805
1700000395
1700004137
1700005667
1700000400
1700000402
1700000403
1700006391
1700005085
2300001028
1700000406
1700005135
1700005676
1700005370
1700000410
1700005276
1700006327
2700001059
1700005597
1700006239
1700000416
1700000414
1700000417
1700005900
1700005168
1700005368
1700000420
1700000422
1700000424
1700000425
1700003925
1700004908
1700003907
1700006564
1700006594
1700000426
1700004942
1700006130
1700006652
1700005794
1700005814
1700000427
1700000428
1700004839
1700000430
1700000431
1700006439
1700000434
1400000917
1700005742
1700005030
2700000071
1700005209
1700000438
1700005006
1700000441
1700000442
1700006621
1700000443
1700000446
1400000088
1700000447
1700005968
1700004905
1700004681
1700000449
1700000450
1700000451
1700000452
1700000453
1700000454
1700000455
2300013332
1700006445
1900000082
1700000456
1000000034
1700000458
1700000460
1700005121
1700000463
1700000464
1700000466
1700006734
1700000467
1700000469
1700000471
1700000472
1700000473
1700000474
1700005387
1700006512
2500002277
1700005784
1700005955
1700006560
1700005916
1700006070
1700006400
1700006200
1700004071
1700006355
1700000479
1700006795
1700004148
1700000480
1700005861
1700000481
1700000482
1700006091
1700000483
1700006359
1700000484
1700005943
1700000486
1700003861
1700004145
1700000487
1700000489
1700004996
1700006226
1700005235
1700005764
1700000491
1700000495
1700004360
1400000101
1700005705
1700000500
1700003972
1700000503
1700000504
1700000506
1900000948
1700000508
1700003929
1700005167
1700000516
1700000517
1700004458
1700005443
1700006280
1700000519
1700006441
1700000522
1700005290
1700006193
1700006136
1700003956
1700005301
1700005802
1700003860
1700006247
1400001110
1700006601
1700000527
1700006348
1700004024
1700005156
1700006669
1700006786
1700000532
1900001172
1700005295
1700000536
1700004135
1700000539
1700000538
1700004676
1400000110
1700000541
2700000095
1700000542
1700000543
1700000544
1700000545
1700006446
1700005391
1700000546
1700004396
1700005567
2200000459
1700004938
0300001478
1700006680
1700005047
1700005435
1700004937
1700004657
1700004809
1700000558
1700000560
1700000561
1700000563
1700000564
1700004490
1700005653
1700000567
1700000571
1700000573
1700000574
1700006172
1700005499
1700000575
1700006765
1700000576
1700005622
1700005765
2300001545
1700000577
1700005860
1700000578
1700004425
1700000580
1700005903
1700000582
1700000583
1700006047
1700000593
1700000587
2300012581
1700004266
0800000596
1700006115
1700000589
1700000591
1700005163
1700000594
1700000595
1700004608
1700000597
2700000944
1700000599
1700000600
1700005314
1700000602
1700006020
1700005187
1700004466
1700000605
1700000611
1700000613
1700000665
1700000614
1700000615
1700000616
2500002042
1700000617
1700000618
1700005502
1700005407
1700000620
1700004351
1700004016
1700000622
1700000623
1700005528
1700000624
1700005957
1700000628
1700000629
1700000630
1700005207
0400003377
1000000528
1700000632
1700004648
1700000636
1700000637
1700005785
1700004922
2300014718
1700006443
1700000639
1700000640
1700006075
1700003920
1700000643
1700000644
1700003854
1700006052
1700004014
1700000648
1700000651
1700006681
1700000653
1700000654
1700004238
1700004726
1700000655
1700006317
1700005936
1700006033
1700000658
1700005293
1700006494
1700000659
1700006240
1700004947
1700000661
1700005635
1700000662
1700004416
1700000666
1700000667
1700000668
1700006631
1700004212
1700004037
1700004410
1700005252
1700006732
1700006076
2200000434
2200000081
1700006667
1700005090
1700005972
1700005614
1700005531
1700004293
1700006558
1700000675
1700005786
1700005708
1700006506
1700005099
1700004479
1700000676
1700006568
2500002286
1700006551
1700003998
1700005940
1700000677
1700006157
1700004058
1700000680
1700006819
1700000682
1700005383
1700000688
1700000690
1700006484
1700005371
1700005487
0800000631
1700004289
1400000143
1700000694
2300011699
1700000695
1700000696
1700004166
1700000697
1700000699
1700004766
1700005060
1700004129
1700000702
1700000704
1700000705
1700004694
1700000707
1700000709
1700005810
1700000711
1700000710
1700005049
2300002026
1700006215
1700000714
1700004957
1700004701
2100000099
1700000718
1400000150
1700000721
1700000722
1700000723
1700000724
1700000727
1700000728
1700000729
1700006206
1700006121
1700006267
1700005081
0400005617
1700005376
1700006381
1700000731
1700006575
1700005453
1700004048
1700000732
1700000733
1700000738
1400000156
1700000739
1700000740
1700000741
1700000742
1700000743
1700000744
2900000490
1700000746
2500000269
1700000747
1700005642
1700004550
1700000748
1400000159
1700004836
1700006261
1700000758
1700004392
1700000761
1700000762
1700006474
1700000764
1700000765
1700000767
1700000768
1700006166
1700003988
1700000770
1700005691
1700006339
2200000397
1700000773
1700000774
1700000897
1700000775
1700000777
1700000780
1700006816
1700004229
1700004120
1700000783
1700000784
1700000786
1700004959
1700006080
1700000788
1700000789
1700005500
1700006338
1700005043
1700006768
1700005253
1700006385
1700004330
1700003952
1700006337
1700005601
1700004580
1700006126
1700005155
1400000185
1700000799
1700000800
1700003985
1700004408
1700000801
1700000803
1700000806
2500000288
1700000808
2200000093
1700005067
1700000814
1700004254
1700000816
1700000817
1700000818
1700000821
1700000822
1700000823
1700006275
1700006376
1700005157
1700006394
1700000833
1700000834
1700000835
2000000055
1700005854
1700006095
1700000841
1700000842
1700005921
1400000199
1700000846
1700005654
1700000847
1700000848
1700005728
1700000849
1700000850
1700006565
1700005493
1700000855
1700000856
1700000858
1700000859
1700000860
1700000862
1700000863
1700004654
1700005928
1700005750
1700004727
1400000202
1700000864
1700000865
1700000867
1700004517
1700004237
2900000105
1700004828
1700006374
1400001056
1700000871
1700000873
1700000875
1400000972
1700000877
1700006373
1700000878
2700000196
1700006779
1700000879
1700000880
1700006709
2800000752
1700004397
1700006410
1700004874
1700005245
1700005655
1700000886
1700004691
1700000885
0300001333
1700006027
1700004581
1700004641
1700006657
1700004081
1700000887
1700006321
1700005434
1700000889
1700000890
1700006328
1700005117
1700000891
1700000892
1700004927
1700000893
1700005672
1700006529
1700006188
1700006643
1700004407
1700000894
1700004866
1700000895
1700000896
1700006671
1700005384
1700000900
1700005639
1700004470
1700004040
1700000899
1700000901
1700000902
1700005190
1700000904
1700000906
1700000907
1700005364
1700004143
1700000909
1700000911
1700005214
1700006060
1700000912
1700000914
1700000917
1700000918
1700000920
1700000921
1700005965
1700006259
1700005250
1700006038
1700006711
1700005294
1700004833
1700004399
1700006498
1700004007
1700000924
1700006151
1700006480
1700000927
1700000928
1700000929
1700005929
1700006781
1700004782
1700000932
1700000933
1700006573
1700004144
1700005217
1700005664
1700004468
1700005171
1700005923
1700006539
1700005278
1700000934
1700004997
1700006176
1700005388
1700005878
1700000935
1700000936
1700000931
1700000937
1700006316
1700000938
1700005645
1700000939
1700004365
1700000940
1700004543
1700000943
1700000942
1700005793
1700005914
1700005792
1700005134
1700000944
1700006334
1700000946
1700000947
1700000948
1700004604
1700000949
1700000951
1700000952
1700006273
1700005504
1700000955
1700004677
1700005670
1700005147
1700000960
1700000961
1700004480
1700004630
1000000383
2300002604
1700000963
1700000965
1700006283
1700000966
1700000967
1700000968
1700000969
1700006243
1700005536
1700006559
1700006416
1700005330
1700005777
1700000973
1700000976
1700006436
1700000977
1700004424
1700006557
1700000978
1700005844
1700004257
2700000942
1700006485
1700005460
1700005748
1700006520
1700005417
1400001066
1700005662
1700006762
1700005358
1700004069
1700004695
1700004926
1700005873
1700005767
1700004241
1700005779
1700000982
1700000985
1700000988
1700006798
1700005870
1700006817
1700000989
2300011071
2500000352
1700004209
1700004428
1700005402
1700005527
1700000990
1700005181
1700000991
1700004246
1700004985
1700004742
1700000992
1700005486
1700000993
1700004390
1700006645
1700004013
1700004734
1700000994
1700000995
1700005389
1700004030
1700004049
2700000233
1700006417
1700000996
1700000997
1700005476
1700000998
2500002091
1700004530
1700006550
1700005119
1700001000
1700004636
1700005218
1700006665
1700005350
1700005048
1700006789
1700005195
1700005414
1700006331
1700005858
1700005898
1700006336
1700006589
1700006403
1700001002
1700005185
1700005719
1700006043
1700006793
1700001003
1700004816
1700005761
1700001004
1700001005
1700004179
1700001009
1700001010
1700001011
1700001013
1700001014
1700005604
1700001015
1700001017
1700001170
1700004528
1700005689
1700001018
1700001019
1700001021
1700001023
1700003931
1700006149
1700001028
1700001027
1700001030
2300013661
1200000154
1700005415
1700004986
1700001031
1700004869
1700004950
1700005643
1700001032
1700003970
1700006747
1700006329
1700001033
1700004822
1700001049
1700006415
1700004503
1700001035
2300011112
1700004512
1700004840
1700005832
1700004077
1700001038
1700001039
1700001040
1700004298
1700004263
1700004367
1700001043
1700001045
1700003997
1700001050
1700001052
1700004492
1700004465
1700001053
1700001054
1700001055
2300002848
2200000113
1700004337
1700001059
1700001066
1700004311
1700005353
1700005223
1700001068
1700001069
1700001071
1700001072
1700004391
1700001074
1700001075
1700005068
1700006341
1700001080
1700001081
1700004960
2600000105
2700000256
1700004459
1700001087
1700006342
1700004009
1700005665
1700005042
1700005809
1700006225
1400000253
1700001098
1400000254
1700005286
1700001099
1700004793
1700001101
1700004865
1400000258
1700001106
1700001109
1700001110
1700001112
1700001116
1700005228
2300013594
1700001119
1700001120
1700001121
1700006497
1700001122
1700006468
1700005108
1700005564
1700006002
1700005177
1700001126
1700006618
1700001128
1700001130
1700001131
1700001132
1700001133
1700004597
1700004448
1700005127
1700004899
1700006237
1700001134
1700001135
1700001137
1700004811
1700006582
1700005267
1700006637
1700001145
1700005349
1700001146
1700001147
1700001152
1700001154
1700001157
1700001158
1700001160
1700001161
1700004471
1700006291
1700001163
1700006314
1700001164
1700001166
1700004197
1700000910
1700001167
1700001168
1700005247
1700006235
2700000282
1700001171
1700001024
1700006503
1700001172
1700001034
1700001174
1700001175
1700001176
1700004661
1000000090
1700001177
1700001182
1400000273
2700000901
1700001180
1700006216
1700001184
1700006563
1700005057
1700001185
1700005789
1700004162
1700001189
1700001190
1700001191
1700005483
1700001192
1700005983
1700001193
1400000278
1700001195
1700005257
1700004799
1700005022
1700001200
1700005977
1700006597
1700001202
2100000229
1700001203
1700001204
1700001205
1700001206
1700001207
1700001208
1700001209
1700006486
1700001210
1700001213
1700001214
1700005669
1700004560
1700005927
1700003906
1700001215
1700001216
1700001217
1700006388
1700001218
1700006397
1700004693
1700001219
2500001610
1700004792
1700001220
1700006776
0500001620
1700001246
1700005660
1700001226
1700006571
1700001221
1700005424
1700001230
1700001224
1700001232
2700000303
1700001237
1700001238
1700006694
1700005096
1700001243
1700001245
1700001247
1700005398
1700001249
1700001250
1700006432
1700005178
1700001253
1700005682
1700001254
1700006771
1700001255
1700004984
1700006258
1700005904
1700001256
1700001259
1700001260
2200000129
1700005757
1700001262
1700004006
1700006404
1700001263
1700001265
1700005912
1700001266
1700005091
1700001267
1700001268
1700005448
1700004907
1700005437
1700006023
1700001270
1700001271
1700005507
1700001272
1700001273
1700005624
1700006569
1700005224
1700001275
1700004001
1700005795
1700001279
1700004044
1700005328
1700004187
1700004381
1700004968
1700001282
1700001283
1700005836
1700006679
1700001285
1700001292
1700006368
1700001286
1700004149
1700001289
1700004333
1700001291
1700005840
1700005533
1700001298
2300014216
1700001300
1700001301
1700006084
1700001305
1700006028
1700001306
1700001307
1700001308
1700003969
1700001310
1700001312
1700001316
1700005375
0700000814
1700001319
1700001320
1700001321
1700001323
1700001324
1700001326
1700001327
1700001331
1700001332
1700001334
1700004890
1700001335
1700006387
1700004728
1700006803
1000000104
1700005026
1700004749
1700001340
1700006453
1700005625
1700005758
1700005628
1700004975
1700001345
1700001349
1700006306
1700006587
1700005734
1700006517
1700005380
1700006295
1700006431
1700005841
1700006638
1700006815
1700001352
1700005822
1700006800
1700006522
1700005173
1700001357
2900000568
1700001359
1700001360
1700001361
1700001362
1700001364
1700001365
1700001366
1700004963
1700005114
1700001368
1700001369
1700005848
1700006472
1700001370
1700001371
1700001374
1700001375
1700001377
1700004781
1700001379
1700001382
1700001384
1700001387
2500000508
1700001388
1700001391
1700001392
1700001393
1700001394
1700001395
0300001528
1700001397
1700001399
1700001400
1700001404
1700004295
0400003472
1700005348
1700001405
1700001406
1700001408
2200000144
1700004377
1700001409
1700001410
1700001411
1700001413
1700004438
1700004777
2700001058
1700004765
1700004776
1700005524
1700005899
1700006719
2300016566
1700001415
1700001416
1700006496
1700005544
1700004457
1700006041
1700004827
1700005587
1700005545
1700006538
1700006625
1700006548
1700001418
1700001419
2200000147
1700001423
1700001425
1700004027
1700001427
1700005638
1700006743
1700001428
1700001437
1700006132
1700001430
1700005641
1700005333
1700001431
1700006323
1700001433
1700006495
1700005593
1700001439
1700001442
1700004622
1700005346
1700001446
1700001447
1700006079
1700004745
1700001449
1700001450
1700006751
1700006159
1700001453
1700001454
1700005932
1700005973
1700001465
1700004188
1700001467
1700005613
1700005850
1700004196
1700001472
1700001473
1700001475
1700001476
1700001477
1700001478
1700001479
1700005744
1700004584
1700006525
1700001483
1700001484
1700001485
1700006613
1700005470
1700005138
2700000994
1700005061
1700006748
1700001489
1700006531
1700005565
1700005428
1700001490
1700006322
1700006487
1700005930
1700001491
1700004573
1700001495
1700001493
1700001494
1700001496
1700004872
1700001498
1700006040
1700001503
1700001504
1700001505
1700001506
1700001511
1700001512
1700001514
1700001516
1700001518
1000000492
1700004219
1700001521
1700001522
1700006390
1600001932
1700005233
1700005894
1700004605
1700001523
1700005145
2500000583
1700004706
1700001524
1700001525
1700001526
1700005893
1700001528
1700006106
1700001529
1700006814
1700003934
1700004755
1700006148
1700006524
1700005737
1700006624
1700006650
1700004867
1700006290
1700006421
1700001533
1700005011
1700001537
1700005782
1700001538
1700004132
1700001540
1700001539
1700001541
1700006354
1700001544
1700006677
1700001547
1700004913
1700006010
1700001548
1700001553
1700005244
1700005221
1700001555
1700001556
1400000365
1700004686
1700001559
1700001560
1700005537
1700004995
1000000129
1700004444
1700001561
1700001562
1700005905
1700003926
1700001565
1700001568
1700001569
1700001570
1700001572
1700001578
1700001579
0400002810
1700004536
1700004606
1700001583
2000000097
1700003851
1700005027
1700001585
1700006710
1700005989
1700001589
1700001588
1700004918
1700001591
1700001592
1700004714
1700001593
1700004583
1700001594
1700001596
1700001597
2500002393
1700006782
1700001598
1700005393
1700001600
1700005634
1700001601
1700006340
1700003945
1700006252
1700005599
1700004043
2700000386
1700001610
2300004246
1700006125
1700001613
1700004270
1700005268
1700005605
1700006107
1700006455
1700005373
1700006189
1700001622
1700006234
1700001624
1700001626
1700001628
1700001630
1700001632
1700001633
1700001634
1700005616
1700001637
1700001638
1700001644
1700001640
1700001643
1700001646
1700001647
1700006398
1700006641
1700006627
1700005803
1700006117
1700006491
1700006821
1700006542
1700006673
1700004925
1700006757
1700001648
1700006540
1700001651
1700004683
1700001658
1700001657
1700001659
1700001677
2200000168
1700004923
1700001678
1700004451
1700001666
1700001668
1700005063
1700004671
1700003902
1700001670
1700001671
1700001672
2500002064
1700005463
1700005275
1700006461
1700005506
1700005010
1700005933
1700006730
1700001681
1700006147
1700004323
1700001683
1700004698
1700004140
1700006749
1700004138
1700001686
1700001687
1700001688
1700005456
1700001689
1700004305
1700001690
1700006220
1700006580
1700001692
1700001693
1700001694
1700005563
1700006660
1700006478
1700005153
1700001696
1700001697
1700001698
1700001699
1700001700
1700001703
1700001704
1700001705
0900000847
1700001707
1700001713
1700001714
1700001716
1700005179
1700001718
1700001721
1700006068
1700001722
1700001724
1700001725
1700001726
2300012655
1700001727
1700005853
1700004534
1700004623
1700004296
1700004992
1700001729
1700005978
1700001731
1700001732
1700001701
1700001734
1700006260
1700001736
1700001737
1700003857
1700006343
1700001739
1700005804
0300001500
1700003971
1700001740
1700001741
1700005996
1700006476
1700005379
1700001745
1700006011
1700005725
1700001746
1700001747
1700001749
1700001750
1700003930
1700001751
1700001755
1700006086
1700001756
1700006146
0400004601
1700001757
1700004486
1700001758
1700004398
1700004844
1700001759
1700001760
1700001761
1700006521
1700004539
1700006712
1700006644
1700006724
1700004961
1700006083
1700005631
1700005623
1700006758
1700005515
1700004273
1700001766
1700001767
1700004830
1700001768
1700004076
1700005770
1700006113
1700006465
1700001771
1700001776
2500002418
1700005869
1400000950
1700006425
1700006384
1700001778
1700006045
1700001780
1700001781
1700001782
1700006481
1700005050
1700006018
1700006470
1700001785
1700001786
1700001789
1700006393
1700001791
1700001792
1700006301
1700001793
1700001795
1700004763
1700001797
1700001799
1700004420
1700001800
1700004971
1700001805
1700005378
1700001809
1700001810
1700001811
1700001818
1700001819
1700006182
1700005866
1700004119
1700005092
1700001821
1700004807
1700005992
1700006459
1700001824
1700001822
1700006785
1700006598
1700001823
1700006429
1700006633
1700003859
1700006791
1700006142
1700005985
2300017078
1700006706
1700006272
1700001826
1700001828
1700004264
1700001829
1700001830
1700001831
1700001832
1700001833
1700001834
1700001835
1700001837
1700001838
1700001841
1700005640
1700001843
1700004292
1700005817
1700006513
1700001844
1700006096
1700005820
1700005594
1700005778
1700005673
2500002143
1700004887
1700004849
1700005749
1700004217
1700001845
1700006543
1700005520
1700005130
1700004983
1700001850
1700005508
1700001849
1700006230
1700004632
1700004356
1700005766
1700004723
1700006739
1700006228
1700004936
1700001851
1700001853
1700001855
1700001856
1700001857
2200000185
1700001860
1700001861
1700006345
1700001863
1700001864
1700001865
1700004751
1700006169
1700005148
1700005336
1700005816
1700001870
1700001871
1700006518
1700001872
1700006116
1700004122
2700001031
1700005917
2300016194
1700004057
1700001879
1700001882
1700001885
1700001886
1700001887
1700005884
1700001889
1700006088
1700006349
1700006315
1700006700
1700005835
1700001892
1700004225
1700005340
1700006553
1700004326
1700006024
1700006592
1700004524
1700001901
1700006363
1700001903
1700001904
1700001905
1700005944
1700005763
1700006536
1700001908
1700005875
1700001911
1400000966
2700001057
1700001913
1700006449
1700001914
1700001915
1700005113
1700001916
1700004565
2200000431
1700001918
1700005361
1700006552
1700004964
1700005325
1700001923
1700001925
1700005331
1700001930
1700004838
1700001933
1700001935
1700005170
1700004252
0300000637
1700001937
1700001938
1900000368
1700005791
1700001942
1700004039
1700001944
1700001946
1700001947
1700001949
1700001950
2700000995
1700004974
1400000465
1700001952
1700001954
1700001955
1700004752
1700001956
1700004711
1700001957
1700001958
1700006437
1700001959
1700001960
1700001961
1700001962
1700001965
1700001966
1700001967
1700001968
1700001970
1700004658
1700006574
1700001972
1700004685
1700001975
1700004906
1700001977
1700003943
1700001978
1700001984
1700006769
1700005077
1700004175
1700005473
1700005530
1700006332
2300013777
1700006754
1700006466
1700006133
1700005911
1700005829
1700005093
1700004883
1700006684
2300016661
1700001985
1700001986
2300015725
1700005265
1700006168
1700006064
1700006619
1700005055
1700005431
1700006784
1700006249
1700004540
1700006324
2300014933
1700006810
1700001987
1700005553
1700005362
1700005519
1700001991
1700004449
1700006509
1400000975
2300005255
1700005717
1700001996
1700001998
1700001999
1700002001
1700006361
1700005401
1700002003
1700002005
1700002007
1700004612
1700006458
1700006307
1700005226
1700006255
1400000479
1700002012
1700002014
1700002015
1700002016
1700002017
1700005485
1700004395
1700002019
1700002020
1700002035
1700005581
2300012743
1700004958
1700006653
1700005998
1700006820
1700002022
1700002024
1700006411
1700002032
1700006204
1700002034
1700002036
1700004405
1700005377
1700006057
1700002042
1700002046
1700002047
1700002049
1700004151
2700000500
1700002051
1700002058
1700002059
1700005549
1700004662
1700002061
1700002064
2300016665
1700006078
0400004240
1700004227
1700002068
1700002069
1700002071
1700004969
1700006807
1700002073
1700004585
1700002075
1700002076
1700002078
1700002080
1700006534
1700006127
1700004079
1700002085
1700002086
1700004561
1700002087
2700000510
1700002088
1700002089
1700002090
1700002091
1700002093
1700005053
1700004689
1700002097
1700004784
1700004893
1700002103
1700002104
1700002105
1700002108
1700005495
1700005542
1700006668
1700004038
1700002113
1700005557
1700002114
1700002119
1700002120
1700002122
1700002123
1700002125
1700002127
2600000206
1700002130
1700002131
1700005851
1700006089
1700005411
1700002135
2500000826
1700006210
1700005035
1700002136
1700002137
1700006155
1700004350
1700006701
1700005002
1700002138
1700002139
1700004864
1700002140
1700006579
1700005771
1700005151
1700004073
1700002144
2100000393
1700006639
1700004516
1300000322
1700002150
1700002151
1700002152
1700006311
1700006593
1700006738
1700002155
1700002156
1700002158
1700002159
1700002161
1700002162
1700006440
1700002163
1700002164
1700002166
1700002167
0400001493
1700002168
1700003947
1700006191
1700006302
1700005733
1700004842
1700002176
2500002408
1700002179
1700006659
1700002180
1700004389
2500000843
1700002181
1700002182
1700005509
1700005953
1700002188
1700002189
1700005826
1700002191
1700005321
1700005788
1700002194
2200000222
1700002195
1700004544
1700002196
1700002198
1700002199
1700004401
1700002201
1700002203
1700004582
1700002204
1700002206
1700002207
1700002208
1700002209
1700002211
1700002212
1700002213
1700002216
1700002242
1700002220
1700002221
1700004304
1700006691
1700002222
1700005586
1700002223
1700002224
1700005924
1700005133
1700005291
1600002300
1700006764
1400000937
1700005479
1700002227
1700005939
1700005230
1700006622
1700004084
1700002267
1700002228
1700002304
1700002231
1700005547
1700004697
2200000205
1700002237
1700004243
1700004786
2700000533
1700006717
1700005706
1700006623
1700005647
1700002241
1700006379
1700004976
2500002183
1700006304
1700004956
1700002243
1700002245
1700004363
1700002249
1700002257
1700005397
1700006031
1700002259
1700006004
1700002262
1700005466
1700002265
1700004321
1700006017
2500000879
2500002344
1700002270
1700005284
1700002272
1700002274
1700002275
1700005716
1700002283
1700002280
1700002281
1700005496
1700006049
1700002278
1700002288
1700006603
1700002289
1700002291
1700002292
1700005004
1700002293
1700002294
1700002295
1700006454
1700005780
1700006532
1700006196
1700002298
1700002300
1700002302
1700005592
1700005607
1700004852
1700002303
1700005410
1700004168
1700004987
1700005775
1700002308
1700002305
1700003933
1700002307
1700002309
1700002310
1700002311
1700004208
1700006808
2100000426
1700005668
1700002313
1700004521
1700005101
1700002314
1700004228
1700005480
1700005481
1700004813
0300001873
1700005600
1700002315
1700002316
1700003932
1700004382
1700002317
1700002318
1700005690
1700002319
1700002321
1700005083
1700002323
1700002325
1700002327
1700006120
1700004419
1700002472
2600000220
1700005229
1700002331
1700002334
1700002330
1700002335
1400000552
1700002336
1700002337
1700002338
1700002340
1700004385
1700002345
1700002346
1700002349
1700006654
1700005374
1700002354
1700006199
1700002356
1700002358
1700002359
1700002366
1700002362
1700002363
1700002364
1700006370
1700004720
1700002365
1700002367
1700002368
1700002369
1700004362
1700006790
1700002371
1700004078
1700002373
1700006773
1700005441
1700005596
1700005950
1700006576
1700002376
1700006511
2200000221
1700005679
1700005525
1700004535
1700002378
1700005118
1700002379
1700006686
1700002382
1700003982
1700002383
1700002384
1700002385
1700002387
1700003887
1700006405
1700005036
1700005489
1700006723
1700005579
1700005297
1700004928
1700004877
1700006085
1700006399
0300001716
1700006050
1700006005
1700005206
1700005713
1700002390
1700004615
1700005987
1700004174
2500002525
1700002397
1700004127
1700002400
1700002401
1700004477
1700004265
1700002402
1700004785
1700005981
1700002405
1700002406
1700002408
1700003941
1700005342
1700005560
1700006292
1700006777
1000000489
1700006119
1700006473
1700005952
1700005897
1700006502
1700005021
1700006606
1700005902
1700006202
1700005288
1700002412
1700002413
1700004588
1700003894
1700002414
2500002246
1700006451
1700006271
1700005663
1700005241
2300016233
1700005274
1700002420
1700002421
1700002422
1700004775
1700005651
1700004647
1700004526
1700003913
1700002423
1700002424
1700004879
1700004684
1700006319
1700002426
1700004201
1700002428
1700004929
1700004204
1700005071
1700006703
1700002432
1700002434
1700002436
1700004815
1700005436
1700002440
1700002444
1700002445
1700002448
1700002449
1700002475
1700002453
1700006175
1700002458
1700002454
1700002455
1700002456
1700002459
1700004757
1700005776
1700002462
1700004572
1700002467
1700006299
1700002470
1700005632
0400005437
1700002471
1700005890
1700004801
1700005272
1700005821
1700002473
1700006695
1700006030
1700004699
1700006279
1700006015
1700002476
1700002477
1700005724
2700001018
1700002478
1700002479
1700004061
1700003953
1700002481
1700002482
1700004764
2300015008
1700002486
1700002487
1700002489
1700004406
1700004481
1700002490
1700002491
1700002492
1700005762
1700005740
1700005372
1700006615
1700006066
1700005937
1700006265
1700005366
1700006289
1700005697
1700002496
1700005345
2300015221
1700005745
1700002500
1700005427
1700006375
1700006061
1700005550
1700004205
1700005823
1400000945
2700000596
1700006118
1700002507
1700005105
1700003905
1700005615
2200000247
1700002510
1700005909
1700002511
1700005254
1700006674
1700006728
1700005963
1700006616
1700004189
1700006689
1700004945
1700006663
1700004743
1700004156
1700002516
1700006727
1700002518
1700002519
1700004841
1700006519
1700005857
1700006588
1700002521
1700002522
1700002523
1700002524
1700006144
1700002526
1700005883
1700002529
1700002531
1700002532
1700002533
1700002534
1700005772
1700005309
1700002536
1700002537
1700005685
1700002539
1700002540
1700004023
1700002544
1700002545
1700002546
1700002547
1700005974
1700006753
1700004181
1700005846
1700002551
1700006262
1700004002
1700002552
1700002553
1700002554
1700005572
1400000603
1700006367
1700002559
1700002560
1700004845
1700002563
1700002564
1700002566
1700006037
1700005626
1700002569
1700005034
1700002572
1700005100
1700004603
2500002163
1700004059
1700004559
1700002575
1700004712
1700004216
1700002577
1700002579
1700002582
1700002583
1700006208
1700002591
1700002592
1700002596
1700004177
1700002586
1700002602
1700002604
1700002605
1700004021
1700002606
1700006369
1700002608
1700002610
1700006426
1700006419
1700002612
1700005164
1700002722
1700002613
1700006697
1700002614
1700002615
1700005040
1700005731
1700002617
1700002618
1700005630
1700002620
1700002621
1700002599
1700006736
1700005106
1700002622
1700002623
1700006433
1700002625
1700002626
1700002627
1700002628
1700002629
2700001053
1700006409
1700005951
1700002631
1700002632
1700002633
1700004063
1700005009
1700006241
1700002634
1700002635
1700004631
1700004026
1700006222
1700006032
1700006218
2900000323
1700006110
1700006699
1700006471
1700006483
1700002639
1700002642
1700004454
1700002645
1700005523
1700004789
1700005543
1700002648
1700005339
1700005277
1700004467
1700006183
1700004803
1700006500
1700006167
1700002655
2700000976
1700006114
1700004178
1700002658
1700002661
1700002662
1700005644
1700002664
1700005072
1400001003
1700002667
1700002669
1700005423
1700002671
1700002672
1700002673
1700005363
1700005359
1700002674
1400000620
1700003940
1700002676
1700002679
1700002681
2300007032
1700002682
1700002683
1700004034
1700006537
1700005038
1700004881
1700002685
1700006111
2300007052
1700002686
1700002687
1700002688
1700004443
1700002689
1700005104
1700006310
1700002691
1700004426
1700004994
1700002694
1700004198
1700005813
1700005540
1700002695
1700004473
1700006402
1700002696
1700002697
1700002699
1700006101
1700002700
1700002701
1700005097
1700002704
1700002705
1700002706
1700004036
1700005839
1700005240
1700006687
1700002708
1700004440
1700005159
1700002710
1700002711
1700002713
1700002715
0300001332
1700005526
1700004912
1700006604
0400004914
1700006554
1700006649
1700005815
1700002717
1700006233
2500002088
1700006759
1700004545
1700004244
1700006501
1700004400
1700002718
1700005255
1700002720
2300012738
1600002261
1400000639
1700002723
1700002724
1700004599
1700002725
1700002726
1700002728
1700006366
1700004342
1700005796
1700005474
1700004532
1700006231
1700005225
1700002732
1700004309
1700006516
1700002734
1700005827
1700004678
1700004817
1700004640
1700002736
2300011694
1700004248
1700006609
2700000943
1700003873
1700004183
0300001632
1700004940
2200000439
1700002743
1700006718
1700006442
1700002744
1700006812
1700002746
1700002747
1700004882
1700006611
1700004924
1700006656
1700004353
1700002754
2800000712
1900000547
1700002756
1700004015
1700003862
1700002760
1400000644
1700004455
1700002762
1700002764
1700002765
1700003939
1700002767
1700002768
1700004610
1700006093
1700006257
1700005969
1700002774
1700004394
1700004820
1700005947
1700004343
1700005237
1700004737
1700005416
1700006715
1700002786
1700003914
2500001099
1700002787
1700002788
1400000648
1700002792
1700002794
1700002795
1700002797
1400000650
1700002799
1700002800
1700004598
1700002801
1700002803
1700002804
1700004861
1700002808
1700005033
1700002809
1700002810
1700006787
1700002814
1400000653
1700004020
1700002817
1700002822
1700002823
1700002824
1700002825
1700002826
1700002827
1700006154
1700006372
1700005501
1700006042
2300007468
1700002833
1700004756
1700005892
1700002835
1700002839
1700006300
1700003979
1700004878
1700005575
1700002842
1700006320
1700004494
1700002844
1700006123
1700002845
1700002846
1700002847
1700006352
1700002853
1700005478
1700004203
1700002857
0900000792
1700002859
1700002860
1700002862
1700006802
1700005102
1700002864
1700006134
1700006590
1700005149
1700004894
1700006737
1700002865
1700004113
1700006100
1700002867
2700001029
1700005562
1700005089
1700006427
1700006407
1700006362
1700002873
1700005535
1700002874
1700006360
1700002875
1700002876
1700004892
1700005910
1700002877
1700004613
1700002879
1700002880
1700005541
1700002882
1700005935
1700002884
1700002888
1700002887
1700002889
1700006599
1700002890
1700004083
1700005677
1700002892
1000000366
1700004327
1700002895
1700006276
1700005949
1700002896
1700002898
1700004771
1700002899
1700002900
1700004832
1700006081
1700002902
1700002903
1700002905
1700002904
1700004469
1700002907
1700002908
1700004919
2200000278
1700006479
1700006714
1300000616
1700005095
1700006077
1700005172
1700002909
1700006811
1700002912
2500001156
1700006377
1700004506
1700004199
1700004501
1700006325
2500002374
1700002914
1700002915
1700005045
1700002916
1700002917
1700002918
1700002783
1700006766
1700005877
1700002919
1700002920
1700002921
1700002922
1700002923
1700004746
1700003999
1700006745
1700005696
1700003911
1700005354
1700004462
2500002514
1700002927
1700005681
1700002930
1700005219
1700002931
1700002932
1700002934
1700005098
1700002936
1700005289
1700004674
1700005847
1700002937
1700005864
1700002939
1700006326
2800000749
2900000369
1700005675
1700005150
2400001113
2300007774
1000000435
1700006444
1700005967
1700005220
1700006510
1700006048
1700006788
1700004672
1700002949
1700002950
1700002954
1700002955
1700002957
1700002958
1700002960
1700004944
1700002963
1700002965
1700002969
1700002970
1700002972
2200000286
1700004780
1700004649
2300014697
1700005078
1700002976
1700005938
1700004185
1400000700
1700002978
1700002979
1700005365
1700002981
1700005759
1700005439
2200000473
1700002983
1700005976
1700006651
1700002985
1700003968
1700002986
1700002987
1700006556
1700002991
1700002992
1700002993
1700002995
1700002996
1700002998
1700002999
1700003000
1700003001
1700006044
1700003002
1700005843
1700003855
1700006347
1700004053
1700004489
1700006112
1700005633
1700004880
1700006469
1700004653
1700003003
1700005522
1700005743
1700006549
1700006087
1700006508
1700005865
1700003004
1700003005
1700003006
1700003007
1700003009
1700006614
1700006515
1700006109
1700005828
1700006658
1700004154
1700006775
1700006178
1700003012
1700006620
1700005830
1700006069
1700003013
1700003014
1700006309
1700006746
1700004659
1700003015
2100000813
1700006092
1700006203
1700006672
1700004568
1700003019
1700003020
1700006662
1700003021
1700003984
1700003022
1700006792
1700006284
1700004579
1600001276
1700003027
1700003028
1700003030
1700005882
0400005385
1700003032
1700004136
1700003035
1700003036
1700003037
1700003038
1700003039
1700004808
1700003043
1700005303
1700003045
1700003046
1700003048
1700006001
1700003050
1700005194
1700003053
1700003054
1700003058
1700003059
1700004729
1700003061
1700003062
2300008119
1700003065
1700003066
1700005193
1700003067
1700003068
1700003070
1700003978
1700006493
2500002028
1700003072
1700003073
1700003900
1700003075
2700000727
1700003077
1700003078
0400004130
1700003079
1700003080
1700003081
1700003084
1700003086
1700003087
1700003088
1700003089
1700003092
1700003095
1700003096
1700003097
1700003101
1700003102
1700003104
1700006153
1700003106
1700003107
1700003109
1700003110
1700003111
1700004359
1700003114
1700003115
1700003993
1700003120
1700003121
1700003123
1700003124
1700003961
1700003125
1700004667
1700006173
1700005457
1700006219
1700004687
1700003126
1700005242
1700006335
1700004858
1700003131
1700004335
1700006209
1700005390
1700004860
1700006464
1700006707
1700003133
1700003134
1700003135
1700003136
1700003137
1700006248
1700003139
1700005203
1700003140
1700003141
1700004735
1700003142
1700006383
1400000730
1700003143
1700003144
1700003145
1700003148
1700003151
1700003153
1700003154
1700003156
1700003157
1700003158
1700003159
1700003161
1700003162
1700003163
1700003164
1700006418
1700005392
1700004247
1700003165
1700003166
1700006242
1700003168
1700003169
1700003171
1700003172
1700006675
1700005872
1700004591
1700003177
2300008480
1700003178
1700003179
1700003180
1700003181
1700003182
1700003183
1700003184
1400000743
1700003185
1700006333
1700006026
2800000507
1700003186
1700006163
1700005583
1700005661
1700005769
2200000307
1700004070
1700004139
1900000842
1700006670
1700004876
1700005249
1700006562
1700006195
1700005722
1700004413
1700006648
1700004074
1400000745
1700005657
1700004421
1400000746
1700006804
1700005287
1600002177
1700005059
1700006813
1000000448
1700005491
1700006420
1700006595
1700006029
1700005715
1700003192
1700003198
1700004607
1700003199
1700003200
1700004673
1700003201
1700003202
1700004703
1700003203
1700003204
1700006796
1700003205
1700003206
1700005532
1700004374
1700005931
1700003208
1700005852
1700005538
1700003992
1700005797
1700006545
1700005462
1700004664
1700003212
1700006761
1700005447
1700005539
1700005773
1700006207
1700005438
2500002478
1700006187
1700006713
1700006698
1700005751
1700004837
1700005868
1700005031
1700006799
1700005216
1700006567
1700006145
1700006386
2900000411
1700003218
1700003219
1700004666
1700003220
1700003221
1700006382
1700003222
1700003223
1700003225
1700003226
1700003227
1700003228
1700004370
1700004669
1700003233
1700003236
1700003237
1700004121
1700003240
1700004848
1700003242
1700003244
1700004519
1700004207
1700004618
1700003239
1700004909
1700004812
1700003247
1700003249
1700003250
1700003252
1700003253
1700003255
1700003257
1700006704
1700003259
1700003260
1700003262
1700006396
2300013933
2200000460
1700004276
1700004762
1700006025
1700003268
1700004692
1700006544
1700006180
1700005652
1700005646
1400000769
1700003276
1700003277
1700004474
1700003279
1700005735
1400000974
1700004973
1700004790
1700005925
1700003282
1700003284
1700005305
1700005231
1700003285
1400001005
1700004967
1700003286
1700003288
1700003290
1700003294
1700003298
1700004531
1700005781
1700006051
1700006305
1700003299
1700006236
1700003300
1700003955
1700004856
1700003301
1700003302
1700003303
1700006413
1700004665
1700003304
1700006003
1700004062
1700003306
2300013387
1700005395
1700006772
1700006211
1700004284
2200000404
1700003308
1700004415
1700003314
1700003315
1700003319
1700003320
2700000784
1700003323
1700003325
1400000942
1700006685
1700003327
1700004513
1700005020
1700005355
1700005432
1700006016
1700004759
1700003329
1700005915
1700004688
1700003334
1000000290
1700004548
1700003338
1700006463
2300012574
1700004989
1700006488
1700003341
1700003342
1700005484
1700003343
1700006729
1700003345
1700004628
1700006733
1700005617
1400000780
1700006035
1700005922
1700006774
1700003349
1000000403
1700003353
1700006131
1700003356
1700003357
1700003358
1700003360
1700003361
1700006245
1700004418
1700006046
1700003364
1700003365
1700003368
1700003369
1700003370
1700003371
1700004433
1700003380
1700005919
1700003383
2200000326
1700003384
1700003385
1700005801
1700006457
1700003388
1700006482
1700005512
1700003390
1700005837
1700005598
1700003391
1700003392
1700006702
1700006358
1700005620
1700006583
1700003394
1700005269
1700003396
1700003397
1700004290
1700003400
1400000790
1700006250
1700006294
1700005494
1700006780
1700003407
1700006632
1700003410
1700003411
1700003413
1700003414
1700004886
2500001850
1700003415
1700003417
1700003418
1700006238
1700006156
1700003421
1700003422
1700003423
1700003938
1700003424
1700003425
1700003428
1700003430
1700006318
1700005062
1700003432
1700003433
1700003435
1700003437
1700004412
1700003444
1600002266
1700005825
1700004895
1700004472
1700003973
1700003448
0400004743
1700005727
1700005403
1400000813
1700003451
1700003452
1700004245
1700003456
1700004750
1700003458
1700003459
1700003461
1700003463
1700006356
1700003464
1700004760
1700003466
2200000398
1700005768
1700003467
1700003468
1700003470
1700005058
1700003472
1700003473
1700003474
1700003475
1700003476
1700004709
1700006074
1700003478
1700003479
1700006190
1700003481
1700003482
1700003483
1700003484
1700003485
1700006181
1700004068
1700003487
1700003488
1700003489
1700003491
1700003493
1700003494
1700004008
1700003495
1700003496
1700006022
1700003497
1700003499
1700005942
2300016383
1700003501
1700006705
1700003505
1700005028
1700003507
1700005726
1700005238
1700003508
1700005993
1700005452
1700005154
1700006138
1700005707
1700004854
1700006721
1700003511
2300016303
1700005580
1700005648
1700005711
1700003512
1700003513
1700005618
1700005674
1700003891
1700005609
0500001535
1700005199
1700006570
1700005800
1700006268
1700004306
1700005534
1700004713
1700005994
1700005344
1700005862
1700003517
1700003518
1700003519
1700006655
1700006794
1700003522
1700003523
1700003524
1700005680
1700004898
1700003526
2900000499
1700003527
1700003528
1700004896
1700003531
1700006591
1700003533
1700003535
1700003536
1700003537
1700004080
1700004364
1700005608
1700004529
1700005720
1700005518
1700003540
1700004738
2300009390
1700003543
1700003544
1700005239
1700003546
1700003547
1700003549
1700003550
1700003551
1700003552
2500001427
1700006725
1700006104
1700003554
0900000627
1700005109
1700006021
1700003562
1700003565
1700003571
1700003573
1700006523
1700003575
1700003577
1700004541
1700005302
1700005273
1700003582
1700004753
1700006281
2200000336
1700003584
1700006489
1700005901
1700003587
1700003588
1700003589
1700003590
1700003591
1700003593
1700003594
1700003596
1700003597
1700003598
1700003866
1700003602
1700003603
1700005510
1700003606
1700003607
1700006752
1700004182
1700005184
1700006756
2800000586
1700003960
1700005069
1700005610
1700004680
1700003611
1700003612
1700005318
1700005084
1700005555
1700003615
1700006448
1700005475
1700005582
1700003616
1700003617
1700004004
1700004453
2200000432
1700005311
1700003619
1700005991
1700003620
1700003623
1700003626
0400004602
1700005420
1700003627
1700006801
1700006797
1700003629
1700003963
1700005442
1000000481
1700006184
1700004352
1700006392
1700006164
1700003635
1700006071
1700004301
1700005306
1700006067
1700006039
1700003638
1700003639
1700003642
1700006750
1700003644
1700005570
1700005266
1700004783
1700003647
1700006198
1700006213
1700005343
1700005024
1700003656
1700003657
1700003659
1700003660
1700005956
1700005548
1700006682
1700003663
1700003664
1700005738
1700004868
1700003668
1700006161
2300009590
1700005979
1700005982
1700003673
1700004437
1700005699
1700005176
1700003680
1700005037
1700004347
1700006277
1700003681
1700003682
1700003685
1700003688
1700004417
1700006530
1700004823
1700003692
1700003693
1700003696
1700005881
1700003703
1700003706
1700005197
0400005433
1700003707
2300013303
1700004153
1700006034
1700004510
1700006805
1700006251
2300016413
1700004791
1700004846
0300001748
1700005382
1700006246
1700006223
1700006635
1700003719
1700003722
1700006492
1700005056
1700004705
1700003724
1700003726
1700003728
1600003035
1700004126
1700004962
1700003730
1700003731
1700003732
1700003733
1700005959
1700003735
0300001256
1700003740
1700003742
1700003744
1700003745
1700004393
1700003747
1700003748
1700003755
1700003741
1700003750
1700003752
1700003753
1700003754
1700005327
1700006572
1700003757
1700006527
1700006174
1700006708
1700005790
1700003759
1700006139
1700004563
1700006722
1700004294
1700003760
1700006401
1700003761
1700003762
2400000852
1700003763
1700004798
1700004718
1700003766
1700003767
1700003770
1400000952
1700003773
1700006263
1700004269
1700003776
1700006389
1900000773
1700006664
1700003779
1700003781
1700006150
1700003783
1700004915
1700005849
1700005082
1700005688
1700004794
1700003786
1700004951
1700004508
1700006647
1700005087
1700005926
2500001960
0400003402
1100000559
1700003789
1700003791
1400000887
1700003792
2200000357
1700006577
1700003794
1700003795
1700003796
1700003797
1700005161
1700004478
1700003800
1700003801
1700003802
1700005833
1700003803
1700003804
1700005032
1700006006
1700003806
1700003807
1700003808
1700003809
1700003810
1700003811
1700006546
1700005975
1300000545
1700003812
1700005529
1700005201
1700004859
1700006602
1700003825
1700005262
1700005678
1700003817
1000000384
1700003818
1700006312
0800000594
1700005629
1700006666
1700003820
1700003823
2700000876
1700003816
1700003828
1700003832
1700003834
1700003835
1700003837
1700003839
1700003841
1700003912
1700003843
1700005984
1700003844
1700006296
1700003847
1700006809
1700004221
1700005418
1800000001
1800000002
2300014910
2300011930
1800000444
1800000388
2300014405
1800000003
1800000005
0400003638
1800000379
1800000008
2000000472
1800000010
1800000012
1800000013
1800000014
1800000016
1800000017
0400003541
1800000021
1800000022
1800000398
1800000024
1800000025
1800000356
1800000415
0400004331
1800000429
1800000027
1800000028
0400004994
1800000441
1600002545
1800000029
1800000030
1800000033
1800000034
1900000073
1800000038
0400003982
2300010281
1800000042
1800000373
1800000047
2800000063
1800000412
1800000048
1800000049
1800000053
1900000120
1800000054
1800000056
1800000057
1800000058
1800000060
1800000061
1800000063
1800000425
1800000066
1800000067
1800000069
1800000070
1800000073
1800000074
1800000403
1800000075
1800000404
1900000985
1800000407
1800000080
1800000081
1800000340
1800000082
0400002919
1800000085
1800000086
0400000753
1800000087
1800000088
1800000089
1800000091
1800000093
1800000393
1800000095
1800000096
1800000098
1800000099
1800000101
1800000103
1800000104
1800000420
1800000445
2600000424
1800000108
1800000114
1800000115
1900001113
1800000116
1800000442
0400003897
1800000119
1800000338
1800000327
1800000120
0400001069
1800000123
1800000433
1800000124
1800000126
1800000127
0900000763
1800000129
1800000130
1800000131
1800000132
1800000133
1800000389
1800000137
1800000138
1800000140
1800000396
1800000405
1800000378
2300013934
1800000141
1800000142
1800000449
1800000146
1800000148
1800000149
0400001370
1800000150
1800000151
1800000152
1800000358
1800000153
1800000154
1800000157
1800000158
1800000159
1800000382
1800000163
1800000164
1800000166
1800000341
2800000333
1800000167
1800000374
1900000432
1800000170
1800000172
1800000173
0400001568
1800000178
1800000428
1800000446
2000000506
1800000182
1800000183
1800000329
1800000424
1800000187
1800000188
1800000191
1800000193
1900000989
1800000194
1800000431
2300015399
1800000443
1800000196
1800000198
1800000199
1800000437
1800000438
1800000203
1800000205
1800000206
1800000208
1800000209
1800000380
1800000413
1800000212
0400003331
0900000494
1800000333
1600001636
1800000216
1800000220
1800000221
1800000222
1800000223
1800000224
1800000227
1800000228
1800000229
1800000230
1800000423
1800000232
1800000233
2300012058
1800000235
1800000334
1800000237
1800000343
1800000239
1800000240
1800000242
1800000243
1800000245
1800000352
1800000251
1800000253
1800000255
0900000573
1800000256
1800000414
1800000257
1800000258
1800000261
1800000262
1800000263
1800000266
2800000539
1800000392
1800000267
1800000270
1800000272
1800000274
1800000440
1800000275
1800000351
1800000285
1800000276
1800000278
2800000574
1800000279
1200000688
1800000284
2300014812
1800000426
1800000369
1800000411
1800000422
1800000286
1800000287
1800000289
1800000402
1900000764
1800000384
0400004100
1800000296
1800000300
1800000410
1800000301
0900000720
0400003448
1900001186
1900001092
1600002792
0400004247
1900001163
1900000003
1900000978
1900001074
1900001197
1900001007
1900001077
1900000004
0400000014
1900000006
1900000007
1900000009
1900000010
1900001043
1900001143
1900001028
1700006351
2300000110
1900001101
1900001046
1900001023
1600000024
1900001178
1900000011
1900000945
1900000015
1600000029
2000000003
0400004875
1900001203
1900000958
1900001199
1900000810
1900001211
1900000019
1900000021
1900000811
1900000022
2300000421
1900000023
1900000025
1900000026
2500002008
1900000028
1900000030
2800000021
1900000031
2000000459
1900000032
1900000035
1900001039
1900000812
1900000039
1900000041
1900000042
1900001065
1900000043
1900000044
1700005465
1900001133
1900001030
1900000050
1900001170
1900000051
1900000052
1900000053
1900000054
1900000055
0500000029
1900000897
1900000060
1900000061
1900000063
1900000064
1900001089
1900000912
1900000984
1800000447
1900000067
1900000069
1200000707
1900000070
1900000877
2000000433
1900000072
1900000075
1600002902
1900000077
1900000081
1900000083
1900000848
1900000085
1900000086
1900000088
1900000090
1900000087
1900000094
1900001124
1900001190
1900001158
0800000599
1900000097
1900000854
1900001200
1900000099
1900000100
1900000102
1900000101
1900000103
1900000104
1900000105
1900001027
1900000106
1900000107
1900000108
1900000109
1900000110
1900001212
1900000971
1900000112
1900000974
1900000113
1900000114
1900000115
1900000118
1900001132
1900000121
1900001138
0400005625
1900001094
1900001183
1900001187
1900000129
1900000892
1900000130
1900000132
1900000133
1900000134
1900001167
1900000977
1900001168
2900000540
1900000894
1900000138
1900000139
1900000140
1900000141
1900000142
1900000991
1900000143
1900001084
1900000846
1900000144
1900000145
1900001146
1900000146
1900001022
1900000959
1900000147
1900001131
0800000099
1900000151
1900000938
1900000152
1900000153
1900000156
0400000598
1900000157
1900000158
1900001016
1900000905
1900000159
1900001011
0400004149
1900001165
0400003960
1900001213
1900001161
1900001079
1900000833
1900000166
1900000168
1900000169
1900001125
1900000172
2300002578
1900000874
1900000174
1900000176
1900000178
1900000180
1900001164
1900000181
1900001035
1900000906
1900001208
1600001992
1900000956
1900000183
0400004498
1900000844
1900000831
1900000990
0400005119
0300001648
1900001111
1900000185
1900000186
1900001182
1900001054
1600001963
1900000191
1900000193
1900000194
1900000196
1900000198
1900000199
1900000852
1900000201
1900000202
1900000203
1900000204
1900000206
2300011304
1900001151
1900000207
1900001118
1900000212
1900000215
1900000188
2300017575
1600000514
1900000218
1900000219
1900000220
1900000221
2300011777
2300003170
1900000223
1600002102
1900000225
1900000226
2300014838
1900000230
0500001083
1900000231
1900000234
1900000235
1900000236
2500000476
1900000238
1900000239
1900001058
1900001014
1900001108
1900000244
1900000245
1900000893
1600001830
1900000247
1900000836
1900001205
1900001059
1900000963
1900001082
0400004172
2300003543
1900000249
1300000170
1900000250
1900000251
1900000252
1900000254
1900000256
1900000257
1900000258
1900000259
1900000261
2900000572
1900000262
1900000267
1900000268
1900000270
2300010558
1900000272
1900000273
1900000274
0400003809
1900000275
1900001031
1900000276
2700000913
1600003059
1900000282
1900000281
1900000286
1900000287
2800000216
1900000288
1900001057
1900000290
1900000292
1900000293
1900001129
1900000294
1900001024
1900001081
1900000295
1900000927
1900000889
1200000200
1900000875
1900001196
1900000297
1900000299
1900000300
1900001032
1900000304
1900001044
1900001136
1900000305
1900000306
1900001063
1900001191
1900000308
1900000309
1900001209
1900000310
1900000311
1900000312
1900000313
1900000315
1900000981
1900000316
1900001217
1900000318
1900000319
0400003548
1900000320
1900000321
0500001641
1900000322
1900001003
2800000733
1900001062
1900001216
2000000513
1900000323
1900000324
1900000325
1900000326
1900000327
1900000328
1900000330
1900000835
1900000333
1900000935
1900001104
1900000939
1900001148
1900001202
1900000968
1900000337
1900000338
1900001037
1900000341
1900000342
1900000344
1900000952
1900000345
1900000346
1900000348
1900000349
1900001002
1900001040
1900000350
1900001147
1900001194
1900000983
1600002247
1900000351
1900000352
1900000353
1900000860
1900000354
1900001174
1900000355
1900000356
1900000357
1900000359
1900000361
1900000911
1900001055
1900000365
2300016331
1900000367
1900001162
1900000370
1900000372
0400001352
1900000375
1900000376
1900000377
1900001153
1900000946
2500001901
1900000380
1900000378
1900000382
1800000376
1700004725
1900001201
1900001180
1900000383
1900000386
1900000389
1900000391
1900000392
1900000393
1900000395
1900000394
1900000820
1900000396
1900000839
1900000398
1900000402
1900000403
1900000404
1900000997
1900000406
1900000407
1900000821
2300005498
1900000410
1600002554
1900000413
0400004221
1900000970
1900000414
1900001139
1900000843
1900000417
1900000418
1900000937
1900001115
1900001017
1900000419
1900000420
1900000423
1900000424
1900000925
1900000425
1900000428
0900000381
1900000429
1900000430
1900001198
1900001176
1900001098
1900000433
0800000305
1900000454
1900000435
1900000437
1900000439
1900000982
1900000441
1900000957
1900000444
1900001033
1900000445
1900000446
1900000447
1900000944
2800000765
1900000934
1900000955
1900001141
1900000455
1900000456
1900000457
1900001173
1900000459
1900000461
1900000431
1900000463
1900001192
1900000465
1900000947
1900000972
1900001097
1900000467
1900001076
1900000998
1900001020
1900000469
1900000470
1900001204
1900001166
1900000471
1900000472
0400003522
1900000473
1900000475
1900000849
1900000474
1900000480
1900000481
1900000482
1200000669
1900000488
1900001068
1600001020
1900000489
1900000490
1900000491
1900001188
2700000589
1900000950
1900001184
400003545
900000094
400003720
400000489
400004678
400000491
400003673
400000492
400003996
400004712
400000493
400005734
400002995
400000496
400000498
400004361
400003868
400003958
400003416
400004573
400000506
400004853
400004574
400005755
400005599
400004695
400004312
400005094
400005071
400004118
400005258
400005642
400005468
400000508
400000509
400000512
400003699
400000513
400000514
400003932
400000517
400000519
400000520
400000522
400000523
400000524
400000527
400000529
400000530
400000532
400000533
400000534
400000536
400000535
400000538
400000539
400000540
400000541
400000542
400000543
400003866
400000547
400000548
400004134
400000551
400003824
400004418
400005558
400000557
400005149
400005578
400003246
400000559
400003919
400005429
400000562
400005316
400004072
400003679
400004226
400004471
400000568
400000569
400000571
400000573
400005255
400004850
400000575
400000577
400000578
400000579
400000580
400000581
400004128
900000126
400000583
400005731
400003869
400003989
400000587
400003394
400003668
400005045
400005299
400000597
400000599
400003731
400005105
400000602
400000603
400004718
400000606
400005447
400000608
400004095
400004470
400004877
400003893
400000612
400004074
400004749
400003626
400000615
400000616
400002907
400004591
400000618
400000619
400000622
400000623
400000624
400004736
400005297
400000630
400005695
400000632
400005112
400000633
400000634
400000635
400000636
400000637
400004540
400005355
400004567
400003432
400004657
400003926
400000639
400000640
400000641
400004182
400000642
400000643
400003622
400000645
400000646
900000755
400000647
400000649
400002935
400000651
900000146
400000652
400000653
400000655
400004841
400000657
400003739
400000658
400000659
400002943
400000663
400000664
400005072
400004634
400000665
400005690
400004229
400000666
400002848
400003949
400002978
400004224
400003538
900000152
400000668
400003116
400000670
400000671
400004278
400004150
400000667
400000672
400000669
400005389
400000676
400005707
900000747
400003117
400000679
400004076
400004067
400002839
400004070
400005610
400004672
400004531
400005679
400000682
400005296
400000683
300001438
400003874
400003697
400002804
400005459
400005069
400004902
400005122
400004311
900000818
400003446
400003821
400000684
400000686
400005487
400004108
400000687
400002898
400004616
400005034
400004636
400002947
400000690
400004521
400004499
400000691
400003392
400002912
400000694
400004899
400005631
400004168
400004882
400004173
400003381
400000697
400000700
400004325
400000701
400000703
400003122
400000705
400000832
400000706
900000704
400004599
400000710
400003287
400004335
400000712
400003902
400005672
400005528
400005709
400005058
400003365
400000713
400000714
400004170
400000717
400002866
400000720
400003910
400000721
400000723
400000725
400000726
400000727
400000729
400004867
400000731
400000733
400000734
400000735
400000736
400000737
400000738
400000739
400000740
400000742
400000837
400000743
400003450
400003523
400003702
400002963
400005084
400004231
400005501
400004282
400005694
400004735
400004241
400000750
400000751
400004167
400000756
400000757
400000760
400000763
400004717
400000764
400003499
400003685
400004458
400004575
400004153
400000768
400000769
400000770
400003788
400000774
400004508
400000775
400004482
400003810
400000776
400000778
400000779
400000781
400000782
400004244
400000789
400000790
400000791
400000794
400000797
400000798
400005212
400005682
400004495
400005560
400000804
400000805
400005257
400004407
400000808
400004687
400000813
400003835
400000814
400000816
400000817
400000819
400004690
400005347
400000821
400004426
900000805
400000825
400000826
400004336
400000827
400000830
700000242
400004659
400004425
400004831
400005298
400000833
400000708
400004333
400005256
400003575
400000835
400004900
400000836
400000838
400000840
900000198
400003616
400000841
400000842
400003630
400000847
400004423
400000849
400005273
400004119
400000850
400004129
400003769
400000853
900000762
400004356
400005077
400005144
400000854
400000856
400000857
400000860
400004541
400000864
400000865
400003856
400004908
400004916
900000213
400000867
400002856
400005078
400002829
400000868
400004353
400000869
400004111
400004732
400004818
400000872
400003915
400000874
400005015
400000875
400004106
400000878
400000879
400000880
400000881
400000883
400000884
400004671
400000886
400000887
400003808
400003278
400000893
400004820
400004662
400005221
400000895
400000897
400005220
400000898
400000899
400003406
400005051
400000900
400000901
400004169
400004034
400005685
400000902
400005612
400000903
400000904
400000905
400000906
400003518
400000910
400004766
400004577
400004583
400000911
400000914
400003667
400004670
400000917
400003666
400003422
400004105
400004851
400000923
900000738
400004719
400000924
400000925
400004171
400000920
400000929
400003705
400000930
400000931
400004598
400000933
400000934
400000935
400005460
400003912
400005665
400005530
400003368
400005670
400003560
400000936
400004347
400003925
400003899
400004377
400005648
400004714
400005510
400005234
500001591
400003443
400000939
400000940
400002811
400000942
400000943
400004739
400004342
400005767
400000946
400000947
400000948
400000950
400000952
400000953
400000954
400004868
400003815
400000961
400000965
400000966
400004272
500001589
400004703
400005667
400004444
900000229
400005262
400000968
400004920
400005491
400000969
400004919
400004819
400003444
400005623
400005463
400004003
400000974
400004012
400000978
400000980
400005252
400005080
400000985
400000986
400005098
400000988
400000989
400003783
400000992
400000993
400004606
400000994
400005260
900000772
400003637
400000996
400003567
400000997
900000706
400005645
400000998
400000999
400001001
400001004
400001005
400003691
400001006
400005461
400001007
400004477
400001008
400001010
400004022
400004029
400001014
400003569
400005038
400004603
400003980
400005525
400001019
400004267
400001020
400001025
400002854
400005319
400004611
400005520
400004429
400001031
400001032
400002881
400003391
400001034
400001035
400001036
400003431
400001039
400001040
400001041
400001044
400001045
400005046
400003953
400001048
400001049
400005225
400001050
400005757
400004020
400002807
900000262
400004699
400005668
400003595
400004424
400005721
400005230
400004256
400001051
400001052
400004479
400001054
400004933
400003530
400001056
400003959
400004907
400001058
400004723
400001059
400003992
400001062
400005289
400001064
400005607
400001068
400005598
400005435
400001070
900000274
400001072
400001073
400004852
400003471
400001079
400003639
400002857
400001082
400005055
400001084
400001086
400001087
400005683
400001092
400001094
400001097
400001098
400001099
400001102
400005659
400005300
400005761
400001117
400001120
400001121
400001124
400001126
400001127
400001131
400001134
400005040
400001137
400004088
400004727
400001138
400005162
400001140
400003964
400004049
400004572
400004391
400001141
400001142
400004682
400001143
400001144
400001145
400002861
400001146
400005239
400005719
400005453
400001147
400001148
400001149
400001150
400001151
400004230
400004649
400001152
400004554
400004648
400004087
400001154
400004880
400003643
400001157
400004878
400004834
400001158
400005219
400003245
400002972
400004638
400002944
400001164
400001167
400002859
400005158
400005464
400001169
400004363
400003894
400004674
400004753
400001172
400005397
400005646
400005285
400001177
400001179
400001180
400004290
400001183
400003650
400005663
400001186
400001187
400004932
400005524
400003987
400004155
400001188
400001190
400001191
400001192
400003371
400001193
400005684
400001194
900000299
400001195
400005495
400001196
400001197
400001198
400001199
400001200
400001201
400001204
400001205
400001209
400001211
400001212
400001213
400001214
400001215
400005749
400005441
400005744
400005415
400004697
400004886
400004295
400005270
400004304
400005076
400005676
400005736
400004538
400004483
400005765
400005477
400004734
400004815
400004270
400005686
400001217
400004373
400001220
400001222
400005499
400002994
900000759
400005439
400003023
400003445
400005693
300000581
400003580
400004764
400001229
400004704
400001231
400001232
400004826
400001234
400003853
400002820
400001237
400001238
400001239
400001241
400001242
400001243
400001244
900000320
400002864
400001245
400005647
400005222
400003875
400003205
400005628
400004918
400001247
900000857
400005250
400004497
400002808
400001246
400001252
400001250
400004419
400004884
400001256
400004706
900000719
400005527
400004571
400004156
400003572
400004587
400001258
400001260
400001261
400005063
400001262
400003403
400001263
400001264
400004340
400001265
400005466
400001268
400001270
400001271
400001272
400001273
400004507
400004259
400001274
400001275
400001276
400005729
400001277
400004144
900000714
400004408
400004475
400004560
400005741
400005454
400005490
400001278
400001279
400001280
400001281
400001285
400001286
400003254
400001287
400001289
400002950
400001291
400001293
400001296
400004751
400001297
400001299
400001300
400004300
400003025
400001303
400005473
400001304
400003531
400001309
400001311
400001312
400001313
400005302
900000330
400004488
400001317
900000331
400001319
400001320
400001322
400001323
400005671
400001324
400001326
400001328
400001336
400001337
400004466
400003687
400001338
400001340
400001342
400001343
400001345
900000336
400001346
900000337
400001347
400001349
400001350
400004176
400001353
400001354
400003703
400001355
400001357
400002836
400004487
400001359
400001360
400003760
400001362
400001363
400001364
400002882
400005507
400001365
400002862
400001366
400003755
400001369
400004858
400001371
400001372
400001373
400001377
400001378
400001381
400001382
400001383
400003390
400003121
400001384
400005356
400003867
400001386
400004552
400004854
400004893
400003462
400003950
400005096
400004556
400005070
400003988
400005318
400005602
400001387
400005760
400004874
400005131
400005609
400004501
400005718
400004136
400005434
400004708
400005762
400001389
400001390
400001391
400001393
400001394
400003610
400001399
400001401
400001404
400001407
400004821
400001410
400001408
400001414
400002835
400001415
400001416
400001417
400001418
400004737
400005263
400004469
400003816
900000354
400001421
400001422
400003832
400003707
400001429
400002953
400003786
400001432
400001435
400001436
400003656
400001439
400001442
400001443
400001444
400001445
400001446
400005611
400003881
400001449
400005403
400005702
400005509
400005406
400004395
400001450
400005086
400005706
400004901
400003733
400001452
400001454
400004254
400003778
400001456
400001457
400004386
400001463
400003684
400005081
400005113
400005522
400004264
400001471
400001473
400001475
400001476
400001477
400003728
400004677
400005532
400003943
400001480
400004442
400004691
400004443
400001481
400001485
400003828
400004351
400004655
400003525
400001486
400001487
400004352
400001490
400002937
400003896
400001494
400001495
400001496
400001497
400001498
400001500
400004359
400001501
400004181
400001506
400004092
400001507
400001508
400003775
400001511
400001514
400001515
400003806
400004454
400001523
400001528
400001530
400002917
400004142
400002831
400005768
400001535
400001653
400001540
400001541
400004828
900000384
400003247
400001543
400001544
400004544
400001545
400001546
400001547
400002951
400001549
400001550
400001551
400001602
400001635
400001557
400004338
400001559
900000736
400004039
400002837
400001567
400003203
400005047
400005752
400005521
400001570
400001571
400001573
400001574
400001575
400001577
400004018
400005771
400003399
400001581
400001582
400001583
400001584
400001585
400005261
400001586
400004000
400001588
400001589
400001592
400001598
400001599
400005405
400005059
400001601
400001604
400001605
400001606
400003883
400004032
400004334
400001616
400001617
400005116
400003513
400001620
400003624
400003361
400001623
400005692
400001627
400005303
400001629
400003609
400001631
400001632
400003914
400005281
400005268
400002874
400001636
400002952
400005231
400005248
400004307
400003280
400001638
400002934
400001641
400004910
400001644
300001834
400005496
400001522
400002849
400001649
400001651
400001532
400001652
400003934
400001655
400001526
400001654
400001656
400005039
400001657
400004440
400004016
400005655
400001659
400001660
400004559
400005595
400002892
400004227
400004896
400005764
400003921
400005121
400001663
400005274
400003708
400001664
400001665
400001666
400001667
400001668
400003937
400001671
400005103
400003566
400001672
900000721
400001673
400001674
400003827
400001675
400001676
400003419
400001678
400001679
400005235
400005747
400004694
400005066
400005291
400004894
300001752
400004833
400004225
400005390
400003516
400003799
400004321
900000836
400005275
400004215
400003359
400004428
400001682
400001683
400001684
400001685
400001686
400001687
400001688
400003459
400003931
400001694
400003916
400004817
400001696
400001697
400001698
400003028
400004160
400004315
400005074
400005652
300001337
400003369
400005467
300000781
900000417
400001703
400001704
400001706
400001707
400001709
400004462
400004255
400001712
400005223
400004642
400001715
400001716
900000423
400003507
400001717
400001718
400003886
400001721
400001722
400001723
400001724
400001725
400001726
400001728
400002929
900000426
400004177
900000699
400001729
400005681
400005661
400004023
400001734
400001735
400001738
400002920
400004637
400001742
400005742
400003678
400003726
400001743
400002893
400005110
400004346
400004748
400004271
400004740
400005008
400004848
400004266
400005089
400005696
900000785
400001748
400004180
400001749
400001750
400001752
400001753
400003634
400005728
400001754
400001755
400004492
400004750
400004888
400004188
400003709
400003895
400001756
400001757
400004684
400004258
400004274
400004963
400005745
400005723
400001758
400004923
400005243
400004824
400004207
400005482
400004860
400003879
400001759
400001761
400004113
400003757
300000815
400001767
400004496
400001770
400003978
400004158
400004692
400005456
400001772
400001773
400005143
400003519
400004152
400005271
400003016
400002946
400001774
400003235
400005237
400001775
400003475
400004555
400005450
400005056
400001776
400003358
400004903
400005561
400003970
400004622
400004174
400004344
400001781
400004840
400001784
400001786
400003800
400005724
400001787
300000824
400001788
400001789
400001790
400004612
400005511
400005758
400003740
400004097
400001793
400001794
400003672
400003540
400001799
400001800
400003514
400002927
900000451
400001802
400005641
400005699
400001803
400003435
400001804
400005678
900000765
400001806
400003374
400003539
400001808
400001809
400001811
400004564
400001812
400001814
400001817
400001816
400001818
400003878
400001822
900000458
400001825
400005288
400001826
400001828
400001829
400001830
400004107
400001831
400004279
400003920
400001834
400001835
400001836
400003776
400001838
400004494
400005756
400005651
400001840
400004500
400005400
400004125
400001842
400004260
400005637
400005753
400005442
400005640
400005624
400005705
400005016
900000864
400004745
400004926
400001848
400001851
400001879
400001882
400005763
400002957
400004376
400005280
400003952
400001855
400001856
400001857
400004887
400003909
400003963
400001858
400003389
400003677
400001862
400001864
400004711
400001865
400001866
400001867
400001872
400001873
400001874
400001877
400001881
500001278
400005301
400002803
400001889
400001888
400005287
400003797
400005471
400001890
400001893
400005658
400001894
400001896
400004276
400001898
400001899
400005689
400003830
400002850
400001900
400005411
400004763
400005701
400003961
400004306
400003795
400001901
400004710
400001902
400001903
400004234
400001907
900000794
400001909
400001910
400001912
400004313
400001913
400001915
400001916
400001917
400002903
400001918
400001919
400005531
400003529
400001921
400002958
400005502
400005264
400001922
400001924
400004929
400001925
400004645
900000833
400003689
400001928
400004650
400002833
400005412
400001931
400004141
400003596
400003870
400005597
400004439
400001932
400005700
400005393
400001933
400005754
400003791
400001934
400001935
400003556
400002819
400005746
400001941
400004273
400003946
400003570
400004126
400002852
400001947
400001948
400002787
400003134
400001949
400001950
400001951
400001954
400001955
400001956
400001958
400001961
400001957
400004870
400004502
400001962
400004345
400004409
400001964
400001965
400001966
400003586
400001971
400001972
400001974
400001976
400001977
400001979
400001982
400001983
400001984
400003441
400001985
300000930
400003831
400004534
400002793
400001990
400001992
400001995
400001997
400004641
400003700
400003603
400002000
400002001
400004163
300001817
400002004
400002005
900000504
400005106
400004600
400003243
400002009
400002012
400004621
400005101
400002017
400002018
400002020
400002021
400002022
400004269
400003591
400004147
400002028
400002029
400005575
400002925
400005664
400002030
400005643
400002031
400002033
400002035
400002789
400002041
400002042
400002045
400002044
400003454
400002046
400002888
400002038
900000513
400004558
400002969
400004139
400005448
400005416
400003495
400004579
400002049
400002052
400002051
400005632
400003362
400002054
400005710
400002056
400002057
400002058
400002992
400002062
400003240
400002065
900000718
400002067
400002068
400002071
400002072
400002073
400002074
400002076
400003629
400003386
400003683
400003439
400004596
400004542
400002078
400004624
400005601
400002079
400002080
400002084
400003621
400002085
400005656
400004383
400005759
400004653
400002086
400003812
400002088
400004457
400005446
400003738
400005472
400003398
400004565
400004489
400002092
400005085
400005493
400004472
400004943
400004614
400003695
400003363
400002096
400002097
400002099
400002101
400002103
400004607
400002890
400002105
400004434
400002109
400002110
400002846
900000523
900000709
400002111
400002112
400003512
400002113
400002114
400004046
400005697
400004179
400004652
400002115
400002116
400004294
400002117
400003727
900000525
400004898
400002998
400002118
400005518
400003747
400004485
400002900
400005669
400003861
400004366
400004328
400004464
400004864
400004451
400004164
400003941
400002131
400005657
400002132
400005708
400003532
400003520
400002133
400002134
400002136
400002899
400004873
400004585
400002139
400005743
400002141
400002143
400002144
400002145
400002146
400003918
400004222
400002152
400003843
400004349
400002154
400002155
400002157
400004700
400002158
400003860
400002160
400002162
400002167
400003279
400002168
400002170
400005512
400002171
400002172
400005104
400002174
400003424
400002175
200000699
400005514
400004326
400004252
400004261
400004253
400002179
400002180
400004239
700000632
400002182
900000542
400002183
900000544
400002185
400002186
400002187
400004883
400002188
400002190
400002191
400002196
400004620
400002197
400002200
400002201
400002202
400002204
400002205
400005603
400005662
400002208
400002214
400002215
400003293
400002217
400002219
400002221
400002222
400004332
400002224
400002226
400002216
400002228
400002230
400002231
400002234
400002235
400002236
400004478
400002238
400002240
400002241
400005277
400004357
300001047
400005079
400004205
400003487
400004367
300001650
400005111
400002245
400004580
400002247
400002249
400002251
400002255
400002821
400002258
400002259
400002260
400005773
400002261
400002262
400002264
400002263
400002266
400002267
900000563
400002268
400002269
400002271
400002273
400002274
400002275
400002277
400003754
400002278
400004339
400003794
400002279
400005508
400003029
400002280
300001641
400003602
400002282
400002286
400002291
400004066
900000568
400003343
400002292
400002293
400002933
400002296
400005091
400002955
400003534
400003387
400005751
400002299
400004392
400002300
400002301
400002302
400002303
400002962
400002309
400002310
400004506
400002311
400005529
400004348
400002315
400002316
400003787
400002317
400002318
400002319
400004071
400003701
400003692
400004835
400002322
400002323
400002880
300001070
400005306
400004927
400002327
400005278
400002358
400005630
400004430
400004955
400004281
400004399
400002328
400002329
400002331
400002336
400002332
400002333
400004327
400003850
400004178
400004242
400004043
400003698
400002337
400004310
400002340
400002932
400002341
400002342
400005409
400005428
400003718
400002344
400002345
400002346
400002348
400004546
400003984
400005476
400003923
400004803
400005750
400002352
400004446
400004605
400004251
400003759
400004293
400005033
400005123
400005633
400004474
400002354
400005343
400005067
400005660
400004453
400002357
400005486
400002359
400002363
400004132
400005253
400004114
400004078
400002364
400003903
400005677
400002368
400002370
400002372
400002373
400002374
400002375
900000582
400003985
400002377
400004829
400002380
400002382
400002383
400003315
400002384
400002385
400002378
400002386
400002391
400002393
400002376
400002395
400004456
400005634
400002941
400002396
400004545
400002397
400002398
400002399
400004686
400002400
400002401
400003449
400005386
400004389
400003425
400002404
400002407
400003640
400002409
400002410
400005422
400005674
400003999
400005478
400005526
400005430
400002911
400004148
400005054
400005286
400004151
400003704
400005451
400002961
400002412
400004250
400002413
400002414
900000593
400004140
400003004
400005108
400004435
400005236
400002418
400002420
900000598
400005772
400004277
400002426
400005421
400004080
400005504
400002431
400002427
400002428
400004190
400002430
400002432
400002798
400005688
400004847
400002433
400004597
400002868
400003734
400005484
400005770
400002442
400005082
400002446
400002448
400004354
400005691
400003725
400002450
400002452
400002454
400005240
400004410
400002455
400002456
400002460
400002461
400002462
400002463
400002466
400002468
400002469
400002471
400002473
400002475
400005698
300001530
300001336
900000600
400005653
400002483
400002484
400005399
400004647
400002488
400004805
400002489
400003675
400002491
300001639
900000788
400002493
400002494
400004375
400002828
400002496
400002500
400002503
400002505
400005443
400003440
400005574
400002509
900000615
400002511
400002512
400004589
400002818
400004385
400002514
400004369
400002515
400002516
400002517
400005118
400002518
400002519
400002520
400002521
400003360
400002522
400002523
400002524
400002967
400002525
400002526
400002528
400002529
400003338
400002530
400002531
400002532
400002533
400004303
400002534
400002536
400002538
400002539
400002540
400003948
400002544
900000789
400002545
400002546
400004045
400003693
400002547
400002548
400002549
400005120
400002550
400004051
400003661
400002551
400004604
400004364
400004038
400005675
400002554
400002908
400002555
400004473
400002786
400005748
400002557
400003762
400002561
400004037
400003781
400002884
400005666
400003981
400005276
400005117
400002571
400004715
400002577
400004906
400002578
300001445
400002583
400002586
400002587
400002590
400002592
400002593
400002595
400002954
400005680
400005673
400002596
400002597
400004355
400002599
400002600
400004030
400004350
400004299
400003782
400004810
400004196
400004757
400002604
400003768
400004871
400002606
400003628
400002608
400004731
400003504
400004459
400002613
400005090
400005062
400005737
400005410
400002616
400004581
400002618
400003712
400004922
400002619
400002621
400002622
900000640
400005224
400003500
400002624
400002625
400004208
400002628
400002626
400005387
400004855
400002630
400003805
400002631
400002632
400002633
400002638
400002640
400002641
400004437
400004296
400002645
400005687
400002894
400005093
400005722
400002649
400002651
400004861
400004360
400004931
400004863
400004982
400004569
400004094
400004379
400004024
400002657
400005600
400002658
400004680
400002659
400003433
400002662
400002664
400002665
400002666
400002667
400002668
400002669
400002670
400002672
400004924
400003865
400002675
300001413
400003636
900000650
400005041
400002677
400002679
400005218
400004099
400004709
400005245
400004362
400004101
400005242
400002682
400002683
400002684
400002689
400002690
900000653
400002691
400002692
400002694
400005238
400004318
400004116
400004811
400002697
400002698
400004427
400003979
400002700
400002701
400004681
400002703
400002704
400003317
400002706
400002708
400002710
900000748
900000659
400002714
400003357
400002715
400003971
400002717
400003871
400003825
400002718
400002719
400002721
400002722
400002724
400002725
400002726
400002727
400002728
400005769
400003951
400002729
400002730
400004663
400003632
400004623
400004455
400004675
400002731
400003917
400003858
400005604
400004693
400003123
400002735
400002744
400004365
400002736
400003510
400002738
400002739
400002740
400002741
400002742
400004679
400004643
400004237
400002745
400002746
400003826
400004127
400002815
400002747
400002749
400004891
400004814
400004633
400005735
400004021
400003690
500000951
500001587
500000954
500000955
500000001
500001634
500001618
500001573
500000002
500000003
500000005
500001623
500000007
500001594
500000958
500000010
500000011
500000953
500001446
500000960
500000013
500000014
500000962
500000015
500000963
500000964
500000965
500000016
500000017
500000967
500000018
500000019
500000968
500000020
500000969
500000970
500000971
400004104
500000021
500000973
500000023
500001640
500001647
500000025
500000026
500001490
500001500
500001471
500000978
500001559
500000980
800000032
500000981
500000982
500000986
500001536
500000987
500000033
500000990
500001646
500000992
500000035
500000036
500000994
500000995
500000037
500000996
500000038
500000039
500000997
500000998
500000999
500000040
500000041
500001000
500000042
500000045
500000046
500000047
500000048
500000051
500000052
400000319
500000053
500001001
500000054
500001002
500000055
500000056
500001004
500000061
400005465
500000064
500001005
500000065
500001008
500001009
500000066
500001596
500000067
500000068
500001015
500000069
500000070
500000071
500000072
500001016
500000073
500001563
500001580
500000074
500001019
500000075
500001020
500000076
500000078
500001021
500000079
500000080
500001610
500000082
500001568
500000084
500000086
500000087
500001026
500001028
500001029
500000088
500000089
500000090
500000091
500001031
500001032
500000093
500001033
500000095
500001034
500001036
500001037
500001038
500001629
500000098
500001040
500001041
500001044
500000102
500000103
500000104
500001046
500001047
800000601
500000106
500001049
500000107
500000108
500000109
500000110
500001051
500000111
500000112
500000113
500000114
500001052
500000115
500001053
500000116
500000117
500000119
700000899
500000120
500000121
500001055
500001588
500001058
500000122
500001626
500001639
500001056
500001059
500000123
500001060
500001561
500001062
500001064
500000124
500000125
500001066
500001065
500001067
500000126
500000128
500001073
500000131
500001074
500001605
500000132
500000133
500001075
500000134
500000135
500000136
500000137
500000138
500001077
500001078
500001079
500001080
500000139
500001081
500001082
500000142
500000143
500000144
500000147
500000148
500001084
500001085
500001635
500000149
500000150
500001088
500001089
500000151
500001525
500000153
500001091
300001533
500000154
500001092
500000155
500001093
300001813
500000156
500000161
500001097
500001098
500001100
500001101
500001102
500001103
500000160
500001481
500000162
500001106
500000163
500000165
500000168
500000170
500001110
500001112
500001473
500000171
500000172
500000174
500001116
500001117
500001118
500001119
500001121
500000175
500001577
500000177
500000178
500000179
500001122
500001125
500001630
500000182
500000183
500000186
500000187
500001585
500000189
500001131
500001132
500001598
500001133
500001569
500001488
500000190
500000191
500001136
500001614
500001138
500000193
500001139
500001140
500000194
500001141
500001142
500000195
500001144
500001145
500001613
500001570
500001556
500001147
500001149
500000196
500000197
500001155
500000198
500001156
500001157
500000199
500001158
500001159
500000200
500001161
500001162
500001163
500000201
500001633
500001468
400005259
500000204
500001167
500000206
500001631
500001168
500001169
500000207
500000208
500001172
500000209
500000210
500001491
500000211
500001179
500001180
500001182
500000212
500001183
500001184
500000213
500001185
500001186
500001188
500000214
500000215
500001189
500000216
500001190
500001192
500001193
500001571
500001447
500000218
500000219
500000220
500001599
500000222
500001507
500001199
500001622
500001200
500000225
500001201
500001466
500000226
500000229
500000230
500001202
500000231
500000232
500000233
500001203
500001205
500000234
500001207
500000236
500000237
500000238
500001209
500000241
500000242
500000243
500000245
500000247
500000248
500000249
800000289
500001455
500000244
500000251
500000253
500001212
500000254
500001213
500001214
500001215
500001216
500000256
500000257
500001597
500000258
500000259
300000732
500001223
500001514
500001225
500001226
500001227
500001228
500000260
500000262
500001229
500001602
500001560
500001231
500001628
500001232
500001233
500001236
500000263
500001477
500000264
500001478
500001603
500001239
500000265
500000266
500000267
500001241
500000268
500001243
500001245
500001541
500001246
500001247
500001528
500001530
500000270
500000271
500000272
500000273
500001250
500001251
500001252
800000331
500001254
500000275
500001642
500001255
500000277
500000278
500001463
500000279
500001505
500000280
500001632
500000281
500001258
500001259
500000282
500001562
800000342
500001643
500001578
500001262
500001263
500001526
500000286
500001266
500000288
500000289
500000290
500001267
500001268
500000291
500000292
500001269
500000294
500000295
500001271
500000297
500000298
500000299
500001272
500001274
500001276
500001277
500000300
500001280
500000304
500000305
500000306
500000307
500000308
500000309
400001906
500001282
500000310
500001283
500000311
500000312
500000313
500001284
500000314
500001286
500000315
500000316
500001287
500000317
500001288
500000318
500001289
500000319
500000320
500001290
500001292
500000321
500000322
500000323
500000324
500000325
500000326
500000327
500001296
500001299
500001301
500000330
500000331
500001304
500000333
500001307
500001309
500001308
500000334
500000335
500000336
500000337
500000338
500000339
500000340
500001313
500001314
500001316
500001317
500000341
500000342
500001590
500001320
500001322
500000344
500000345
800000408
500000346
500001492
500001567
500000348
500001323
600000346
500000349
500001324
500000350
500001621
500000351
500001325
500001326
500001584
500001328
500000352
500000353
500001579
500000355
500001330
500001609
500001334
500001604
400004669
500000358
500001335
500000359
500000360
500001336
500001459
500001572
500001338
500001339
500001340
500001341
500001489
500000362
500000364
500000363
500000365
500000367
500000368
500000369
500001540
500000370
500001345
500001347
500001348
500001349
500001351
500000375
500001352
500000376
500001354
500000378
500000379
500001616
500000380
500001358
500000381
500001360
500000382
500000383
500000384
500001361
500000386
500001558
500001363
500000387
500001493
500000388
500000390
500001368
500001369
500001370
500000391
500000392
500001372
500000393
500001529
500000395
500001638
500001627
500001374
500001375
500001376
500000398
500001378
500001548
500001379
500001384
500000399
500001586
500000401
500000402
500001386
500001388
500001389
500001390
500001392
500001394
500001395
500000406
500001612
500000407
500001397
500000409
500001399
500000410
500000411
500000412
500000413
500001402
500000415
500000416
500001403
500000417
500000419
500000420
500001407
500001408
500001645
500000422
500000423
500001411
500001410
500000425
500000426
500001549
500000427
900000628
500000428
500000429
500000430
500000432
500001415
500000435
500000436
500001418
500001419
500001420
500001553
500001422
500001644
500000437
800000648
500001425
500000439
500000440
500000441
500001427
500000442
500000443
500001625
500000444
500000446
500000447
500000448
500000449
500001521
500001434
500001496
500001436
500001437
500001438
500001439
500001440
400003593
500001472
500000453
500001534
500001443
500000454
500001444
500000455
500001637
500001527
500001445
600000005
600000006
600000008
600000009
600000010
600000529
600000013
600000015
600000501
600000016
600000017
600000526
600000020
600000021
600000022
600000023
600000511
600000024
600000026
600000027
600000527
600000031
600000484
600000033
600000034
600000035
600000533
600000037
600000039
600000040
600000042
600000047
600000001
600000049
600000051
600000055
600000057
600000058
600000061
600000059
600000060
600000063
600000064
600000065
600000067
600000072
600000073
600000074
600000075
600000077
600000078
600000080
600000082
300000176
600000085
600000088
600000089
600000091
600000093
600000096
600000098
600000099
600000101
600000102
600000104
600000107
600000108
600000109
500001469
600000115
600000116
600000516
600000117
600000119
600000120
600000121
600000122
600000124
600000125
600000126
600000127
600000128
600000129
600000130
600000131
600000132
600000133
600000134
600000135
600000137
600000540
600000139
600000140
600000142
600000143
600000144
600000145
600000147
600000148
600000149
600000528
600000151
600000155
600000156
600000157
600000158
600000159
600000492
600000160
600000548
600000518
600000163
600000165
600000166
600000167
600000504
600000522
600000168
600000169
600000173
600000175
600000176
600000171
600000177
600000179
600000180
600000182
600000495
600000186
600000189
600000191
600000197
600000198
600000199
600000491
600000204
600000207
600000208
600000209
600000210
600000211
600000212
600000213
600000216
600000503
600000217
600000218
600000534
600000220
600000222
600000223
600000225
600000226
600000488
600000228
600000544
600000233
600000239
600000240
600000241
600000242
600000244
600000245
600000247
600000249
600000250
600000251
600000252
600000256
600000259
600000260
600000261
600000262
600000264
600000266
600000267
600000268
600000270
600000271
600000272
600000273
600000279
600000280
600000281
600000284
600000288
600000289
600000517
600000485
600000293
600000294
600000295
600000296
600000537
600000299
600000300
600000301
600000302
600000303
600000304
600000305
600000306
600000307
600000308
600000310
600000311
600000490
600000313
600000315
600000318
600000322
600000323
600000324
600000150
600000549
600000326
600000327
600000329
600000333
600000335
600000336
200000670
600000339
600000536
600000341
600000342
600000343
600000345
600000347
600000348
600000349
600000351
600000352
600000353
600000354
600000355
600000489
600000358
600000543
600000359
600000360
600000361
600000362
600000365
600000367
600000368
600000369
600000370
600000371
600000372
600000376
600000378
600000379
600000519
600000380
600000386
600000387
600000389
600000390
600000393
600000394
600000395
600000398
600000400
600000513
600000402
600000404
600000405
600000406
600000407
600000408
600000409
600000410
600000521
600000546
600000411
600000412
600000413
600000547
600000417
600000418
600000550
600000421
600000426
600000432
600000435
600000437
600000439
600000438
600000442
600000443
600000446
600000449
600000478
600000453
600000004
600000456
600000457
600000458
700000001
700000937
700000002
700000003
700000004
700000005
700000006
700000007
700000979
700000985
700000009
700000011
700000015
700000839
700000018
700000019
700000021
700000022
700000844
700000023
700000024
700000027
700000028
700000950
700000031
700000033
700000992
700000904
700000034
700000038
700000039
700000042
700000044
700000961
700000045
700000890
700000873
700000046
700000047
700000050
700000925
700000051
700000052
700000054
700000972
700000057
700000059
700000060
700000063
700000065
500001518
700000067
700000070
700000072
700000073
700000074
700000075
700000077
700000078
700000083
700000086
700000092
600000052
700000088
700000093
700000094
700000097
700000099
700000100
700000101
700000102
700000105
700000104
700000106
700000983
700000989
700000110
700000954
700000111
700000113
700000115
500001007
700000856
700000117
700000118
700000119
700000120
700000816
700000121
700000123
700000921
700000124
700000126
700000128
700000133
700000135
700000136
700000137
700000140
700000994
700000958
700000143
700000997
700000836
700000149
700000151
700000152
600000095
700000158
700000933
700000162
700000164
700000166
700000167
700000857
700000169
700000171
700000173
700000177
700000180
700000181
700000182
700000183
700000190
700000907
700000192
700000926
700000193
700000196
700000198
700000200
700000868
700000202
700000204
700000205
700000206
700000207
700000208
700000209
700000213
700000215
700000216
700000218
700000219
700000220
700000984
700000941
700000981
700000915
700000920
700000224
700000227
700000911
700000229
700000231
700000234
700000237
700000239
700000240
700000243
700000245
700000830
700000812
700000990
700000254
700000255
700000256
700000257
700000258
700000259
700000260
700000262
700000932
700000266
700000263
700000265
300001441
700000267
700000270
700000276
700000278
700000875
700000280
700000283
700000284
700000286
700000288
700000289
700000290
700000291
700000294
700000295
700000297
700000902
700000299
700000840
700000938
700000301
700000302
700000806
700000977
700000305
700000309
700000852
700000313
700000314
700000317
700000319
700000846
700000964
700000325
700000326
700000885
700000949
700000329
700000331
700000970
700000332
700000335
700000336
700000337
700000338
700000340
700000999
700000344
700000940
700000351
700000345
700000948
700000944
700000348
700000350
700000352
700000889
700000353
700000354
700000355
700000955
700000356
700000908
700000952
700000845
700000359
700000361
700000363
700000364
700000980
700000367
700000369
700000370
700000371
700000808
700000374
700000375
700000376
700000377
700000378
700000382
700000385
700000387
700000388
700000389
700000391
700000392
700000393
700000394
600000231
700000396
700000987
700000867
700000397
700000400
700000962
700000405
700000406
700000408
700000409
700000412
700000414
700000415
700000417
700000422
700000423
700000424
700000425
700000427
700000428
700000976
700000429
700000430
700000900
700000434
700000922
700000442
700000443
700000444
700000809
700000445
700000448
700000455
700000456
700000457
700000471
700000458
700000459
700000823
700000969
700000865
700000467
700000469
700000919
700000967
700000474
700000478
700000828
700000479
700000480
700000482
700000483
700000863
700000485
700000916
700000488
700000489
700000490
700000491
700000492
700000934
700000497
700000499
700000918
700000998
700000501
700000502
700000503
700000507
700000508
700000509
700000511
700000515
700000516
700000833
700000518
700000519
700000521
700000522
700000523
700000525
700000526
700000913
700000531
700000532
700000533
700000534
700000536
600000317
700000537
700000859
700000538
700000883
700000543
700000545
700000927
700000546
700000547
700000548
700000549
700000550
700000551
700000552
700000553
700000559
700000914
700000562
700000563
700000568
700000569
700000571
700000897
700000575
700000577
700000579
700000939
700000582
700000971
700000586
400005419
700000811
700000951
700000590
700000591
700000592
700000906
700000593
700000594
700000600
700000601
700000993
700000604
700000608
700000609
700000610
700000615
700000617
700000841
700000968
700000821
700000620
700000817
700000621
700000623
700000624
700000625
700000628
700000630
700000631
700000633
700000634
700000635
700000636
700000637
700000639
700000640
700000641
700000642
700000643
700000644
700000645
700000647
700000648
700000831
700000650
700000651
700000656
700000657
700000661
700000662
700000832
700000665
700000667
700000668
700000669
700000671
700000676
700000924
700000991
700000680
700000681
700000682
700000866
700000683
700000684
700000685
700000686
700000687
700000689
700000690
700000691
700000692
700000694
700000695
700000697
700000819
700000698
700000699
700000701
700000702
700000880
700000705
700000708
700000710
700000892
700000713
700000714
700000870
700000719
700000723
700000957
700000724
700000725
700000715
700000726
700000729
700000730
700000953
700000731
700000732
700000733
700000736
700000738
700000739
700000928
700000741
700000742
700000744
700000746
700000747
700000973
700000752
800000577
700000756
700000755
700000758
500001429
700000760
700000762
700000765
700000767
700000770
700000888
700000986
700000959
700000774
700000912
700000978
700000996
700000988
700000776
700000777
700000778
700000779
700000782
700000783
700000785
700000784
700000788
700000791
700000936
700000871
700000793
700000794
800000671
500001582
800000003
800000643
800000005
800000672
800000006
800000007
800000009
800000010
800000011
800000015
800000017
800000021
800000024
800000025
800000026
800000027
800000673
800000031
800000033
800000034
800000035
800000037
800000040
800000043
500000989
800000044
800000046
800000660
800000048
800000049
800000050
800000052
800000053
800000670
800000055
800000057
800000058
800000059
800000061
800000063
800000064
800000065
800000576
800000068
800000073
800000641
800000074
800000077
800000078
800000080
800000081
800000082
800000083
800000084
800000085
300001440
800000090
800000091
800000092
800000093
800000096
800000095
800000098
800000100
800000105
800000590
800000106
500001524
800000108
800000653
800000111
800000113
800000115
800000119
800000120
800000122
800000659
800000123
400004676
800000124
800000125
500001057
800000128
800000622
800000133
800000134
800000135
800000136
800000630
800000141
800000621
800000145
200000892
800000150
800000153
800000155
800000157
800000158
800000573
800000161
500001076
800000162
800000163
800000166
800000646
800000168
800000170
800000175
800000176
800000647
800000177
800000183
800000182
800000184
800000185
800000187
800000189
800000589
800000193
800000199
800000200
800000202
800000204
800000205
800000207
500000184
800000209
800000213
800000214
800000216
800000219
800000220
800000221
800000223
800000224
800000226
800000227
800000228
800000229
800000232
500001624
800000234
800000236
800000238
800000620
800000241
800000245
800000246
800000247
800000250
800000579
800000253
800000254
800000658
800000255
800000261
800000263
800000266
800000267
800000268
800000270
800000271
800000272
800000274
800000277
800000278
800000280
800000281
800000286
800000288
800000284
800000292
800000296
800000297
800000640
800000300
800000302
800000306
800000307
800000309
800000310
800000619
800000312
800000318
200000575
800000316
800000317
800000293
800000319
800000298
800000299
800000322
800000324
900000413
800000326
800000328
800000329
800000330
800000332
800000335
800000336
800000654
800000337
800000338
800000339
800000624
800000341
800000343
800000344
800000346
800000347
800000348
800000349
800000351
800000352
800000353
800000355
800000652
800000356
800000357
800000358
800000359
800000360
800000362
800000363
800000637
800000368
800000370
800000664
800000632
800000372
800000373
800000375
800000376
800000379
800000382
800000608
800000383
800000386
800000390
800000387
800000389
800000388
800000385
800000656
800000391
500001294
800000395
800000397
800000399
800000403
800000404
800000586
800000650
800000665
800000406
800000407
800000409
800000411
800000413
800000414
800000418
800000419
800000636
800000657
800000421
800000422
800000612
800000426
800000428
800000429
800000431
800000432
800000433
800000655
800000435
800000436
800000439
800000440
800000442
800000443
800000448
800000445
800000446
800000447
800000449
800000450
800000580
800000452
800000662
800000454
800000651
800000458
800000459
800000607
800000464
800000609
800000467
800000468
800000470
800000667
800000472
800000474
800000475
800000476
800000477
800000649
400004586
800000483
800000484
800000485
800000661
800000490
800000491
800000492
800000493
800000494
800000495
800000497
800000498
800000499
800000501
800000639
800000502
800000666
800000504
800000582
800000507
800000508
800000512
800000513
800000514
800000516
800000585
800000519
800000520
800000530
800000535
400003945
800000537
800000538
800000539
800000540
800000542
400002842
800000546
800000547
800000551
800000553
800000560
800000562
800000564
800000565
800000566
800000569
900000846
900000852
900000804
900000003
900000004
900000005
900000009
900000012
900000013
900000015
900000016
900000017
900000018
900000799
900000777
400004372
900000034
900000035
900000036
900000037
900000040
900000044
900000046
900000047
900000048
900000051
900000052
900000700
900000056
900000058
900000059
900000690
900000062
900000063
900000064
900000066
900000068
900000826
900000867
900000073
900000074
900000866
900000689
900000076
400000394
900000077
900000078
900000079
900000080
900000082
900000817
900000084
900000085
900000089
900000092
900000097
900000099
900000100
400005711
900000102
900000103
900000104
900000105
900000106
900000108
900000109
900000737
900000110
900000111
900000114
900000118
900000119
900000120
900000121
900000122
900000124
900000743
900000725
900000129
900000131
400005283
900000132
900000134
400004131
900000798
400004644
900000141
900000144
900000145
900000150
900000151
900000153
900000155
900000860
900000822
900000717
400004754
900000156
400005639
900000157
900000746
900000159
900000162
900000164
900000166
900000167
900000168
900000169
900000170
900000796
900000177
900000180
900000184
900000189
900000190
900000194
900000832
900000196
900000780
900000197
900000201
900000202
900000203
900000207
900000209
900000210
900000214
900000215
900000218
900000729
900000809
900000771
900000223
400005060
900000224
900000225
400000963
900000226
900000854
900000829
900000230
900000803
900000232
900000233
900000768
900000234
900000235
900000821
400004733
900000238
900000239
900000240
900000243
900000244
900000758
900000249
400004445
900000250
900000252
900000253
900000254
900000256
900000716
900000257
900000258
900000260
900000261
900000812
900000263
900000264
900000728
900000266
900000269
900000271
900000848
400005061
900000279
900000283
900000284
900000282
900000286
900000287
900000692
400003571
900000834
900000290
900000291
900000856
900000295
900000296
900000297
900000300
900000831
900000303
900000306
900000308
900000838
900000311
900000315
900000316
900000318
900000323
900000321
900000322
900000770
900000741
900000324
900000850
900000326
900000327
600000221
900000328
900000740
900000334
900000339
900000340
900000343
900000344
900000345
900000349
900000760
900000859
900000815
900000861
900000355
900000356
900000359
900000360
900000363
900000364
900000365
900000767
900000367
900000370
900000787
400004667
900000374
900000378
900000380
900000386
900000392
900000843
900000393
900000396
900000397
900000399
900000402
900000403
900000837
900000820
900000406
900000407
900000383
900000410
900000412
400003717
900000414
900000806
900000416
900000418
400004288
900000745
900000421
900000422
900000424
900000425
900000427
900000428
900000429
900000744
900000430
900000431
900000432
400004027
900000766
900000433
900000435
900000824
900000437
900000438
900000778
400004460
900000442
900000443
400002959
900000444
900000445
400004562
900000447
900000449
900000783
900000853
900000450
900000454
900000459
900000460
900000461
900000464
900000851
900000731
900000466
900000468
900000470
900000472
900000756
900000476
900000479
900000480
400001927
900000481
900000482
900000484
400002877
900000694
900000486
900000487
400001945
900000489
900000492
900000493
900000495
900000496
900000497
900000841
900000501
900000505
900000507
900000509
900000510
900000515
900000516
900000517
900000801
900000800
900000531
900000532
900000533
900000535
900000536
900000539
900000540
900000541
400004705
300001018
900000546
900000547
900000548
900000549
900000553
900000554
400004191
900000556
900000557
900000559
900000561
900000564
900000566
900000569
900000567
900000802
900000572
900000711
900000840
900000782
900000575
900000576
900000577
900000578
900000858
400004308
900000828
900000863
900000579
900000580
900000581
900000583
900000585
900000591
900000597
900000599
900000865
900000723
900000601
900000602
900000603
900000849
900000613
900000845
900000618
900000708
900000619
900000764
900000620
400002996
400002543
900000749
900000632
900000631
900000635
900000636
900000637
900000638
900000639
400005109
900000830
900000844
900000645
900000648
900000696
900000652
900000654
900000665
900000658
900000701
900000660
900000662
900000663
900000664
900000666
900000667
300001851
900000668
900000855
900000752
700000195
400005050
200000947
400000515
800000427
200001047
700000112
800000097
500000152
900000341
600000054
700000275
700000292
300001499
700000398
600000253
600000479
600000277
600000340
600000364
700000786
400000390
400003559
500001509
900000211
400003889
300001354
800000290
800000301
400004725
300001680
300001906
200001055
300001683
700000818
400004543
400004660
200000647
600000396
700000862
700000825
400003891
700000966
500000961
700000030
500000022
700000804
600000477
300001842
700000061
300001698
700000081
400000478
500001023
500000083
300001477
400005244
700000199
400005620
700000826
400004120
700000956
500001551
800000143
300001673
500001600
600000486
600000542
700000308
800000195
600000539
800000635
500001619
200000988
700000917
500000202
400003608
700000963
800000257
500001552
400001474
200001069
600000278
300001895
400005420
600000483
400004010
700000476
400004741
500000276
500001256
300001726
700000982
700000505
500001503
400003598
700000520
500001273
700000974
700000931
700000557
700000810
700000574
400004268
500001460
500001502
400005249
800000605
400004760
500001353
500000389
500001547
400004539
500001380
500001382
500001383
500001387
400004403
500001461
700000717
300001699
800000506
800000509
200001115
700000945
800000549
800000550
800000554
800000561
700000790
300001767
300001425
300001564
300001550
300001460
200000890
300001478
800000596
400003377
800000631
400005617
300001333
500001620
700000814
300001528
400003472
400002810
900000847
300001500
400004601
300000637
400004240
400001493
300001873
300001716
400005437
300001332
400004914
300001632
900000792
400005385
400004130
400004743
500001535
900000627
400004602
400005433
300001748
300001256
400003402
800000594
400003638
400003541
400004331
400004994
400003982
400002919
400000753
400003897
400001069
900000763
400001370
400001568
400003331
900000494
900000573
400004100
900000720
400003448
400004247
400000014
400004875
500000029
800000599
400005625
800000099
400000598
400004149
400003960
400004498
400005119
300001648
500001083
400004172
400003809
400003548
500001641
400001352
400004221
900000381
800000305
400003522
0200000245
1900001179
1600002207
1900001126
1900001095
2300013841
1900001009
1900001189
1900000965
1900000495
1900000895
1900000496
1900000498
1900000499
1900001078
1900000903
1900000501
1900000506
1900000508
1900000514
1900000515
1900001049
1900000509
1900001086
1900000517
1900001013
1900001185
1900000964
1900000521
1900001036
1900001159
1900000523
1900001056
1900001093
1900001130
1900000525
1900000526
1900001177
2500002297
0500001545
1900000528
1900001103
1900000530
1900000531
2500001058
1800000435
1900000904
1900001119
1900000534
1900001207
1900000535
1900001149
1600002901
1800000370
1900000536
1900000537
1900000538
1900000865
2900000573
1800000211
1900000540
1900001145
1900001052
1900000542
1900000543
1900000544
1900000545
1900000546
1900000549
1900000550
1900000552
1900001026
1900000824
1900000553
1900000918
1900001038
1900001088
1900000555
1900000556
1900000560
1900000564
1900001142
1900000883
1600002386
1900000566
1900001025
1900000575
1900000576
1900001181
1900001100
1900000579
2300013812
1900000580
1900000581
2300014160
1900000583
1900001067
1900001087
1900000584
1900000585
1900000586
1900000588
1900000589
1900000825
2300007695
1900000590
1900000591
1900000592
2300007703
1900000594
1900000595
1900001015
1900000919
2800000706
1900001083
1900001206
1900001215
1900000932
1900000953
1900000597
1900000598
1900000599
1900001105
1900000604
1900001000
1900000940
1900001135
1900000605
1900000606
1900000608
1900001008
1900000609
1900000612
1900000614
1900000615
1900000616
1900000618
1900000619
1900000620
1900000622
1900000626
1900000629
1900000630
1900000631
1900000901
2400000422
1900000634
2000000405
1900000635
1900001154
1900000637
1900000638
1900000639
1900000640
1900000641
1900000942
1900000868
1900000643
0400004265
1900001012
1900001066
1900000645
1900000646
1900000647
1900000648
1800000252
0400003924
1900000650
1900000651
1900000652
1900000653
1900000847
1900000654
0400004845
1900000656
1900000933
1900000659
1900000661
1900000662
1900000664
1900001061
1900001096
1900000667
1900001175
1900000668
1900001110
1900000670
2300012680
0900000757
1900000671
1900000672
2300010786
1900000673
1900000828
1900000675
1900000676
1900000677
1900000680
1900000682
1900000684
1900000685
1900000686
1900000688
1900000689
1900000690
1900000691
1900000692
0400004961
1900000858
1900000693
1900001152
1900001047
1900000994
0300001771
1900001075
2300008875
0400005307
1900000695
0500000404
1900000698
1900000884
1900000701
1900000702
1900001106
0400003801
2300011537
1900000880
1900001122
1900000943
1900000705
2300015637
1900000707
2000000467
1100000619
1900000712
1900000713
1900000715
1900000716
2300012753
1900000717
1900000718
2300009246
1900000719
1900000720
1900000714
1900000721
1900001214
1900001120
1900000722
1900000723
1900000725
1900000726
1900000870
1900001128
1900000727
1900001117
1900000728
1900000729
1900000730
1600001476
1900000731
1900001137
1900000863
0400004480
1900000733
1900000735
1900000917
1900000741
2300013837
1900001112
1600002531
1900001102
1900000980
1900000743
1900000954
1600002172
1800000436
2300013541
1900001107
1900001042
1900001195
1900000752
1900001157
1900001041
1900000753
1900000756
1900000936
2300009709
1900000757
1900000758
1900001099
1900000759
1900000760
1900000762
2800000603
1900000766
1900000767
1900001169
1900000941
1900001160
1900000768
2400000527
1900000924
1900000770
1900000771
1900000772
1900000774
1900001073
0900000786
1800000364
1900000781
1900000780
2300010004
1900000837
1900001155
1900000786
1900000788
1900001109
2000000338
2000000546
2000000340
0400005006
1600002347
0300000009
0400003855
2000000547
2000000004
2000000510
2000000009
2000000010
2000000462
2000000507
2000000532
2000000012
2000000344
2000000343
2000000014
2000000015
2000000016
2000000019
2000000534
2000000020
2000000021
2000000024
2000000347
2000000025
2000000473
2000000026
2300012460
2000000033
2000000521
2000000530
2000000037
2000000039
2000000040
2000000041
2000000349
2000000043
2000000444
2000000046
2000000352
2000000351
2000000049
2000000050
2000000053
0400000570
2300015052
2000000505
2000000354
2000000468
2000000058
2000000360
2000000059
0600000509
2000000060
2000000061
2000000358
2000000552
0400005614
2000000519
2000000482
2000000063
2000000486
0900000163
2000000068
2000000361
2000000070
2000000071
2000000075
2000000553
2000000080
2000000081
2000000082
2000000084
2000000499
2000000536
2000000363
2000000087
0400000937
2000000497
2000000364
1700004911
2000000090
2000000362
2000000545
2000000091
2000000503
2000000491
2000000366
2000000504
2000000092
2000000367
2000000094
2000000095
2000000550
2000000371
2000000098
2000000100
2000000533
2000000101
2000000478
2000000105
2000000369
2000000106
2000000374
2000000370
2000000108
2000000107
2000000110
2000000375
2000000113
2000000114
2000000500
2000000377
2300004833
2000000117
2000000118
2000000527
2000000121
2000000123
2000000122
2000000124
2000000522
2000000127
2000000382
2000000129
2000000130
2000000131
2000000132
2000000135
2000000138
2000000137
2000000438
2000000140
2000000141
0400001569
2000000428
2000000518
2500000875
2000000147
2000000148
2000000152
2000000508
2000000544
2000000549
2000000386
2000000155
2000000153
2000000385
2000000154
2000000156
2000000157
2000000158
2000000159
2000000164
2000000160
2000000161
2000000162
2000000384
2000000165
2000000166
2000000168
2000000538
2000000388
2000000169
2000000389
2000000170
0900000462
2000000539
2000000176
2000000540
2000000498
2000000173
2000000174
2000000175
0400003340
2000000541
1900000548
2000000487
2000000390
2000000511
1800000214
2000000182
2000000183
0400002011
2000000551
2000000189
2000000393
2000000396
2000000474
2000000394
2000000191
2000000484
2000000531
2000000397
2000000192
2000000194
2000000432
2000000195
2000000196
2000000205
2000000398
2000000201
2000000202
2000000203
2000000399
2000000400
0400004143
2000000204
2000000424
2000000402
2000000528
2000000209
2000000485
2000000210
2000000403
2000000212
2000000213
2000000215
2000000216
2000000217
2000000219
2000000416
2000000418
2000000221
2000000548
2000000537
2000000222
2000000223
2000000225
2000000226
2000000408
2000000228
2000000509
2000000427
2000000230
2000000232
2000000235
2000000494
1700006467
2000000434
2000000239
2000000241
2000000242
2000000243
2000000244
1900000864
2000000411
2000000246
0400003796
2000000250
2100000858
2100000001
2100000002
2100000004
2100000909
2100000797
2100000799
2100000007
2100000009
2100000010
2300014229
2900000604
2100000011
2100000012
2100000743
1700000092
2100000015
2100000784
2100000019
2100000020
2100000021
2100000022
2100000023
2100000026
1700000192
2300011553
2100000839
2100000031
2100000033
2100000803
2100000035
2100000036
2100000037
2100000897
2100000732
2500000089
0400003479
2100000041
0400003742
2100000045
2100000048
2300016662
2100000889
2100000722
2100000050
2100000841
2100000055
2100000056
2100000736
2100000057
2100000059
2100000060
2100000061
2100000823
2500000172
2100000062
2100000064
2300001420
2100000066
2100000068
2100000070
2100000073
2100000826
2100000828
2100000077
2100000078
2100000081
2100000083
2100000084
2100000087
2100000088
2100000738
2100000093
2100000095
2100000096
2100000097
2100000098
2100000104
2100000105
2100000712
2100000106
2100000107
2100000109
2500000270
2100000110
2100000111
2100000806
2100000893
2100000117
2100000121
2900000575
2100000123
2100000124
2100000781
2100000129
2300014603
2100000133
2100000134
2100000135
2100000136
2100000798
2100000137
2500000315
2100000139
1700004652
1600002796
2100000143
2100000144
2100000145
2100000146
2100000866
2100000147
2100000148
2500002501
2100000149
2100000807
2100000883
2100000904
2100000774
0300001657
2100000154
2100000156
2100000836
2100000157
2100000158
2100000159
2100000161
2100000162
2100000163
2100000164
2100000165
2100000167
2100000168
2100000170
2100000172
2100000173
2100000793
2100000176
2100000177
2100000178
2100000182
2100000183
2100000181
2100000184
2100000185
1700004931
2100000186
2100000187
2100000190
2100000191
2100000192
2100000193
2100000867
2100000194
2100000837
2100000199
2100000202
2100000203
2100000808
2100000205
2100000208
2100000209
2100000210
2100000211
2500000434
2100000718
2100000212
2100000214
2100000215
2100000160
2100000171
2100000175
2100000875
2100000218
2100000220
2100000223
2100000224
2100000226
2100000227
2100000228
2100000884
2100000910
2100000873
2100000772
2100000235
2100000236
2100000232
2100000234
2100000239
2100000241
2100000242
2100000243
2300015375
2100000246
2100000248
2100000912
2100000249
2100000251
2300016758
2100000254
2100000255
2100000256
2100000257
2100000746
2100000260
2100000262
2100000263
2100000264
2100000266
2900000177
2300011514
2100000268
2100000270
2100000271
2100000272
2100000895
2100000273
2100000276
2100000278
2100000282
2100000283
2100000284
2300015256
2100000285
2100000286
2100000287
2100000289
2100000290
2100000291
2500000588
2100000789
2100000708
2500001633
2100000295
2500002296
2100000296
2500000613
2100000298
2100000301
2100000303
2100000304
2100000307
2900000206
2100000292
2100000311
2900000541
1400001030
2100000312
0400005627
2100000855
2500002170
2100000315
2100000316
2100000317
2100000319
2500002177
2100000320
2500001684
2100000321
2100000322
2100000324
2100000901
2100000326
2100000886
2100000327
2100000330
2100000331
2100000332
2100000333
2100000337
2100000338
2100000339
2100000343
2100000811
2100000344
2100000346
1400001031
2100000796
2100000349
2100000350
2100000351
2100000353
2100000354
2100000355
2100000357
2100000361
2100000362
2100000824
2100000363
2100000364
2100000365
2100000366
2100000790
2100000721
2100000369
2100000766
2100000370
2100000894
2500000756
2100000374
2100000375
2100000756
2100000378
2100000381
2100000382
2100000760
2100000770
2100000384
2100000387
2100000764
2100000389
2100000392
2100000899
2100000395
2100000397
2100000396
2100000399
2100000400
2100000403
2100000405
2100000406
2100000409
2100000878
2100000805
2100000411
0500001217
2100000911
2100000415
2100000418
2100000419
2100000421
2100000422
2100000817
2500000892
2300014692
2100000719
2100000424
2100000814
2500002394
2100000430
0500001601
2100000872
2100000865
2100000432
2100000433
2100000434
2100000435
2100000891
2100000437
2100000438
2100000439
2100000753
2100000440
2100000441
2100000442
2100000443
2100000447
2100000448
2100000449
2100000450
2100000452
2100000453
2100000898
2100000455
2100000457
2300006630
2100000458
2100000888
2100000459
2300011018
2100000462
2100000794
2100000464
2100000466
2500001624
2100000468
2100000470
2100000473
2900000321
2100000476
2500002389
2100000481
2100000482
2100000905
2100000483
2100000487
2100000488
2100000490
2100000491
2500001060
2100000745
2100000834
2100000907
0400005418
2500002158
2100000495
2100000496
2100000497
2100000499
2100000500
2100000501
2300007301
2100000832
2100000504
2100000505
2100000506
2100000507
2100000508
2100000513
2100000515
2100000516
2100000519
2100000520
2100000521
2100000522
2100000524
2100000525
2100000527
0400005408
2100000530
2100000531
2100000532
2100000819
2100000533
2100000810
2100000536
2500001636
2100000537
2300016666
2100000538
2100000539
2100000821
2900000532
2100000860
2700001074
2100000742
2100000550
2100000881
2100000551
2100000552
2100000553
2100000554
2100000555
2100000556
2100000557
2100000558
2100000559
2100000561
2100000562
2100000563
2100000567
2100000568
2100000569
2100000570
2100000571
2100000572
2100000573
2100000574
2100000575
2100000709
2500001926
2100000576
2100000838
2100000578
2100000850
2100000579
2100000580
2100000725
2100000584
2100000869
2100000713
2100000887
2100000585
2500002300
2100000587
2100000903
2100000588
2100000863
2100000590
2100000591
2100000592
2100000593
2100000595
2100000597
2900000416
2100000598
2100000902
2100000822
2100000601
2100000602
2100000604
2100000882
2100000733
2100000606
2100000608
2100000609
2100000612
2100000614
2100000617
2100000620
2100000880
2100000908
2100000729
2100000622
2100000621
2100000624
2100000627
2100000818
2100000633
2100000717
2100000711
2100000638
2100000639
2100000640
2100000641
2100000642
2100000643
2100000645
2100000646
2100000885
2100000647
2100000870
2100000649
2100000652
2100000655
2100000658
2100000659
2100000663
2100000664
2100000665
2100000666
2100000842
2100000668
2100000812
2100000856
0400005440
1000000459
2100000780
2100000670
2100000671
2100000674
2100000716
2100000675
2100000879
2100000676
2100000678
2100000679
2100000890
2100000681
2100000682
2100000769
2100000684
2100000685
2100000687
2100000852
1200000680
2100000688
2100000690
2100000691
2100000696
2100000693
2100000804
2100000851
2100000694
0300001446
2100000697
2100000698
2100000700
2500002278
2500002270
2100000906
2100000876
2100000701
2100000848
2200000001
1700000006
1700005381
2200000002
2200000003
2200000483
1700000034
2200000005
2200000450
2200000006
2200000485
2200000481
2200000406
2200000039
2200000479
2200000010
2200000011
2200000013
2200000015
2200000477
2200000018
2200000043
2200000022
2200000023
2200000029
2200000413
2200000391
2200000038
2200000042
2200000495
2200000045
2200000046
2200000486
2200000047
2200000048
2200000050
2200000051
2200000054
2200000058
2200000059
1700000436
2200000060
2400000876
2200000062
2200000063
2200000065
1700005211
1600001825
2200000454
2200000067
2200000068
2200000069
2200000070
2200000075
2200000077
1700005140
2200000079
2200000080
2200000476
2200000082
2200000461
2200000446
2200000084
2200000085
2200000086
2200000089
2200000101
2200000090
1300000099
2200000094
2200000097
2200000098
2200000383
2200000102
2200000104
2200000436
1700005845
2200000106
2200000492
2200000107
2200000108
2200000493
2200000110
2200000111
2500002227
1700006264
1700001016
2200000112
2200000428
2200000114
2200000478
2200000491
2200000121
2200000487
2200000123
2500002159
2200000124
2200000125
2200000448
2200000127
2200000128
2200000130
2200000132
2200000133
2200000135
2200000136
2200000139
2200000140
2200000142
2200000143
1700004663
2200000145
2200000401
2200000146
2200000148
2200000149
2200000150
2200000151
2700000343
2200000155
2200000157
2200000158
2200000159
2200000161
2200000162
2200000496
2200000169
2200000171
2200000173
2200000458
2200000469
2200000174
2200000175
2200000176
2200000177
2300004686
2200000178
2200000179
2200000181
2200000182
2200000183
2200000186
2700000450
2200000187
2200000190
2200000191
2200000489
2200000194
2200000195
2200000471
2200000196
1700002054
2200000197
2200000198
2200000199
2200000380
2200000200
1700005139
2200000201
2200000224
2200000226
2200000212
2200000204
2200000208
2200000427
2200000209
2200000210
2200000213
2200000215
2200000216
2200000220
2200000223
2200000225
1700005723
1700005552
2200000229
2200000230
2200000228
2200000231
1700002431
2200000232
2200000233
2200000234
2200000236
2200000237
2200000238
2200000241
2200000242
2200000244
2200000245
1700002499
2200000246
2200000248
2300014404
2200000255
2200000389
2200000256
2300017448
2200000257
2200000258
2300010393
2200000260
2200000263
2200000264
2200000465
1700002739
2200000456
2200000266
2200000269
2200000414
2200000270
2200000271
2200000272
2300011624
1000000246
2200000274
2200000277
2200000279
1700005396
2200000283
2200000287
2200000438
2200000488
2200000288
2200000289
2200000290
2200000292
2200000457
2200000295
2200000297
2200000298
2200000300
2200000302
2200000385
2200000303
2200000304
2200000306
2200000305
1700005408
2200000308
2200000309
2200000310
2200000463
2200000311
2200000313
2200000314
1700005351
2200000316
1400000762
2200000317
2200000318
2200000425
2200000321
2200000322
2200000323
2200000327
2200000437
2200000330
2200000331
2200000494
2200000333
1700003534
2200000334
2200000411
2500001983
1700005019
2200000337
2200000453
2200000339
2200000340
2200000342
2200000343
2200000345
2200000346
2200000475
2200000484
2200000347
2200000348
2200000349
2200000350
2200000351
2200000353
2200000355
2200000480
2200000467
2200000358
2200000356
2200000360
2300000002
2300016989
2300013752
2300000003
2300017121
2300016992
2300011153
2300012833
2300000006
2300000008
2300016207
2300000010
2300017373
2300000013
2500000004
2300000014
2300012445
2300000016
2300000017
2300000019
2300011810
2300017481
2300000020
2300017678
2300014162
2300014473
2300011700
1700005886
1500000003
2300000024
2300000025
2300000027
2300014756
2300017865
2300000029
2300000031
2300010252
2300013881
2300000034
2700000980
2300000035
2300000036
2300000037
2300014259
2300000039
2300017492
2300014253
2300000041
2300000044
2300011849
2300017009
2300016347
2300016368
2300011569
2300013932
2300015188
2300017206
2300016469
2300013450
2300016199
2300016955
2300010769
2300013874
2300015728
2300017102
2300015310
2300016633
2300014071
2300012429
2300013938
2300013363
2300017922
1700005551
2300011468
2300016984
2300000047
2300016587
2300017145
2300013343
2300000048
2300017827
2300011531
2300012848
2300014521
2300000049
2300017806
1200000001
2300015508
2300000050
2300000054
2300000055
2300000057
2300010255
2300017286
2300013006
2300000062
2300010256
2300000061
2300000063
2300000064
2300000065
2300000066
2300000067
2300000068
2300000069
2300000071
2300012586
2300000073
2300000074
1700000026
2300000075
1500000006
2300016574
2300015595
2300016004
2300017614
2300000077
2300000080
2300010464
2300016034
2300015373
2300016772
2300014086
2300011636
2300013796
2300012377
2300013066
2300016928
2300017002
2300017913
2300016993
2300014351
2300015342
1600002624
2300017372
2300012795
2300011737
2300013054
2300011366
1700004546
1900001150
2300000084
2300013394
2300016526
2300015471
2300017022
2300011340
2300013309
2300012969
2300015075
0900000810
2300017197
2300000086
2300016590
2300012720
2300014192
2300014941
2300012508
2300000089
2300012702
2300015107
2300012624
2300016243
2300014145
2300011621
2300015302
2300017427
2300017898
2300013505
2300000091
2300000092
2300016867
2300000093
2300012527
2300000094
2300016433
2300013603
2300014093
2300013310
2300011692
2300011755
2300013963
2300012852
2300000097
2300016399
2300000098
2300000099
2500002156
2300012428
0200000940
2300013679
2300000104
2300017405
2300000106
2300014943
1700000039
2300000109
2300017418
0400005426
2300000113
0200000009
2300014992
2300011233
2300016589
2300000114
2300013261
2300000117
2300016861
2300016232
2300015062
2300013847
2300000119
2300000120
2300014243
2300017123
2300000124
2300000125
2300014668
2300013520
2300000128
2300000129
2300013479
2300011959
2300000136
2300000137
2300000140
2300000141
2300000142
2300000144
2300016774
0600000012
2300017637
2300017315
2300011039
2300012187
2300017411
2300015323
2300016244
2300013583
2300000148
2300011231
2300000203
2300011845
2300000150
2300000151
2300014199
0400004314
2300000153
2300011723
2300012922
2300014341
2300000157
2300017424
2300015547
2300000159
2300014418
2300014082
2300016878
2300011805
2300012888
2300000162
2300010897
2300017143
2300000166
2300000167
2300000169
0400004110
2300015460
2300000170
0400000032
2300014586
2300013634
2300011629
2300000171
2300012580
2300010492
2300000175
2200000452
2300014360
2300000180
2300015490
2300016691
2300014084
1400001108
2300000183
2300015386
2300011122
2300013859
2300000186
2300011645
2300000187
2300000188
2300014040
2300014589
2300013722
2300010690
2300000192
2300000193
2300014678
2300014980
2300015933
2300011097
2300016846
2300012742
2300000197
2300000202
2300010666
1600000031
2300014006
2300000206
2300017378
2300016074
2300000212
2300014419
2300013987
2300014218
2300013618
2300000215
2300017744
2300013527
2300017923
2300015646
2300015515
2300017745
2300013134
2300014834
2300013782
2300014538
2300015401
2300016807
2300000220
2000000441
2300000221
2300011346
2300012932
2300011293
2300017869
2300014994
2300000224
2300017757
2300016456
2300015776
2300016756
2300016278
2300013232
0900000011
2300011856
2300016078
2300011385
0400000044
2300000229
2300010777
2500002530
2300000232
0500000009
2300014707
2300016723
2300010638
2400000695
2300000235
2300000236
2300000237
2300016343
0300000013
2300017860
2300014314
2300015717
2300015606
2300011685
2300017655
2300015753
2300011649
2300017295
2300013235
2300015394
2300000241
2300000243
2300000244
2300000247
2200000472
2300016945
2300017816
2300000251
2300011488
2200000009
2300017425
2300014190
2300015136
2300000255
2300017414
1700004758
2300013068
2300000256
0400003820
2300017721
0600000018
0500000012
2300000259
1500000015
2300015501
2300015446
2300016189
2300011684
2300011234
2300000263
2300000264
2300000268
2300013212
2300015059
2300000273
2300000275
2300000276
2300000278
2300000279
2300014373
2300000282
2300000285
2300000284
2300011273
2300013435
1700006716
2300017606
2300000289
2300013725
0300001474
2500002259
2300010957
2300017278
2300000301
2300017059
2300000303
2300000304
2300000308
1600000039
1800000417
2300011371
0200001090
2300016390
2300014997
2300000310
2300012096
2300014246
2300000312
2300000313
0400000065
2900000527
2300000320
2300012983
1400000029
2300000323
2300000324
1700006566
2300017844
2300015668
2300013077
2300016317
2300013070
2300016762
2300012951
2300017522
2300000328
2300000330
2300017536
2300000331
2300000332
2300000333
2300014270
2300012270
2300000334
2300010919
1600001930
2300000336
2300000335
2300014601
2300011572
2300000338
2300000339
2300000342
2300012195
2300000345
2300013907
2300015301
2300016676
2500000030
2300013023
2300015319
2300000348
0400004510
2300000350
2300000351
2100000773
0400005232
2300000352
2300000353
1400000033
2300013330
2300000356
2300010261
2300000357
2300014345
2500000031
2300000358
2300000359
2300017730
2300000361
2300013328
2300000367
1100000025
2300011162
2300000368
2300000369
2300000371
2300000372
2300012568
2300000373
2300017330
2300000375
2300014699
2300000376
2300000377
2300010592
2300010546
2300010262
2300015854
2300000379
2300000383
2300000385
1000000013
0800000013
2300000387
2300000388
2300014627
2300000389
2300000390
2300000391
2300000393
2300011376
2300000395
2300000401
2300000402
2300000407
2300014265
2300013393
0800000016
2300000408
2300000409
1300000019
2300017480
2300000411
2300011362
1600000070
2300000414
2300000415
2300000417
2300000418
2300017674
2300012465
1200000012
2300000419
2300000420
2300017097
0400004762
2300014371
2300016833
0200000933
1700000167
2300000424
2300000425
2300014580
2300000426
2300013665
1900000960
1500000026
2300014566
2300017477
2300011843
2300016082
2300015392
2300000429
2300013137
2300016875
2300012050
2300014820
2300016581
2300013368
2300000433
2300000434
2300000435
2300000436
2300000438
1700000171
2300000439
2600000012
2300000441
2300017812
2300015685
2300017281
2300017892
2300011053
2300017722
2300017651
2300000451
2300017079
2300012736
2300000453
2300014528
2300012208
2300000458
2300012557
2300013195
2300000460
2300000461
2300000459
2300016009
2300015950
2300000463
2300000465
2300010757
2400001039
2300000467
2300000469
2300012773
2300013839
2300011566
2300000470
2300000473
2300000474
2300011386
2300000475
2300012337
2300000476
2300000477
2300017398
2300000480
1700005558
2300000481
2300010976
2300013643
2300015333
2300015346
2300000485
2300015659
2300000487
2300017907
2300011198
2300012333
2300000495
2300000497
2700000987
2300014304
0400004048
2300013737
2300000499
2300000500
2300016910
2300017747
2300000501
2300000502
2300000503
2300000504
2300010265
2300000507
2300000509
2300000511
2300000517
2300017665
2300017445
2300000516
1400001036
2300015579
2300016179
2300017769
2300013834
2300016940
2300016630
2300014524
2300000520
2300011332
2300015370
2300013511
0600000025
2300016352
2300016345
2300000521
2300000523
2300000524
2300000526
2300016654
2300011886
1700006297
2300000534
2300012267
2300000537
2300000538
2300012689
2300000541
2300000543
2300014913
2300000547
2300000549
2300000550
2300000551
2300000553
2300000554
2300000556
2300000555
2300017020
0300000051
2300000558
2300000559
2300017825
2300016340
2300010266
1900000034
2300000564
2300000568
2300000570
2300015959
2300000575
2300000577
2300000578
2300010513
0400003383
2300000579
2300000580
1700005356
2300000581
2300016573
2300011183
2300017180
1600001852
2300015104
1700000222
2300012904
2500002324
2300000588
1700005313
2300012269
2300017587
2300017537
2300011775
2300011632
2300015080
2300012042
2300000595
2300000596
2300000597
1500000557
2300000599
2300000600
1500000039
2300000602
2300014222
2300000603
2300000605
1400000045
2300000606
2300000607
2300000608
2300000637
0700000872
2300016445
2300000611
2300016425
2300013914
1700006330
2300013624
2300000616
0400000134
2300017849
2300014255
2300016130
2300000618
2300013338
2300015543
2300012585
2300000620
2300000621
2300015238
2500000064
2300011780
2300016658
2300016165
2300000625
2300000626
2300016748
2300015109
2300000628
2300000629
2300017878
2300012215
2300010496
2300000630
2300014249
2300011010
2300013162
2300000632
2300000633
2300000634
2300014242
2300000635
2300000636
2300011206
2300013667
2300015538
2300000639
2300014326
2300017239
2300014497
0400002806
2300016918
2300016070
2300014503
2300017601
2300000645
2300000646
2300000647
2300012209
2300012063
2300017428
2300015678
0600000028
2300000649
2300017794
2300012627
2300010267
1400000048
2300000654
2300000655
2300010982
2300000656
2300000658
2300000659
2300000660
2300010907
2300000661
2300000663
2300000665
2300000666
2300000667
2300017727
2300015246
2300011653
2300000680
2300000683
2300000684
2300017108
2300000686
2300012047
2300000687
2300000688
2300010909
2300012347
2300015630
2300000693
2300017264
2300000698
2300017343
2300011535
2300011914
2300011009
2300016135
2300000701
2300012946
2300010719
2300000703
2300012619
2300000704
2300000705
2300000706
2300000707
2300000708
2300000710
2300000711
2300000712
2300015426
2300015111
2300014932
2300000717
1700000276
2300015916
2300000721
2500000083
2300000723
2300000724
2300000726
2200000382
2300017688
2300011666
2300016296
2300000728
2300000729
2300000732
2200000408
2300000734
1700004884
2300015156
2300000736
2300000738
2300000742
1100000038
2300011644
2300016124
2300000744
2300016272
2300000746
2300000748
2300011138
2300015220
2300000751
2300017862
2300016344
2300016869
1300000030
2300000754
2300000756
2300000757
2300000760
2300015759
2300014500
2300000761
2800000699
2300014220
2300016752
2300016722
2300015229
2300016557
2300014407
2300011975
2300015011
2300017887
2300016980
2300017242
2300013351
2300017552
2300016877
2300012137
2300014507
2300012099
1700000318
2300014571
2300000766
2300011489
1300000032
2300011911
2300015098
2300017467
2300000767
2300017650
2300017012
2300015405
2300000770
2300014808
2300014424
2300016854
2300017529
2300017899
2300017940
2300014284
2300016372
2300015199
2300016971
2300016991
2300015053
2300010274
2300016264
2300012455
2300013396
2300012025
2300012668
2300012199
2300000778
2300000779
2300000780
2300000781
0200000948
2300000782
2300012609
2300000783
2300013455
2300016091
1600000119
2300017321
2300000785
2300012107
2300000786
2300012268
2300011145
2300000789
2300000791
2300000794
2400000032
2400000033
2300000796
2300012461
2300000797
2300014791
2300000801
2300017846
2400000035
2300000804
2300012942
2300000806
2300000807
1500000048
2300000808
0500000030
2300000811
2300000812
1700004843
2300013689
2300013196
2300000813
2300000814
2300017903
2300000818
2300000826
2300011958
0200000943
2300000828
2300017808
2300000830
2300017306
1700005649
2300015073
2300011570
2300000832
2300016808
2300011879
2300000838
2300010621
2300000841
2300013119
2400000036
2300015531
2300015885
2300017168
0200000072
2300011151
2300014039
2300000861
2300017798
2300012598
2300000866
2300016952
2300000868
2300016761
2300000871
2300016394
2300014318
2300000873
2300000874
2300012760
2300016269
2300012589
2300011568
2300000878
2300017216
2300010913
2300017486
0300001483
2300016522
1600000135
2300000888
2300015544
2300000889
2300015069
2300017263
2300000892
2300000893
1300000035
2300000898
1400000073
2300000900
2300000902
2300000904
2300000906
2300000909
2300000910
2400001031
2300000915
2300012534
2300000916
2300000917
2300000920
2300000921
2300000922
2300010577
2300000923
2300000926
2300000928
2300000929
2300000932
2300000933
2300000934
2300000935
2300000938
2300016308
2300000939
2300000941
2300000943
2300000945
2300000949
1700004172
2300000953
2300000954
2300000963
2300000964
2300011267
0400004758
2300015450
2300017112
2300017134
2300013352
2300015719
2300000977
2300000978
2300015038
2300000981
1100000599
2300000982
2300014394
2300015555
2300000983
2300012060
2300000984
2300000987
2300012630
2300012603
2300014196
2300013697
2300000993
2300014781
2300017399
2300012299
2300010504
2300013877
2300000997
2300000998
2300000999
2300014205
2300015982
2300001000
2300001002
2300001004
2300013557
2300016621
2300012331
2300001005
2300017094
2300011048
1700005210
2300017690
2300012343
2300001008
2300001012
2300013571
2300016844
2300013327
2300013146
2300012530
2300001013
2300001014
2300001017
2300001018
2300001019
2300011236
2300001022
2300001024
2300010277
2300001025
2300016186
2300015747
2300001026
2300001027
2300012405
2300014592
2300012752
2300001035
2300001036
1300000043
2300001038
2300001040
2300016455
2300001042
2300016585
2300012653
2300010882
2300013178
2300015077
2300001048
2400000725
2300001050
2300001053
2300001056
1500000057
2900000038
2300001057
2300016159
0700000068
2300011502
1600002255
0600000041
2300014488
1500000058
2300013843
2300001059
2300001060
2100000847
2300015658
2300001063
2300010998
2300015003
2300001064
2300011207
2600000031
2300013573
2300011807
0400004175
2300016406
2300017598
2300012499
2300014651
2300001070
1700000415
2300001071
2300015494
2300011422
2300001072
2300014291
2300016295
2300001076
2300013326
1100000633
2300001080
1500000526
2300013033
2300015056
2300013960
2300001085
2300001086
2300001087
2300001088
2300014338
2400000697
2300016579
2300001090
2300016224
2300015130
2300001091
2300001093
2300001094
2300001095
2300001096
2300010553
2300016000
2300015105
2300013063
1100000059
2300017485
2300001098
2300017318
2300014198
2300001100
2300015046
2300012339
2300015191
2300001103
2300017682
2300001105
2300017804
0400005425
2300001108
2300016405
2300011577
2300015423
2300012456
2300011726
2300011664
2300015462
2300017942
2300001113
2300015013
2300016966
2300017930
2300017662
2300001114
2300011471
0400000251
2300001115
2300001117
2300001118
2300017117
2300010279
2300001119
0400000254
2300013238
1800000037
2300011494
1900000076
2300001121
2300017740
2300001122
2300015469
2300001123
2300001125
2300011354
2400000727
2300001130
2300001134
2300017715
2300001136
2300001137
2300001138
2300001140
2300001143
2300001145
2300001146
2300001148
2300010280
2300012302
2300013886
2300012470
2300001150
2300001151
2300015891
2300001152
2300016138
2300001153
2300010884
2300001156
1100000062
2300011272
2500000132
2300001160
2300016710
2300012941
2300001163
2300011323
2300001166
2300001167
2300001169
2300001171
2300001172
2300001173
2300016173
2300010467
1200000045
2300001179
2300001181
2300001184
2300001185
2300011074
2300001186
2300001187
2300012128
1300000050
2300001191
2300001192
2400000050
2300001193
2300001194
2300001195
2300001196
0200000097
2300016622
2300012485
1500000064
2300016152
2300015979
1900000930
2400001036
2300001200
2300017147
2300001201
2300016788
2300001202
2300001203
2300010616
2300001205
0600000050
2300001206
2300001207
2300001209
2300016292
2300001211
2300001212
2300001213
2300001214
2300001216
2300001218
2300001219
2300001222
2300001223
2300001225
2300001224
2300010731
2300001231
2300001233
2300001252
2300016896
2300001237
2300001238
2300012271
2300001242
2300016422
2300001244
2300001245
2300010859
1800000041
2300001248
2300001249
2300012488
2300001250
2300001229
2300015880
2300001256
0500000044
2300001260
2300015376
1300000054
2300001264
1600000194
2300001266
2300001267
0500001483
2300001270
2300001271
2300001272
0700000089
2300016516
1700005227
2300015395
2300014616
0700000090
2300010712
2300017287
2300010685
0600000053
2300001276
2300014579
2000000470
2300001281
2300001282
2300016946
2300001286
2300001288
2300001290
2300001292
2300017260
2300012420
2300001295
2300001297
2300011620
2300017055
2300001300
2300001302
2300001303
2300012357
2300001306
2300015550
2300001307
2300001308
2300001310
2300001309
2300001311
2300001313
2300001315
2300001316
2300001318
2300015791
2300016956
2300017195
2300015895
2300015170
2300017039
2300016733
2300014181
2300001321
2300012625
2300014292
2000000027
2300001324
2300001325
0500000049
2300001327
2300001329
2300001332
2300011147
2300001333
2300011931
2300011740
2300013433
1700000478
2300001335
2300001336
2300001339
2300012688
2300010282
2300001340
2300001341
2400000699
2300001345
2300001346
2300012993
2300001350
2300001351
0400003354
2300001352
2300001353
2300001354
2300011013
2800000729
2300001356
2300001357
2300001358
2300015709
2300001359
1700000488
2300001360
2300017788
2300001363
2300001364
2300001365
2300013482
2300001367
2300010283
2300001368
2300001369
2300012692
2300001371
2300011044
2300012466
2300016591
2300001372
2300001375
2300001376
2300001378
2300011863
2300013806
2300013047
2300001379
2300017484
2300001380
1100000622
1100000621
2300015921
2300010933
2300017232
2300012953
2300001382
2300014794
2400000938
2300001384
2300001385
1400001007
2300016480
2300012763
2300011860
2300001386
2300001387
2300001388
2300001390
2300012977
2300016379
2300001394
2300013683
2300015839
2300017496
0900000774
2400001073
2300014969
2300001399
2300013298
2300013355
2300014958
2300001402
2300014510
2300016002
2300001404
2300012134
2300013169
2300001407
2300014513
2300015425
2300014085
2300001409
2300001411
2300017752
2300013635
0600000068
2300001413
2300012573
2300011208
2300001417
2300017796
2300001418
2300011012
2300017778
2300014393
2300001419
2300001423
2300017350
2300015007
2300001425
2300012315
2400000731
2300001427
2300001430
2300017819
2500001619
2300001432
2300017279
2300017053
2300017434
0900000722
2300010714
2300016291
2300016899
2300015076
2300012264
2300016441
2300016309
1600003042
2300012789
2300017458
2300017174
2300015158
2300001446
2300012304
2300001448
2300001449
2300001450
2300001453
2300001459
2300001460
2300017150
2300001461
2300001464
2300013655
2300011784
2300001473
2300017880
0500001465
2300010808
2300016558
2400000904
2300016842
2300001479
2300001480
2300001484
1600000243
2300017199
2300013051
2300014666
2300012926
2300001490
1600000244
2300017289
2300014743
2300014844
2300016481
2300012223
2300001491
2300013714
2300001492
2300014356
2300013805
2300001494
2300001495
2300012699
2300012681
2300001496
2300010962
2300001497
2300001498
2300001505
1100000084
2300001507
2300014597
2300015420
2300017837
2300001516
2300001518
2300013968
2300017660
2300001526
2300014150
2300001527
2300001529
2300001530
2300011052
2300016268
2300015110
2300001535
2300014455
2300001537
2300001538
2300001540
2300013484
2300010289
2300012785
2300011946
2300013475
2300013486
0400000367
2300014866
2300001546
2300001547
2300010290
2300001548
2300011814
2300012492
2300014523
2300001553
2300001556
2300015702
2300001558
2300012633
2300015369
2300016931
2300001560
1700004814
2300001564
2300001566
2300010789
2300001569
2600000045
2300001573
2300002040
2300011440
2300001574
2300001577
2300013043
2300015189
2300001579
2300001581
2300013574
2300001584
2300001585
2300001586
2300014182
2300010723
2300015473
2300001591
2300001593
2300001594
2300001595
2300015592
2300001596
2300014268
0200000136
2300012912
2300001598
2300001599
1700000596
2300001600
2300001601
2300001602
2300001604
2300001605
2300001608
2300013499
2300016471
2300001610
2300001611
2300001612
2300001613
2300001614
2300001616
0500001010
2300014161
0800000572
2300001617
2300017739
2300013090
2300001618
2300013281
2300001621
2300012213
2300014007
2300012632
2300001624
2300011787
2300001625
2300011176
0200000139
0200000968
2300001627
1500000093
2300013230
2300001631
2300001633
2300001636
1600000265
2300001639
2400000898
2300001640
0600000079
2300013835
2300001648
2300001650
2300001652
2300016047
2300012426
2300001653
2300001655
2300001656
2300001657
2300017659
2300014677
2300015539
2300012916
2300015978
2300015599
2300015810
2300015444
2300015866
2300013041
2300014384
0800000623
2300013227
2300016764
2300001659
2300011146
2300013848
2300013980
2300001661
2300013792
2300014549
2300011583
2300017803
0300001737
2300013604
2300012897
2300001665
2300010655
2300011799
2300001668
2300001669
2300011320
2300001670
2300001671
2300001672
2300011301
2300001674
1600000272
2300011023
2300001676
2300001677
1500000096
2300010970
2300011656
2300015464
2300001682
2300011300
2300001683
2300012292
2300013784
2300001684
2300001686
2300017160
2300001689
2300017444
2300001692
2300001693
2300001696
2300001698
1700000626
2300001699
2300011724
0300001384
2300011591
2300011746
1700003878
2300001703
2300001704
2300012525
2300001706
2300001709
2300001710
2300001712
2300001714
2300001715
2300010461
2300001717
2300001719
2300010781
2300016759
2300001721
2300001723
2300001688
2300016328
2300001724
2300001725
2300001726
2300011382
2300016672
2300001729
2300010296
2300001731
2300013870
2300001732
2300016791
2100000864
2300001734
2300001736
0700000129
2300001738
2300001739
2300001741
2300001742
2300011741
2300001743
2300013891
1700006090
2300001744
1600000279
2300014088
2300017549
0400004289
2300013175
2300012739
2300001751
0300001573
2300001753
0200000150
2300001754
2300011761
2300013894
2300001757
2300010548
2300001761
2300015775
2300017695
2300016263
2300015890
2300001767
2300001768
2300015488
1900000896
2300001774
1200000087
2300001778
2300010522
2300001779
2300001780
0500001017
2300001781
2300001782
2300001785
2300001787
2300011220
2300001789
2300001792
1000000047
2300001794
2300001795
2300001797
0200000973
0700000141
2300015875
2300015681
2300001820
1900000832
2300001807
2300001809
2300013244
2300010837
1600002551
2300014578
2300013985
2300001811
2300001812
2300015088
2300001813
2300016312
1600002392
2300015870
2300001814
1600000295
2300015116
2300013076
2300001816
2300015184
2300011296
2300001818
2300016473
2300012262
2300017443
2300016612
2300016569
2300001821
2300001822
2300001823
2300014954
2300001824
2300001825
2300017905
2400000972
2300015441
2300017886
2300013528
2300013453
2300001826
2300013617
2300011256
2300001827
2300017941
2300015124
0400004535
2300016796
1200000089
2300012191
2300016348
2300011552
2300012116
2300014836
2300016092
2300014239
2300015445
2300017877
2300013211
2300013970
2300001830
2300016117
2300001831
2300011974
2300016393
2300017222
2300015784
1600002202
2300014124
2300017938
2300012715
2300016900
2300014013
2300016687
2300001833
2300016132
2300014241
2300017838
2300016595
2300013956
2300015580
2300016568
2300011431
2300013896
2300011902
2300013728
2300001835
2300016240
2300017091
2300015972
2300001836
2300014619
2300012112
2300016689
2300001837
2300017505
2300013922
2300001838
2300017265
2300016053
2300001839
2300001841
2300017604
2300001844
1300000613
2300014839
2300001845
2300001847
2300001848
2300001849
2300001850
2300010745
2300001851
2300015031
2300001854
2300010652
2300001855
2300001856
2300012560
2300010943
0400003302
2300001862
2300001864
2300001866
2300001869
2300001872
0600000086
2300001875
2300001876
2300012104
2300001879
2300001882
1200000094
2300013219
2300001887
2300016746
2300001889
2300013903
2300001890
2300013471
2300001893
2300012622
2300015093
2300011829
2300001897
0900000091
2300001901
2300001902
2300017285
2300001905
2300015299
2300001908
2300011291
2300011347
2300001909
2300001911
2300001914
2300001915
2300001916
2300001917
2300001919
2300001920
2300001891
2300001922
1400000140
2300001926
1700005337
0300001377
2300014570
2300010300
2300012446
2300012285
2300015936
2300001934
2300001935
2300001937
2300001940
2300013182
0700000153
2300001944
2300001945
2300012764
2300013500
2300011068
2500002073
2300010596
2300001950
1600000318
1200000096
2300001954
1600000320
2300001956
2300001957
2300012859
2300001959
2300017826
1600000322
2300001960
2300001961
2300001962
2300011368
2300016324
2300001964
2300001965
1500000109
2800000759
2300013118
2300001966
2300014615
2300001967
2300001970
2300012501
2300001973
2300001971
2300001972
2300011562
2300001974
1700003921
2900000082
2500000240
2300011486
2300001976
2300015343
2300001979
2300010538
2300001980
2300001982
2300001984
2300001985
2300015697
2300011432
2300001987
2300001989
1700004901
2300011246
2300001991
2300001992
1600001936
2300017527
2300001995
2300011816
2300001997
2300012224
2300001999
2300002002
2300002003
2300002004
2300015341
2300002005
2300015330
2300013384
2300002008
1600000331
2300015159
2300002011
2300002012
2300002015
2300002017
2300002018
2300012163
2300002024
2300015339
2300012584
2300017277
2300017093
2300013709
2300002025
2300016384
2300010301
2300017787
2300002028
2300002029
2300012106
2300012687
2300016449
2300015487
2300017934
2300011239
2300014961
1700005517
2300014736
2300011109
2300002033
2300002035
2300002036
2300010608
2300017502
2300014472
2300011745
2300012577
2300014978
2300002037
2300011617
2300002038
2300013409
2300002039
2300002041
2300002042
2300002047
2300002048
2300002049
2300016822
2300017607
2300017313
2300002052
2300002053
2300015533
2300013855
2300002054
2300017802
2300012325
2300017691
2300002056
2000000495
2300010618
2300015128
2300015949
2300013795
2300014113
0400005247
2300012571
2300017462
2300014841
2300014370
2300016266
2300015623
2300016933
1900001045
2300015830
2300016537
2300017142
2300002060
2300014477
2300017920
2300014829
2300010749
2300016711
2300015812
2300013609
2300017884
2300012518
2300015604
2300017863
2300002062
2300011451
0300001780
2300002065
2300013779
2300016046
2300015928
2300017526
2300013291
2300017314
2300015977
2300002067
2300002069
2300016757
2300002070
0600000106
1900000873
2300013334
0800000079
2300002071
2300002073
2300017004
2300002076
2300002077
2500001712
2300002078
2300002080
2300015792
2300002082
1300000093
1500000116
2900000087
1700004948
2300002084
2300002086
0400000518
2300002087
2300002090
2300002092
2300002093
2300002094
2300017476
2300002095
2300002091
2300002097
2300011790
2400000897
2300002099
2300002100
1800000059
2300002102
2300002103
2300002105
1600001986
2300002107
2300002109
2300002110
2300002111
2300002112
2300002113
2300002115
2300010847
2300002116
1500000495
2300002117
2300014813
2300002118
2300002120
2300002121
2300013742
2900000091
2300002126
2300002127
2300015671
2300002119
2300002123
2300002128
2300011069
2300002129
2300002130
2300015034
2300002131
1800000062
2300002132
2300002133
2300010625
2300002136
2300010305
2300002137
2500001943
1200000108
2300010725
2300002140
2300002141
2300002143
2300013935
2300013568
1700004316
1100000625
1600000366
2300002149
2300002159
2300002160
2300016582
2300002167
2300002168
2300012550
2300002169
2300002171
2300002174
2300002176
2300002178
2300002180
2300002182
2300002183
2300002184
2300002187
2300015879
1700004239
2300002194
2300002198
2300015862
2300002199
2300002202
2300002203
2300002204
0200000184
2300015607
2300002207
2300017212
2300013769
2300015414
2300012072
2300017296
2300002210
2300002211
2300014308
2300012075
2300016821
0400004025
2300015018
2300002215
2400000100
2300002222
2300010447
0400005246
1600002567
2500002068
2300016736
2300015625
2900000555
2300002224
2300013009
2300002225
2300002227
2300015927
2300014299
2300002228
2300013538
2300015757
2300013040
2300002230
2300017680
2300015586
2300010306
2300002234
2300002235
2300012321
2300011982
2300002241
0200001085
2400000101
2300002246
2300012798
2300015152
2300014494
2300010682
2300011490
0700000960
2300002250
2300013385
2400000102
2300002254
2300017065
2300012899
2300002261
2900000098
2300017337
2300011529
2300011120
2300016198
2400000740
2300002267
2300012497
2300013685
2300017307
2300015477
2300002274
2300016891
2300002275
2600000079
2300011189
2300002278
2300016367
2300002288
2400000104
2300016479
2300016798
2300013990
2300017683
2300011712
2300002292
2300012034
2300002295
2300017738
2300002296
2700000997
2300011597
2400000105
2300002298
2300013867
2300002305
1500000127
2300012513
2300013800
2300002306
2300012182
2300012078
2300002308
1200000653
2300013899
1600002442
2400000107
2300002312
2300015966
2300011350
2300013072
2300002315
2300002316
2300015491
2300017577
2300002318
2300014545
2300002322
2300002323
2300002324
2300014280
2300011739
2300015207
2300002326
2300002328
2100000128
2300011945
2300002331
2300014753
2300002332
2300013173
2300017164
1600002897
2300014516
2300002335
2300002336
2300016930
2300002337
2300002338
0700000186
2300010680
2300002345
2300016935
2300010450
2300002347
2300011561
2300017793
2500000302
2300002356
1400000956
2300002352
2300002353
2300015027
2300012138
2300010716
2300011881
2300016167
2300016835
2300013143
2300002358
2300015347
2300017456
2100000131
2300017515
2300002360
2300016155
2300016006
2300013975
1600002258
2300002361
2300017783
2300015577
2300002363
2300002364
2700000190
2300002369
2400000741
2300002372
2300010960
2300002377
2300012028
2300002381
2300002382
2300002386
1600000403
1600000404
2300002388
2300002390
2300002391
2300017241
2300002392
2300015802
2300002393
2300002394
2300017559
2300012119
2300002397
2300013181
2300013966
2300002398
2300015212
2300002402
2300017632
2300002405
2300002406
2300002410
2300002412
2300011175
2300014963
2300012812
0400002896
2300002413
2300012306
2300015087
2300017911
2300002415
2300015389
2300013840
1100000588
2300017018
2300017719
2300015283
2300002417
2300015570
2300012732
1600002473
2300014738
2300002421
2300002422
2300012917
0400000607
2300015514
1600001744
2300010539
2300014840
1700004871
2300014234
2300015856
2300002424
2300015260
2300016497
2300013459
2300013591
1600002909
2300014317
2700000933
2300017558
2300002425
1400001070
2300014731
2300002426
1100000135
2300002427
1600002067
2300002428
2300017076
2300002429
2300017229
2300016713
2300002430
2300002431
2300016261
2300017276
1700005110
2300016699
2300017668
2300017044
2300015878
2300002435
2300016288
2300002436
2300002438
2300010822
0300001493
2300012332
2300013531
2300017866
2300012984
2300014358
2300014539
2300002441
2300013597
2300014618
2300002442
2300011827
2300002446
2300002447
2300002448
2300002451
2300002453
2300002454
2300010606
2300017588
2300002455
2300013539
2300015818
2300014332
2300016532
2300015901
2300002458
2300017933
2300011607
2300016495
2300014368
2300002465
2300010597
2300012708
2300016033
2300002467
2300013965
2300012519
2300002469
2300016586
2300002472
2300013468
2300002478
2300002479
2300010311
2300010667
2300002480
2300002471
2300002481
2300002483
2300002484
2300002485
2300002486
2300011184
2300016432
2300015434
2300002488
0200000905
2300014873
2300017128
2300002489
2300015644
2300011989
1700004851
2300014096
2300017780
0400003649
2300012135
2300014201
2300014316
2300015536
2300017213
2300015970
2300015958
2300002495
2300011377
2300012371
2300017708
2300014885
2300002498
2300016593
2300002499
2300002500
2300016461
2300002502
2300002503
2300002504
2300015755
2300002506
2300002507
2300012952
2300016322
2300015594
2300017881
2300011758
2300016172
2300014307
2300016504
2300002509
2300010872
2300013400
2300015897
2300015789
2300015157
2300013849
2300012781
2300010588
2300002511
2300002512
2300002513
1600002259
2300016483
2300017157
0200000924
2300015943
0700000203
2300015745
2300013746
2300017340
2300014944
2300010722
2300015416
2300016840
2300017694
2300013902
2300016246
2300002517
2300002518
2300012533
2300002519
2300002521
2300002522
2300002523
2300010978
2300002524
2300002525
2300002526
0400003301
2300012666
2300002527
2300002528
2300002529
2300002530
0900000143
2800000698
2300002531
2300002532
2300016086
2300012657
2300002533
1600002285
2300011096
2500000329
2300002534
2300011912
2300002535
2300011500
2300011599
2300002537
2300002539
2300002540
2300002541
2300017571
2300011391
2300014276
0500001050
2300002543
2300002542
2300002544
2300016947
2300002545
2300015740
2300010721
2300011873
2300014924
2300002551
1300000119
2300002554
2300002555
2300014028
2300002556
2300014115
2300011098
2300002557
2300012103
2300017464
2300002560
2300002561
2300002562
2300002563
2300017073
1700005000
2300002564
2300002565
2300011691
2300014518
2300002567
2300002568
0700000212
2300002569
2300002571
2300002572
2300014123
2300002573
2300010659
2300002574
2300002577
2300002576
2300010904
2300002579
2300002580
0900000147
2300002581
2300002582
2300010312
2300016906
2300002583
2300002635
2300016453
2300002586
2300011732
2300002587
2300002588
2300017845
2300002589
1200000135
2300016811
2300002591
2300002594
2300002597
2300002598
2300013909
2300017754
0800000121
2300002602
2300017800
1900000179
2300002599
2300015313
2300015841
2300002608
2300012758
2300012778
2300015180
2300017498
2300014950
2300002609
2300014112
2300012775
2300002614
2300013593
2300002617
2300012064
2300002619
2300013798
2300015368
2300017676
2300015953
2300015247
1300000625
2300015222
2300014598
2300013639
2300015997
2300015521
2300016370
2300012212
2300002620
2300017446
1600002364
2300017596
2300002621
1600000443
2300002622
2300002623
2300002624
2300002625
2300013986
2300002628
2300012665
2300011581
1700005941
2300002632
2700001083
2300015498
2300002633
2300017557
2300017661
0400004713
1800000078
2300012079
2300002634
2300013569
2300017901
2300017371
2300015934
2300013926
1600002137
1700005559
2300016050
2300013919
2300014349
2300013250
2300017048
2300013978
2300016013
2300017176
2300016123
2300012857
2300017487
2300002636
2300016916
2300016538
2300002639
1700004555
2300011730
2500001992
2300002641
2500002226
2300010313
2300012971
2300012970
0900000819
2300016766
2300012184
2300015243
2300002642
2300012141
2300002643
0500001517
2300017098
2300002644
2300012407
2300012871
2300016634
2300015886
2300015964
2300014244
2300016287
2300002646
2300013307
2300016596
2300015520
0400003900
0400005295
2300016319
2300002648
2300002650
2300002652
2400001061
1100000593
2300002657
2300012658
2300011026
2300017555
0900000687
2300002660
2300011429
2300002661
2300015553
2300016197
2300002662
2300012618
2300015316
2300002664
2300002665
2300012756
2300013546
2300016715
2300015819
2300017085
2300016108
2300015134
0500001550
2300015876
2700001028
2300002666
2300017250
2300002667
2300002668
2300014595
2300016701
2300013320
2300017786
1100000152
2300017167
2300011551
2300013300
2300016085
2300016250
2300002670
2300002672
2300002673
2300013705
2300002674
2300014290
2300012988
2300015083
2300002675
2300017361
1900000814
1000000073
2300016525
2300015947
2300012602
2300010481
0600000475
2300013012
2300017320
2300012165
2300002677
1700004754
2300010542
2300002680
2300002681
0400000693
2300015481
2300002682
2300011865
2300013087
2300015954
2300012069
2300015516
2400001006
2500002426
2300016965
2300002686
2300002687
2300011728
2300002688
2400001037
2300012637
2300002689
2300017310
2300017120
1600002156
2300015670
2300014197
2300017817
2300017764
2300002691
2300017795
2300002696
2300002697
2300002699
2300002700
2300002701
2300002703
2300002704
2300017735
2300011894
2300014236
2300002708
2300002709
2300011157
2300017535
2300011762
2300014698
2300012959
2300015296
2300013059
2300002710
2300012883
2300002711
2300017096
2300016929
2300002712
2300002713
2300011695
2300015463
2300011298
2300016150
2300017618
2300015402
2300016660
2300014482
2300012918
2300002717
2300014853
2300016416
2300015183
2300014231
2300016779
2300016017
2300016219
2300016249
2300002718
2300016937
2300013116
2300011479
2300002719
2300002720
2300015215
2300013353
2300016307
2300016358
2300017355
2300014564
2300016110
2300017759
2300017509
2300017441
2300014322
2300015518
2300014495
0200000230
2300002723
1500000496
2300011526
2300002729
2300002730
2300002731
2300017921
2300011503
2300016801
2300002732
0400005417
2300002734
2300011518
2300013758
1600000510
1500000144
2300016784
1500000145
2300012398
2300016783
2300012341
2200000435
2300011908
2300010846
2300002768
2300002743
2300013151
2300014128
2300002746
2300012052
2300002748
2800000646
2300002749
2300002750
2300002752
2300002754
1500000149
2300002755
2300002756
2500001970
2300012447
2300016448
2300002758
2300002760
2300012404
2300012765
2300002763
2100000861
2300002769
2300016890
2300002770
2300011022
2300002772
2300013913
2300011042
2300002774
2300013026
2300003074
2300002775
2300015893
2300002776
2300002779
2300010980
0500001063
2300002781
2300002783
2400000127
2300002784
2300002764
2300002786
2300002787
1600001823
2300011522
2300017646
2300012643
2300002789
2300002790
2300013247
2300002791
2300011305
2300002792
2500002145
2300013034
2300016139
2300012621
2300002795
2300002796
2300012090
2300015061
2300014640
2300012378
2800000701
2300011623
2300017904
2300014546
2300017512
2300017014
2300016857
2300002802
2300002803
2300002826
2300012724
2300015355
2300002809
2300013386
0300000315
2300002810
1500000531
2300002815
2300002818
2300002819
2100000180
2300002820
2300015216
2300010944
2300002822
1500000522
2300016850
2300002823
0400004547
2300010880
2300012329
2100000179
2300015452
2300002830
2300002832
2300002834
2600000390
2300002835
2300002836
2300013716
2300011987
2300014742
2300002837
2300014705
1100000159
2300002839
2300002841
2300002842
2300002845
1100000160
2300002846
2300017774
2500000397
2300013895
2300015840
2300002851
2300012312
2300012129
2300002854
2300016404
2300016610
2300014030
2300014557
2300013832
2300002860
2300002861
2300002863
2300002866
2300002867
2300010701
2300014266
2300002870
2300015910
2300016072
2300014413
2300011782
2300017234
2300002875
2300016290
1700005806
2300015650
2300002879
2300002880
0800000144
2300002881
2300017741
2300011417
2300002890
2300016828
2300011855
2300013687
2300002893
2300011040
2300013007
2300012846
2300002896
2300017190
2300011979
2300016974
2300002898
2300014934
2300017717
2300002901
2300002902
2300016137
2300014179
2300015329
2300014550
2300014996
2300002905
2300010319
2300002907
0600000141
2300011981
2300015883
2300002910
2300017335
2300002911
2300002912
2300013257
2300002915
0500000130
2300002919
1400000255
2300014976
2300002922
2300002923
2300002924
0800000634
2300002928
2300017303
2300016323
2300002932
2300002934
2300002936
2300002937
2300015846
2300002939
2300002940
2300013451
2300002943
2300002946
2300016578
2300002948
1600000493
2300002950
2300010730
2300002953
2300002956
2300002957
2300002958
2300002959
2300002961
0400002895
2300002962
2300012369
2300002965
2300017217
2300017360
2300014887
2300002966
2300011767
2300002969
2300012925
2000000423
2300011430
2300011047
2300015721
2300015459
2300002972
2300002973
2300011701
2300010697
2300002974
2300002977
2300010617
2300010971
2300002982
2300002983
2300015817
2300017170
0200000258
2300002985
2300002988
2300002990
2300002991
2300002992
2300013288
2300014890
2300013662
2300016353
2300017248
2300002998
2300014554
2300010763
2300016439
2300014622
2300003002
2300003003
2300003004
2300016381
1300000571
2300003006
2300003008
2300011056
2300003009
2300012569
2300013402
2300003012
2300015391
2300003013
2300003017
2300003018
2300016550
2300013371
2300003022
2300014215
2300012646
2200000119
2300003024
2300011244
2300014233
0600000512
2300017061
2300010785
2500000422
2300003032
1100000595
2300015279
2300003036
1700005753
2300003040
2300011464
2300013448
2300015114
2300003041
2300003043
2100000206
2300014831
2300010320
2300003045
2300015907
2300003046
2300012902
2300010953
2400000140
2300016787
2300014235
2300003051
2300011674
2300003054
2300016121
2300003055
2300003057
2300014542
2300003058
2300011485
2300015026
2300003059
2300003062
2300017130
2300012062
2300003065
2300003066
2300003068
2300003069
0800000156
2300017539
2300015489
2300013666
2300016862
2300011091
0700000244
1900000190
2300003071
2300003072
2300014267
2300014529
2300017379
2300011639
2300013611
2300003081
2300017210
2300011381
2300003082
2300014690
2300003085
2300003086
2300003087
2300003089
2300003091
2300003094
2300014203
2300003097
1200000164
2300014684
2300003098
2300003100
2300012623
2300003102
2300010695
2300014122
2300003105
2300003107
2300003109
2300003110
2300014706
2300017184
1600001794
2300003112
2300016551
2300010928
2300003113
2300017358
2300003117
2300003119
2300014296
2300017191
2300017560
2300012693
2300003122
2300016521
2300016750
2300013871
2300015782
2300003125
2300003126
2300003130
2300003131
2300003134
2300003139
2300003140
2100000726
2300003141
2300003144
2500001890
2300003147
2300003150
2300003151
2300003154
2300003156
2300003158
1100000173
2300003161
2300003162
2300003163
2300003165
1700001201
2300003166
2400000141
2300011032
2300014279
2300003178
2300013380
2300003184
2300003187
2300016176
2300012039
2300003188
2300016553
2300013142
2300016200
2300003189
2300012787
1500000161
2300003192
2300003193
2300003195
2300010973
2300013198
0800000165
1600001833
2300014289
2300003203
2300015100
2300016458
2300013283
2300003204
2300015002
2300003206
2300012085
2700001063
2300003208
2300017641
2300016793
2300015986
2300011779
2300016657
2300011880
2300012695
2400000144
2300003215
2300012154
2300003220
2300003222
2300012529
2300016077
2300017024
2300003224
1500000162
2000000083
2300011080
2300003225
2300011270
2300016652
2300014415
2300003227
2300003228
2300003229
2300003230
2700000961
2300003232
2700001015
2500000469
2300015057
2300003236
2300003213
2300012172
2300003238
2300010470
2300003239
2300012805
2300003241
2300012281
2300003243
2300010324
2300003248
2300003250
2300003253
2400000976
2300014511
2300012334
2300003254
2300017368
2300013775
2300003258
2300003259
2300016019
2300017893
2300003262
2300003268
2300003212
2300003270
2300003271
2300016667
1600000532
2300012168
2300003277
2300015851
2300003282
2300003285
2300014450
2700000927
2300003286
2300003288
2300013915
2300003290
2300003295
2300003296
2500002141
2300003298
2300014189
2300017255
2300016090
2300003300
2300013053
2300011791
2300003305
2300003306
2300003307
2300013517
0200000275
2300003310
1600001818
2300003311
2300003313
2300003314
2300015998
2300003315
2400000148
1400000295
2300013684
2300014137
2300003321
1400000297
2300003322
1600001956
2300003323
2300016462
2300017729
2300012839
2300015763
0200001084
2300011605
2300016361
1500000168
2300003327
2300003328
1600002321
2300017859
1700005282
2300003332
0400000896
2300003333
2300011859
2300003334
2300015324
1700004404
2300003335
2300015932
2300014515
2300003340
2300003342
2300017751
2300003348
2300011093
2300003349
2300003351
2300013265
2300017917
2300003354
2300016428
2300003358
2300016818
2300014390
2300015831
2300014658
2300003361
2300016489
2300003363
2300016969
2300003367
2300012647
2300017415
1700005369
2300003370
2300014922
2100000244
2300003372
2300014533
2300003374
2300003375
2300003380
2300003368
2300012391
2300003379
0400004881
0200000952
2300016494
2300003382
2300003386
2300013736
2300003388
1100000191
2300003391
2300017718
2300011303
2300016131
2300003396
2300011011
2300014178
2300003397
2300003398
2300015045
2300015278
2300015028
0400003345
2300003400
2300003403
2500001814
2300013824
2300003405
2300003408
2300015509
2300003409
2300017638
2300003411
2500002139
2300003414
2300016338
2300014376
1700005198
2300011341
2300014067
2300003420
2300003421
2300012022
2500002298
2300017258
2300017914
2300003424
1300000164
1600001950
2300003428
2300013717
2300003429
2400000155
2300017247
2300015962
2300003433
2300003435
2300015700
2300003436
2300003437
2300003450
2300003438
2300003439
2300013558
2300015540
0300001535
2300015480
2300015716
2300017507
2300003441
2300003443
2300003445
2300012298
2300014295
2300003446
2300012098
2300016802
2300003447
2300003448
2300003449
1700001313
2300003457
2300017011
2300015017
2300014650
2300014319
2300003458
2400000160
2300003459
2300003462
2300016650
2400000161
2300012989
2300003464
2300011067
2300014790
2300017406
2300003466
2300003468
2300010720
2300014903
2300012361
2300013862
2300011706
2300013788
2300013829
2300003472
2300003473
2300014309
2300003475
2300017342
2300003476
2300003479
2300003480
1600000556
2300003483
2300012895
2300003487
2300003488
2400000163
2300003491
2300003492
2300012583
2300016626
2300003494
2300012841
2300003496
2300003498
2300003406
0400000916
2300010641
2300003505
2300016659
2300014092
2300003507
2300003508
2300003509
2300015378
2300003510
2000000088
2300013239
2300016389
2300016698
2300014561
2300010994
2300016209
2300003514
0700000268
1600003154
0400005210
2300003515
2300011544
2300003517
2300014965
2300003518
2300003520
2300003521
2300003522
2300003524
2300016975
2300015661
2300012980
2300003530
2300003529
2300017440
2300013469
2300015381
2300017068
2300003533
2300015863
2300015523
1000000358
2300015682
2300003534
2300015631
2300013959
2300003532
2300003535
2300016093
2300015019
2200000449
2300003536
2300017420
2300017716
2300016282
2300017162
2500002045
2300016315
2300003540
2300003541
2300003544
1100000586
2300015085
1500000176
2300003546
2300003547
2300016948
2300015440
0900000222
2300003550
2300003552
1100000207
2300003557
2300003558
2300014696
2300010988
1700001355
2300003561
2300015194
1700006179
2300012613
2300014657
1500000552
2300015888
2300014637
2300017311
2300015266
2400000165
2300016905
2300017138
2300014027
2300003566
2300015827
2300013177
2300013445
2300015993
2300017090
2300014646
2300013664
2300011248
2300011342
2300015048
2300015525
2700000914
2300003571
2300003572
2300003573
2300003575
2300003577
2100000253
2300003579
2300003580
0600000164
2300003583
2300003584
2300003586
2300003587
2300003589
2300003590
2300003591
2300013439
2300003592
2300013260
2300003593
2300016684
2300015984
2300003597
2300011217
2300017839
2300011889
1700005086
2300003601
2300011766
2300014261
2300013095
2300015989
2300003603
0700000274
2300014981
2300017450
2300010650
2300016874
1000000110
2300003607
2300012297
2300003608
2300003610
0500000158
2300003613
0400005470
2300003615
2300003616
2300003622
2300003625
2300010891
2300003631
2300016073
2300016183
1500000180
2300003635
2300003636
2300003638
2300003639
2300011469
2300003643
2300003648
1700001385
2300003653
2300003654
2300003655
2300003658
2300003659
2300003661
2300012949
1500000182
2300003669
2300003670
2300003671
2300013585
2300003675
2300003676
2300015228
2300017725
2300003678
2300003679
2300003680
2300003687
2300003689
2300003691
2300003693
2300003695
2300003698
2300003696
2300003699
2300003700
2300015596
2300017896
2300017590
2300003701
2300003702
2300016961
2300003706
2300003709
2300003710
2300010487
2300003712
2300003713
2300012002
2300003714
2300003715
2300012252
2300017437
2300003721
0800000581
2300003722
2300003723
2300003730
1300000598
2400000760
2300003733
2300003734
2300003736
2300003738
2300003739
2300003743
0700000815
2300003746
0200000315
2300016311
2300003751
2300003753
2300003754
2300003756
2700000331
2300003761
2300003762
2300003766
2300012288
2400000861
2300003770
2300003771
2300011319
2300010332
2300003774
2300003777
2400000175
2300011045
2300003782
2300003783
2300003784
2300016488
0600000541
2300014625
2300003787
2300003788
2300014649
2300017271
2300015309
2300013022
2300015712
2600000430
2300013706
2300003789
2300003790
2300016859
2300011292
2300003791
2300014224
2300003792
2300003798
2300014146
2300013397
2300016298
2300003801
2300003802
2300014159
2300003803
2300015561
2300016627
2300015843
2300011633
2300003804
2300014643
2300017832
0400004842
2300013401
2300015257
2300016271
2300010911
1600000604
2300016546
2300003811
2300003815
2300017050
2300017501
2300003817
2300003812
2300016063
2300017833
2300003821
0300001454
2300010562
2300015957
2300003823
2300003824
2300016220
2300003825
2300003826
2300014078
2500000529
0500001108
2300012975
2300003827
2300003828
2300003829
2300014999
2300015040
2300012373
2500002399
2300011337
1900000279
0400000984
0400003452
1700001438
1700005264
2300016533
2300013337
2300011608
2300016371
0400000987
2700000337
2300017702
2300014670
2300003835
1700004422
2300003838
2300011874
2300003841
2300003846
2300003848
2300003851
1600001975
2300003854
2300003856
2500000542
2300003859
2300014487
2300003861
2300003862
2300013079
2300003864
2300003860
2300011084
2300015079
2300013168
2300003866
2700000952
2300003867
2300003871
2300003873
2300011465
2300003874
2300011707
2300003875
2300015727
2300010336
2300003876
0600000178
2300012300
1800000427
2300011735
2300003881
2300003882
2300015632
2300015919
2300016510
2300017610
2300015800
2300003888
2300003890
2300003891
2300003894
2300010875
1300000192
2300016387
2300003901
2300003902
1600002356
2300003903
2300016714
2300014230
2300011003
0200001075
1500000195
2300003907
2300003908
2300003910
2300003912
2300003911
2300003915
1700004941
2300015826
0400001021
2300011792
2300003916
2300003918
2300003919
2300003920
2300003922
2300003923
2200000154
1000000124
0200001040
2300003925
2300016084
2300003928
2700000354
2300003929
2300003933
2300011404
2300010479
2300015809
2300012046
2300003940
2300017750
2300013111
2300003941
2300017864
2300012174
2300013463
2300016487
2300017916
2300003943
2300003944
2300016431
2300003952
0300001833
1700004920
2300017381
2300014795
2300003955
2300017035
2300017386
2300003956
2300003958
2300003960
2300003962
2300003963
2300003964
2300003965
2300003967
2300003972
2300016866
1700001507
2300003974
2300011094
2300003976
2300003978
2300015148
2500001770
2300015738
2300003984
2300014541
2300017580
2300012737
2300015780
2300017367
2300017107
2300003987
2300011905
2300003989
2300016541
2300003992
2300003994
2300017069
2300003995
2300003990
2300015308
2300015005
2300014403
0400001046
2300017873
2300016230
2300015443
2300016388
2300016302
2300012900
2300016839
2300011191
1700004891
2400000702
0800000190
2300003997
2300011164
2300004000
2300004002
2300004005
2300004006
2300012289
2300004008
0400003508
2400000187
2300004012
2300004013
2300017037
2300004015
2300004017
2300017365
2300010640
0400005635
2300011659
2300012506
2300015771
2300017875
2300015233
2000000461
2300004020
2300013161
2300015060
2300015838
2400000765
2300013708
2300017654
2300015944
2300004022
2300014567
2300014536
2300004024
2300014671
2300004025
2300010338
2300012796
2300016028
2300011274
2300012180
2300010339
2300015794
2300004029
2300017413
2300014077
2300017792
2300011883
2300004032
2300004031
2300012247
2300004033
1500000202
2300004034
2300017030
2300015903
2300012037
2300004035
2300012203
2300004036
2300010792
2300004037
2300004039
2300016214
2300014888
2300013347
2300004041
2300017630
2300014505
2300012239
2300004044
2300013629
2300013467
2300004045
2300013981
2300015636
2300004046
2300015751
2300013952
2300014748
2300004047
2300013559
2300014260
2300004050
2300016960
2300004051
2300004052
2300010656
2300004054
2300004056
2300013644
0500001114
2300004058
2300016848
2300004061
2300015483
2300004062
2500001802
2300015559
2300015652
2300017070
2300015781
2300017153
2300015001
1700001535
2300004063
2300004064
2300004065
1600002157
2300015236
2300004066
2300016231
2300004067
2300012537
2300004068
2300017432
2300010809
1300000206
2300004070
2300004071
0600000502
1800000324
2300004073
2300015649
2300004040
1100000238
2300004076
0400004759
2300015000
2300004078
2300013191
1500000205
2300014837
2300011235
2300012966
2300014681
2300004082
2300004083
2300012255
2300013314
1700004767
2300013918
2300004087
2300012809
2300004088
2300004089
2300014330
2300004092
2300015859
2300011387
2300004100
2300004101
2300004102
2300004104
2300013184
2300004106
2300004108
2300013636
2500002488
2300004114
2300014687
2300011384
0400004897
2300012362
2300012115
2300011266
2300004116
2300004117
2300004118
2300004121
2300004124
2300004126
2300012605
2300004127
2300015447
2300004129
2300013713
2300015041
2300012234
2300013851
2300004131
2400000909
2300004134
2300004135
2700000977
2300017723
2300011965
2300004138
2300004139
0900000272
2300015133
1600002204
2300004142
2300004145
2300016706
2300016203
2300004148
2300004151
2300004152
2300017208
2300004153
2300004155
1700005256
2300015039
2300016908
2700001026
2300012301
2300015896
2300011819
2300004162
2300012858
2300004167
2300004168
2200000165
2300017820
2300015186
2300010525
2300004169
2300004170
2300013726
2300004174
2300012985
2300004176
2300004178
2300004179
2300016780
2300017611
2300015289
2300012656
2300004182
2300004181
2300016604
2400000198
0400001083
2300004183
2300013552
2300012636
2300004184
2300004185
2300016369
2300004186
2300004188
2300004190
2300004193
2300004194
2300014000
2300017220
2300004196
2300004197
2300004201
2300016629
2800000235
2300014164
2300012531
0200000358
2300004206
2300013663
1500000209
2300004215
0300000511
2300004216
2300004217
2300004218
1700004773
2300004219
2300010660
2300011111
2300004220
2300004223
2300004226
2300004227
2300004228
2300004229
2300015737
2300017463
2300012019
2300013240
2300004232
1200000207
2300004233
2300004235
2300004237
2300004238
2300004241
2300004242
1800000122
2300004244
2300004245
2300011152
2300011900
0800000201
2300004249
2500000624
2300015917
0700000320
2400000883
0700000321
2300004257
2500000627
2300004258
2300004259
2300004260
2300015151
1100000243
2300015348
2300012927
2300013872
2300012259
2300004267
2300016519
2500001955
2300015752
2300004269
1100000244
2300004275
2300011651
2300004278
2300014324
2300014408
2300010343
2300017225
2300004284
2300015327
2300010799
2300004288
1700006103
2300011655
2300004290
2300004294
2400000206
2300017410
2300004297
2300004298
2300004300
2300004302
2300004303
2300004304
2300013383
2300004307
2800000243
2300012703
2300017140
0600000193
0900000688
2300014607
2300014325
2300017584
2300016915
2300017696
2300015924
2300017791
2300017736
2300017553
2300016902
2300017779
2100000801
2300016880
2300017396
2300017763
2300014729
1600002543
2300016213
2300014921
2300014214
2300017594
2300017889
2300010747
2300013613
2300015935
2300016210
2300004313
2300004315
2300004318
2300004319
2300004321
2300016446
2300004323
2300004324
2300004328
2300013441
1100000638
2300014547
2300004334
2300004336
1300000218
2300013681
2300013598
1100000246
2300013756
2300004339
2300004341
0800000208
2300010346
2300004351
2300004352
2400000770
2300016438
2300014722
2300004355
2300011014
2300004356
2300004358
2300004360
2300004361
2300011939
2300004362
2300012836
2300004365
2300016769
2300014584
0700000858
2300017773
2300010735
2300017205
1600002479
2300015232
2300012923
2300013740
2300013625
2300013858
0400003849
2300014551
2300017262
0500001554
2300004367
2300012380
2300014306
2300015086
2300013042
2300013138
1700001680
2300012594
2300013994
2300012880
2300015761
2300015664
2300014264
2300016334
1600000681
2300004369
2300016274
2300014982
2300016245
2300004370
2300016639
2300004372
2300017149
2300004374
2300016306
2300017203
2300016081
2300017046
2300016320
2300012013
2300015889
2300014035
2300014025
2300011611
1300000225
2300013248
2300015185
2300004381
2300013610
2300011140
2300014480
2300011642
2300004386
2300004387
2300004388
2300004389
2300015264
2300004391
2300010869
2300010537
2300011338
2300012197
2300004394
1500000216
2300004398
2300004399
2300016776
0700000342
2300014717
2300004401
2300016114
2300015911
2300013898
2300004404
2300004405
2300014173
2300017023
2300011786
2300004406
2300004407
0500001134
1600000690
0400003995
2300013019
2300016143
2300004410
2300016363
2300015356
2300014635
0600000201
2300015358
2300004412
2300013324
2300017777
2900000599
2300015656
2300013318
2300004417
2300004418
2300015821
2300004420
2300004422
2300014810
2300017843
2300010348
2300004479
2300013582
2300017518
2300004427
2300017454
2300011532
2300004430
2300004431
2300004435
2300016996
1200000231
2300004428
0400005725
0200001079
2300004437
2300012150
2300016951
1100000255
1700001711
2300013630
2300013413
2300015251
2300004440
2300013814
2300017686
2300011576
2300016547
2300014804
2300004448
2300015576
2300010901
2300004450
2300011143
1600000699
1000000445
2300016692
2300004459
2300004460
2300012319
0400004802
2300016377
1300000231
2300011195
2300004465
2300016978
2300016201
2300013844
2300013325
2300004421
2300004467
2300004468
2300004469
2300015146
2300016256
2300004470
2300004471
2300011534
2300013452
2300011000
2300017499
2300015704
2300014200
2300012290
2300013083
2300013818
2300004425
2300004426
2300013893
2300012314
2300004481
2300016193
2300004483
2300014960
2300016066
2300012205
2300011678
2300004488
0400001173
2300004489
2300004490
2300011286
2300011977
2300004494
2300004498
0300000560
1600000707
2300014723
2300004503
2300004504
2300004508
2300004509
2300004510
2300016235
2300017119
2300011703
2300004515
0800000669
2300011940
2300014399
2300010738
2300012716
2300004517
2300015250
0400004876
2300014645
2300015772
2300004519
2300014386
2300014835
2300014562
2300013529
0400003682
2300017851
2300012054
2300014807
2300012579
2300004521
2300004522
2300014712
2300012663
2300015513
2300004524
2300004525
2300004526
2300004527
2300016705
2300004529
2300013440
2300004530
2300004531
2300016744
2300004532
2300004533
2300004534
2300012091
2300004535
2300016062
1400000918
2300004538
2300004539
2300004540
2300004541
0700000886
2300004543
1300000561
2300004545
2300004546
2300011496
2300004548
2300004549
2300004550
2300004551
2300004552
2300004554
2300015484
2300004556
2300010351
2300004557
2300004559
2300011826
2300010516
2300004561
2300013039
2300004566
2300004567
2300004568
2300004569
2300004572
2300013237
2300012696
2300017698
2300013567
2300004575
2300004578
2400000703
2300004579
2300016688
2300004580
0200000960
2300014609
2300017136
2300013753
2300013755
2300010899
2300016125
2300016452
2300016620
2300013501
2300004586
2300004587
1500000223
0800000638
2300012659
2300017631
2300015035
2300012263
2300004591
2300016870
2300004592
2300010462
2300004593
2300016129
2300004594
2300004595
2500002463
2300004596
2300012175
2300010920
2300011491
2300010643
2300014624
2300017400
2300015349
2300004600
2300004601
2300013973
2300004604
2300004606
2400000223
2300004609
2300013126
2300004611
2300004615
2300004616
2300004621
2300004622
2300004624
1600000726
2300012726
2300004625
2300004626
2300004627
2300013939
1300000241
0400005005
2300012940
2300015168
2300016884
2300015587
2300004628
2300014634
2300015438
2500001771
2300004629
2300017305
2300013430
2300013633
2300017429
2300017154
2300015120
0500001523
2300010968
2300015894
2300012409
2300013264
2300017392
2300014158
2300016474
2300015552
2300017246
2300015877
2300013267
2300016600
2300017384
2300016330
2300016872
2300013787
2300013873
2300017517
2300015203
2300017908
2300017657
2300012962
2300017474
2300004632
1500000551
2300014805
2300017364
2300017491
2300017125
2300011088
2300015635
2300017186
2300014984
2300014321
2300016934
2300017083
2300015068
2300016126
2300015769
2300015613
2300013494
2300017345
2300017534
2300016414
2300010604
2300017935
2300015744
2300016653
2300015037
2300014695
2300014983
2300015519
2300014952
2300017408
2300017842
2300017393
2300012360
2300016208
2300016411
2300017926
2300016297
2300004636
2300004639
2300004640
2300017042
2300014574
2300004643
2300004644
2300004645
2300015765
0400004257
2300004649
1100000266
2300004652
2300004654
2300012196
2300017209
2300012011
2300016145
2300016790
2300004658
2300010910
2400000915
2300004661
2300004662
2300004664
2100000783
2300004669
2300004671
2300004672
2400000910
2300013361
2300017317
2300004673
2300015172
1800000136
2300010639
2300011308
2300017635
2300013222
2300004679
2300004683
2300013793
2000000514
2300004685
2300016349
2300016640
2300004687
0400005436
2300015562
0400005269
2300004692
2300011415
2300013962
2300016147
2300004698
1800000371
2300004700
2300014441
2300004702
2300004705
1700004491
2300010489
2300012317
1200000652
2300004709
2300014254
2300004715
2300012727
1500000231
2300010494
2300004718
2700000422
2300010456
2300011034
2300004724
2500000704
2300004727
2300004728
0900000314
2300004735
1300000251
1700005838
2300004738
2300004741
2300004742
2300010700
2300004744
2300013600
2300017431
2300017040
2300004752
2300004754
2300015235
2300013822
2300014460
2300015703
2300014004
1700004158
2300011857
2300017831
2300012092
1100000274
2300004760
0700000843
2300011190
2300004761
2300015453
2300004763
2300015295
2300013616
2300016829
2300011556
2300010819
2300010936
1200000249
2300010357
1500000234
2300013901
2300015437
1500000546
2300004765
2300017829
2300004766
2300017272
2300012125
2300012018
2300010997
2300015125
2300016563
2300015081
2300015803
2300017010
2300015388
2300011750
2300017684
2300015965
2300016168
2300010765
2300015507
2300004775
2300010989
2300011764
2300010679
2300013342
2300017323
2300015847
2300010563
2300016158
2300014577
2300017699
2300004777
1600002872
2300016255
2300010791
2300004779
2300016754
2300010932
2300004772
2300004782
2300004785
2300017353
2300004783
0200001037
2300004786
2300016251
2300015868
2300016451
2300017835
2300015824
1600003161
2300014416
1900000907
2300004787
2300016958
2800000285
2300014486
1000000345
2300016083
2300016913
2300016976
2300017809
2300017639
2300004788
2300011768
2300013632
2300017051
2300012779
2300017235
2300011538
2300017732
2300014825
2300004792
2400000232
2300004793
2300015922
2300004795
2300016645
2300004796
0700000366
2300004797
2300013285
2300010358
2300004798
2300015357
2300012358
2300011804
2300017937
2300004800
2500002524
2300014605
2300012093
2300004801
2300004802
2300011282
2300014381
2300011954
2300016360
2300014893
2300012776
2300004896
2300013555
2300004806
2300015237
2300011322
2300011059
2300004812
0400001266
2300004814
2300013765
2300004816
2300004819
2300004820
2300004823
2300004825
1400000436
2300017645
2300016763
1500000236
2300011515
2300004831
2300016036
2300016738
2300014398
2300017673
2300015829
2300017397
2300013417
2300015449
2300016986
2300016485
2300004832
2300014945
2800000290
2300004835
2300015424
2300015535
2300016957
2300015736
2300010842
0300001428
2300014385
1100000639
2300014644
2300017338
2300013640
2300012148
2300012644
2300004837
2300004839
2300015749
2300014492
2300014502
2300014762
2300016827
0400003880
2300011288
2300013809
2300016599
1100000637
2300017500
2300004842
2300013532
2300013865
2300011402
2300017200
2300016402
1700005516
2300004843
2300013563
2300004846
2300011493
2300014600
2300017772
2300017163
2300004847
2300014344
2300012905
2300004848
2300015255
2300015848
2300013995
1300000632
2300004851
2300012477
2300004852
2300004853
2300004855
2300004856
2300004858
2300017583
2300004859
2300004860
2300004861
2300016741
2300015096
2300004863
2300004865
2300004870
2300004871
2300015855
2400000235
2300004874
2300004875
2300004876
2300014802
2300004882
2300004884
2300017687
2300004886
2300004887
2300004888
2300014294
2300004895
2300017830
0300001342
0200000436
2300013544
2300004900
2300004902
2300013602
2300015874
2300004903
0300000612
2300017874
2300004907
1500000238
2300004908
2300004910
2300004913
2300011588
2300016545
2300004916
2300017238
2300014256
1100000290
2300004920
1700005051
2900000544
1700004303
2300004921
2300004922
2300011610
2300004923
2300004924
2300004926
2300017626
2300015054
2300017028
2300010520
2300017401
2300004931
2300004932
2300013698
2300014240
2300004934
2300016218
1600000784
2300004937
2300013615
1700005360
0300001514
2300004940
2300012390
0300001598
2300016339
2300004944
2300016029
2300004945
2300004947
2300017932
2300004948
2300004949
2300016116
2300016067
2300012691
2300015762
2300004954
2300013377
2300004956
2400000888
2300004959
2300004961
2300004962
2300016392
2300004963
2300010879
2300014532
2300012351
2300004965
2300017331
2300017755
2300004969
2300017720
2300004971
0600000224
2300016970
2300004973
2300004974
2300010734
2300015867
2300004977
2300012355
0500001495
2300016614
2300010361
2300015676
2300016539
2300004983
2300011686
2300013246
2300011980
2300015383
2300011073
2300004989
2300015022
2300015227
2300015486
2300017251
2300013882
2300017797
2300004994
2300014955
2300004996
2300004999
2300005000
2300012842
2300016924
2300005007
2300017807
2300010807
2300010646
2300017237
2300015722
1700005783
2300016995
2300017532
1700005446
2300017472
2300015705
2300013399
2300005014
2300013533
2300013996
2300005017
2300005020
2300005021
2300005022
2300005024
2300005026
2300005027
2300005029
2300005036
2400001038
2300005038
2300011358
2300013251
2300005040
2300005041
1700001922
2300005043
2300017293
2300005045
2300005046
2300005047
2300005048
2300005049
2300005051
2300005052
2300005054
2300013974
2000000457
2300017616
2300005060
2300005061
2300005062
2300005065
2300005067
2300005068
2300005070
2300005071
2300012725
2300005073
2300005076
2300005077
2300013483
2400000880
2300005082
2300005083
2300005087
2300016847
2300005088
1400000464
2300005094
2300014749
2300005097
1900000371
2500000754
2300005100
2300005105
2300005107
2300010514
2300005109
2300005111
2300005117
2300005118
2300005119
2300013979
2300005125
2300005127
2300011612
2300005128
2300005129
2300005130
2300015693
2300005132
2500000760
2300011658
2300005134
2300005136
2300005139
1200000279
2300005140
2300005141
2300005142
2300005147
1600000815
2300005150
2300005151
2300012595
2300005152
1400000471
2300005154
2300011002
0200000471
2300005157
2300017025
2300005159
2300005164
2300005165
2300005166
2300005168
2300005170
2300005172
2300005174
2300005175
2300005176
2300005177
2300005180
2300005183
2300005185
2300005186
2500000773
2300005190
2300005191
0500000217
2300005193
2300005194
2300005196
2300011839
2300005198
2300015582
2300005201
2300005202
2300005203
1900000891
2300013526
2300005205
1900000381
2300005206
2300012516
2300005208
0400003876
2300011355
2500001765
2300011771
2300015770
2300017912
2300005211
2300016831
0400005284
2300016470
2300014535
2300015372
2300011654
2300012277
2300012403
2300005215
2300014973
2300017689
2300015497
2300014245
2300005212
2300017449
2300017569
2300015629
2300005216
2300017017
2300016375
2300016293
2300014653
2300005218
2300016803
2300013720
2300015955
2300012690
2300013107
2300013271
2300014555
2300017523
1900001060
2300016588
2300014402
2300014414
2300015393
2300015832
2300011328
2200000462
2300005221
2300011021
2300015149
2300017376
2300014372
2300014469
0500001592
2300012709
2300016685
2300015938
2300016253
2300016544
2300015835
2300005224
2300013278
2300013999
0400004309
2300005226
2300012957
2300015667
2300012965
2300015522
1600000827
2300016678
2300016380
2300014312
2300016499
2300015639
2300005227
2300005228
2300016071
2300017354
2300005229
2300012987
0400004002
2300014886
2300005230
2300014940
2300017006
2300005231
0400003723
2300016982
2300013566
2300015276
2300012342
2300016813
2300016281
2300017151
0400004862
2300015992
2300014348
2300017652
2300015396
2300016609
2300017482
2300015940
2300017104
2300015169
2300017026
1000000534
2300014033
2300016695
2300016832
2300015178
2300014422
2300017856
2200000468
2300014354
2300005237
2300005238
2300005241
2300005242
1500000517
2300011324
2300005246
2300015557
2300005250
2300005252
2300016879
2300005253
2300005251
2300005256
2300016997
2300013092
2300005258
2300005259
2300005260
2300005262
2300017375
2300005266
2300005272
2300017929
2300017080
2300015281
2300005274
2300005278
2300005280
1700002008
2300005284
2300005285
2400000254
1700006475
2300005288
2300005289
2300013495
2300005292
2300014020
2300010363
2300005294
2300005296
2300005297
2300016181
0400005309
2300016418
2300005299
2300005302
2300011680
2300015948
2300005304
2300005305
2400000966
2300005310
2300005311
2300005312
2300005314
2300010985
2300005316
2300005321
2300005322
2300005323
2300005325
2300005326
2300005331
2300017619
2300016898
2300017544
2300017036
2300016027
2300014642
2300016817
2300005332
2300005333
2300005334
2300005335
2300012146
2300015359
2300017003
2300014822
1700005066
1300000569
2300016517
2300005342
2300011992
2300005343
2300005344
2300014638
2300005347
2300005349
2300005350
2300005353
2300005354
2300017362
2300005357
2300014204
0500001470
2400000261
2300005360
2300011302
2300017521
2300014144
2300012474
2300005368
2300005369
2300014534
2300005371
2300013930
2300016170
2300005375
2300005376
2300012855
2300016228
2300005377
2300016252
2300014527
2300010912
2300005382
2300011127
2300017888
2300014232
2300014948
2300005387
2300005388
2300005390
2300005391
2300005392
2300005393
2300015129
2300013477
2300005398
2300013595
2300005402
2300005403
2600000201
2300005413
2300012914
2300017936
2300005418
2300005421
2300005422
2300005423
2300013880
2300005433
2300014821
2300005442
2300005443
2300005444
2300005446
2300017252
2300005448
2300015175
2300005451
2300014750
2300005452
2300013772
2300016382
2300012376
2300016749
2300017649
2300013751
2300005456
2300005458
2300016570
2300013358
2300005461
2300005463
2300015715
2300016415
2300013989
2300005465
2300016737
2300016305
2300015160
2300005467
2300015980
1900000405
2300015505
2300016336
2300014828
2300010811
2300016812
2300005470
1600000859
2300016606
2300005471
2300005472
2300011219
2300005474
2300017479
2300014662
2300005475
2300005477
2300014648
2300015912
2300005483
2300017545
1100000658
2300010495
2300005484
2300005485
2300015108
1700002074
2300005488
2200000433
2300017308
2300010788
2300005490
2300016625
2300016830
1700003962
2300005492
2300016279
2300005494
2300011179
2300005497
2300013588
2300014210
2300016631
1600001897
1400001001
2300005500
2300005501
2300005503
2300016273
2300015231
2300013964
2300017188
2300005507
1600000869
2300016142
2300012430
2300005510
1600002382
2300010584
2300016362
2300013256
2300005511
2300005513
2300010366
2300017685
2300014647
2300017172
2300012419
1600000871
2300016346
2300005521
2300010367
2300005524
2300012884
0200000502
2300005526
2300013193
2300005528
2300005530
2300005532
2300010665
2300005535
1400000496
2300005536
2300005538
2300005540
2300016064
2300005542
2300017538
2400000989
2300013359
2300005545
2300017233
0400002924
2300015197
2300005549
2300005551
2300005554
2300005555
2300010635
1900000412
2300005560
2300011776
2300017726
2300014606
2300005566
2300005568
2300016720
2300005580
2300005571
2300005572
2300005575
2300015042
2300005605
2300017325
2300013304
2300010491
2300017139
2300005585
2300015942
2300012498
2300005589
2300005590
2300011748
2300014613
2300005596
2300005599
2300005603
2300014556
2300005607
2300017647
2300005609
2300016190
2300013348
2300005611
1500000272
2300005612
2300016421
1600000877
0900000366
2300005618
2400001015
2300005619
2300005620
2300005622
2300005624
2300016089
2300012755
2300014365
2300015293
0700000435
2300012237
2100000723
2300005629
2300005630
2300013969
2300011533
2400000790
2300016882
2300005631
2400000278
1500000273
2300005635
2300005636
2300005637
1600000885
2300016985
2300005641
2300017724
2300005646
2300016267
2300005647
2300005648
2300013046
1700005136
2300005650
0600000257
2300005651
2300005655
2300005662
2300005660
2300005663
2300005664
2300012335
2300005669
2300005672
2300005674
2300005675
2300005676
2300011689
0700000440
2300005686
2300016247
2300005688
2300005692
2300011408
2300017855
2300005696
2300005697
2300005699
2300010845
2300011788
2300005702
2300012772
2300012910
2300005704
2300005707
2300017870
2300017710
2300013876
2300005710
2300015195
2300013263
2600000207
1500000537
2300016304
2300016107
2300014303
2300014544
2300011765
2300015783
2300014476
2300013917
2300005712
2300005713
1600000900
2300015787
2300005716
2300012561
2300017179
2300005717
2300017198
2300017253
2300013823
2300005718
1300000605
2300015961
2300005721
2300005722
2300017465
2400000284
2300011129
2300005724
2300017013
2300005727
2300006302
2300005733
2400000875
2300011409
1600000901
2300005738
2300005739
2300015200
2300005740
2300015006
2300005741
2300005742
2300005743
2300012296
0600000545
2300005745
2300005746
2300005747
2300005749
2300005750
2300005752
0400004523
2300005753
2300005755
2300011119
2300005757
2300005758
2300005761
2300013564
2300016196
2300005762
2300012186
0300000703
2300005764
2300015332
0400003780
2300012229
2300013827
2300005768
2300013642
2500001878
2300012344
2300013587
2300005780
2300010715
2300005781
2300005784
2300005785
2300005789
0800000571
2300017357
2300005791
2300015404
2300005792
2300011738
2300005796
2300005799
1600001664
2300005802
2300005800
2300005804
2300005810
2500002352
2300005813
2300005812
0500000246
0800000285
2300017189
2300005816
0200000971
2300013308
2300005819
2300005820
1600000916
2300015408
2300005823
1600002254
2300005831
2300005832
2300005833
2300005836
2300011554
2300005838
2300013885
2300005841
2300005842
2300005844
0700000453
2300005847
2300005846
2300005848
2300005851
2300010445
2300012711
2300017648
2300010436
2300005807
2300011808
2300010433
2300016556
2300016153
2300017106
2300015806
2300010444
2300010440
2300015131
2300010437
2300012260
2300010442
2300011194
2300012819
2300010434
2300010443
2300015106
2300005854
2300005855
2300005856
1600000923
2300005857
2300005862
2300005864
0900000382
2300005865
2300005867
2300006228
2300005868
2300006229
1700002202
2300012070
2300005869
2300005870
2300005871
2300005876
2300010675
2300005877
2300005878
0800000588
2300005880
2500000854
2300005883
2300005886
2300006237
2300005887
2300005774
2300005890
2300005891
2300005893
2300005894
2300017348
2300013005
2300005896
2300005897
2300005902
2300005901
2300005904
2300005908
1600000930
2300005909
2300010969
2300011090
2300005911
2300005913
2300005914
2300005915
2300005917
1400000929
2300005918
2300005884
2300005919
2300016990
2300014669
2300012563
2900000557
2300005921
1300000334
2300005923
2300014796
1600000932
2300005925
2300005926
2400000298
2300005927
2300005928
2300016396
2300005929
2300012650
1600001844
2300005932
2300005933
2300015956
2300013372
2300011211
2300005934
2300013425
2300005936
2300005937
2300005938
2300013295
1600002036
0500001218
2300005939
2300011212
2300010370
2300014061
2300005940
2300011998
2300005942
2300005943
2300006027
2300005950
2300005952
2300005953
2300005956
2300010758
2300011420
2300011036
2300011662
2300005959
1700002234
2300005963
2300005968
2300005972
2300011682
2300016567
2300016592
2300005973
2300014543
2300005974
1200000710
2300016493
0200000547
2300014674
2300012947
2300005976
2300016391
2300017547
2300016169
2300005978
0400004263
2300015565
2300010795
2300016888
2300016628
2300005979
2300015679
2300012142
2300012564
2300005980
2500002179
2300014091
2300013863
2300016838
2300017488
2300014269
2300015617
2300015470
2300005982
2300016696
2300005983
2300016058
2300005984
2300017178
2300005986
1900000922
2300005987
2300005989
2400000300
2300016420
2300013921
0600000499
2300005992
2300005994
2300017391
2300017578
2300016886
2300005995
2300016164
2300017109
2300017218
2300016014
2300012620
2300016026
2300015814
2300017166
2300005998
2300014180
2300012526
2300013135
2300010793
2300012967
2300013204
2300012654
2300010663
2300015265
1000000185
2300014782
2300013236
2300006004
2400000301
2300006008
2300013050
2300017063
1600000950
1700002255
2300006011
2300017451
2300017511
2300006013
2300006014
2300016395
2300014700
2300006018
2300010942
2300013816
2300012856
2300017592
2300015742
2300017675
2300011318
2300016222
0400004836
2300015433
2300011825
2300006021
2300016536
2300006022
2300006024
2300011135
2300015340
2300012071
2300012433
2300017533
2300006028
2300016728
2300012963
2300012885
2300016351
2300016398
2300006033
2300006035
2300013988
1600000952
2300006041
2300006036
2300006037
2300015836
2300012616
2300016826
2300006038
2600000216
2300013950
2300010940
1700005511
2300016542
2300014363
2300016914
2300006043
2800000716
2300006044
1700002279
2300016106
2300010372
2300012160
2300017261
2300013562
2300011984
2300006048
2300006049
2300006050
2300017033
2300011481
2300015996
2300017644
2300017433
2300006052
2300006057
2300016060
2300012981
2300006058
2300006059
2300012954
2400000304
2300006063
2300006065
2300017466
2300006068
2300014010
2300011030
2300013912
2300015968
2300012757
2300006074
2300006075
2300006076
2300016747
2300006096
1600000955
2300013947
2300011734
2300011669
2300016554
2300006085
2300013470
2300006086
2300015103
2300006088
1100000367
2300006094
2400001053
2300006095
2300006098
2300017493
2300016887
2300017756
2300017100
2300006102
2300006105
2300015384
2300014590
2300006107
2300015400
2300013658
2300012780
2300016765
2300017137
2300006113
2300011960
2300006116
2300017520
2300011613
2300006119
2300015344
2300017567
2300014721
0200000990
2300006121
2300017761
2300016950
2300014211
2300005999
2300015811
2300017452
2300011896
2300011125
2300006124
2300011729
2300015969
0700000468
2300014347
2300006129
2300014970
2300016881
2300006131
2300006132
2300006133
2300006134
1500000300
2300006137
2500000900
2300006138
2300011895
2300016120
2300013416
2300006142
2300014177
2300006143
2300006145
0200000894
2300006148
2300006147
2300006149
2400000308
2300014599
2300017847
2300006152
2300006153
2300006155
2300006156
2300016270
2300006161
2300006159
2300006162
2300006164
2300017064
2300012734
2300017419
2300006165
2300006166
2300016373
2300006168
2300015345
2300017084
2300013991
0400003994
2300006172
2300017672
2300006173
2300006174
2300006175
2300006176
2300017395
2300011687
1700002355
2300017336
2300006184
2300006182
2300017423
2300006186
2300017775
2300016177
2300006193
2300006194
2300016217
2900000293
1500000301
2300011817
2300017211
2300006199
2300017175
2300006200
2300015622
2300006202
2300006203
2300012832
2300006204
2300006206
2300006207
2300011449
2300006209
2300006210
2300006214
2400001021
2300014942
2300011425
2300017302
2300006217
1700006232
2300006218
2300013502
2300017426
2300015363
2300015881
2300017461
2300016679
2300017591
2300015564
2300014676
2300016767
0300001704
2300015909
2300016012
2300016185
2300013543
2300014594
2300006221
2300006223
2300015142
2300006224
1700002380
2300006226
1300000345
2300006230
2300006233
2300006235
2300006236
2300006239
2300005888
2300006243
2300006244
1500000289
2300006246
2300006247
2300006248
2300012236
2500000917
2300012865
2300006249
2300016151
1000000430
2300006252
2300005912
2300016486
2300015548
2300013188
2300006253
2300012741
2300006258
2300006260
2300012114
2300006261
2300006262
2300011928
2300017132
2300017597
2300013027
2300013364
2300016300
2300017041
1800000353
2300016883
2300015815
2300016781
2300006265
2300017582
2300010706
2300014083
2300012710
2300017556
1900001134
2300006266
2300006267
2300011793
2300016751
2300006268
2300013516
2300017924
2300015537
2300016366
0600000538
2300013273
2300017312
2300014520
2300016459
2300014286
2300006269
2300016697
2300016670
2300017257
2300010854
2300010963
2300014522
2300010966
2300016643
2300011947
2100000868
2300006270
2300006271
2300006272
2300006273
2300016923
2300006274
2300014739
2300017328
2300017161
2300010463
2300014708
2300016412
2300013621
2300017524
2300014186
0700000923
2300016206
2300017032
2300014741
2300017439
2300016681
2300015720
2300015294
2300015526
0400003706
0400005427
2300013619
2300016819
1700005128
2300013536
2300015614
2300015328
1700005007
2300014632
2300017882
2300011589
2300016704
2300006283
2300015530
2300006285
2100000749
2300011867
2300006287
2300016163
2300017823
2300006291
2400000310
2400000800
1600002100
2300006292
2300006294
2300016675
2300010696
2300011474
2300006298
0500001240
2300006299
2300006301
2300014032
2300006305
2300012769
2300010644
2300006307
2300006308
2400000311
2300012383
2700000996
2300006309
2300006311
2300006315
2300006318
2300012768
1600000986
2300014340
2300006321
0400003660
2300006323
2300006324
2300006326
2300006327
2300006329
2300013014
1400000565
2300006335
2300012992
2500001772
2300006336
2300006337
2300011925
1700004797
2300006338
2300006341
0200000582
2400000900
2300014328
0400005438
2300006347
2300015036
2300014892
2300017131
2300017871
2500002018
2300013340
2300010375
2300015285
2300016512
2300006350
2300014206
2300014639
2300013676
2300013927
2300015209
2300006351
2300013229
0200001015
2300006356
1500000535
1500000516
2300013049
2300006359
2300013466
2300006361
2300006362
2300013048
2800000651
2300014130
2300016490
2300015304
2300006363
0200000941
2300010377
2300016059
2300016868
2300006367
2300006369
2300006370
2400000802
2300006371
2300013174
2300016876
2300016853
2300012006
2300011972
2300016332
2300006376
2300015112
2300012990
2400001035
2300006377
2300017442
2300016359
2300015638
2300006378
2300006379
2300011676
2300006380
2300006381
2300015287
2300017158
2300006384
1700002417
2300017031
2300012705
1600000994
2300006390
2300014935
2300010586
2300013370
2300006393
1300000354
2300006395
2300006396
2300013589
2300016894
2300006397
2300010703
2300012176
2300006399
1600001652
2300006400
2300006401
2300014588
2300006402
2300017402
2300006403
2300011555
2300014467
2300016530
2300016280
2300010724
2300006406
2300013217
2300014811
2300015981
2300011716
2300012005
2300006409
2300016815
1500000308
2300006410
2300006411
2300015904
2300011192
0700000829
0500001497
2300010505
2300010474
2300006412
2300014929
1300000356
2300012216
2300013018
2300013948
2300006416
2300011359
2300006417
2300006418
2300006419
2300013704
2300006421
2300006422
1900000476
1200000647
2300006423
2300006425
0500000269
2300006426
2300013693
2300012458
2300012706
2300006432
2300017156
2300006435
2300006436
2300006437
2300010710
2300006440
2300006441
2300016786
2300012491
2300011078
2300015988
2300014680
2300016460
2300016463
2300006444
2300015574
2300012604
2300006449
2300006450
2300006451
2300006453
1200000352
2300006458
2300006463
2300006465
2300012170
2100000444
2300006466
2300016782
1500000523
2300012166
2300006468
2300006469
2300011652
2300006473
2300006479
2300006482
2300011240
2300014928
2300010381
2300006490
2300006492
2200000235
2700000580
2300006498
2300006500
2300010755
2300012026
2300006501
2300014359
2300016350
2300017288
2300013729
2300012590
2300015925
2300006505
2300012642
2300006508
2300005766
2300006513
2300015335
2300015845
2300012493
2300017054
2300006517
2300006519
2300006520
2300011378
2300017047
2300012956
2300016122
2300015467
2300016260
2300006523
2300015432
2300013937
2300017473
2100000874
2300015532
2300016858
2300006524
2300013845
2300014800
2300006527
1600001840
2300014301
2300014378
2300006530
2300014623
2300006531
1100000655
2300006532
1600001018
2300006534
2300014247
2300016617
2300006535
2300011783
2300006537
2300011821
2300014719
2300016262
2300016721
2300017711
2300012535
2300015161
2300017007
2300006539
2300006540
2300013205
2300006541
1700004505
2300006542
2300006543
2300015315
2300012999
2300006545
2300006546
2300013572
2300016703
2300013790
1700004921
2300017192
2300011085
2300006548
2300006549
2300006551
0400003737
2000000163
2300015887
2300010382
2300006552
2300006553
2300006554
2300015379
2300014843
2300012976
2300010775
2300011660
2300006560
2300017599
2300016341
2300006563
2300006565
2300006564
0300001827
1600002125
2300006568
2300006570
2300006572
1700005120
2300016508
0400005431
2300006576
2300013857
2300015788
2300006577
2300015858
2300015397
2300011086
2300017902
2300012210
2300017460
2300017931
2300015074
2300013412
2300017219
2300017622
0400004371
2300013614
2300015773
2300006578
2300016734
2300015694
2300015931
2300017183
2300017760
2300016518
2300015774
2300015672
2300015643
2300012359
2300015852
2300006579
2300015334
2300015572
2300006580
2300015166
2300013530
2300017497
2300017266
2300016903
1700005694
2300011580
2300017159
2300012448
2300015801
2300017799
2300006581
2300006584
2300006587
2300011418
2300006590
2300006592
2500002070
2300006593
2300013434
2300006594
2300006595
2300006596
2300013170
2300015321
0800000629
2300006599
2300017624
2300006600
2300012366
1100000388
2300011029
2300010995
2300017667
2300011062
2300012324
2300006605
2300006606
2300012145
2300016509
2300010770
2300006608
2300016178
2300006611
2300006612
2300006613
2300013786
2300006617
2300016465
2300006622
0200000965
2300010780
2500000987
2300006624
2300014830
2300006626
2300006627
2300006628
2300014884
2300015626
2300017231
2300006636
2300016188
2300015669
1500000321
2300006639
2300012473
0600000297
2300006642
2300006646
2300013207
2200000422
1600001040
2300012640
2300010384
2300015571
2300013136
2300016277
2300016286
2300006652
2300016318
2300010385
2300015581
2300013723
2300013534
2300013333
2300017531
2300017228
2300014709
2300015461
2300014726
0800000668
2300014569
2300016863
2300017765
2300013414
2300012073
2300006657
2300016686
2300013785
2300013799
2300016095
2300014171
2300012827
2300015493
2300017918
2300017848
2300013622
0300001522
0200001064
2300013565
2300016735
2100000859
2300013701
2300014015
2300016926
2300015244
2300017383
2300012152
2300016635
2300006670
2300006671
2300015004
2300006672
2300017207
2300015239
2300006673
2300016753
2300006674
2300016777
2300006677
2300006678
2300006679
2300015502
2300006681
2300006682
2300006684
2300006686
2000000425
2300006687
2300017697
2300006688
2300006689
2300015223
2300006690
2300006693
2300012515
2300016718
2300006697
2300014755
2900000311
2300016809
2300010992
2300013864
2300015512
2300013946
2300015973
2300017077
2300012801
2300006701
2300006702
2300015985
2300010967
2300006704
2300010858
1700004161
2300012991
2300012717
2300006710
2300006711
2300015905
2300011283
0400004549
2300006666
2300015044
2300014406
2300010388
2300017409
2300015735
2300017821
2300006716
2300006717
2300006718
2300017857
2300006723
2300015398
2300006726
2300011559
1600001053
2300013071
2300013525
2300006728
2300015616
2300006731
2300006734
2300015584
1600002038
1100000397
2300011991
2300017784
2300013711
1300000566
2300006740
2300006741
2300006743
2300006744
2300011915
2300006746
2300006750
2300015807
2300013707
2300006751
2300006752
2300006753
2300016160
2300017540
2500002254
2300015798
2300014766
2300006765
2300006761
2300006762
0200000916
2300006764
2300006766
1700006288
2300017490
2300011367
1300000591
2300006768
1600001675
2300012818
1200000377
2300006770
0500001511
2100000463
2300014553
2300006773
2800000398
2300010472
2300006775
2300016920
2300012280
2300006777
2300015258
2300006778
2300006779
2300012131
1600001984
2300006782
2300006783
2300006784
2300012438
2300014263
2300013369
2300006786
2300014288
2300016154
2300011594
0300001669
2300013575
2300006789
2300016543
2300006795
2300006797
2300011498
2300015808
2300006798
2300014154
2300006799
0800000597
2300006800
2300006793
2300006802
2300013167
2300006805
2300012811
2300014420
2300010518
2300011005
2300017731
1300000612
2300006813
1400000605
2300014702
2300014257
2300006816
2300017628
2600000381
2300006818
2300014063
2300011650
2300006820
2300006822
2300006823
2300011661
1700002573
2300015230
2300012044
2300006824
2300006825
2400000994
2300006826
2300014919
2300017177
2500001015
2300006738
2300016166
2300015144
2300013150
2300014002
2300006830
2300006831
2300006832
2300014703
2300006834
2300006836
2300006838
2300017478
2300011797
2300006841
0300000842
2300006842
2300012200
2300006846
2300006847
2300006853
2300006855
2300006859
2300006861
0400003777
2300006863
2300006865
2300006867
2300006869
2300014803
2300012479
2300013458
2300006871
2300013982
2300013596
2300014986
2300006873
2300006874
2300015457
2300006878
2300006881
2300006882
2300006884
2300012844
2300006888
2300006889
0300001443
2300006890
2300013379
2300006893
2300006899
2300006900
2400000340
0400003676
2300006906
2300006908
1600001082
2300006915
0700000893
2300006917
2300006918
2300016276
2300006920
2300006922
2300016938
2300006923
2300006924
2300006927
2300006928
2300017707
1600001086
0400004511
2300017267
2300006934
2300006935
2300006936
2300017854
2300017891
2300013374
2300015718
2300011702
2300006941
2300006942
2300006943
2300006945
2300016598
1700005990
2300006946
2300014683
2300006949
2300006951
2300016442
2300015419
2300013911
2300017681
2300016897
2300014278
2300014730
2300017703
2300014847
2300016724
2300016423
2300013954
2300016424
2300016285
2300016849
2300017468
2300016435
2300017254
2300006954
2300006956
2300015620
2300016374
2300016999
2300017568
1600002086
2300017554
2300007035
2300016925
2300017867
2300016845
2300013763
2300015448
2300011284
2300014714
2300017906
2300017280
1300000597
2300006974
2300016740
2300012868
2300015127
2300013210
2300015476
2300017928
2300017204
2300017828
2300017326
2300016248
2300013638
2300017092
1400000617
2300012614
2300015551
2300017525
2300017087
2300014512
2300013003
2300016921
2300006982
2300017734
2300016128
2500002082
2300012204
2300014957
2300013691
2300015758
2300017748
2300013382
2300006997
2300007002
0300000869
2300013551
1600002037
0900000467
2300015857
1500000331
2300007007
2300007008
2300015165
2300007010
2300017436
2300013838
2300007011
2300006375
2300013186
2300014914
2300017056
2300014823
2300007012
2300016968
2300016299
2300007015
2300016613
2300007020
2300014258
2300017346
2300007021
2300007022
2300011593
2300016797
2300007024
2300012611
2300007027
2300007033
2300007034
2300007036
2300013510
0700000524
2300007041
2300007043
2300007045
2300007046
1600001097
2300007050
2300012782
2300010827
2300007053
2300007054
2300012489
2300017600
2300012576
2300014262
2300011579
2300007061
2300007063
2300007064
2300007065
2300013490
2300007068
2300007070
2300007073
2300007075
2300007078
2300017269
2300007081
1400000630
2300007083
2300017403
2300015465
2300007087
2300007088
2300007090
1500000335
2300007092
2300007093
2300007095
2300015568
2300007096
2300007098
2300011802
2300007100
2300007101
2300007102
2300007103
2300007105
2300015253
2300007107
2300014833
2300014904
2300007108
2300007110
1700005044
2300017605
2300007114
2300012786
2300007118
2300011242
2300007120
2300011517
2300016602
1500000502
2300012436
2300011759
2300016098
2300007124
2300010465
2300007125
2300007126
2300007128
2300007129
2300007130
2300007131
2300007134
2300011335
2300007136
2300015213
2300011717
1700005997
2300017135
2300013064
2300012629
0600000531
2300014273
2300012171
2300013220
1500000547
2300012082
2300007142
2300007144
2300007145
2300007146
2300007149
2300007151
2400000354
0600000316
2300012553
2300007153
2300007154
2300011957
2300007158
2300007159
2300007161
2300007163
2300015914
2300016963
2300007168
0700000947
2300010394
2300013972
2300014611
2300012045
2300016397
2300007169
2300015825
2300007172
2300012181
2300016909
2500002294
2300013152
2300015084
2300013148
2300017283
2300017503
2300013942
2300016700
2300015496
1700005174
2300013771
2300007178
2300014558
2300011616
2300007181
2300016162
2300015167
1700006371
0300000902
2300007189
2300007190
2300007191
1600001964
2300010396
2300007186
2300007188
2300017514
2300007195
2300007202
2300013286
1600001121
2300014568
2300007206
0700000539
2300007207
1900000949
0500001539
2100000498
2300007211
0700000540
2900000543
2300007213
2300007215
2300007219
2300007220
1600001123
0700000542
2300014396
2300017746
2500001077
2300007222
2300007225
2300012241
2500001079
2300007227
2300007229
2300007231
2300007232
2300007233
2300007235
2300010888
2300011423
2300013750
0400003355
2300017811
2300013002
1600002057
2300015941
2300013856
2300017116
2300015101
2300011186
2300017438
2300015099
2300007240
2300013545
2300016901
2300013008
2300014275
2300017227
2300017633
2300007241
1500000342
2300013456
2300017459
1700004165
2300007243
2200000455
1600001939
2300007244
2300014400
2300016725
2300015219
2300017562
2300014727
2300014050
2300011228
2300007246
2300014471
2300007248
2900000582
2300007250
2300017194
2300007251
2400001055
2300007252
0200001053
2300012437
1200000415
2300007260
2300011309
2300007261
2300007263
2300013311
2300013180
2500002112
2300007268
2300011083
2300017114
2300011051
2300012582
2300007273
2300007274
2300007275
2300007276
2300013506
2300007280
2300012722
2300007281
2300016227
2300007282
2300007283
2300011823
2300012274
2300017548
2300007286
2300013331
2300007287
2300017133
2300007288
2300015777
2600000380
1700004916
2300017390
2300007289
2300007290
2300007291
2300011294
2300007293
2300011392
2300016623
2300014765
2300007294
2300017447
2300007295
2300007296
2300007302
2300014062
2300007303
2300010726
2300007304
2300007306
2300014751
2300017573
2300016400
2300007310
2300017226
2300012684
2300014227
2300010867
1500000349
2300012307
2300007321
0500001608
2300016649
2300012164
2300010397
2300013245
2300015380
2300015898
2300007324
2300014572
2700000916
2300013228
2300007326
2300016333
2300016674
2300017223
2300013854
2300007332
2300017602
2300016061
2400000372
2300015805
2300007336
2300013406
2300015686
2300012151
2300007337
2300007339
1400001000
2300007341
2300010890
2300007347
2300012425
2300007348
2300010857
2300007351
2300015455
2300017455
2300016056
2400000373
2300015208
2300011749
2300007358
2300007366
2300007365
1500000497
2300013421
2300015619
2300015364
2300007369
2300017852
2300016003
2300017290
2400000374
2300014628
2300007370
1600002999
2300007371
2300007375
2300017259
2300007382
1300000408
2300016843
2300014661
2300012095
2300007384
2300010653
2300012008
2300007387
2300017910
2300017329
2300001317
1600001161
2300007389
2300007393
2300015971
2300007394
2300007395
2300007396
2300007398
2300007399
2300007400
2300007404
2300012875
2300007408
1600001163
2300007409
2300007412
2300007413
2300012117
2300007426
2300007429
2300007430
2300007434
2300007435
2300013481
2300007440
0600000331
2300007445
2300007446
2300017671
2300007451
2300007454
2300012572
2300016146
2300013069
2300017541
2300017038
2300012074
2300007456
2300015033
2300007461
2300007463
1300000413
2300007466
1700004990
2300014591
2300016580
2300017268
1500000354
2300013065
2300010972
2500002329
2300010400
2300014905
2300010938
2300007472
2300007473
2300017421
2300007476
1700004569
2300016987
2300007480
2300007481
2300015118
2300007483
2300012245
2300010813
2300014009
2300007487
2300007488
2300011193
1700004769
2300007490
2300007493
2300007494
2300007495
2300007496
0300001310
2300007498
2300015032
2300007501
2300007506
2300014066
2300016789
2600000272
2300007510
2300007511
2300014701
2300015406
2300014949
2300015506
2300007514
2300013797
2300007516
2300015132
2300015524
2300007521
2300015291
2300007524
2300010866
2300007532
1500000358
2300007537
2300007538
0400005616
2300013449
2300007543
0400004626
2300007545
2300007547
2300016010
2300015177
2300016560
2300007554
2300017105
2300007555
2300015849
2300014285
2300007557
2300015793
2300015844
2300013021
2300010959
2300007567
2300007568
2300007569
2300011769
2300013208
2300007572
2300007636
2300007573
2300007574
2300007576
1700005887
2300007577
2300014397
2300011213
2300013057
2300014740
2300011899
2300007582
2300007583
2300011852
2300015597
2400000382
2300012667
2300014149
1700005603
2300014421
2300011848
2300011834
2300015326
2300016434
2300007592
2300007593
2300014193
2300007597
2300007598
0400004909
2300007600
2300016254
2300007602
2300013171
2300013312
2300007604
2300016731
2300007606
2300015799
2300013279
2300007610
2300007612
2300007613
2700000681
2300014713
2300007616
0600000535
2300007618
2300007619
2300010691
2300007625
2300007628
2300017693
0200000896
2300007630
2300011334
2300007579
2300013578
2300007635
2300010782
2300007641
2300007643
2300007644
2300011081
2300016356
2300015055
2300007646
0300001453
2300014248
2300007647
2300017642
2300013133
1700002901
2300007651
2300007649
2400000386
2300007650
2300007652
1200000685
2700000689
2300013404
2300010698
2300012230
1700005807
2300017713
2300007653
2300011046
2300007654
0300000955
2300011426
2300007657
2300013548
2300012345
2300007658
2300007659
2300007660
2300016403
1700004903
2300007661
2300007662
2300007666
2400000814
2300007667
2300016768
1600001207
2300016651
0400004014
2300015872
2300017019
2300014311
2300011818
2300007674
2300014331
2300013139
2300012322
2300013289
2300014744
0700000595
2300007676
1500000364
2300014659
2300007677
2300012745
2300014889
2300014759
2300012872
2300017879
2300017551
2300007681
2300007683
2300010566
2300007686
2300007687
1700004739
2300013391
2300007689
2300013102
2300012338
2300007692
2300016726
0700000599
2300007693
2300014693
0700000942
2300007696
2300007697
0400004685
2300007698
2300011215
0400005216
2300007700
2300014012
2300011944
2300007702
2300017634
2300007707
1700006194
2400000391
2300013888
2300017853
2300007711
2300007712
2300007716
2300016316
2300007719
2300011524
2300017072
2200000424
2300007722
2300007727
2300007729
2300015674
2400000817
0600000344
2300013645
2300007733
2300007734
2300010929
2300007736
2300017840
2300015382
2300007739
1500000366
2300007741
2300007682
2300007742
2300015325
2300007743
2400000394
0700000606
0300000972
2300007747
2300010552
2300007750
2300017733
2300010823
2300007752
1200000460
2300017595
2300016851
1700005260
2300015601
2300015546
1700006303
2300016638
2300016030
2300016648
2300017574
2300016407
2300017814
2300016865
2300011950
2300015286
2300013233
2300012372
2300007756
2300015336
2300014207
2300010892
2300013719
2300014614
2300007762
2300012664
2300017122
2300007763
2300012600
2300011752
2300012211
2300007765
2300011985
2300017387
2300007766
2300017640
2300012356
2300013052
2500002142
2300011542
2300007767
2300013473
2300012221
2300007770
2300016342
2300017782
2300014891
2300010831
2300007773
2300012495
1600001242
2300010405
2300007778
2300007779
2300007780
2300017625
2300016284
2300017925
2300017767
0700000965
2300015138
2300016856
2300017565
2300016800
2300016709
2300013017
2300013819
2300014076
1700004403
2300007784
2300007785
2300007786
2300013378
2300007788
2300013431
2300017299
2300012065
2300011888
2300007790
2300007819
2300012544
2300016690
2300016771
2300007791
2300013306
2300007793
2300013037
1700005503
0300001776
2300013269
1900001144
2300013680
2300014688
2300017897
2300013668
2300013556
2300012500
2300007794
2300007795
2300011306
2400000819
2300007799
2300007800
2300007804
2300007807
2300011630
2300007810
2300007811
2300007812
2300007813
2300007820
2300012020
2300007821
2300007825
2300007826
2300007833
2300011751
2300013971
2300010610
2800000455
2300016794
2300007837
2300007838
2400000400
2300007841
2300007842
2300016357
2300007846
2300016981
2300011948
2300010844
2300007847
2300016365
2300007849
2300012704
2300016972
2300015023
2300007851
2300007853
2300007854
2300012837
2400000917
2300007858
2300007859
2300007860
2300011978
2300013001
2300007862
2300015371
2300013976
2300011222
2300013407
2300007863
2400000895
2300007864
2300007865
2300017749
2300007866
0400003890
2800000814
2300014682
2300014894
2300011831
2300015529
2300012126
2300007869
2900000377
2500001187
1900000882
2300015015
2900000491
0200001043
2300012000
2300007871
2300014496
0400003351
2300017045
2300013213
2300014979
2300007874
2300014369
2300011813
2300007879
2300007883
2300007887
2300007889
2300007890
0900000526
1600001959
2300007893
2300007895
2300007896
2300012523
2600000283
2300012110
2300007902
2300007903
2300007904
2300016611
2300007906
2300007908
2300007909
2300014665
2300007911
2300007912
2300007913
2300007915
2300007916
2300007917
2300015593
2300007919
2300015850
1700005692
2300017066
2300012250
2300015602
2300013498
2300015187
2300010996
2300007923
2300015696
2300017185
2300011035
2300015277
2300016717
1700004378
2300013194
2300012040
2300013897
2300015990
2300013660
2300007924
1600001734
2300013601
2300015527
0400005649
2300012291
2300013282
2300007927
2300017709
2300013290
2300014777
2300007928
0400004287
2300013803
2300013773
2300011106
2300007929
2300016562
2300013724
2300013537
2300007930
2300015089
0400002127
2300007931
2300017173
1400000936
2300012113
2300013831
2300007932
2300011456
0400005217
0600000356
2300007933
2300017656
2300007935
1500000374
2300007936
2300007941
1700005818
2300015456
2300007945
2400001049
2300017304
2300007947
2300012890
2300012719
2300007950
2300007951
2300017876
2300007953
2300007954
2300014927
2300016799
2300007957
2300013931
2300017883
2300007959
2400000821
2300007960
2300007962
2300015095
2300007963
1400000704
2300007969
2300007971
2300007972
2400000408
2300007973
2300013234
2300016531
2300011641
2300015860
2400000822
2300007975
2300015741
2400000409
2300017240
2300017256
2300007978
2300007979
2300007985
2300007987
1600001271
2300007992
2300007995
2300007998
2300016760
0600000357
2300008001
2300017489
2300012960
2300011017
1700004810
2300008004
2300017074
2300008007
1500000377
2300008009
2300008010
2000000193
2300013696
2300008012
2300013206
2300008018
2300013579
2300008019
2300008020
2300008022
2300010964
2300008024
2300008026
2300008027
2300008028
2300008029
1500000543
2300008030
2300008031
2300011279
2300010816
2300008033
2300008034
2300015409
2300008035
2300013073
2300008036
2300008040
2300008041
2300008042
2300010993
2300008043
2300008045
2300008046
2300008048
0500001607
2300010637
2300010408
2300008051
2300008053
2300008055
2300008056
2300011400
2300008058
2300008062
2300008068
2300011339
2300008070
2300008071
2300008073
2300008074
2300008077
2300011325
2300008079
2300008080
0700000622
2300016576
2300011230
2300008085
2300008087
2300008089
2300012503
1100000463
1700003049
2300008090
2300008092
2300008093
2300008094
2300014008
2300008097
2300013149
2300008099
2300008101
2300012958
2300008102
2300008103
2300008104
2300008106
2300008108
2300008109
2300008110
2300008111
2300008114
2300008115
2300008113
2300016511
2300008118
2300013223
2300017416
2300015575
2300017586
2300017528
2300012898
2300008121
2500001219
2300010409
2300008126
2300008132
2300008136
2300008137
2300008138
2300008139
2300008140
2300008142
2300011864
2300008145
2300008148
2300008150
2300008151
2300008153
2300008154
2300008156
2300008157
2300008158
2300008160
2300008163
2300010838
2300010485
2300014798
2300008171
2300008173
2300008175
2300008178
2300008179
2300008180
2300008181
2300008182
2300008185
2300008188
2300008190
2300015202
2300008191
2300008192
2300008195
2300008196
2300008197
2300008198
0800000438
2300017089
2300015731
2300015067
2300008203
2300015937
2300016814
2300008204
2300008206
2300008209
2300011941
2300011904
2300008218
2300014576
2300008219
1500000390
2300017224
2300008222
2300008223
2300008224
2300008226
2300008227
2300015999
2300008228
2300008230
2300008205
2300008232
2400000429
2300008233
2300008235
2300008236
2300011483
2300008237
2300008238
2300008240
2300017927
2300008243
2300008245
2300012800
2300008247
2300008248
2300008249
2300008251
2300014760
2300008253
2300008254
2300008257
2800000485
2300008261
2300008262
2300008264
2300008267
2300008273
2300008274
2300008276
2300008277
2300008278
2700000732
2300008279
2500001237
0200000711
2300008283
2300008286
2300008289
2300014758
2300008292
2300008293
2300008294
2300008296
2300008297
2300008299
2300008300
2300008301
2300008303
2300011846
2300008304
2300008306
2300016507
2300013940
2300008309
2300011988
2300015492
0400005559
2300014908
2300017861
2300008318
2300016212
2300008320
2300017570
2300017193
2300015362
2300016136
2300008323
2300010830
2300015566
2300008326
2300017483
2300010411
2300011475
2300017099
2300013774
2300017919
1600001313
2300008331
2300012012
2300017377
0400004219
1600002666
2300012829
2300017636
2300015816
2300008332
2300011647
0400004387
2300015939
2300016133
2300012575
2300017643
2300008333
2300015923
2300016440
2300011495
2300014329
2300010914
2300011075
2300013365
2300014972
2300015645
2300008335
2300016289
2300015974
2300011383
2300017029
2300012422
2300017701
2300017095
1700006460
1600002360
2300013262
2300016941
2300010677
2300008338
2300008339
2300008340
2300008341
2300008342
2300008344
2300008345
2300008350
2300008351
2300010853
2300008353
2300008355
2300011476
2300017564
2300008356
2300008358
0800000441
2300008362
2300008364
1700003995
2300008365
2300010711
2300008367
2300008370
2300008372
2300010750
2300008376
2300011929
2300008378
0200000721
2300008380
2300008384
2300008386
2300008389
2300010490
2300008392
2300008393
2300008394
0700000660
2300012385
2300008401
2300008402
2300008405
2300013759
1600001330
2300008406
2300008407
2300008408
1500000555
2300008412
2300008413
2300008414
2300008420
1300000614
1100000482
0400002265
2100000577
2300008421
0600000381
2400000440
2300014716
2300008425
2300008426
2300008427
2300010773
2300008429
2300008430
2300008431
2300008433
1300000559
2300012641
2300008436
2300008437
0600000382
2300008440
2300014926
2300010821
2300008441
2300011150
2300008443
1100000484
2600000303
2300012948
2300010868
2300011221
2300008445
2300008446
2300008447
2300012762
2300008450
2300016409
2300008451
1000000422
2300010468
1300000469
2300011459
2300008454
2300008456
2300008458
2300008459
2300008462
2300008463
2300008464
2300008466
2300008469
2300010865
0400003458
2300008471
2300017621
2300010593
0400005083
1700003167
2300012476
2300015065
2300011089
2300008478
2300011356
2300011043
2800000754
2300010662
2300016601
2300015828
2300013349
2400000832
2300014966
2400000442
2300011718
2300014915
2300008482
2300008483
1600001344
2300010607
2300017270
2300010560
1300000470
2300014475
2300012225
2300014761
0800000604
2300008487
2300008488
2300008489
2300013061
2300008490
2300008491
2300016327
2300014042
2300008492
2300008493
2300008495
2300008497
2300013132
1700004150
2300017834
1600001940
2300008500
2300016616
2300014022
1500000401
2300008502
2300008503
2300008504
2300008506
2300015472
2300010965
0500001366
2300016823
2300008508
2300008510
2300012718
1700004442
2300013480
2300014339
2300016647
2300008513
2300017894
2300011419
2300008515
2300010413
2300008516
2300008517
2300008518
2300013866
2800000510
2300012024
2300017422
2300013507
2300015884
2300011891
2300011736
2300016682
2300015421
2300012177
2500002258
2300016321
2300013514
0400003412
1800000322
2300017872
2300017868
2300017457
2300017677
2300017818
2300008525
1700005658
2300014046
2300016310
2300011216
2300016841
2300015653
2300008527
2300008528
2400001040
2300008529
2300014988
2400000444
2300008531
2300011357
2300013734
2300014763
2500002033
2300008533
2300011601
2300017236
2300017291
2300017890
2500002210
2300012243
2300008539
2300008540
2300008541
2300008553
2600000399
2300017704
2300008554
2300014005
2300017805
2300012612
2300008556
2300008557
2300008558
2300012784
2300012520
2300015834
2300008561
2300013084
2300008562
2300015711
2300011289
2300010927
1600002713
2300008560
2300010826
1100000488
2300008565
2300008566
2300014737
2300008567
2300012158
2300008568
2300016994
2300014153
2300011121
2300013189
2300008569
2300008570
2300017579
2300008572
2300016329
2300008573
2300008574
2400000835
0700000674
1500000406
2300017369
2300015563
2300017663
2300008579
2300008582
2300012554
1600002205
2300008583
2300011747
2300016236
2300008585
2300011317
0500001565
2300011229
2300008589
2300008592
2300008593
2300008594
2300015963
2300008595
2300008596
1600002047
2300008597
0400004720
2300012822
2300008599
1600002816
2300012889
2300014479
2300017388
2300008601
0400002869
2300008603
2300015240
2300008605
2300008606
2300017043
2300010861
2300008610
2300008611
2300013122
2300016259
2300008612
2300012081
2300008613
2300017664
2300017327
2300017550
2300013164
2300013884
1700005003
2300014300
2300010416
2300011345
2300015155
2300015534
2300013159
2300017576
1600001368
2300008617
2300008615
2300016792
0700000930
2300017510
2300017000
2300017758
2300017494
2300015338
2300014604
2300015117
2300014610
2300016020
2300015558
2300015297
2300013700
2300016385
2300008622
2300015091
2300015976
2300015147
2300008623
2300014602
2300016239
2300017706
2300013241
2300013770
2300016022
2300015900
2300015245
2300014793
2300016202
2300015766
2300015647
2300016492
2300014412
2300016624
2500001968
2300017495
1600001371
2300013497
2300017144
2300008628
2300008629
2300017589
2300017309
2300015750
2300016824
2300016148
2300014977
2300017900
1700003214
2900000581
2300011110
2300013820
2300008633
2300008635
2300010454
2300008636
2300010529
2300008638
2300008639
2300008641
2300008643
1700004267
2300015411
2300010631
2300015162
2300016501
1700004862
1500000410
2300008645
2300012427
2300015929
2500001281
2300008646
2300008647
2300012406
2300015318
2300014334
2300013411
2300014560
2700000956
0400005519
2300012228
2300014313
2300008653
2300008655
0700000943
2300008659
2300008661
2300008663
2300008666
2300008669
2300014850
2300012353
2300013542
2300015673
2300016018
2300016376
2300008671
1500000417
2300008673
2300008674
2300011763
2300008675
0600000399
2300008677
2300008680
2300008682
2300008684
2300008685
2300008686
1500000500
2300008688
2300008689
2300008690
2300008693
2300008692
2300017334
2300011241
2300008698
2300008702
2300014626
2400000455
2300008710
2300008696
2300008676
2300008713
0500001533
2300008714
2300010934
2300011713
2300014818
2300008721
2300008722
2300008716
2300008725
2300008727
2300008728
2300015249
2300008731
2300008732
2300008735
2300008736
2300012504
2300008737
2300008739
2300017939
2300008741
2300008743
0700000688
2500002383
2300008747
2300008748
2300013577
2300010511
2300008749
0400004262
2300012698
2300008751
2300008754
2300008755
1500000422
2300016730
2300012094
2300008756
2300008757
2300008758
2300008759
2300012679
2300008761
2300008763
2300016708
2400001114
2300008764
2300017566
2300017743
2300015298
2300014184
2300010531
2300008766
2300017469
2300016523
2300008771
2300008772
2300016378
2300017909
2300012670
1500000424
1700004590
2300013656
2300008777
2300016182
2300013521
2300010939
2300008781
2300014044
1700003280
1400000973
2300008785
2300008788
2300017103
2300008790
2300011407
2300008791
2300014593
2300016477
2300010519
2300017885
2300015499
2300013607
2300016805
2300008793
2300008794
2300008797
2300008798
2300008799
2300008800
2300013721
2300015756
2300013767
2300016076
2300012220
2300017129
2300008811
2500002336
2300008815
2300008816
2300012038
2300017389
2300015837
2300011993
2300013376
2300013878
2300008817
2300008818
2300008819
2300014148
2300010717
2300008823
2400000838
2300014352
2300008824
2300016221
2300010419
2300008826
1500000570
2300008827
2300008828
2300008829
2300008831
2300008832
2300011541
2300008835
2300014617
2300013038
2300008836
2300015225
2300008837
2300012540
2300015724
2100000767
2300012731
2300011333
2300008844
2300008846
2300008847
2300011937
2300016732
2300013943
2300014587
2300014923
2300015683
2300008848
2300013317
2400000896
2300012570
2300015468
1100000513
2300011020
2300008845
2300013727
2300010540
2300013825
2300017508
2300017356
2300014252
2300016656
2300008850
2300008853
2300008855
2400000463
2300008860
2300016001
2300012368
2300017062
2300015892
2300008871
0500000400
2300013398
2300017629
2300015485
2300011906
2300011753
2300017182
2300012266
2300014573
2300017214
2300008878
2300013703
2300016540
2300009011
2300016673
2300008880
2300015651
2800000714
1700003331
2300013316
1700005684
2300008882
2300012511
2300016837
2300015590
2300017052
2300013648
2300008890
2300015479
2300008891
2300008893
0300001130
2300008892
2300017593
2400000467
2300008896
2300008897
2300008898
2300008900
2300010895
2300015615
2300008903
2300015063
2300008906
2300008907
2300008908
2300017202
2300017608
2300017623
2300008912
2300008913
2300015051
2300008914
2300008915
2300017815
2300013686
2100000750
2300008917
2600000326
2300011743
2300016594
2300016939
2300017609
1100000515
2300012162
2300015030
2300008922
2300013224
2300008924
2300016873
2300016804
2500001318
2300008926
2300012615
2700000902
2300008928
1700003893
2300011822
2300010420
2300008937
2300016032
2300015951
2300008935
0200001017
2300008939
0300001134
2300008940
2300014357
2300015853
2300008942
2300013130
2300008943
2300016184
2300016922
2300016605
2300008945
2300012593
2300015746
2300015675
2300013733
2300008951
2300008952
2300013860
2300008958
2300008961
2300016140
2300016275
2300015367
2300008962
2300012886
2300016191
2300016755
2300015983
2300017768
2300008964
2300013810
2300016161
2300017067
2300017394
2300017284
2300016335
2300014735
2300016719
2300016157
2300016998
2300016742
2300015201
2300010923
2300015588
2300008966
2300008994
2300013129
2300008971
2300008973
2300008975
2300008976
2300008978
2300008980
2300008981
2300011258
2300008984
0500001575
2300016988
2300008989
1700004195
2300008990
2300013852
1700003387
2300008991
2300015439
2300013487
2300008997
2300008999
2300009001
2300009003
2300014519
2300009006
0400005423
2300015733
2300011882
2400000472
2300011519
2300015143
2300017776
2300009014
2300017366
2300013941
2300017187
2300015029
2300009023
2300009024
2300015495
2300009033
2300014720
2300012133
2300011015
2300011173
1700003406
2300010860
2300014917
2300009039
2300009044
2300009046
2300009047
2300017155
2300009048
2300009051
2300009063
2300009064
2300016326
2300009067
1700004930
2300009071
2300015873
2300015135
2300009075
2300009077
2300012418
2300015337
2300017470
2300009081
2300009082
2300016354
2300017822
2300009087
2300012634
2300012412
2300017561
2300017058
2300014474
2300017513
0200001076
2300009096
2400001050
2300017785
2300009098
2300017196
2300016464
2300011938
2300009101
2300009102
2300016401
1500000436
2300009104
2300009105
2300009107
2300009110
2300009112
2300009113
2300009114
2300012240
2300009118
2300009119
2300016258
2300011704
2300017339
2300012217
2300009123
2300012626
2300011025
2300009128
2300013345
2300017412
2300009132
2300009133
2300009135
2300014868
2300013961
2300012536
2300009138
1600001878
2300009141
2300012761
2300009143
2300009146
2300010599
1700003460
2300012788
2300009153
2300009151
2300009152
2300013252
2300009156
1100000521
2300015140
1700004329
2300010856
2300015092
2300013000
2300009160
2300016325
2300016031
2300017670
2300012258
2300009165
2300015014
2300012850
2300009166
2300010630
0200001083
2300012721
2300009168
1100000613
2300011801
2300009170
2300009171
2300009172
2300009173
1600001796
2300010704
2300009174
2300011943
2300015171
2300015608
2300012253
2300009176
2300009179
2300009180
0400002502
2300009181
2300009183
2300009187
2700000811
2300015699
2300009198
2400000484
2300009201
2300009203
2300009204
2300009206
2300009208
2300009209
2300010676
2300011453
2300015435
2300014583
2300009216
2300009218
2300009223
2300012388
2300009224
2300009228
2300009225
2300009222
2300009230
2300009233
2200000332
2300017294
2700001005
2400000491
2300009236
2300009237
2300009238
2300012308
2300009239
2300009240
1600001452
2300009241
0200000787
2300011673
2300014350
2300012608
2300011136
2300013925
1600001456
1300000503
2300009244
2800000736
2300009248
1700003492
2300009249
2300011681
2300009252
2300009255
2300009257
2300009260
2300009261
2300009263
2300009266
1000000308
2300014654
2300011214
2300009273
2300009275
2300009278
0700000722
2300010840
2300016618
2300009286
2500001403
2300010767
2300016895
2300016283
2300009289
2300017620
2300015833
2300009290
2300015500
1700003506
2300015275
2300015754
2300009291
2300009292
2300017895
2300013032
2300009293
2300009294
2300009295
2300016134
2300010955
2300015583
2300015415
1500000548
1900001091
2300015684
2300017126
1000000309
2300017111
2300016584
2300015454
2300016739
2300009300
2300012802
2300009302
2300016429
2300009305
2300012328
2300009306
2300015174
2300015126
2300009307
2300011260
2300012494
2300009310
2300011903
2300015730
2300013461
2300009312
2300013024
2300009313
2300014293
2300012662
1700003514
2300014287
2300011811
2300017081
2300017057
2300011444
1600002375
2300009318
2300009321
2300016770
0400004698
2300012528
2300013016
2300011885
1200000581
2300009322
2300012311
2300010824
2300015541
1600002121
2300012551
2300009325
2500002409
2300013869
2300017563
2300009329
2300012415
2300009330
2500002499
0600000420
2300016023
2300009331
1600002815
2300014440
2300009332
2300014582
2300012919
2300014395
2300009334
2300009335
2300009337
2500002059
2300009338
2300009339
2300009342
2300009346
2300013524
2300011180
2300009349
2300009350
2300009351
2300009352
2300009353
2300017380
2300013509
2300009357
2300009358
2300009359
2300012982
2300009364
2300014297
2300009367
2900000459
2300009369
0500000424
200000245
500001545
400004265
400003924
400004845
900000757
400004961
300001771
400005307
500000404
400003801
400004480
900000786
400005006
300000009
400003855
400000570
600000509
400005614
900000163
400000937
400001569
900000462
400003340
400002011
400004143
400003796
400003479
400003742
300001657
400005627
500001217
500001601
400005418
400005408
400005440
300001446
900000810
200000940
400005426
200000009
600000012
400004314
400004110
400000032
900000011
400000044
500000009
300000013
400003820
600000018
500000012
300001474
200001090
400000065
400004510
400005232
800000013
800000016
400004762
200000933
400004048
600000025
300000051
400003383
700000872
400000134
400002806
600000028
200000948
500000030
200000943
200000072
300001483
400004758
700000068
600000041
400004175
400005425
400000251
400000254
200000097
600000050
500000044
500001483
700000089
700000090
600000053
500000049
400003354
900000774
600000068
900000722
500001465
400000367
200000136
500001010
800000572
200000139
200000968
600000079
800000623
300001737
300001384
700000129
400004289
300001573
200000150
500001017
200000973
700000141
400004535
400003302
600000086
900000091
300001377
700000153
400005247
300001780
600000106
800000079
400000518
200000184
400004025
400005246
200001085
700000960
700000186
400002896
400000607
300001493
200000905
400003649
200000924
700000203
400003301
900000143
500001050
700000212
900000147
800000121
400004713
900000819
500001517
400003900
400005295
900000687
500001550
600000475
400000693
200000230
400005417
500001063
300000315
400004547
800000144
600000141
500000130
800000634
400002895
200000258
600000512
800000156
700000244
800000165
200000275
200001084
400000896
400004881
200000952
400003345
300001535
400000916
700000268
400005210
900000222
600000164
700000274
500000158
400005470
800000581
700000815
200000315
600000541
400004842
300001454
500001108
400000984
400003452
400000987
600000178
200001075
400001021
200001040
300001833
400001046
800000190
400003508
400005635
500001114
600000502
400004759
400004897
900000272
400001083
200000358
300000511
800000201
700000320
700000321
600000193
900000688
800000208
700000858
400003849
500001554
700000342
500001134
400003995
600000201
400005725
200001079
400004802
400001173
300000560
800000669
400004876
400003682
700000886
200000960
800000638
400005005
500001523
400004257
400005436
400005269
900000314
700000843
200001037
700000366
400001266
300001428
400003880
300001342
200000436
300000612
300001514
300001598
600000224
500001495
200000471
500000217
400003876
400005284
500001592
400004309
400004002
400003723
400004862
400005309
500001470
200000502
400002924
900000366
700000435
600000257
700000440
600000545
400004523
300000703
400003780
800000571
500000246
800000285
200000971
700000453
900000382
800000588
500001218
200000547
400004263
600000499
400004836
200000990
700000468
200000894
400003994
300001704
600000538
700000923
400003706
400005427
500001240
400003660
200000582
400005438
200001015
200000941
700000829
500001497
500000269
400003737
300001827
400005431
400004371
800000629
200000965
600000297
800000668
300001522
200001064
400004549
200000916
500001511
300001669
800000597
300000842
400003777
300001443
400003676
700000893
400004511
300000869
900000467
700000524
600000531
600000316
700000947
300000902
700000539
500001539
700000540
700000542
400003355
200001053
500001608
600000331
300001310
400005616
400004626
400004909
600000535
200000896
300001453
300000955
400004014
700000595
700000599
700000942
400004685
400005216
600000344
700000606
300000972
700000965
300001776
400003890
200001043
400003351
900000526
400005649
400004287
400002127
400005217
600000356
600000357
500001607
700000622
800000438
200000711
400005559
400004219
400004387
800000441
200000721
700000660
400002265
600000381
600000382
400003458
400005083
800000604
500001366
400003412
700000674
500001565
400004720
400002869
700000930
400005519
700000943
600000399
500001533
700000688
400004262
500000400
300001130
200001017
300001134
500001575
400005423
200001076
200001083
400002502
200000787
700000722
400004698
600000420
500000424
2300009371
2300013131
2300015139
2300009375
0400004093
2300011953
2300011657
2300009379
2300009381
2300017771
2300016778
2300009384
2300013183
2300013908
2300009388
2300009391
2300016100
2300013390
2300012330
2300009393
2300004295
2400000847
2300013156
2300017692
2300014631
1400000838
2300010803
2300009400
2300009401
1700003923
2300012320
2300014971
2300009415
1600001486
2300011778
2300009418
2300009417
0800000505
2300015743
2300015451
2300015050
1300000603
2300009421
2300009423
1100000534
2300009425
2300009426
2300009427
2300017653
2300009428
2300011637
2300009432
2300015407
2300009433
2300009437
2300014026
2300009441
2300009442
1900000737
2300009450
2300009452
2300010926
2300011714
2300009455
2300009458
2300011983
2300017810
2300009462
2300011530
2300012265
2500001959
2300015633
0800000593
2300017165
2300013488
2300009463
2300010924
2300009464
2300012061
2300014537
2300013055
2300009471
2300009476
2300009477
0600000431
2300009479
2700000971
2300013606
2300015987
2300017015
2300009484
2300013214
2300013004
2300017613
2300014073
2300016195
2000000409
2300009494
2300017542
2300009495
2100000844
2300017363
2300015729
2300012030
2300015267
2300009498
2300009499
2300016548
2300017543
2300013821
2300009501
2300011452
2300009503
2300009507
2300009508
2300009509
1700005505
2300014048
0200001078
2300014191
2300015797
2300013140
2300016597
2300013415
2300017275
2300014581
2300016386
2300016242
2300013508
2300009511
2300013163
2300011698
2300013429
2300014867
2300009512
2300011487
2300009513
2300009514
2300017506
2300017301
2300017530
1900000826
2300015517
2300014298
2300013313
2300009518
2300014016
2300016205
2300009519
2300009520
2300013056
2500002098
0400005621
2300009523
2300015211
2300010951
2300017714
1600002969
2300016773
2300016943
2300016559
2300017101
2300009532
2500001719
2300013732
2300009533
2300013730
2300012700
2300009534
2300013744
2300016907
2300009536
2300009537
2300011370
2300013695
2300015431
2300017858
2300017770
2300015767
2300011609
2300016637
2300016015
2300013356
2300014310
2300015181
2300009544
2400000932
2300015385
1700003964
2300014686
2300017669
2300015214
2300011326
0400004885
2300015882
2300009547
2300017374
2900000465
1600001505
2300009550
1700004235
2300009551
2300009554
0400004765
2300017344
2300013936
2300009555
2300009556
2300009559
2300017347
1700004464
2300009560
2300009561
2300015210
2300017603
2300015102
2300011794
2300009569
2300009570
0800000521
2300012316
2300012364
2300009577
2300014757
2300014819
2300009575
1600002350
2300017612
2300017753
2300017316
2300015899
2300017453
1700004460
2300012686
2300009579
2300009581
2300015272
2300009582
2300009584
2300009585
2300014176
2300009586
2300017519
2300013631
2300017230
2300012340
2300015218
2300013215
2300012909
2300010429
2300014223
2300009588
2300009589
2300009591
2300009594
1100000541
2300009595
2300009597
2300009600
2300017027
2300011161
2300009604
2300009610
2300009611
2300009612
2300015726
2300009618
2300012233
2300009620
2300009621
2300009624
2300014664
0200000820
2300014409
2300009625
2300017417
2300009627
2300015078
2300009631
2300013637
2300013808
2300012272
2300009634
2300009636
2300009637
2300009638
2300011951
2300009640
2300009630
2300012783
2300009645
2300009647
2300017341
2300017615
2400000850
2300009656
2300017516
2300012995
2400001022
2300012242
1100000548
2300014251
2300009668
2300017679
2300009669
2300009671
1700005222
2300014417
2300009675
2300009676
2300016174
2300011254
2300017008
2300014967
2300009680
2300010812
2300013781
2300009683
2300013993
0400004042
2300015598
2300010430
2300017658
2100000900
2300015374
1900000976
2300015657
2300017762
2300009695
2300009697
2300009706
2300009707
2300009708
2300009711
2300009714
2300017113
2300009715
2300009717
2300009718
2300012276
2300009721
2300009723
2300015047
2300013580
2300009726
2300011744
1600002801
2300009728
2300010917
2300009729
2300009733
2300009734
1400000996
2300009736
2300015064
2300014127
2300009739
2300016156
2300016241
0400005654
2300009740
0600000441
2600000420
2300009743
2300009744
2300009745
2300009746
2300009747
2300016075
0700000905
2300015121
2300015474
2400000516
0600000444
2300015748
2300009756
2300009767
2300009768
2300009770
2300009776
2300009774
2300009778
2300009780
2300009782
0500000445
2300012610
2300009786
2300009790
2300009794
2300009796
2300009799
2300009800
2300009803
2300009806
2300009808
2300017627
2300017841
2300009809
2300017430
2300016912
2300010509
2300015585
2300013620
2300012854
2300014925
0400005424
2400000522
2300011923
2300009812
2300011582
2300017475
2300013581
2300013842
1600002354
2400000524
1700003758
2400000903
2300013739
2300013512
2300016967
2300011627
2300013547
2300017742
2300017181
2300015097
2300016641
1400000916
0400002676
2300015589
2300009813
2300013673
2300017504
2300010466
2300017585
2300009816
2300009818
2300009819
2300015361
2300015350
2300015390
2300014939
2300016820
2300012874
2300016294
2300017850
2300017705
0300001262
2300009822
2300009825
2300017297
2300009811
2300010688
2300009827
2300016860
2300013491
0400003947
2300015366
2300009828
2300011625
2300013780
2300012683
2300009829
2300012248
2300009830
2300017382
2300017349
2300012729
2300016408
2300012246
2300013160
0600000505
2300017728
2300013472
2300014956
2300012490
2300011742
2300017075
0400005317
2300010611
2300016892
2300015995
2200000409
2300009832
2300013592
2300009833
0700000879
2300013166
2300012882
2300009834
2300015930
2300009835
2300009839
0500000451
2300009844
2300009845
2300009848
0600000451
2300009853
2300009855
2300010480
2300009859
2300010431
2300009861
2300009863
2300009864
2300009867
2300009871
0400005622
2300012352
2100000689
2300009872
2300009875
2300009879
2300009880
2300009881
2300009882
2300009883
2300009886
2300009887
2300009889
2300009890
0400004593
2300009892
2300009894
2300015475
2300010590
2300010835
2300012454
2300011527
2300011973
2300017824
2300013949
2300015377
2300016712
1700005385
2300016426
2300015902
1700005574
2300010432
2300009901
2300014809
2300015779
2300015823
1700003787
2300009979
2300009910
2300009913
2300010451
2300015254
2300009915
2300011497
2300013280
2300011876
2300009926
2300009930
2300011225
2300014962
2300016917
2300009933
2300009934
2300012817
2300009937
2300009938
2300016144
2300011349
2300009942
2300010587
2300009944
2300009946
2300009948
2300015478
2300009950
2300017617
2300013457
0900000656
2300010457
2800000612
2300009953
0200000853
2300009955
2300009956
2300009959
0400004683
2300009960
2300009961
2300009962
0400002713
2300009965
2300012771
2300016364
2300011878
2300012496
0400003908
2300009970
2300009973
1500000468
2300009977
2300009978
2300015016
2300014585
2300009911
2300016571
2300011406
2200000445
0400004722
2300009916
2300009986
2300009929
2300009968
2300009988
2300014899
2300015926
2300009990
2300009992
2300009997
2300010000
2300010001
2300010003
2300009998
2300017298
2300010956
2300009994
2300017221
2300014302
2300016472
2300016806
2300010010
1500000527
2300012408
2300015822
2000000247
2300017766
2300015090
2300010011
2300015665
2300012167
2300010977
2300014202
2300013025
2300010015
2300013944
2300013341
2300010017
2300011307
2000000248
2300012346
2300010019
2300012592
2300010020
2300017215
2300016694
2300011142
2300012041
0400005337
2300013044
2300010025
2300015820
2300010027
2300015176
2300014691
2300011754
2300015591
2300016932
2300016727
1900000785
2300016743
2300010029
1200000645
2300010508
2300015466
2300012309
2300013608
2300013627
2300011916
2300012972
2300010918
2300017915
2300012826
2300012417
2300012864
2300017435
2300015813
2300016257
1700003829
2300010702
2300010026
2300015196
2300017322
2300017152
2300017324
2300011037
2300010039
2300017700
2300014995
2300017034
2300015768
1800000302
2300010041
2400000535
2300012226
2300010042
2300015714
2300017781
2300014250
2300011927
2300012911
2300015094
2300010045
2300010046
2300010047
2300010050
2000000412
2300010051
2300014530
2300011380
2300010053
2300010063
2300012381
2300010065
2300010642
2300010066
2300010067
2300015573
2300016555
2300010068
2300010069
2300010070
2300015732
2300016983
2300014315
2400000004
2400000862
2400001091
2400000005
2400000007
1700003890
2300000160
2400000718
2400000988
2400000008
2400000009
2400000967
2400000962
2400000011
2400001106
2300000340
2400000014
2400000863
2400000015
2300000384
2400000016
2400000017
2400000019
2400000719
2400000022
2400000023
2400000024
2400000025
2400000026
2400001076
2300000567
2400000028
2300000695
2400000030
2400000721
2400000924
2400000902
2400000034
2400000891
2300000822
2500000109
2400000039
2400000040
2400000042
2400000044
2400000045
2400000046
2400000726
1600000162
0600000046
2400000047
2400000728
2400000051
2400000052
2400000053
2400000729
2400000054
2400000055
2400000056
2300001299
2400000963
2400000730
2400000059
2400000965
2400000959
2400000060
2300001395
2400001062
2400000951
2400000062
2400000063
2400000064
2400000067
2400000069
2400000072
2400001026
2400000734
2400000735
2400000736
2400000939
2400000737
2400000075
2400000076
2400001001
2400000078
2400000080
2400000079
2400000081
2400000082
1900001123
2400000738
2400000083
2400000084
2400000949
2400001088
2400000942
2400000086
2400000088
2400000089
2400000090
2400000091
1600000337
2400000092
2400000093
2400000094
2400001012
2400000095
2300002162
2400000739
2400000097
2400000098
2400000103
2300002269
1400000186
2300002291
2400000106
2400000108
2400000109
2400000935
2400001103
2100000130
2300002343
2400000999
2400000111
2400000112
2400000113
2300002414
2300010309
2400000742
2400000114
2400001027
2400000115
2400000116
2300002468
2400000873
2400000118
2300002552
2300002559
2400000914
2400000870
2400000119
2400000120
2400000122
2400001092
2400000124
2300002678
2400000126
2300002813
2400000129
2400000747
1100000161
2400000130
2400000934
2400000933
2400000748
2400000134
2400000749
0400000812
2400000750
2400000135
2400000138
2400000139
2400000918
2400000753
2400001089
2400000700
2400000754
2400000142
2400000143
2400000755
2400000146
2300010325
2400001063
2400000147
2400000756
2400000990
2400000151
2300003341
2300003371
2400000152
2400000757
2300003416
2400000153
2400000154
2400000156
2400000157
2400000158
2400000159
2400000943
2400000164
2400000166
2400000168
2400000169
2400000885
2400000170
2400000995
2400000171
2400001004
2400000176
2400000172
2400000174
2300003765
2400000859
2400000761
2400000878
2400000181
2400000763
2400000182
2400000183
2400000764
2400000184
2400000185
2400000188
2400001051
2400000189
2400000767
2400001098
2400000920
2400000191
2400000192
2400000194
2400000196
2400000197
2400001019
2400001105
2400000200
2400000201
2400001099
2400000202
2400000203
2400000205
2400000208
2400000964
2400000209
2400000210
2400001016
2400001071
2400000872
2400000771
2400000215
2400000996
2000000475
2400000773
2400000216
2400000217
2400000220
2400000774
2400000221
2400000776
2400000222
2400000928
2400001085
2400000777
2400000224
2400000225
2400000226
2400000227
2400000228
2400000969
2400000778
2400000229
2400001110
2400000230
2400000704
2400000231
2300004828
2400000233
2400000781
2400000705
2400000940
2400000234
2400000237
2400000782
2400000919
2400000954
2400000241
2400000242
2400000783
2400000243
2400000244
2400000784
2400001069
2400000245
2400000246
2400000247
2400000248
2400000249
2400000250
2400000251
2400000253
2400000255
2400000257
2400000258
2400000259
2400000262
2400000981
2400000263
2400000785
2400001094
2400000264
2400000267
2400000866
2400000268
2400000270
2400000787
2400001057
2400000916
2400000272
2400000273
2400000789
2400000274
2300005559
2400000275
2400000276
2400000277
2400000280
2400000905
2400000925
2400000281
2400000791
2400000285
2400000286
2400000287
2400000289
2400000290
2400000291
2400000292
2400000293
2400000793
2400000975
2400000296
2300005903
2300005958
2400000974
2400000796
2400000303
2300006029
2400000707
2400000305
2400000306
2400000307
2400001096
2300006181
2400001108
2400000798
2400000295
2400000708
2400000297
2400000794
2400000312
2400000313
2400001107
2400000941
2400000801
2400000314
2400000315
1500000310
2400000803
2400000892
2400000317
2400001100
2400000709
2400000320
2400000321
2400000322
2400000323
2400000325
2400000326
2300006705
2400000327
2400000329
2400000330
2400000710
2400000930
2400000331
2400000334
2400000335
2400000336
2400000337
2300006833
2400000338
2400000973
2400000339
2400000341
2300006948
2300007060
2400000950
2400000343
2400000807
2400000346
2400000349
2500001049
2400000350
2400000351
2400000352
2400000860
2400000808
1200000407
2400000356
2400000357
2400000894
2400000358
2400000968
2400000359
2400000881
2400000363
2400001056
2400000366
2400000369
2400000370
2400000371
2400000809
2400000970
2300010622
2300007410
2400000376
2400000378
2400000948
2400000379
2400000380
2400000936
2400000381
2400000811
2400000812
2400000384
2400000385
2400000813
2400000387
2400000388
2400000389
2400000392
2400000393
2400001115
2400000395
2300007744
2400000396
2400001102
2400000818
2400000397
2400000399
2400000820
2400000401
2400000405
2400000406
0400002129
2400000410
2400000411
2400000412
2400000413
2400000824
2400000414
2400000415
2400000416
2400000825
2400000992
2400000419
2400000421
2400000827
2400000423
2400000424
2400000428
2400000828
2400000430
2400000958
2400000431
2400000433
2400000434
2300008354
2400000435
2400000436
2400000437
2400000438
2400000439
2400000830
2400000443
2400000871
2300008519
2400000445
2400000449
2400000446
2400001109
2400000448
2400001014
2400000450
2400000451
1500000411
2400000452
2400000955
2400001042
2400000837
2400000453
2400000457
2400000454
2400000456
2400001077
2400000458
2400000459
2400001020
2400000460
2400000462
2400000464
2300008859
2400000465
2400000466
1400000779
2400000864
2400000468
2400000469
2400000841
2400000471
2400001017
2400000473
2400000474
2400000475
2400000960
2300009072
2400000476
2400000477
2400000971
2400000480
2400000977
2400000483
2400000485
2400000486
2400000843
2400000487
2400000488
2400000490
2400000492
2400000494
2400000495
2400000937
2400000496
2400000926
2400000844
2400000501
2400000502
2400000503
1600002795
0300001220
2400000506
1600001835
2400001112
2400000507
0800000522
2400000508
2300009672
2400000514
2400000515
2400000518
2400000519
2400000907
2400000521
2400000523
2400001097
2400000525
2400000528
2400001101
2400000530
2400000531
2400000854
2300009931
2400000946
2400000889
2400001111
2400000533
2500001663
2500000001
2500001994
2500002055
2500002071
2100000003
1700006286
2500002396
2500002369
2500000006
2500000007
2500000010
2100000791
2500002175
2100000795
2500002460
0300001755
2500000011
2500002122
2500001832
2500002213
2500001621
2300011413
1800000397
2500000012
1700004682
2500002339
2500002505
2500001731
2500002106
2500002285
2500000017
2500001689
2500000024
2500000027
2500000029
2500002438
2500002211
2300014559
2500000032
2100000829
2500000034
2100000017
2500000036
2500001748
2500001919
2500000037
2500000038
2500000039
2500000040
2500002410
2500002481
2500000043
2500001818
2500000047
2500002540
2500002252
2500000051
2500001601
2500000052
1000000497
2500002063
2500000054
2500000055
2500001760
2500000057
2500002239
2500000058
2500000059
2500002390
2500000060
2500002049
2500000061
2500001939
2500001716
2500000065
2500000066
2500000069
2500002307
2500000070
2500000072
2500002384
2500000074
2500002097
2500000075
2500000076
2500000079
2500000081
2500002031
2500000082
2500000084
2500000086
2500000087
2500002009
2300014053
2500000091
2500000092
2500000094
2500002057
2500002149
2500002074
2500002200
2500002182
2500001979
2500000095
0800000602
2500000096
2500000097
2500002439
2500002276
2500002424
2500000098
2500000099
2500002069
2500000100
2900000551
2500002373
2100000046
2500002140
1500000542
2500002193
2500002363
2500001597
2500000110
2700000063
2500000111
2500000113
2100000051
2500000115
2500000116
2500000118
2500002335
2500002504
2500000119
1400000085
2500000120
2500002271
2500000121
2500000122
2500002188
0400000257
2500000126
2500000127
2500002462
2500000128
2500000129
2500000130
2500000131
2500001946
2500000133
2500000134
2500000137
2500000138
2500000139
2500001989
2500001693
2500000142
2500000143
2500000144
2500000145
2500000146
2500000147
2500000148
2500000149
2500000151
2500002338
2500002014
2500000152
2500000153
2500002199
2500002295
2500000154
2500000156
2500000157
2500000159
2500001698
2500002545
2500000161
2500002185
2500000160
2500000162
2500000163
2500000164
2500000165
2500002186
2500000166
2500000167
2900000518
2500001879
2500000168
2500001630
2500002398
2500000169
2500001629
2500000173
1700000492
2100000063
2500001603
2500000178
2500001725
2100000787
2500000180
2500000182
2500002486
2500000184
2500000185
2500002301
2500000186
2500002255
2500000187
2500000188
2500001766
2500000189
2500000190
2500000191
2500002124
2500000193
2500000194
2500000195
2500000196
2500000197
2500001664
2500002531
2500000199
2500002528
2500002111
2500001594
2500000200
2500000201
2500002003
2500000202
2900000517
2500000203
2500000204
2500000205
2300013561
2500000206
2500002024
2500000207
2500000208
2500000209
2500001812
2500000210
2500001995
2500001849
2500000212
2500000213
2500000214
2500000215
2500000216
2500000211
2500000217
2500002015
2500000219
2100000090
2500002089
2500002400
2500002420
2500002382
2500002512
2500002368
2500000220
2500002435
2500002370
2500002450
2500002251
2500000221
2500002456
2500000222
2500000223
2500000224
2500000225
2500000226
2500000227
2500000228
2500001796
2500002492
2500000230
2500001651
2500000233
2500001794
2500000234
2500000229
2500001864
2500002274
2500000235
2500000236
2500000237
2500000239
2500000242
2500000243
2500000244
2500000245
2500000247
2500002306
2500001958
2500000248
2500000249
2500000250
2500002118
2500002218
2500002313
0400005462
2500001843
2500000253
2500000254
2500000256
2500002292
2500001870
1700000737
2500000257
2500000258
2500000259
2500002323
2500000261
2500000272
2500000263
2500000264
2500000266
2500000267
2500002054
2500001666
2500001804
2500000271
2500000273
2300011604
2500002147
2500000274
2500001918
2500000297
2500001937
2500002378
2500001860
2700000968
2300002219
2500002288
2500000279
2500002364
2500002487
2500000283
2500000284
2500000287
2500002240
2500001653
2500000289
2500001650
2700000172
2500002169
2500001774
2500000292
2500001735
2500000293
2500000294
2500000295
2500001862
2500002309
2500000301
2500000303
2500000304
2500002249
2500000305
2500001986
2500002066
2500000309
2500000310
2500000311
2500000312
2500001977
2500001769
2500002238
2500002495
2500002303
2500002001
2500000313
2500000314
2500000744
2500000317
2500000318
2500000321
2500002341
2500002415
2500000322
2500000324
2500000325
2500000326
2500002508
2500002004
2500002019
2500000328
2500001775
2500001967
2500002151
2500001866
2500000330
2500000331
2500000332
2500002342
2500000334
2500001738
2500000336
2500001616
2500000337
2500000338
2500000339
2500000341
2500000342
2300011844
2500000344
2500000345
2500002172
2500000346
2500002532
2500002192
2500002467
2500002135
1700004369
0400004530
2500002328
2500000347
2500000348
2500000350
2500000351
2500002155
2500001697
2500000353
2500000354
0500001501
2500002414
2500002273
2500002220
2500001838
2500002358
2500002511
2500002282
2500000356
2500001903
2500002448
2500000361
2500000364
2500000366
2500000368
2500002194
2500000369
2500000372
2500000373
2500000374
2500000375
2500000376
2300002744
2500000377
2500000380
2500000381
2300002773
2500000385
2500002507
2500000386
2500001801
2500000387
2500002075
2500000388
1600000482
2500000389
2500001990
2500000391
2500000390
2500000392
2500000393
2500000394
2500001785
2500000399
2500001599
2500000403
2500000404
2500001632
2500000409
2500002422
2500001611
2500000410
2500002421
2500000411
2500000412
2500000414
2500000415
2500000416
2500000417
2500002020
2500000420
2500002429
2500000421
2500001628
2500000425
2500000426
2500000427
2500000430
2500000431
2500002340
2100000207
2500002322
2500001671
2500001763
2500000435
2500000436
2500000437
2500002256
2500000438
2500000439
2500001726
2500000365
2500000443
2500000444
2500002105
2500000379
2500002547
2500000445
2500000447
2500002332
2500000448
2500002117
2500000449
2500000450
2500002362
2100000222
2500002455
2500000451
2500000452
2100000225
2500000453
2500000454
2500000455
2500000456
2500000457
2500000340
2500000463
2500002187
2500002436
2500002242
2500000467
2500000468
2500001999
2500000470
2500000472
0900000776
2500000474
2500000475
2500002361
2500002446
2500000477
2500002442
2500000479
2500001676
2500000480
2500000481
2500000483
2500000485
2500000486
2500000487
2500002166
2500000488
2500000490
2500002469
2500002465
2500002243
2500000493
2500000494
2500000496
2500000497
2500002232
2500002224
2500000498
2500002493
2100000250
1700001348
2500000500
2700001033
2500000501
2200000141
0300000426
2500000502
2500000503
2500002355
2500002423
2500000504
2500000505
2500000506
2500001807
2500001620
2500002099
2500000509
2500000510
2500002260
2500000513
2500000515
2500002289
2500002405
2500002081
2500002176
2500000517
2500000518
2500002080
2500000519
2500000521
2500000523
2500000524
2500000520
2500000526
2500002472
2500000532
2500000537
2500000538
2500000539
2500000540
2500000541
2300003858
2500000544
2500000545
2300011731
2500002466
2500000547
2500000546
2500000548
2500001652
2500000551
2500002171
2500000552
2500000554
2500000555
2500000556
2500002412
2500002459
2500002449
2500000558
2500000560
2500000561
2500002065
2500000562
2500000563
2500000564
2500002283
0400004055
2500000567
2500000565
2500000566
2500000569
2500000570
2500000573
2500000574
2500000575
2500000576
2500001699
2500000579
2100000747
2500000580
2500002425
2500000581
2500001658
0200000337
2500000584
2500002542
2500000585
2500000586
2500000664
2500001732
2500001713
2500001982
2500000589
2500000590
2500000591
2500000594
2500000595
2500000596
2500002371
1000000490
2500000599
2500000601
2500002434
2500000602
2500000603
2500000606
2500000608
2500000609
2500000610
2500000612
2300015410
2500000616
2500000617
2500002407
2500001743
2500002002
2500002207
2500000620
2500001965
2500000622
2500000623
2500000628
2500002205
2500000630
2300004287
2500001680
2500000631
2500000632
2500000633
2500001971
2500000639
2500002543
2500000642
2500001701
2500000643
2500000647
2500000648
2500000650
2500000651
2500000652
2500001810
2500000654
2500001615
2500000655
2500002219
2500000657
2500002403
1700004414
2500000659
2500000660
2500001675
2500002153
2500000661
2500001806
2500000662
2500002509
2500000663
2500002402
2500001674
2500002451
2500000665
2500000666
2500001749
2500000667
2500000668
2500000670
2500000672
2500000673
2500002121
2500002072
2500000676
2500002245
2500002144
2500001819
2500000679
2500000680
2500002457
2500000681
2500001987
2500000682
2500000683
2500000684
2500002533
2500000686
0300000575
2500001823
2500000688
2500002189
2500002433
2500000689
2500002476
1700004373
2500000691
2500000708
2500000692
2500000695
2500002138
2500000698
2500002039
2500000699
2500000700
2500002196
2500002209
2300014563
0500001494
2500000702
2500001822
2500000706
2500000707
2500001604
2500002215
2100000778
0400004594
2500000711
2500000712
2500000713
2500000714
2500000715
2500002279
2500000716
2500001747
2500001882
2500001848
2500000717
2500000718
2500002017
2500002520
2500002318
2300014947
2500002515
2500000719
2500000720
2500000721
2500000722
2500000723
2500001727
2500000724
2500000726
2500000728
2500000729
2500000730
2500001779
2500000732
2500001593
2500001746
2800000296
2500000734
2500001803
2100000777
2500001730
2500000735
2500000736
2500000737
1700004796
2500002474
2500000738
2500002148
2500002264
2500000742
2500000743
2500000746
2500000747
2500000748
2500000749
2500000750
2500000751
2500000753
2500000755
2500000757
2500000758
2500000759
2500000761
2500000762
2500000763
0800000251
2500001744
2700000480
2500000765
2500000766
2500000767
2500000768
2300012231
2500000770
2800000686
2500000772
2500000774
2500001783
2500002401
2500002510
2500002489
1700005258
2500002494
0400004509
2500002060
2500002146
2500000778
2500000780
2500001613
2500000783
2500000784
2500000785
2500000786
2500000787
2500000788
2500000789
2500000790
2500002100
2500000791
2500000793
2500000794
2500000795
2500000796
2500002445
2500000797
2500000798
2500000799
2500000801
2500000802
2500001954
2300012906
2500002161
2500002013
2500000808
2500002319
2500000809
2500001940
2500000810
2500000811
2500000812
2500000814
2500000816
2700000895
2700001079
2500000819
2500000820
2300017712
2500000821
2500000824
2500001659
2500000827
2500002432
2500000829
2500000830
2500000831
2500001740
2500000832
2300005777
2500000834
2500000835
2300015785
2500000838
2500000839
2500000840
2500000841
2500001694
2500000844
2500000845
2500000848
2500001963
2500000851
2500000852
2500000853
2500001884
2500000855
2700000528
2500000856
2500000857
2500000858
1700002217
2500000860
2500000849
2500000861
2500001778
2500000862
2500000863
2500000864
2500000866
2500000867
2500000872
2500001617
2500000873
2500000876
2500000878
2500000880
2500000881
2500000883
2500002538
2500002228
2500000885
2500002549
2500002290
2100000802
2500000887
2500001777
1900001140
2500000888
2500001997
2500000889
2500000890
2500000891
2500000893
2500000894
2500000897
2500001602
2500000902
2300014327
2500000905
2900000289
2500000906
2500000907
2500001957
2500001642
2500000910
2500000912
2500000913
2500000914
1700006462
2500000915
2500000916
0800000616
2500002040
2500002085
2500000918
2500000920
2500000859
2500000921
2500000923
2500002267
2500002404
1700004639
2500000924
2500002334
2500000925
2500002317
2500002535
2500002308
2500000928
2500002195
2500000929
2500002262
2500001969
2500000931
2500000932
2500002386
2500002241
2500000933
2500002498
2500000934
2500000935
2500002380
2500000936
2500000937
2500000938
2500000940
2500000941
2500000942
2500000944
2500000946
2500000947
2500000949
0400003803
2100000446
2500000951
2500000952
2500000954
2500001930
2500002381
2500000956
2500000958
2500001805
2500000959
2500001942
2500002419
2500000961
2500000963
2500001784
2500000965
2500002480
2500002431
2500000967
2500002174
2500001907
2500000968
2500000969
2500000970
2500000971
2500000972
2500000973
2500001638
2500000974
2500000977
2500000978
2500000979
2500000980
2500000981
2500002539
2500000982
2500001623
2500000984
2500000985
2500002392
2500002204
2500002443
2500000990
2500001993
2500002479
2500000991
2500002348
2500002388
2500000997
2500000998
2500000999
2500001002
2500001004
2300017273
2500001006
2500002197
2500001009
2500002470
2500001811
2500001013
2500002444
2500002131
2500001017
2500001018
2500001019
2500001021
2300011509
2500001022
2500001025
2700000986
2500002094
2500002302
2500001027
2500001883
2500001029
2500001030
2500001031
2500001032
2500001033
2500001034
2500001800
2500002201
2500002050
2500001035
2500002452
2500001037
2500002269
2500002372
2500001922
2500002311
2500001975
2500002359
2100000486
2500001042
2500001043
2500001788
2500001044
2500001047
2500002021
2500001050
2500001052
2500001053
2900000562
2500001054
2500001055
2500001056
2500001057
2500001631
2500002458
2500001059
2500002413
2500001063
2500001921
2500001064
1700002712
2500001065
2500001066
2500002312
2500001068
2500001067
2500002453
2500001070
2500001071
2500001072
2500001073
2500001074
2500001075
2500001078
2500001080
2500001081
2500001820
2500002291
2500001082
2500002316
2500001084
2500001911
2500001678
2500001886
2500001085
2500002305
2500001087
2500001088
2500001961
2500001089
2500002293
2500001091
2500001092
2500001752
2500001941
2500002120
2500001093
2500001094
2500001098
2500001100
2500001101
2500001104
2400000997
2500001105
2500001106
2500001108
2500001109
2500001110
2500001111
2500001112
2500001113
2500001952
2500001114
2500001751
2500001116
2500002231
2500001118
2500001120
2500001121
2500001703
2500002351
2500001122
2500001125
2500001889
2500002304
2500001126
2500001127
2500001130
2500001133
2500001134
2500001612
2500001888
2500001135
2500001137
2500001753
2500001139
2500001141
2500001724
2500001142
2500001143
2500001144
2500001145
2500001146
2500002108
2500001148
2500001149
2500001150
2500002483
2500002299
0300001512
2500001151
2500001152
2500001910
2500001155
2500001157
2400001095
2500001976
2500001739
2500002036
2500002128
0300001459
2100000846
2500001160
2500001161
2500002079
2500001163
2500001162
2500001164
2500001844
2500001988
2500002484
2500002427
2500001166
2500001656
2500002275
2500001167
2300007745
2500001168
2500001169
2500002411
2500002548
2500002360
2500002437
2900000574
2500001894
2500002247
2500001721
2500002546
2500002541
2500001172
2500001174
2500001175
2500001176
2500001177
2500001178
2500001180
2500001914
2500002280
2500002046
2500001181
2500002152
2500002087
2500001183
2500001736
2500001186
2100000549
2500001188
2500001189
2500001190
2500002101
2500001192
2500001194
2500001195
2500002517
2500001908
2300012469
2500002537
2500001197
2500002078
2500001198
2500001696
2500001199
2500001200
2500001201
2500002133
1700006353
2500002441
2300014367
2500001202
2500001203
2500001867
2500001204
2500001205
2500002006
2500001209
2500001211
2100000560
2500002447
2500001212
2500002048
2500001214
2500001216
2500001217
2500001221
2500001222
0500001346
2500001223
2500001224
2500001225
2500001226
2500001661
2500001227
2500001228
2500001229
2500001230
2500001231
2500001233
2500001728
2500001234
2500001235
2500001236
2500001239
2500001240
2500001245
2500002519
0400004050
2500002430
2500002051
2500002012
2500001925
2500001248
2500001249
2500001657
2500001250
2500001251
2500001252
2500001253
2500001254
2500002284
2500001256
2500001257
2500001258
2500001797
2500001260
2500001261
2500002025
2500002482
2500001264
2500001265
2500001266
2500002440
2500001948
2500002379
2500002526
2500001916
2500001267
2500001637
1700004614
2500002203
2100000776
2500002038
2500002428
2500002491
2500002497
2500002268
2500001708
2500001936
2500001269
2500001270
2500001935
2500001271
2500001273
2500001275
2500002518
2500002208
1700003210
2500002354
1700005292
2500002237
2300016171
2500001276
2500002395
2500001277
2500001279
2500002067
2500001280
2500001282
2500002406
2500001284
2500001285
2500001691
2500001287
2500001591
1700003235
2500001288
2500001289
2000000529
2500001290
2500001291
2500001292
2500002110
2200000470
1700005908
2500002263
2500001293
2500001294
2500001295
2500002502
2500001296
2500001829
2500001643
2500001297
2500001298
2500001299
2500001300
0400004635
2500001868
2500001301
2500002353
2500001302
2300012835
2500002385
2500001304
2500002310
2500001305
2500001306
2500002125
2500001679
2500001308
2500002023
2500001964
2500001310
2500001311
2500001312
2500002464
2500001314
2500001673
2500001702
2500002416
2500001317
2500001320
2500001321
1000000294
2500001322
2500001323
2500001324
2500001327
2500001328
2500002522
2500001332
2500001333
2500001334
2500001335
2500002214
2500001336
2500001338
2500002503
2500002119
2500001966
2500001341
2500001342
2500001343
2500001346
2500001349
2500001351
2500001353
2100000628
2500001354
2500001359
2500001361
2500001362
2500001715
2500001363
2500001364
2500001365
2500001366
2500001367
2500001874
2500001893
2500001370
2500002477
2500001985
2500001372
2500001374
2500001375
2500001376
2500001377
2500001622
2500002333
2500001379
2500002266
2500001381
2500001382
2500001383
2500001384
2500001385
2500001386
2500001387
2500001388
2500001389
2500001717
2500001391
2500002527
2500001394
2500001396
2500001397
2500001398
2500002129
2500001399
2500001842
2500001400
2500001401
2500001809
2500001402
2500001404
2500001408
2500002178
2500001409
2500002216
2500001410
2500001891
2500001411
2100000734
2500001412
2500001789
2500002521
2500001973
2500002257
2500002096
2500002534
2500001414
2500001417
2500001755
2500002516
2500001876
2500002471
2500001419
2500001420
2500001947
2500001421
2500001423
2500001424
2500001425
2500001654
2500001428
2900000501
2500001996
2500001430
2500001626
2500002093
2500001433
2500001827
2500001434
2500001435
2500002047
2500002272
2500001437
2500001799
2500001439
2500001438
2500002314
1700003605
2500001441
2500002500
2500001831
2500002347
2500001618
2500002181
2500002123
2500001951
2500002113
2500001443
2500002223
1900001004
2500002391
2500001445
2500002326
2500001447
2500001449
2500002154
2300013929
2500002062
1700004386
2500001450
2600000459
2500002022
2500002212
2500001598
2500001614
2500001455
2500001458
2500001459
2500001928
2500001461
2500002027
2500001465
2500001466
2500001467
2500001468
2500001469
2500001470
2500001472
2500001473
2500001474
2500001476
2500001477
2500002190
2500001481
2500002454
2500001482
2500002350
2500001483
2500001625
2500001484
2500001486
2500001487
2500002330
1000000410
2500001488
2100000692
2500001492
2500001493
2500001494
2500002234
2500002506
2500001496
2500001498
2500002513
2100000699
2500001923
2300013904
2500001499
2500001500
2500001501
2700000879
2500002084
2500001502
2100000761
2600000432
2600000442
2600000434
1800000419
2600000481
2600000469
2600000456
2600000002
2600000431
2600000004
2600000005
2600000008
2600000010
2600000463
2600000013
2600000014
2500002180
2600000016
2600000021
2600000480
1900001051
2600000476
2600000479
2600000027
2600000032
0400004512
2600000033
2600000034
2600000036
2600000039
2600000407
2600000041
2600000042
2600000044
2600000047
2600000040
2600000048
2600000050
2600000051
2600000052
2600000451
2600000053
2600000054
2600000467
1000000514
2600000057
1900000126
2600000060
2600000064
2600000066
2600000069
2600000396
2800000805
2600000071
2600000073
2600000076
2600000078
2600000083
2600000082
2600000087
2600000088
2600000089
2600000090
2600000091
2600000092
2600000094
2600000448
2600000437
2600000097
2600000098
2600000433
0400005513
2600000099
2600000100
2600000101
2600000103
2600000104
0900000183
2600000115
2600000116
2600000118
2600000121
2600000123
2600000406
2600000438
0400005311
2600000129
2600000130
2600000131
2600000132
2600000133
2600000134
2600000135
2600000138
2600000392
2600000466
2600000414
2600000140
2600000141
2600000450
2600000477
0500001581
2600000143
2600000144
2600000145
2600000146
2600000464
2600000148
2600000150
2600000153
2600000435
2600000154
2600000155
2600000156
2600000158
2600000161
2600000164
2600000165
2600000166
2600000167
2600000168
2600000169
2600000482
2600000172
2600000398
2600000174
2600000175
2600000176
2600000179
2600000185
2600000187
2600000188
2600000191
2600000193
2800000315
2600000194
2600000195
2600000410
2600000196
2600000197
2600000199
2600000203
2600000204
2600000205
2600000208
2600000212
2600000213
2600000214
2600000215
2600000219
0400001622
2600000221
2600000222
2600000211
2600000474
2600000223
2600000224
2600000443
1800000418
2600000471
1700005621
2600000226
2600000227
2600000229
2600000230
2600000231
2600000472
2600000232
2600000233
1400000589
2800000806
2600000234
2600000441
1800000377
2600000237
2600000240
2600000243
2600000241
2600000242
2600000245
1800000400
2600000246
2600000247
2600000248
1800000365
1200000396
2600000250
2600000475
2800000413
2600000255
2600000257
2600000258
2600000411
1800000213
2600000264
2600000266
2600000268
2600000273
2600000276
2600000279
1600001247
2600000280
2600000281
2600000282
2600000284
2600000286
2600000287
2600000288
2600000289
2600000291
2600000292
2600000293
2600000382
2600000294
2600000297
2600000299
2600000300
2600000301
2600000302
0500001365
2600000304
1600001349
2600000446
2600000309
2600000310
2600000312
2600000313
2600000314
2600000315
2600000316
2600000317
2600000318
2600000319
2600000321
2600000468
2600000323
2600000324
2600000327
2600000331
2600000397
2600000333
2600000334
2600000336
2600000394
2600000338
2600000339
2600000341
2600000470
2600000342
2600000425
2800000579
2600000346
0400003642
2600000348
2600000383
2600000018
2600000429
2500002107
2600000350
2600000353
2600000354
2600000355
2600000356
2600000357
2600000455
2600000359
2800000652
2600000465
1800000298
2600000360
2600000362
2600000364
2600000365
2600000483
2600000367
2600000368
2600000370
2700000001
2700000002
2700000935
2700001092
2700000924
2700000973
2700000005
2700000006
2700000008
0400003841
2700000010
2700000011
2700000970
2700001052
2700001062
2700000014
1700000122
2700000019
2700001047
2700000024
2700001069
2700000012
2700000029
2700000030
2700000031
2500000049
2700000036
2700000038
2700000039
2700001067
2700000041
2100000029
2700000043
2700000044
2700000045
2700000047
2700001035
2700000048
2700000965
2700000051
2700000052
2700001071
2700000909
2700000054
2700001003
2700000055
1600002268
2700000057
2700001041
2700001081
2700000062
2700000066
2700000069
2700000074
2700000076
2700000079
2700000080
2700000081
2700000082
2700000083
2700000084
2700000085
2700000086
2700001095
1700000470
2700000087
2700000088
2700000090
2700000094
2700001064
2700000097
2700000101
2700000102
2700000103
2700000104
2700000106
2700000110
2700000111
2700000112
2700000113
2700000114
2700000116
2700000119
2700001002
2700000120
2700000122
2700000125
2700000126
2700001027
2700000127
2700000128
2700000129
2700000132
2700000133
2700000134
2700000135
2700000955
2700000137
2700000138
2700000139
2700000141
2700000142
2700000146
2700000147
2700001021
2700001098
2700000929
2700000148
2700000149
2700000150
2700000151
2700000152
2700000154
2700000155
2700000157
2700000158
2700000910
2700000165
2700000166
2700000169
2700000170
2700000892
2700000174
2700000177
2700000178
2700000180
2300014525
2700000181
2700001045
2700000182
2700000184
2700000185
2700000189
2700000192
2700000193
2700000194
2700000195
2700000197
2700000198
2700000949
2700000199
2700000200
2700000201
2700000964
2700000202
2700000203
2700000206
2700000208
2700000209
2700000213
2700000214
2700000215
2700000216
2700000217
2700000218
2900000119
2700000220
2700000221
2700000222
2700001056
2700000223
2700000225
2700000228
2700001072
2700000231
2700001022
2700001000
2700000232
2700001085
2700000234
2700000236
2700000237
2700000239
2700000241
2700000243
2700000244
2700000245
2700000975
2100000782
2700000248
2700000250
2700000257
2700001073
2700001042
2700000261
2700000265
2700000950
2700000985
2700000268
2700000269
2700000271
2700000272
2700000273
2700000276
2700000278
2700001020
2700000283
2700000284
2700000285
2700000291
2700000294
2700000297
2700000298
2700000893
2700000301
2700000302
2700001034
2700000940
2700001060
2700000307
2700000310
2700000311
2700001065
2700000312
2700000315
2700000316
2700000317
2700000319
2700000320
2700000322
2700000323
2700000325
2700000326
2700000328
2700000329
2700000330
2700000333
2700000334
1700005988
2700000947
1700004732
2700000335
2700000336
2700000340
2700000341
2700000342
2700000344
2700000967
2700000345
2700000346
2700000347
2700000349
2700000350
1700005561
2700001046
2700000352
2700000353
2700000972
2700000357
2700000360
1700006435
2300014377
2700000896
2700000366
2700000367
2700000370
2700000371
2700000372
2700000988
2700000376
2700000377
2700000380
2700000381
2700000382
2700000384
2700000385
2700001078
2700000388
2100000305
2700000390
2700000391
2700000392
2700000398
2700000401
2700000403
2700001091
1700006063
2700000405
2700000406
2700000408
2700000410
2700001093
2700000897
2700000416
2700000418
2700001037
2700000420
2900000522
2700000917
2700000423
2700000424
2700000425
2700000426
2700000429
2700001087
2700000432
2700000899
2700000434
2700001097
2700001084
2700000435
2700000437
1000000480
2700000439
2700001024
2700000441
2700000443
2700000445
2700000446
2700000448
2500000733
2700000454
2700000457
2700000461
2700000464
2700000465
2700000466
2700000471
2700000472
2700000474
2700000475
2700000478
2700000479
2700000484
2700000485
2700000984
2700000487
2700000923
2700000490
2700000493
2700000494
2700000495
2700000497
2700000501
2700000502
2700001070
2700001048
2700000505
2700000511
2700000512
2700000513
2700001061
2700000517
2700000518
2700000520
2700000521
2700000523
2700000525
2700000529
2700000530
2700000966
2700000567
2700000531
2700000532
2700000534
2700000538
2700000540
2700000542
2700000544
2700000546
1700005569
2700000549
2700000551
2700000553
2700000554
2700001004
2700000557
2700000560
2700000561
2700000562
2700000564
2700000565
2700000566
2700000570
0600000285
1000000346
2700000572
2700000573
2700000958
1000000199
2700000574
0500001576
2700000575
2700000579
2700000581
1700006313
1700006170
2700001082
2700000583
2700001032
2700000586
1700002494
2700000587
1700004629
2700000592
2700000593
2700000594
1700006158
2700001077
2600000452
2700000946
2700000597
2700000601
2700000603
2700000609
2700000610
2700000611
2700000616
2700000617
2700001011
2700000618
2700000621
2700000622
2700000624
2700000625
2000000171
2700000627
2700000982
1600002579
2700000632
2700000635
2700000638
2300007174
2700000640
2700000921
2700000644
2700000645
2700000647
2700000932
2700000648
2700001055
2700000650
2700000957
2700000652
1000000532
2700001088
2700000656
2700000657
2700000664
2700000665
2700000666
2700000672
2300012087
2700000675
2700000677
2700000912
2700000687
2700000688
2700000690
2700000691
2700000694
2700001043
2700000700
2700000701
2700000702
0400004154
1000000536
2700000706
2700000954
2700000707
2700000992
2700000708
2700000709
2700000711
2700001044
2700000969
2700000713
2700000714
2700000715
2700000716
2700000718
2700001096
2700000724
2700000911
2700000728
1000000263
2700000729
2700000730
2700000731
2700001090
2700001068
2700000737
2700000925
2700000738
2700000739
2700000740
2700000741
2700000742
2700000743
2700000744
2700000919
1700004446
2700000750
2700000931
2700001075
2700001094
2700000754
2700000974
2700000755
2700000922
2700000756
2700000757
2700000763
1700003246
2700000760
2700000766
2700000769
2700001001
2700000770
2700000774
2700000777
2700000778
2700000780
2700000906
1700005962
2700000981
2700000781
2700000782
2700000783
2700000786
2700000787
2700000788
2700000789
2700000790
2700000938
2700000791
2700000794
2700000795
2700000797
2500001344
2700000798
2500002221
2900000440
2700000801
2700001051
0400004009
2700000807
2700000812
2700000813
2700000814
2700000815
2700000817
2700000820
2700000821
2700001023
2700001025
2700000826
2700000828
2700000898
2900000523
2700000830
2700000831
2700000832
2700000834
2800000581
2700000835
2700000836
0600000429
2700000842
2700001014
2700001017
2700001030
2300009527
2300012279
2700000847
2700000849
2700000851
2700000853
2700000854
2700000855
2700000856
1700004917
2700000859
2700000860
2700001013
2700001016
2700000862
2700000863
2700000864
2700001089
2700001019
2700000866
2700000867
2700000868
2500002026
2700000870
2700000871
2700000872
1000000350
2700000960
2700000875
2700000877
2700000878
2700001010
2700000979
2700000880
2700000881
2800000837
1600000001
2500002236
0400004890
2800000002
2800000003
2800000004
2800000005
2800000007
2800000009
2800000011
1600002319
2800000727
2800000785
0400004316
0400003990
0400005272
2800000012
1700003904
2800000014
2800000016
2800000674
2800000702
2800000017
2800000018
2800000022
0400005489
2800000024
2800000026
2800000027
2800000028
2800000029
2800000030
2800000031
2800000831
2800000796
2800000033
2300015920
0400003817
0900000032
2800000792
2800000688
2800000034
2800000036
2800000037
2800000791
2800000041
2800000042
2800000043
0900000049
2800000044
2600000453
2500002126
2800000050
2800000051
2800000052
2800000053
2800000054
2800000055
2800000655
2800000058
2800000059
2800000062
2800000064
2800000070
2800000650
2800000071
2800000075
0400003936
2800000076
2800000080
2600000454
2600000059
2800000084
2800000085
2800000086
2800000087
2800000089
2800000090
2800000839
2800000834
2800000836
2800000091
2800000094
2800000095
2800000098
2800000099
0400003517
2800000100
2800000101
2800000102
2800000103
2800000104
2800000105
2800000106
2800000763
2800000109
1400000203
0400004431
2800000111
2800000115
2800000117
2800000775
1600002244
2800000118
2800000119
0900000781
2800000833
2800000835
2800000832
2800000120
2800000121
2800000124
2800000125
2800000126
2800000127
2800000129
2800000770
2800000132
0400005483
2800000131
2800000134
2800000753
2800000697
2800000757
2800000818
2800000747
2800000679
2800000778
0400000698
0400004742
2800000703
2800000139
2800000142
2800000143
2800000144
2800000145
2800000146
2300017169
0400005505
0500001453
2800000150
2800000153
2800000787
2800000154
2600000107
2800000161
2800000772
2800000162
0400003653
2800000671
2800000167
2800000168
2800000170
2800000174
2800000175
2800000669
2800000179
0400004688
2800000825
2800000816
2800000182
2800000183
0300001628
2800000186
2800000687
2800000779
2800000190
2800000191
2800000192
2800000194
2800000195
2800000196
0400005506
2800000649
2800000798
0400004513
2800000198
1900000986
0400005494
2800000202
2800000204
2800000208
2800000211
2800000217
2800000219
2800000222
2800000224
2800000225
2800000838
2800000228
2800000230
2800000232
2800000233
2800000234
2800000810
2800000238
2800000241
2800000242
2800000245
2800000247
2800000248
2800000252
2800000253
2800000254
2800000255
2800000257
2800000258
2800000259
2800000261
2800000264
2800000666
2800000794
2800000662
2800000265
2800000266
2800000267
2800000685
1800000448
0400005523
2800000758
2800000271
2800000272
2800000274
2800000276
2800000678
2800000277
2800000278
2800000280
2800000281
2800000283
2800000708
2800000824
2800000287
2800000288
2800000817
2800000292
2800000293
2800000294
2800000748
2800000303
2800000304
2800000305
2800000306
2800000308
2800000310
2800000312
2800000314
2800000803
2800000318
2800000786
2800000819
2800000822
2800000321
2800000322
2800000324
2300015578
2800000328
1800000165
2800000330
2800000829
2800000830
2800000331
2800000332
2800000334
2800000338
2800000339
2800000341
2800000343
2800000344
2800000345
2800000746
2800000349
2800000350
2800000351
2800000352
2800000353
2800000354
2300006099
2800000356
2800000357
2800000358
2300016491
2800000359
2800000828
2800000360
2800000361
2800000821
2900000296
2800000364
0400002926
2800000366
2800000827
2800000823
2800000790
2800000809
2800000367
2800000370
2800000371
2800000372
2800000373
0900000751
2800000374
2800000375
2800000376
2800000377
2800000379
2800000380
2800000381
2800000383
2800000793
2800000731
2800000385
2800000390
2800000391
2800000777
2800000392
2800000773
2100000845
2800000394
0900000791
2800000802
2800000397
1000000440
2800000400
2800000401
2800000402
2800000405
2800000406
2300015967
2800000815
2800000407
1900000902
0900000471
2800000410
2800000411
2800000768
2800000414
2800000416
2800000812
2800000417
2800000764
2800000418
2800000419
2800000420
2800000421
0400003847
2800000422
2800000841
2800000425
2800000426
2800000427
2800000428
2800000432
2800000433
2800000434
2800000435
2800000436
2800000437
2800000439
2800000444
2800000801
2800000446
2300007691
2800000448
2800000449
0400003833
2800000705
2800000724
2800000653
2800000453
0400002108
2800000456
2800000458
2800000459
2800000771
2800000826
2800000460
2800000462
2800000789
2800000465
2800000466
2800000467
2800000468
2800000469
2800000470
2800000472
2800000473
2800000476
2800000477
2800000478
2800000715
2000000404
2800000481
2800000484
2800000486
2800000487
2800000488
0400005068
2800000489
2800000490
2800000840
2800000491
2800000493
2800000495
2800000496
2800000497
2800000498
2800000499
2800000500
2800000501
2800000502
1000000344
2800000503
2800000504
2800000505
2800000722
2800000767
2800000506
2800000508
2800000739
2800000509
2800000820
0400005452
2800000513
2800000514
2800000515
0400005475
2800000780
2800000519
2800000751
2800000522
2800000525
2800000527
2800000523
2800000529
2800000530
2300013916
2800000531
2800000532
2800000534
2900000418
2800000536
2800000690
2800000540
0400004217
2800000776
2800000545
2800000547
2800000548
2800000549
2300011781
2800000552
2800000554
2800000555
2800000557
2800000559
2800000560
2800000561
2800000563
2800000566
1800000399
2800000567
2800000696
2800000568
2800000569
0400005102
2800000570
2800000571
2800000573
2800000661
2800000689
2800000578
2800000582
2800000583
1800000409
0400004917
2800000589
2800000590
2800000591
2800000592
2800000593
2800000595
2800000596
2800000597
2800000783
2800000598
0900000646
0400004124
2500002365
2800000656
2800000762
2800000605
0400005407
2800000610
2800000620
2800000622
2800000625
2800000755
2800000626
2800000627
2800000628
2800000631
2800000632
2000000454
400004093
800000505
800000593
600000431
200001078
400005621
400004885
400004765
800000521
200000820
400004042
400005654
600000441
700000905
600000444
500000445
400005424
400002676
300001262
400003947
600000505
400005317
700000879
500000451
600000451
400005622
400004593
900000656
200000853
400004683
400002713
400003908
400004722
400005337
600000046
400000812
400002129
300001220
800000522
300001755
800000602
400000257
400005462
400004530
500001501
900000776
300000426
400004055
200000337
300000575
500001494
400004594
800000251
400004509
800000616
400003803
300001512
300001459
500001346
400004050
400004635
400004512
400005513
900000183
400005311
500001581
400001622
500001365
400003642
400003841
600000285
500001576
400004154
400004009
600000429
400004890
400004316
400003990
400005272
400005489
400003817
900000032
900000049
400003936
400003517
400004431
900000781
400005483
400000698
400004742
400005505
500001453
400003653
400004688
300001628
400005506
400004513
400005494
400005523
400002926
900000751
900000791
900000471
400003847
400003833
400002108
400005068
400005452
400005475
400004217
400005102
400004917
900000646
400004124
400005407
0400005776
0400005778
0400005775
0400005779
400005776
400005778
400005775
400005779
