220211226009
220413126001
162313100001
220214100529
021813100001
162211200720
172613126001
162211226011
131911300001
030614100031
221014100519
162211400006
220213100568
143211100022
020413100034
222212100509
221013100005
182713100012
030612124003
030611226011
122911200108
164113100001
020111200016
220111200532
020414100004
021311200012
162212124009
040414100001
061011200038
164111100026
220214100527
193415126001
162211126009
040413100023
164311200011
113611100007
171711426001
143215126002
220713326001
220213200508
152411400005
220414100503
040411400012
030612100505
050912226001
030612126010
161713125001
162214100038
061013125001
013711200021
013712126002
130811226002
162211226017
182711300001
161211300001
221313326001
221912126001
221013100585
211111200018
221614100502
162211226016
043115126001
221012126002
221014100502
032411100019
221811226002
162611126001
221013400504
011112125003
162211400066
220913126006
030613125006
081713100001
030611224016
152413300004
162213300002
221612126003
221913125001
221913100504
021511100036
162211100085
061013400001
143213400002
231815126001
221711100526
030611226012
221613124002
040411200046
030611200412
030613400008
011112100059
162211100160
243114100027
162214200079
271811125001
162211226015
122911200106
091411200033
162214100036
030614226003
030613126003
153713126001
164411200071
102911226003
220913400504
040611226001
120411100002
221113100512
263413126002
162211100088
220113200505
162212126012
021511200029
282613100005
152311226001
211015126001
122911226002
091612100083
243111126004
221611224006
221413124003
010114100001
022112100009
152413326001
235811226001
030614126001
221413126001
182712100315
163713100002
221013100508
221013100583
191011100029
221513300501
213113100004
220212126007
220211226007
221012126001
221613126003
221411126005
221411126004
220212126006
220711400501
241211100081
221013126002
020413100024
221712100578
211111200008
221011300001
221911200603
122911400002
221811126001
220911226007
162311226001
030613125004
020412100246
040413400002
122913126001
282614200028
220413400510
221711200621
221513100512
030611125009
220813326001
030613125008
213111200103
030611125011
221914200522
221011226009
031311125001
220712126001
220913125012
031612126001
273011226003
013712126001
030611124007
162212225002
013311100047
220711200575
021712100028
020413125001
162211200728
220413100538
221713126002
220111126002
220211126003
263411226003
220711200600
221613400501
182711126001
162211100227
160113100002
243112100376
220413100521
221013124003
242413124002
220213125001
221411126003
010311100065
221411126002
220313100520
030611200596
191011100031
182711400023
222413100502
221713400501
152411300010
273013100010
191011100013
220911200658
061012126001
162213100041
162211300010
015311200017
011111226001
273012226001
221911226001
162213425001
221013100574
162213125002
164411200016
020412100377
143212100162
143212100052
162214226002
232611400016
220213100559
243111226001
220313300505
162611226002
131911226002
220414226002
202011200121
221612126002
132013100001
221511125002
082812126001
221911226002
013312126002
221011200968
182711226002
221013100573
220413400001
091613400001
213114200017
020411226003
243114100026
221013124001
031311100010
220213126003
163711225001
013314226001
162211125004
162213100011
221712200506
162211225017
230712124001
213111226001
220213326001
143211100076
104811200105
050913300005
235514226001
152414226003
182711226001
162212100740
220413224002
282615126002
162213200018
202011100130
221411324001
030613100125
164111224001
243115124001
162212126011
040413125001
272511226001
271011224001
070514226003
061014226001
190111100007
182711300004
162211200918
152446126001
020412126007
220813100520
160112100078
220313100524
221813100524
162211224016
113413126001
020112126001
162211126008
040414200001
161313124002
030612126009
021314200001
030611400050
220913126002
221213100505
182712126006
162211226014
152413100006
091612100123
104811200095
220911226006
220913125008
220611426001
242712100023
042213125001
221111100537
220211226006
220813400501
221011426001
081213100001
021514226001
221211126001
221811424001
253512126001
220711226003
221511126003
021311100004
160111200129
221913100512
020415126001
220711200649
030613100133
220913125005
221311400504
243113100030
263411200159
143215126001
220813100524
220411125001
162211226013
162511200001
243112126006
241211400009
030613126001
221012100781
221613126002
162213100103
241212200001
102913100002
122911200034
182711100176
040413100001
221013100516
030611200499
130813100013
162211126007
220311226002
221512126002
234713100017
221013126001
162211225012
220411226006
162211226012
132414226001
030612126008
121111226001
162211124006
220411126002
221511200665
030611126001
221011200780
221511226002
030611400066
220214100508
220411226005
271011200004
162213100072
111811326001
220811200566
172613100002
130811200047
221511126002
162212126010
030614100033
162211126006
221811200557
221013100584
220211200997
030613125003
162213126002
221013226001
220312126003
020412100336
220311226001
221713100522
150311400001
231813100013
263414100012
182712126005
104811200087
162211100096
030611400032
010311400016
162811200015
030614226002
131914200054
063211100001
130812100037
221611226002
030611125001
220511226001
221913100503
221612126001
220813200502
131911300005
191012126001
162212100705
162211126005
030611426002
162211226010
162211100044
221314225001
220313126001
030635126001
182711200095
220912126003
220211126002
221213100503
013312126001
243112126005
221511200666
062013100003
252211226001
220211226005
040411226002
230614100044
221711126002
231713100007
220312126002
243111126003
021712126002
202011400005
014011226001
221711226002
104811200082
162213200015
162212126007
020412126006
151611400001
020411124001
221012125003
243112126004
220411226004
030611226010
263411226002
020413125005
132012124001
282615126001
152413100022
221911125001
243112100389
152412126001
030612126007
220211200715
221811226001
120415126001
062712100024
221013400507
020412126005
213811200010
010311226001
030611226009
020411426001
030611200637
221012100811
221611126001
221011126002
220213100566
030613200002
030611226008
160112100061
221613300503
030611200755
182713225001
070514226001
163711126002
220212300516
030611125016
160113126001
220911226005
164311226001
220513100507
263413100021
030411200020
132111200034
162211100318
220213100508
221911100569
221813100518
221513100518
130813125001
162211126004
235512126001
162211100320
243113100040
220613100507
162211325002
182711400025
220911226004
221713400503
070512100048
221511225003
162212100497
122911400001
221013100593
252212100028
162211126003
010111126001
021313100004
020412100429
243113100041
162214226001
221011226008
243113100037
220211126001
162213400002
243112126003
014412100005
220912326001
282611226001
021513124001
010313100010
020412126004
060813100006
111813100004
221413100509
220913126005
020413100023
220913124005
080311425001
104811224001
221513125001
243112126002
220214100531
010312126002
042213100003
221511100578
061013126002
241213226001
162211400054
040611100017
020414100012
040411226001
082813100004
213813100002
102911200011
221113100508
161711226002
062712100019
040611225002
102914226001
011113100001
021811200010
263413124001
220814100504
040413100009
040611400002
191014226001
122911200012
202011226002
082011100005
132011226001
030611226007
272312126001
162213400006
030611224021
221411126001
162211226009
011111124001
162211126002
104814200008
030614226001
164411200059
010112100011
163914226001
042212126001
273011200139
220213126002
132913100001
030614200111
143214226002
220912126002
020413100021
273011226002
243111125001
221011300508
220811226002
243113100003
010312126001
271812126001
020413400006
152411226002
162213100121
202011225001
220913126004
030612126006
220911225006
030611200611
030611226006
162211225006
182712126004
182713100011
211111200006
042613100002
162211200765
221214226001
160111200113
030613100142
082813400002
161312126002
201611200005
013311200056
131911200136
030611200508
091611200149
221811200532
221013100002
260914226001
061011226001
020413400005
221711200631
152412326001
062711100013
010313100019
221511126001
221211226002
221013400506
030111224001
030611226005
122913100002
221913100511
152412124001
220113100511
221011226007
030613100052
221613126001
111911200008
182712126003
220215126001
152413400003
020411226002
020413125006
104811200086
210911226002
030613126002
021513100014
014012126002
164311300001
282612126002
162211224013
243111100201
222311124001
221712126001
061011200037
220213100585
220711226002
243112126001
220211226004
282612126001
030613100078
030611426001
221011226006
030615126001
220414226001
172611126001
210911226001
221013100554
151611126001
162211226008
221613125001
102915126001
193113126001
070513100012
233913100028
131912100138
061013100002
243111100008
162211200510
182712100177
221612226001
221513100513
243113100052
221013125003
262811226001
172614100001
020412126003
161311200081
162211400063
082811226002
152414226002
182711200086
162213200009
221013100544
020412300009
273011226001
220413125002
243111200120
030612126005
220212126005
162212426001
221011226005
222013400001
211611226001
211612126001
030635125001
162212126009
172613100003
152411200129
162212125008
104811226003
152414226001
220912126001
182713126001
241212124002
130811226001
162211225026
243111100070
220213200504
072912126001
162211200315
091612126001
130814125001
030612126004
030611225017
030611200717
171414226001
162212126008
152413400002
220913125007
121211200011
220214226001
102911200052
263413126001
162213400008
220913124001
221611200592
090815126001
133911200044
160111226001
221011226004
061011100067
221711126001
162211200126
220213126001
162211226007
030613400006
091611200134
221611226001
220913400502
082713100002
220312125003
162611200069
030612126003
213112126002
162211200579
220212126004
162211226006
202011200009
010313100007
221213400501
021712326001
220913424001
030612126002
220212126003
202012126001
220911226003
163711126001
220913126003
162611226001
091611226001
220414126001
221411426001
162213400005
030613124001
143214226001
030613125002
263411226001
164111400001
280713100001
091411200003
020412100149
182713100016
020111126001
243111100044
220413300504
243112100092
162213100062
162614200003
133911200045
221913300502
262913124001
161711226001
104811226002
020414100022
220513126001
010313100011
273012126002
020412125004
243111100050
131912126003
131913326001
040411100057
213813125001
182712126002
031311224001
234511126001
221711225011
104813300001
221013100545
221913100508
133912125001
162213126001
030611300017
220911226002
162213226002
030615100004
143211126001
221111426001
030613100132
221611200160
104811226001
220813400502
230711226001
030611200445
162213226001
143611200032
050914200020
092111200024
221311226002
222011226002
131913400002
131912100146
030611425004
220411226003
221011200730
160111100076
061013126001
220411200815
020412126002
273015126001
213111400002
162214100022
014011400006
282611100010
050914200028
221711226001
230611226001
162211226005
220211226003
273014100347
030611224014
131911226001
241214100002
162213125003
221313400501
030611200505
030612226002
221311226001
164011100003
220411226002
111813126001
011112125001
182711400015
182712126001
030614100035
082813100003
030611200731
162212126006
273012126001
263412126001
060814226001
021512100039
010314100010
062013200002
220811226001
220613126001
152413400005
050911200107
162213100110
092111125001
020112100029
221013100581
152413100012
104812126001
030613100065
221213100504
221511226001
221013100536
213111400004
220412100571
220212126002
162211126001
282614226001
193111100041
162313100002
030611200688
050913100008
202011226001
143211100096
220312126001
061013100022
220913124002
070512126001
143213100011
011112126001
040614200006
220713400501
030611200578
220913400501
162212100691
221613100503
243113124001
161312126001
221311200583
104811200093
220911226001
162212126005
104811200104
162212300019
162214225007
221713126001
243111126002
220813100518
263211125001
172613400001
182735126001
221514224001
262811200029
221011226003
020413400004
221613100517
230714100026
220613124002
220213100545
241212300004
102912126002
213114226001
162211100112
082812100169
263313100002
162213100014
010312100159
243113124002
162211426001
020413100004
102911200100
040411100001
220511426001
172613125001
162213100092
162212126002
030613100082
263413100016
221811100524
162211226004
162212126004
220411126001
243113126001
162212126003
030111126001
102911226002
162211226003
014211400001
220211426001
182711200067
130812200003
162211226002
220211226002
070514226002
230913100040
102911226001
062814226001
220211224007
102912126001
030611226004
220212126001
162211100140
091611125001
222011200525
014013100012
162213400014
221013100559
243111126001
104811126001
263411200075
040412100166
042611200003
131912126002
221313100504
220313100508
221211226001
220513100513
193211100005
263312126001
030611226002
220711400502
030611226003
122914226001
020412326001
221713124003
131912126001
043111100022
152411200195
220813100513
091612124005
030611400046
011311226001
221715126001
220813300503
263411200066
162211400046
113811200001
221512126001
221013100560
271912126001
011111200031
220211226001
162211200663
030612226001
282611400004
263411200164
030411226001
162213100077
220411226001
021711126001
222011226001
162211200029
160113100005
080311200007
163712126001
102911200099
162212326001
020111125001
243111200279
161711200054
221011226002
220111126001
221013100004
221513100514
152411226001
030613125005
030611400055
182715126001
082811326001
221011126001
253511426001
162211225022
152413100002
103111100008
220112126002
220913126001
091615126001
221814100501
221713100512
221011226001
102911200101
020411226001
162211226001
220213100571
104811224003
220214224003
241215126001
182711224001
050911225002
213112126001
220311100563
030613300014
070512326001
243115126001
162213100019
010311200131
273012100334
082811225001
162212126001
230613124001
082812100171
082812100196
062712126001
030612126001
010113100001
233911226001
242411226001
220112126001
212713100002
014012126001
082811200008
020411225006
132011100025
082811226001
131911200134
220211224008
021712126001
220711226001
040413100016
171411200013
220211225013
040411200084
282613400001
220411225011
152415125002
243614100001
241211200009
220211400503
232011100043
030612125010
030611425005
224611125002
221811225003
162213100048
220212125002
050911200091
162214225008
131911400011
202013125001
221412125002
151611100018
131913400003
111815125001
220914225002
220211225017
122911200078
220813125001
210913100002
143213100018
020914200003
010311225001
243112125011
161311100065
143213125001
220912125003
220314225002
020411300006
220412100667
072912100053
162611200070
162212100576
162211200761
031611125001
243112324001
253511200061
162211225028
221013324001
182713100018
040611325001
162212100551
162214225009
220912125005
243112100293
090211200008
221511225006
221811100006
220911200594
220212125003
030614225010
273013125001
030612125009
060811400001
030611100113
171414200003
162211225027
010311200038
220211225016
030613300007
232011300010
040412125005
162212100454
031312100015
082812125003
080315125001
213111200099
151013100001
120215125001
021811200007
221612124002
030611100138
201111200008
152411200082
253513100006
070514200006
021513300002
020412125003
111811200034
221011300501
263411200089
070512100128
152415125001
091611225002
030611224001
143212125006
162213100078
273011125001
104815125001
260912100064
221911200640
243115125001
190711125001
021511125001
220211225015
221314100504
162211200355
131912100141
061011100074
030611200526
153911200002
240713100001
081211100004
220912125004
162211425006
220911400522
122914125001
010312125005
030613100131
263411200116
162211125009
220413125001
030611225025
030615125001
211011125001
131911200174
162211125008
263411200060
030611225015
102911200016
091612124003
220413100543
263412100206
220911224003
030612125008
152414225003
010313100003
030611300026
010314100003
030611200625
221911225009
030613400011
162213100001
282612100131
030614100025
241211100085
220912225001
042214100003
161312125001
202012325001
221911225008
160112125005
162214225006
030611125015
220712125003
243112100281
221711225010
221911125002
020412125002
221513300502
260912100043
020414200038
221611300002
030611200213
263411200017
161313100004
021513325001
282611200108
220211225014
271013125001
030611125014
162212125017
230712125003
020411200151
020414225001
162215125002
220811225007
182711200227
041313100001
220511225006
164411200050
221011125003
143211225003
220713100507
171413125001
141911200001
190711224001
221911100014
230613400023
220411200717
152312125001
162212125004
211612125001
164311200018
030611125013
242411225001
282612125002
221311225004
021712125001
221812125002
030611100376
221013400505
220613100503
050912125002
160112125004
020412325001
220911200520
220111425001
042612100013
171111100010
030612125007
232611225001
104113100001
020411200145
221511425001
172612125001
011111200007
040413125002
011111200041
020411225007
152411125003
062011225001
162214225005
130813100006
221812125001
220213124004
221413124002
132111225002
162212100537
210911425001
091613100006
040611200050
220811225006
014011200023
162211200477
220611125002
243113100051
220614125001
030611225024
263412100002
162211425005
032613225001
231713100035
220815125001
030613100157
220413324001
091612125002
162211125007
241211125001
160111100067
220312100547
030611400052
020411100183
162211200518
221311125002
162211225025
040411200085
030614225009
220915125001
030611200561
220911400528
212714225001
162211400065
182712125002
030611100451
162211200905
222011125001
220611225002
221011225019
162211400075
030611325002
220911224005
164411200024
220613125001
220913125011
153713100001
221311225002
162213125004
122414225001
050913300003
221013100588
152411125002
221511200542
221411200578
260912100057
010314100013
241211100059
221011200656
221011200836
152411200184
061013100021
040411225002
230712125002
162211200954
050913100001
162211200686
030613100090
233911100232
220935100505
221513200503
221711225009
152413100030
221811125001
162212100608
243115225001
010311100020
220211200946
220812125003
222311200521
180411200007
104811225002
243112125010
162213200016
030611200060
143614125001
213113400001
210511200004
030611125012
221011225018
221311400001
182711125002
221013100558
220411125002
091511100026
172614200005
040412125004
122911225001
010312100098
132111225001
263413100012
221911225007
220211225011
113411100021
213112100025
162211125005
011111400005
062111200003
042013125001
220911125002
062712125002
040411100033
131912100135
061013100008
230711200364
243114100023
122913100006
162211125006
243112125009
243112125008
030611200298
113412125001
020411125001
282613100012
162211200959
162211200968
030613325002
011112125002
273012125002
132411125001
160111125002
030613400010
104813100009
162212125016
043211225001
060813124001
221313125001
221813400501
030611224008
273012125004
162611225003
242713100001
220211225012
162212125015
221511125004
202011125002
162211400049
162211200743
010111225001
263411200145
221011225017
143214225001
221712125003
243112125007
273013400001
221335100503
152412125002
143213200002
221814225001
164211400001
030613300016
263411225004
213111225001
221613100506
220114100509
263412100150
021713100001
030411200010
162213100118
160112100042
163712100013
030611225023
162211100304
220211125003
082711100029
160113124001
162611225002
030612125006
253511200077
030611400019
243112100403
120213100001
153712100006
030613225001
132011200016
030611225022
152414225002
221014225001
243711100006
162213100107
221513100526
030612300043
111812100024
050113100001
082814225001
040613100003
220411200100
031311100019
221711100527
241211200116
243112100390
263412125005
162212125005
162214125001
011111200038
091611200133
222111225001
162214225004
273011200101
020414100016
243111200161
081211100001
202011100070
271811200002
131911400012
243112124004
020611225001
172611225002
221313400001
152411100197
221213100507
162211100040
243112325001
133911200038
010312125004
243111125002
162213100090
152411300002
191511225001
010312325001
020413100018
152411200188
091411200036
162212125014
030611225021
021511200040
030614225008
030611200749
220611300504
162211225024
220911225005
020411225005
013713125001
162211225023
220311224003
221311125001
162211200896
220913125010
130811225003
162212125013
220913125009
030911225001
273011225003
020413125003
182711225002
252411225001
221613124001
010313100004
030611200614
221913124001
263412125004
221012100784
020111225002
152411225003
030612125005
221611225005
030611200548
021513100030
220512225001
273012300004
220213325001
221714225002
040411225001
020412125001
220112125004
220312125005
221311200559
172613100005
030213100002
221813100516
273013100018
220211225010
221914225001
162211100117
232013100014
104811200040
273015125002
172611200061
091411200023
061013100005
273011200132
211012125001
061015100002
152411100168
220711400512
030613100054
030212125001
091611225001
152411225001
202011125001
062014100002
221513325001
230611200376
030611225020
130811225002
221412125001
030612225001
243113125001
162213100104
243113100024
020413125002
152413125002
243113100027
182714100013
243611100014
241213100004
253511300003
030613125007
162211400052
030612300028
220214100526
060812124001
182713400002
030611425001
243113400006
143211200144
131914100003
221011225016
040412125003
020413100017
113411225002
221411100006
162211225021
273014225001
263411200161
030613100161
221012125006
030613100153
193111200024
160113125001
182712125006
220214200511
040412125002
162213100095
212711200001
221711225008
021812125001
221013125005
161313100006
234313300005
220911200607
080313100001
220412125002
282614100005
131912125003
220513100510
161311124001
030612200023
051611225001
020413400003
162311400001
253513100011
213112100067
221911225006
030611300020
220914225001
220611124002
030611200654
061013300002
010312100186
213114225001
050914200027
162212125012
220213125004
132911100007
162211225020
201612125002
243113100020
221711225007
243111400003
113411224002
080311100017
263412100163
030611200683
143212125005
221212125002
193112100116
273012125003
032413100004
221912125001
162212125011
221311225003
161313125001
221513100507
164111200002
162211225019
011111225002
070511225001
011112100056
220111125001
160111125001
011112100046
193112125001
031311200012
220112125003
162211100199
162211425004
221012125004
130314225001
143211225002
220211200958
220812125002
030614100005
221513125002
162211225018
030611200432
111912125001
220612100543
030611125007
221013100524
010311200041
221713124002
241211225002
201111200010
220512100576
020411225004
030611200699
220713100510
221911425001
220212400501
162212125010
213112100087
030614225006
220913125006
162211200965
220211225009
152411200141
030614225007
220113124001
062715125001
162213100043
021811400001
221511100576
221011224007
160111225002
162211200766
243112300010
162211200354
221313100333
164311225001
221011125002
221911225005
162214224006
221411200576
030611125010
172911100005
091614100009
061012200001
221611225004
235913125001
061012225002
182711100045
182713324001
030612224001
042211200023
221713100505
131912100154
042813100005
220411225010
221911225001
162211225016
152414225001
263012125001
091614225001
030612100727
082811225002
091511200018
061011200060
030614200117
082812125002
263411200147
030611225011
220212100678
030411200018
220511225005
030411200017
152414100012
221813100523
221513200504
021512100046
030612100640
221011225010
021311100005
162213100068
162213100112
113311200001
160111200078
232513100015
221813300501
014211100012
131915125002
020411200286
152411225002
172612125002
160111200130
220511225004
020411200355
222211100518
040611100009
253535100002
030613200012
161311200090
191011100017
131915125001
224611125001
221214225001
233912100182
152412100279
104811225001
221512100556
221012325001
182714100007
220712125002
162213100105
220314100512
162211425003
113411200018
220211225008
162213400015
091611200146
030211225001
193113400001
164111225001
182711100002
030613100158
151035100001
221835100503
221411300002
221514200518
131911200020
272211124001
122411100009
081713100002
161711100024
253511400004
221013125004
061011200076
263411200144
222011225002
063112100002
162214100030
061014125001
182712125005
221513100522
131911225002
220813100522
221212125001
030611100363
030611225019
050911200092
072911200045
221212124001
121213100001
253513125001
221013100507
221713125003
163712125001
182714225002
021312100004
021311100003
222012100512
020411200385
153711100032
152411200189
221514225002
160111200108
263413400001
220811100096
030635100021
131911200054
220211200994
260912300001
221711200622
263312100020
010311200103
161211100005
020411200227
160112125003
261912125001
162213100108
060511200006
030611100117
113411200038
220211226008
162211124007
030612125004
030614225005
282615125001
020412100296
091511225001
220714100501
020411200338
182715125001
162611225001
022711100005
030411325001
063111200009
082811200031
011113100004
182711200285
162211200771
221714225001
243113100008
162211225015
162212125009
243113100043
013711225001
221711225006
102913125002
220711200656
272212125001
113411200022
220911400519
221511200544
220213200509
030613100121
182713100022
213112125001
162211200964
263311124001
061011225002
220711200531
230712125001
242412125001
263412225001
030611225018
220715125001
220911200640
143212125004
220213125003
022713100002
221111200556
162611100027
233911225001
042811225001
022711225001
221411225002
152411100055
222313125001
263411225003
102912125002
220911200721
220411200689
020411100163
182711200248
152413100021
221011200504
152411100179
221511200524
162213225001
271011125001
243114200030
142211200007
162211225014
220511200663
220511200568
122411200015
220213200505
241211225001
210911200018
011111200036
162212125007
243135125001
152412125001
221512125003
162211225013
220611125001
172612124001
220312125002
220314100503
222011200536
220911125001
221911225004
243111225001
153711100044
221011225006
102913125001
221113100503
020411300010
220911225004
220711200573
220513425001
030912124001
010313124002
220211200578
021513100033
013711400001
130813100012
233911100276
202011200139
162211200976
030611300032
232612125001
221011200841
220211200621
221011225002
131912125002
031311225001
220211200980
202412100003
122911300003
030611125008
061011100039
242411100011
160711100010
030612125003
070511100077
162211300002
162214224002
104813100006
221713100508
030612300040
030611100427
061011200114
260911100056
220912100604
070514200020
162211200988
010313100020
162211100217
243112125006
183312125001
131911225001
221711125002
042811100042
164011224001
220513125001
213115125001
220411225009
172615125001
243111100190
032413100005
162211200546
162214225003
172611325001
122914224001
221011225015
160112125001
220211125002
102911125001
221011125001
220913100528
061035125001
010312125003
020411200358
224614225001
221311300001
040413100012
220911200778
231715125001
221911200237
220912125002
030611225016
221712125002
162213100079
263415125001
082812100096
211115125001
193111225002
143612100021
263411225002
220411225007
263011200002
030612200019
010314225001
221911200509
213111200104
162211200370
220112125002
130411200013
220312125001
220411225008
182714225001
143613100003
220511425001
220412125001
220315125001
132915225001
243112125005
202011225002
191011125001
182711125001
260915124001
221012225001
263411225001
120211225001
263411100010
162211325001
263411224002
263411224003
162211200938
241211100084
282611225001
221713100528
030612125002
220811225005
030611225014
243111200259
030611200733
011112225001
061012225001
162211225011
202011200127
021711300001
162212100568
221713125002
221011225014
130811225001
252411200006
221911225002
182711225001
013311125001
030611225013
243111100083
220211225007
162211125003
220111200718
221712125001
030611225012
130811200048
182712125004
282211200003
162211200440
220513125002
010312125002
030613325001
221713125001
234313100016
030613100091
221011225013
221611225003
220311225008
220314100504
020411225002
042613100001
221513100527
013311225001
121111225001
030611225010
162211225010
011311225003
030611125005
030611125006
162212100547
220811225004
263411400006
091613125001
220311225007
062011200014
221012200516
113411425001
171611200010
221411225001
021812124001
030611124008
030612100463
263413100019
221535100501
220213100507
160111200103
242413124001
030611125004
162212100421
220511100150
183311200028
042811200023
221713325001
091511200019
220911400514
162213100119
162211200848
010311125001
182713100023
030614100015
091611200116
162211100155
220611225001
162211425002
030614225002
011311225002
220411225006
220211225006
030614225003
040411200117
221113100505
221011200222
220111225002
011111225001
243113100059
243114200031
221511125003
220211125001
221813100506
082811200117
221911200622
230711225001
202013400001
162212100419
040411200118
122611200005
030614225004
220213100540
182714100011
221912225001
143212125003
221013125002
222011225001
202012300003
162213100040
182714100023
221914100503
221513124001
172911100006
030614200101
030611125003
082811400004
221011200959
220311225006
221713300506
221811100526
221311225001
213811100009
130812100033
030613200003
162611100015
161311200063
201613100002
162212100722
263412100082
243111200219
162211400018
162511300001
014012125001
263412100081
221411100523
221711125001
030611225009
050911200004
193111200009
030611200420
072913100008
253512100089
221011225011
162213100070
143212125002
122912300011
091515125001
162211200727
162212125006
221011225012
221511224001
220913100533
152411200118
162213200014
160113400001
243111424001
221511225005
162211424002
182712125003
220811225003
040411125001
230711200185
220511225003
282614225001
221211225002
014411225001
091512125001
252412125001
221611200595
013311200008
221011225009
152413100031
243112125004
131912125001
220413124002
220411225005
162611100021
162214225001
221011425001
030611225008
020411225003
193111225001
152111100007
130812125001
143212125001
220213125002
021512125001
020413100002
221713100501
072911200021
162211125002
030613300009
263412125003
221512125002
172611225001
221011225008
221911225003
040412125001
162211225009
162214225002
221711225005
030611225007
220311125001
030611425003
073512100022
243613100002
162211200903
221811200108
282612100076
162211100308
221711200613
273035125001
213111200082
040411200022
040411200097
020411200321
020412100261
162211200770
162212300004
182711100189
020413100032
030611200729
030611100446
030611125002
092113100002
071213100002
031613100002
091411100004
232011200255
162211200334
220613100501
162213100100
162215125001
221013100580
253514125001
221011200005
162211125001
220311225005
030611225006
122412125001
243112125003
220311225004
143211100046
221613125004
143215125001
014014225001
210514225001
182712125001
143211400004
220413100539
131914225002
221711225004
091612125001
221011200989
162811125001
162211225008
131914225001
220212125001
220913125003
221111225002
221811225002
164311125001
220112125001
092111225001
182713125002
122915125001
213113100006
151612125002
220911425001
152413125001
220311225003
221512125001
062712125001
235511225001
030614225001
162211225007
010312125001
050911225001
020111225001
030613100128
082812125001
273011225002
160111225001
030612125001
273012325001
273015125001
220211225005
143212300008
221414225001
220211225004
014011225001
220811225001
113411225001
202012125001
030613125001
072911225001
030612100596
030611225005
221514225001
143211100117
221613125002
050912125001
143211100008
010311425001
220912125001
143211225001
162212125003
263411125001
220511225002
020411225001
162211225005
220913125002
030611225004
030611425002
220211225003
220814225001
161311200091
221013325001
030611225003
243112125002
231711125001
220911225003
220711425001
030612100595
220211225002
221011225003
102912125001
162212125002
162211225003
221611225001
162211225002
273011225001
220211225001
061011225001
162212325001
233411225001
221011225007
263412125002
030611225002
030811225001
104113125001
282612125001
151612125001
030611225001
102911225001
243112125001
220712125001
221711225001
162212125001
162213125001
162211425001
220913125001
221012125001
143212100001
220711125001
082811200116
220812125001
070511425001
040611225001
201612125001
260912125001
263412125001
220311225001
162211225001
222012125001
182713125001
220915124001
162212124017
013311124002
010312124005
260912124003
162212124016
220812124005
253512124001
012811224001
131914224002
220312124003
273014224002
213114224001
020112124001
221046124001
271111124001
162211224018
160111124001
220911224006
162211224017
221511224003
162215124002
021511224002
221111124001
220213124003
182712224001
091614224001
221714224004
221811224003
220814124001
220514224002
221411224003
221712124004
282612124003
220411224006
221611224005
162212124015
261112124001
030611124006
220711424001
162211424005
040412224001
221015124001
082811124002
172612124002
220311124001
030611200663
221712124003
133912124001
030611224020
182712124007
131912124002
030611224019
152711100019
220812124004
091612124007
162211424004
040414224002
220215124001
030613100103
082811124001
130811224002
220815124001
160111224001
030614224003
183312124001
220912124006
263413124003
030611224018
260911224001
220211124002
221011224006
182711224008
011311225001
160112124001
220514224001
020412124010
220913124006
030611124005
030611224017
220812124003
162211424003
220311224005
221013100594
143611224001
231811424001
221611124002
182711224007
080311424001
220511224004
220913124004
104812124002
030615224001
273012124003
260915124002
091611224001
162211224015
010313124001
273012124002
182712124006
014211124001
242212124001
182712124005
221612124003
162212124014
220812124002
243112124006
221611224004
020412124009
162213124006
042215124001
162212124013
131911124001
030612124015
220912124005
030612124014
020412124008
143212124003
220811224005
162212224002
273014224001
091612124006
020412124007
164111124001
030613124003
162212124012
011112124003
143212124002
130812124002
222214224001
030612324001
221715124001
182714124001
221514224002
021511224001
104812124001
262811224001
242212224001
010312124004
221712124001
020412124006
221013324002
202011124002
152414224003
221811224002
220411124001
222011224002
220212124005
182711224005
143211224004
020412124005
162212124011
162211224014
030612124013
220912124004
104811224002
020412124004
172611200062
162212324002
152412124004
040411224003
030615124001
162212124010
030611224015
221811224001
220911224004
162213124005
221411224002
221511224002
213811200008
221614224001
252411224001
091615124002
221413124001
243111424003
162212224001
091414224001
131912124001
030612124012
080311224002
221611124001
220811224004
193115224001
062712124001
162214224005
260912124002
030612124011
220511224003
220913124003
182712124004
221613124003
021312124001
011114224001
152414224002
221914224001
243111224001
232012124001
020911224001
220714224004
221011424002
263413124002
080311224001
282612124002
122913124001
143212124001
162211124005
030611124004
042815124001
030611124003
152412124003
152413124001
020414124001
091611124001
162213124004
030614224002
102912124002
014012124001
220211224005
162214224004
220411224005
220411224004
102912124001
243112124005
271912124001
222011224001
162212124008
221812124002
070513124001
111812124002
164314224001
010212124001
220314224001
220212124004
193115124002
220411224003
220914224001
162211224012
213111224002
273012124001
241212124001
091612124004
143211224003
161211224001
202014224001
220212124003
143211100100
162511224001
030611200669
162212124007
171414124001
220912124003
030611224013
220912124002
030411224001
221011124001
030614224001
220411224002
162212124006
263411124001
220711224001
162211124004
111812124001
020412124003
162212124005
162211224011
030611224012
031411124001
152412124002
014014224001
030613100162
143211400003
070512124002
162212324001
030611224011
070511124001
182735124002
221111224001
030612124010
213111224001
050912124001
070515124001
013311224001
020415124001
102912100090
220711200648
143211224001
221914124001
091615124001
252311224001
040412124001
221211224001
162215124001
282615124001
220611124001
220911324001
220911224002
143211224002
242412124003
041311224001
182711224004
020411224001
220811224003
221812124001
030612124009
030612124008
030611224010
221611224003
021515124001
030612124007
122414224001
162212124004
143214200003
152411224001
162212124003
011112124002
220511224002
162211224009
235812124001
231812124002
221814224001
193114224002
162211224008
162212100736
242412124002
011311124001
010312124003
221411124001
263412124003
164213100003
102911224001
082814224001
010312124002
221911124001
221512124001
221611224002
220211124001
070512124001
221711224002
030612124006
010211124001
132011224001
020411124002
273011124001
220911224001
182711124001
014013124001
202011124001
020412124002
111911224001
231812124001
220211224004
082711224001
220715224001
220214224002
193412124001
182714224001
162211224007
030611124002
221011224004
273011224001
040411224002
221011224003
182711224003
220412124001
243112124003
091612124002
221611224001
013311124001
220613124001
221011424001
030611224009
220211224003
130811224001
220811224001
040411224001
030613124002
010315124001
211611224001
162211224006
220511424001
260912124001
162211124002
162211124001
221714224003
230711424001
143614124001
131913324001
162213124002
162211424001
082811224002
213811224001
162214224003
010312124001
221714224002
131911224002
162211224005
220712124001
243112124002
221711224001
242412124001
220311224002
220714224003
220714224002
162212124002
221714224001
152414224001
213114200020
020414224001
153711224001
013711224001
231714224001
263414224002
263414224001
010314224001
040414224001
111814224001
162214224001
030611224007
162213124001
221713124001
162211224004
220714224001
220213124001
152415124001
031313124001
030612124005
082815124001
232612124001
030611224006
220413124001
222014224001
131914224001
193114224001
220313124001
162212124001
030611424001
220211224002
182711224002
221613424001
235912124001
233911124001
030612124004
221011324001
030611124001
160112324001
221813124001
220511224001
162312124001
193115124001
030611224005
243111424002
030611224004
113412124001
162211224003
193111224001
221011224002
082811224001
030611224003
243112124001
030612124002
263415124001
042212124001
014411224001
263411224001
162211224002
220211424002
010311200147
221011224001
013712124003
220211224001
220212324001
182735124001
161311224001
113411224001
020412124001
013712124002
220212124002
162211224001
143211400010
030611224002
182712124003
221513100523
231711224001
220611224001
221012124002
162811224001
221613125003
263412124002
220212124001
182712124002
162212100741
122912124001
182712124001
221012124001
131912100157
011112124001
282611200129
131911224001
220312124001
030612124001
091612100125
122415100001
273013124001
013712124001
211111224001
030613100163
221512224001
263412124001
015312124001
162212100742
220811200613
220311224001
263412100187
130812124001
091612124001
273012100346
273011200141
273011200140
273012100345
2730133
273014200021
272111100018
263411400007
263411200143
263411200142
263435100002
260912100062
261911200007
263414100015
260912100065
253514100013
252211200008
243112100421
243111200260
243612100019
242211100017
243611200012
242711100040
242312100002
241213300002
241213200001
241211300003
221011200028
221011200027
221011200026
221011200025
221011200024
221011200023
220712100558
220211400537
220211200050
220111100543
220212100776
221713100529
220912100612
220912100611
221012100815
220111100541
220812100530
221714200522
220211200943
221011100571
221311200580
220811200581
220512100570
221713100519
220811300503
221712400500
221113300503
222013400500
222013300500
222013200500
222313200500
222312400500
222312300501
221313200332
222312200500
222311300500
222235100500
222314100500
221713200501
221512200503
221435100500
221414100500
221413200502
221412400500
221412200500
221412100528
221912200501
221813300500
221614100500
221613300500
221612400500
221612200502
221611300500
221513200502
221512400500
221212200501
222212300500
222212200500
221312400332
221813200501
221812400501
221812200500
221812100527
221811300500
221735100506
221714100500
221312200332
221311300500
222211300500
222135100500
222114100500
222113400500
222113200500
222112400500
222112300500
222414200500
222414100501
222313300500
221235100500
222012400500
222012300500
222012200500
222012100510
221935100500
221912400500
222313400500
222413400500
222413200500
222211400500
222412400500
222412300500
222412200500
222411400500
222411300500
222411100506
222335100500
222314200500
221214100500
221213300501
221212400500
220312100622
221113200500
221112400500
221012400500
220914100500
220912400500
220912200503
220911100523
220812400500
220812300500
220735100501
220713300500
220713200500
220712400500
220712200500
220613300500
220613200500
220612400500
220612300500
220513400500
220512400500
220511300500
220412400500
220411100618
220335100500
220313300506
220312400501
220211300503
220112400500
220111300501
221211300503
222411100507
222112200500
221135100500
222213200500
222212400500
213111100048
213111100047
210911100033
210211200010
210911100032
211112100016
213811100023
213114200015
213114200014
210211200008
213111200059
210911100018
211112100017
213112100049
210211200005
213111100041
213112100064
211011200006
211112100012
210911100006
213111100014
213111100010
210911100030
213112100045
211111200013
213114100001
213111200054
211611200008
213111200025
211612100002
210212100002
213111200045
212712100007
213111200041
213111200039
213112100031
213112100015
213112100009
213111200021
202011100067
182711100153
180412100023
182711100152
182711100151
183711100006
182712100231
182713100006
180812100001
182712100330
164411200068
164411200054
162212100701
162212100700
164112100007
164212100002
162511200019
160111100072
160111100071
152412100281
143212100186
140811400002
143235100002
143211200077
143211200073
141912100001
143211200089
145111100007
143611200015
143211100094
143212100139
143612100014
133211200004
132914200001
132414100001
132413100002
132413100001
132411300001
132113400004
132112200002
132111300003
132013200001
132011200018
131913200001
131911100110
131411400001
131411100008
130814200001
130811100021
132911100030
130812200002
130812200001
130612100002
130414200002
130414200001
130411100011
130411100010
131411100007
111812300008
061012100147
061014200011
061014200010
030611200754
030612100675
030612100674
030611200675
030411200014
030611200661
030611200657
030611200645
030611200639
030611200638
032413100006
030612100637
030614200107
030611200624
030611200582
030111200006
030611100434
031413100001
030612100633
030611200623
030611300037
032612100006
030611100432
030611400056
030611400057
030612300041
030611200594
030613100119
030611200655
030613100107
031312100016
020412100423
022311200002
021712200001
021513200001
021512200001
020812200001
020112200001
022711300003
022711300002
022711300001
022311100017
020911100009
020911100008
020911100007
020911100006
020814100001
020811100014
020413300002
020114100004
020413300001
020111400004
020411400019
022311200003
010312100184
221512100598
030611200764
030612100738
220913100536
221015100001
030611200677
220111200757
243111200285
164411200096
172611200065
210213100001
162214200104
221712100587
010211200012
160112100095
162213100120
252411200025
220211200049
221011400550
013312100070
220212100800
220612124001
221812100532
030614200141
030611200763
162212300026
221811200574
222212100513
243111200284
162212100739
164411200095
131911200178
202012100199
161314200003
211013100002
011112100066
220311400514
152411300011
220912200505
213111100051
210911100039
030611200761
162211100334
220911200777
162215100005
143611200008
253511200078
030611100455
220412100670
080315100001
030611200762
230715100001
220911200776
030612100736
030612100737
222311100524
221212200502
221211100514
220212100798
143213100020
221611400508
221311200596
164411200094
221911200658
030614200140
252211200013
164411200093
220911400529
263414100017
182711200286
091611200151
164411200092
014014200008
030613100108
030613200016
273012100884
221511100580
221011400549
213112100093
220213100598
020411100221
220211400538
220912200504
263412100211
221411100528
030612100734
220411200817
020411200390
213112100092
191012100030
162211400076
243112100420
182711100188
164411200090
220212100799
164411200091
030612100735
191012100031
221911100574
164411200089
162611100052
263413100022
030611300039
220535100504
030612100733
221411200583
015211200010
221711400517
253512100098
011111200060
243113300007
014012100058
221712200507
162212100738
220711100528
162213300012
210211200014
062015100001
220211100607
221113100513
221011200952
040411200137
220411200816
162212200042
222311100523
221011200020
221012300522
162214200103
221911200656
221014200526
161211200022
030612100732
162212300025
182711100187
092112100023
011311400002
091612100124
091412100003
243111100210
220211200046
010311200146
082815100002
164411200087
221311100526
221813100527
030614200139
011111200059
030614200138
011111400006
020411200366
020611100018
022111200017
222313100503
152312124001
221912100573
162211100333
253512200004
020412100428
160111100079
282612100169
213112100091
020411200389
030612100731
030611400076
061012100155
220811200612
221811200556
221011200017
010311200145
211612100019
221011200018
273012100311
164411200047
220511200671
221311200595
021513100035
131912200017
272312100021
273012100348
093512100004
220213100597
162212100737
221811100525
030511100003
130614200005
221711200639
143611200028
104812100094
092111400001
164411200086
220111200756
260912100069
220112100607
143212100185
221613100520
211612100018
220213100596
273013100013
013311200066
143211200124
102912100097
020813100001
235813100025
282611200128
162212200041
263411100072
273011100112
162212100734
220212100797
042611200014
020411200388
164411200085
191012100029
010312100188
263412100210
162212100733
130812100039
020415100004
220212100796
031311100025
221412100539
282612100168
221813100526
162212100732
220412100669
020412100427
221715100002
143212100184
220213100595
180511200015
220212100795
220212100794
220912100622
221012200518
091512100014
273013100020
161311200089
162515100001
233911200104
282611400006
162214100046
164411200084
243111200282
243111200283
243111200281
253512100097
082812100195
182713100031
220615100003
164411200083
152412100296
220212200515
153711200023
082811200122
081711200013
020411200387
220315100002
102912100096
163712100017
082815100001
164411200082
220811200611
162811200024
164411200081
282612100167
210912100012
131912100156
091411200037
282612100166
061013100023
090814100001
030614100037
162215100004
030115200001
221613100519
221011200014
171612100019
030611200659
220811200610
164411200080
161315100001
010312100187
243112100419
221714200527
010311200144
220212100793
014211100013
220914100502
220911200774
172611200064
263412100209
021512100056
030611200760
243111200280
213114200018
030611200759
091612100122
030612300044
032411200024
030611200758
220212100792
271911100018
161711200055
020411200386
220212100791
104113100002
221813100525
221013125001
160113100006
013311200065
220311200781
143211200014
221511225001
022711100009
164411200079
091611100077
164411200077
011111200058
164411200078
220811200609
221611200607
162212100731
164411200076
233911400023
241212100090
011111100036
263411200163
232612100317
030612100730
102911100079
131911400015
030612100729
221411300502
162211100332
164411100001
162213100117
100411100023
013711200027
040414200014
152411100199
263312100032
013712100050
030613100160
152414200027
020811200011
220913100535
092112100022
014012100057
221311200594
221611100517
010312300010
201113100003
253512100096
030212100005
143212100079
220813100521
220214100528
263412100208
162212100730
040413100025
220714200521
222212100512
081511100028
030611200757
221011200013
182712100368
220511200670
182712100367
143211200154
221412100538
220911200773
242712100027
164111200023
030615100007
030611100453
021511200042
231712100032
221611200606
143211300004
030613100159
162214200102
220514100508
213112100090
220211400536
162212200040
011112100065
030612100728
162214200101
220212100789
243111100209
221011100589
182711200284
030611200756
221014200525
130811200058
220615100002
182712100366
050935100003
011112100064
162213100115
030612100726
191012100028
220214100532
131911400014
062012100034
162213100116
271811100013
072913400006
220212100788
020412100425
221815100001
272311100018
162212100728
221614200515
221211200578
162212100729
030612100725
102913100012
242715100001
164411200073
132914200004
021513100034
160112100094
164411200072
221415100001
030615100006
152414200026
220814200512
132914200003
164411200069
152412100295
013312100069
030113100001
220213100594
162212200039
221613100518
081712100013
221011100588
221211200577
072913100010
220612100546
030612100724
162212100727
220211200034
040413100024
152411200203
162211100331
080313100008
160112100093
162212100726
161311100067
220211400535
030612100723
020412100424
182713200004
130611200021
221311100525
130312100002
152435100002
202012100198
221513100529
162511200031
102911200110
232011100287
010312100185
220215100001
182712100365
202011200154
202014200032
221011200011
220414200518
162211200009
182711200282
221011200012
111815100001
182711200283
130812100038
111915100001
221011200010
182712100364
241211400015
092115100002
253511200076
220913100534
221711200638
040412100181
210911200017
010311200143
111811400002
220811200607
013711200025
221711200636
220211200037
220911200771
220211200038
221711200637
040412100180
221111200558
164213100002
030611200753
162212100725
133213100002
263411200162
160112100092
260912100068
011311200014
013311200064
263412100207
131911200177
221012100819
222115100002
015311200018
030611100452
161312100046
143213100006
221311100524
050914100009
222115100001
042211200024
220913200510
220213100593
132111200035
122912100154
164411200067
221011200009
221012100818
221012100817
081711200012
221911100573
221011200008
220513100520
030612100722
030611200752
221311200592
030612100721
221511200682
220615100001
220214200561
030612100720
061012100154
191015100001
040412100179
220211200035
221911100572
230712100377
220911100530
221011100586
162213100114
221011100587
221512300507
091615100001
062711200025
261911200008
241213100011
231711200021
164411200066
151111200016
182712100363
104812100093
243112100418
152412300009
241212100089
252412100032
221112100535
030611200751
061011200117
070512100127
253512100094
061011200116
220511200669
182714200055
030612100719
182714200056
030611400075
091611200150
020412100421
010312100183
243114100029
243111200277
162212100724
021511200041
220813100519
091612100121
161311200087
030611200750
220415100001
220311200777
030611300038
031611100016
162213100113
143212300006
020411100220
220912100619
130811200057
220112300505
040411100064
162211100330
263015200001
040411100063
220312100641
193112100124
243111100208
243111100207
221712100585
243112100417
162212100723
132911200025
253512100093
221712100584
152411200202
040411200136
201111200011
102912100095
131911400013
201611200032
260912100067
172611200063
230711200133
020415100003
260911200062
162211400074
221011400548
252411200024
221411200582
111911200016
161514100001
263311200036
182711200267
162215100003
030615100005
113611100009
220213100591
122912100153
221735100509
241212100087
050911200123
241212100088
221513100528
113311100022
171111200008
072911200046
171111200007
221912100572
160712100001
182712300006
161311200086
164411200064
104812100092
191011100030
222011100513
221311200591
220712100557
163712100016
021811200013
152412100294
220911200769
143212100183
164411200063
152412100293
151011200020
220211200033
030612100718
020411200384
220411400515
030614200137
164411200062
221514100508
220211200972
221112100534
221413100512
162211400073
220115100001
020413200004
282614100009
010311200142
221712100583
014211200017
131911200176
050911200122
030614200105
171411200022
220913125004
162213100111
061014100010
222012100514
040411100060
243115100001
040411100061
220915100002
221713100530
040411100062
220912100618
030611200676
030611200748
030612100717
162211100329
193112100123
092112100021
220211200029
220211200028
221311200590
221011200003
221611100516
162214200100
182712100362
220715100001
221811400510
221712100582
282611200127
220311200776
220913100532
164411200061
160112100091
160112100090
031311200013
030611200747
220212100785
021512100055
253511100028
263413100020
171412100031
164411200060
132012100028
040412100178
211112100023
160111200128
220812400501
172612100121
221011200002
221011200999
220211200026
082811400014
104812100091
104812100090
030611400074
220911200768
220811200606
152412100292
221611200604
221911200655
272212100027
030614200136
030612100716
122913100010
152412100291
030612100715
220214100530
164411200058
160114200011
015213100001
231611100134
020412100420
221712100581
143211200153
010312100182
164411200057
111814100009
182712100361
013314100004
030611100450
263311200035
104112100003
013312100068
011111200057
102912100094
104811200106
282614200029
113411200041
152412100290
164411200056
042611200013
221511100579
220212100784
243112100416
030611100449
030612100714
221514100507
221914100509
152411100196
220911400526
162211100328
020413300003
162212100721
020412100411
221911200654
220311200775
080312100039
050915100001
243113100058
030611200746
010312100181
030614200135
030612100713
221712200505
111814200012
162212100720
030611200745
220211200025
221013100590
162212100719
010312100180
221711200633
152412100289
220815100002
221411100527
092115100001
030611400073
162211100322
221214200509
213111200096
193112100122
014013100014
021512100057
030614100036
220811400511
220811200604
013715100001
273014200022
242415100001
243111100206
070511200103
152411100195
152412100287
243111200276
020412100419
152412100288
020414200037
050911100025
030611100448
152411100194
011114200007
162215100002
220212100782
221911200653
010313100022
221011200001
221912100571
221914224002
030611200744
092111200028
221411100526
145114200001
091612100120
242711100043
221711200632
030612100712
020411200383
171611200014
220911300503
152412300008
091511200020
221013100589
091511200021
161713100001
221511225002
162214200099
220911200765
221011200998
220512100575
220913100531
220213100590
021735100001
131912100155
220111200753
011111200056
221412100537
273014200017
163711200017
143211100038
051615100001
122912100152
220913200509
164411200053
164411200052
013312100067
011111200055
030612100710
220211224006
220311200774
030612100711
082811100080
243112100415
062711200024
020411200381
263411200160
220912100616
221012100816
010311200141
162211400072
221911200652
221911200647
243111200275
131911200175
243115200001
082811200121
030615100003
241212100086
221414100501
221711100530
220811100527
232011200062
143211300003
162211100326
221311200589
162211100324
162211100327
030615200004
162211100325
193111100070
220212100781
143212300002
111811200075
231712100010
220411200813
162212100718
020111200024
030613100156
164411200051
030612100708
162211100323
030612100709
220111200752
220914200536
010313100021
252411200023
202012100197
020912100020
220311200773
220212200514
182712200010
220611200560
222011200546
080312100038
030614200134
030612100707
030111200010
091411200035
020413100035
220113100514
061014200015
241211200115
220811200603
230712100376
030612100706
062715100001
143211200152
220711200655
230711200359
010312100179
233911200342
010312100178
020415100002
213113300001
220411400514
221715100001
230614200047
221811200572
011112100063
202011200153
221011200994
220811200605
042212100031
221011200993
282612100165
220211100606
162214200098
182715100003
220211200024
020414200036
130811200056
164411200049
014012100056
013312100066
131911200173
263411200158
162214200097
164411200048
111811200074
030612100705
220411400513
221413100511
030611200743
030612100636
243112100414
220711400514
021712100034
030611200742
162213200017
171412100030
220912100615
040415100001
082811200120
010111200015
222314200502
222211200527
282611200126
220911200762
273011400006
220211200032
243111200274
020412100418
220511200668
010311200140
164411200046
220511200667
163711200018
182713100030
164411200045
164411200044
020412100417
220212100780
241212100085
040613100004
260912100066
122411100034
221814100505
162213100109
030612100704
220511200666
221911200650
220211200021
221712100580
221911200651
221611200602
221312200334
011112100062
220212100779
253511100027
220815100001
220211200020
221411400505
220211200019
220412100668
164411200043
164411200042
164411200041
231711200360
040412100177
220911200761
220612100545
182711100186
164411200040
030611200741
030612100703
160112100089
182711200281
162212100717
263412100205
150812100007
030611400072
152412100286
131915100001
221913100513
221611200609
221011200991
221911200649
010311200139
160112100088
182712100360
030611200740
122912100151
182711200280
091514200001
061012300013
030613100155
221911200648
282612100164
091411200034
163311200018
243111200273
162212100716
072912100057
222011200545
243111400021
030612100702
262811200031
282612100163
143212100182
221112100533
220211200999
030614200133
160112100087
132011200025
222111200522
220212100778
164411200038
164411200039
130811200055
220514100507
162212100715
164411200037
160111200127
162212100714
030411200019
014011200052
030611200739
030613100154
030612200022
220411225001
221414200511
182715100002
010211100012
162211100319
273011200138
220911200760
162211100321
182715224001
282613100011
211012100002
061015100001
061012100153
243113300006
030612100701
070512100126
131914200070
040411200134
162214200096
202012100196
220312100640
263412100204
273013100019
062115100001
102912100093
212711200011
151614100004
261912100006
162213100099
263412100203
220312100639
030611200738
030611200737
160111100078
263412100202
030611200736
221511200681
061014200014
242214200001
230911200359
162212100713
122912100150
013712100049
160111100077
020411200380
120215100001
220911200759
162211100317
202012100195
222111100521
162213300011
220711200654
152412100285
030615200003
042611400001
162212100712
220811200601
221011400547
062011200016
213112100089
152411100193
162212100711
132111200033
220811200600
220912100614
220414100512
220814100505
191011200023
030612100622
131911200172
020415100001
020412100416
260915200001
220311200771
221714200526
193112100121
020411200379
221414200510
010312100177
072912100056
220212100777
021712100033
221711200630
221711100529
220911100531
202012100194
061011200115
262811200030
221714200525
091611200148
162215100001
221712100579
164411200036
243112100413
030612100700
030611200735
220314200515
220411200812
221014200524
220314200514
232512100332
152415200001
032411200022
164411200035
162212100710
282612100162
131911200171
152412100284
260911200061
102913100011
162212100709
182711100185
104812100089
211612100017
272213100002
172612100120
263412100201
221011200986
030613100152
182712100359
220312124002
263412100200
172615200001
220912100613
221013100587
221014100518
221613100516
014211200016
220214200559
160112100086
091611200147
010314200012
220211400533
011112100061
143211200032
030611200732
040612100111
032612100008
020412100415
221212100520
091612100119
020412100414
143212100181
021811200012
243111400020
162211100316
152311200005
243111200272
143211200071
162212100708
030615100002
030614200132
221613100515
082812100194
162212100707
220111200751
132012100027
061012100152
222314200501
164411200034
232612100331
152412100283
253513100014
010314100012
164411200033
062012100033
221711200629
220911200766
162611200072
182712100358
182712100357
030614200131
193112100120
221711200628
061012100151
162211400070
040411200132
162211400071
220411200811
040411200131
020412100413
241215100003
221013100586
273035100007
221411100525
212711200010
221011225004
020411400020
030611200730
221011200984
091612100118
282611100089
172614200014
220211200993
221011100584
221711200627
030615200002
040411100059
282511200018
193111100068
164411200032
162212100706
164411200031
241215100002
232611100329
030615100001
243112100412
202012100193
164411200030
030613100151
242412100022
162212200038
020411100218
020411100219
062815100001
263412300005
221914100508
020111100028
220112100605
030612100699
164411200029
221912100570
020412100412
220211200992
162213300010
143212100180
021511200039
022712100008
272311200865
243111200271
261111100011
013712100048
180515100001
263412100199
222312100517
182712100356
161311200085
131914200069
011112100060
232615100001
110214200001
160114200010
020411200378
263412100198
030613100150
263412100197
253511200075
030611200728
164411200028
164411200027
014014100005
040413100022
143212100179
182711200270
243111100205
193111400001
220412300515
164411200026
020411200377
162213100106
220211100605
243611200013
220812100534
220912124001
220511200665
220311200769
220911200758
030611400071
014211200015
160111200126
113411400005
131911200170
221511225004
030612100698
220311200768
030612200021
263411200157
182712100355
050911200120
220711200653
220213100589
040612100110
182712100354
143212100133
164411200025
162211400069
082811200119
220212100774
143611100012
221514200517
220912100609
220912100610
213113100005
030611200727
221614200513
030613100149
263312100031
164411200023
082811200118
102912100092
020411200376
202011400006
221912100569
220915100001
111811200073
221711200625
014214200001
221011200983
221012100814
164411200022
013311200063
243112100411
253511200074
221012100813
152111200011
162212100704
182712100353
162211400068
143211200028
221514200516
220213100588
010212100003
111811200072
190711200005
040411400011
153911200012
221412100536
220515100001
152411200201
030613300015
220211200990
220711200652
164411200021
272211200012
164411200018
164411200020
082812100193
164411200019
030611200726
030614200130
162212100703
220211200988
271111100011
210912100009
221611200605
193412100024
030612100697
013712100047
113311200021
162211300022
210912100011
220111400519
030611200725
030612400001
202011200152
143211200119
010312100176
030612100696
221011200981
213111200102
221715200001
220211200030
193112100119
181311200032
030611200724
164411200017
040412100176
263411200156
263411200155
072914200009
202012100192
162212100702
221511200679
030611200723
273012100344
220411225002
220112200508
220811200596
220314200513
040411200130
030613100148
160111200125
131911200169
013312100065
221011200979
131914200068
102912300010
082814200032
040414200013
273011100100
104812100088
221711200624
220213100587
030611400070
272211200013
221011400546
020413200003
220212100773
261811200004
221312200333
162214200095
220412100665
221012100812
143212100178
131912100153
162212100699
243111200270
253515100001
273012100343
091612100117
220213100586
171412100029
162311200028
162212100698
160112100085
030612100695
151612100043
221211100513
162212100697
030611100445
020414200035
162211100315
020411200375
030635100020
030611200722
030611200721
030611200720
143611100026
253511200072
253511200073
263312100030
220411100620
220311200765
221111200557
164311200019
220311200766
201115100001
221712100577
031311200011
221511100577
221011200978
164111200024
221811200571
220611200557
243111200268
160111200124
162611200071
220411200808
082812100192
243111200269
162311200027
282612124001
130612100003
211111200017
020412100410
213114200019
162212100696
220211400534
220911400525
263411200154
030611200719
020411200374
162212100695
164411200015
221911100570
020611200010
100435100002
040411200129
091611200145
014011200051
263314200003
061011200113
271111100012
243111200267
122914100011
202014100022
273011200137
221911200646
221211200576
061012100150
221714200523
082812100191
030611200718
091612100116
253511200071
020411200373
162211100314
164411200014
013312100064
162214200094
221512100597
241211200114
202012100191
162214100045
220912100608
152411100192
162213100102
162212100693
030635100019
030613100147
162212100694
162214200093
260911200060
182714200054
164411200013
111811200071
030615200001
220312200508
182711200279
013311200062
030612100694
241211200113
164411200011
164411200010
164411200012
182712100352
111814200011
201612100056
020412100409
252311200002
211611200012
243712100001
030611400069
020412100408
193114100006
220211200987
122913100009
062013100004
221011200975
132911200024
160114200009
162212100692
220112100604
164411200009
193115100001
010312100175
220714200519
241215100001
220912300507
162213100101
221811200570
273011200134
164411200008
220812100533
070512100125
220911200754
235411200132
202014200031
220211200986
221513100524
082811200115
030611200716
221735100508
220311200764
030611200715
152414200025
062712100033
151614200001
172612100119
220311200763
164411200007
221012200517
021712100032
221511200678
220514200528
014012100055
241211200112
220711200650
143211100135
221011200974
171412100028
104811200103
164411200006
220211200985
221712100576
220315100001
122915100001
162212100690
221011200973
182712100351
030611200714
182711400029
164411200005
160112100084
282611400005
221613300502
030611200712
030611200713
182715100001
020411200372
202011200151
273011200087
282615100001
220411100619
020412100407
020412100405
241212100084
131914200067
020412100406
010311200104
220112100603
212711200009
243112100409
182713100029
152411200200
111811200070
030611200531
182712100344
020411200371
171412100027
022112100010
061011200112
220911200753
220312100637
122912100149
221712100575
263411400010
221612100524
020413100033
032411200023
030611200734
031411200017
030612100692
030612100693
030611400068
282611200124
090811200020
262811100027
164411200004
162214200092
221611200600
220911200752
220712100556
221011200971
020412100404
030614200109
220412100664
231814200040
231711200314
220211200984
020412100403
030611200711
263011200007
030235100002
030613100146
132012300001
010113100004
030411200016
030611200710
221414200509
221013200507
220911200751
162212200037
093511100015
220611200555
221411200581
030613100145
091611200144
162214200091
243111200266
220311100562
242411200018
220311100561
220311100560
020411200370
082811400013
220914200535
040412100175
221013100582
221511100575
221011100583
091611200143
131914200066
220412124002
221911200644
253511200070
193411200014
221711100528
220212100771
030611200709
061012100149
243112100408
232612100316
221511100574
164411200003
182712100350
220212100770
161712100011
220413100541
221011200969
220212100769
221311200588
213112200007
221811200568
030611400067
253512100092
221813100521
011111200054
030611200708
164411200002
021511100043
202014100021
221012300519
030611200707
220311100559
011111200053
273012100117
042211200022
162214200090
061011200111
162212100689
220812100532
220611200554
040411200128
030614200129
221114200511
012814200001
104811200102
220511300501
082814200031
220613100508
082811400012
162211200735
220612100544
162212100688
220314200512
221711200620
220211200983
221011200967
220811200593
162212100687
243111200264
220811200594
132011200024
021712100031
220511200662
152412100282
220811200602
153912100018
070511400006
162212100686
220214200558
220511100535
221512100595
220211200982
030612100690
221711200619
220312100636
221012100809
263412100196
221011200004
202011200150
220211200981
221211200573
221412100535
222414200502
220812100531
162211200731
263411200153
162212100685
211611100018
162211400067
220814100503
082812100190
162212100684
163711200016
030611200706
253511200069
182712100348
010311200138
221612200503
082814200030
162211200541
162211200661
160112100083
263412100195
220211200977
220214200557
020412100402
243113100057
220211200979
030611200705
221514200515
282611200123
013312100063
220211200978
220911100529
193411200013
221914200520
221713100527
091611200141
030611200704
164112100008
220311200762
031611200009
221712100573
221911200643
221012100808
070512100124
202011200149
220911400524
031611200008
091613100005
272111100016
031412100010
142211200006
162211200688
263411200152
070512100123
221611200599
221211200572
122912100147
113411200040
030611200703
221011200966
220213100584
262812100028
132111200032
221011200965
221711200626
020412100400
220914200533
191012100027
221011200964
220211200042
020412100401
220911200750
221711200623
030412100006
234512100330
082812100189
263411200151
263312100029
030611200702
181311200031
162212100683
030611200701
130813100015
241211200111
213111200101
221535100502
030612100689
162211200000
253512100091
020412100399
011111200052
010312100174
011311200012
014211200014
010212100002
030614200128
210911200020
172635100007
220811200590
030611200700
011111200051
220912100607
020411200369
243111200263
162211200999
143211200013
160111200123
164411200055
282614200027
220413100540
040412100174
221813100520
030612100688
050912100121
020414100025
030612100687
263412100194
211012100001
162212100682
162213100098
020412100398
143212100177
040411400010
220113100513
021711200018
230713100059
091611200140
143214100013
111812200004
143212100175
143212100176
014012100054
020411200368
242711200022
260911200059
220313100529
221911100568
263411200150
220211200975
221613300501
030611200698
213111100050
220911200770
210511200005
211112100022
220914200532
162811200022
091611200139
221811200567
243111200262
131912100152
243112100407
263412100193
273012300012
243111200261
263211400001
013714100004
210911200019
263413100018
260911400003
162211100313
162214200089
162511200029
013312200001
010312300009
221414200508
020412300013
241212100083
013312100062
061012100148
221614200512
030614200127
220512100574
102912100091
243112100406
104812100087
271911200014
220111100539
221014200523
271011100015
182711400028
221712300506
220312100642
030612100685
030612100686
220512100573
063212100006
020412100397
222311100522
221711200618
222411200514
020412300012
030611200697
220412100663
221412100533
193111200068
221013100579
243112100405
020412300011
221511125001
221811100523
221711400514
172611100052
162212200035
162211200997
162211200995
030611200696
221114200510
102913100010
061011200110
162312100018
260911200058
162211200996
152412100280
221712100572
221712200504
273012100859
243113100056
220911200748
234514200055
263412100192
233912100329
202013100024
273012100321
221011200992
240411100026
020411200367
182712100349
221111100535
220214100525
011112300002
062711100026
091411200032
042212100030
040612100109
220214200556
243112100404
061011200109
030612100683
210911100038
122913100008
272312100020
091612100115
222011400504
102912100089
220314200511
221012300518
041311200008
220312100635
242212100006
243112200015
221911200642
234311200330
082711200009
030411200015
271014200001
220513100519
021711200019
131911200168
030611200695
221011200962
221311200587
220913100530
182712100347
220912100606
030614200126
122912100146
030611200694
243114200029
091513100002
131911200167
120211200024
010312100173
050912300003
131911200166
221812100531
162213100097
130813100014
102911200109
162212100681
220211200973
161311200084
220514200527
143213100019
091611200138
221011400545
162214200088
220211200971
220211200970
130811200054
221711200617
220212300521
010311200137
182712100346
221011200961
011311200013
220311200761
221711200616
030611200693
072912100055
210911100037
160114200008
220912100605
030614200125
221011200960
010311200136
040414200012
061011100073
220911200747
234511200329
030611200692
030613100144
221311100523
221911200641
220311200760
243114200028
213111200100
030614200124
221111200555
220611200553
270711200006
202014100020
220211200969
252414200005
162213100096
122912100145
030613100143
260911200057
221614200511
220511400508
014211200013
104811200101
191011200022
162212100680
221511200674
230711200374
221511200673
221113200501
230711200375
230711200373
221112100532
030611200691
221811200566
020411200365
273011200136
162511200028
221012100807
221711200615
221311200586
162212100735
160112100082
010314200011
030611200690
070514200019
102914200008
130811400004
234512100328
021712100030
221011200957
020412100395
020412100396
021811200011
040412100173
220111400518
221011200956
221011200955
220311200759
221011200954
010311200135
131912100151
220911200746
221011200953
221011200021
020112100038
221711200614
050912100120
152411200199
220311200758
220211200968
030611200689
153712100028
221712100571
021512100054
080311200018
162211200994
220211200967
282612100161
162212100679
221011200951
010314200010
202014200030
021311200013
021712100029
162211200992
162211200993
030611200687
061011200108
160112100081
221511200672
221713100526
014011100030
220211200966
020411200364
241211200110
263411400009
030611200686
030612100682
220212100768
220411200805
030611100444
220112100602
030612100681
030614200123
090811200019
022711100008
162211200991
091512100013
131912100150
014014200007
161311200083
030611200684
252311100003
030611200685
102914200007
030613100123
011112100058
220711200647
221811200565
221311200585
220614200510
162214200087
162611200068
242714200003
221912100566
020412100394
220111200747
221413100510
020413100031
010311400015
143211200109
190711200004
220111200746
220711200646
182714200053
162211100312
243112100402
030611400065
021512100053
282612100160
282614200026
020412100393
021512100052
220111200745
014014200005
014014200006
014014200004
162211200990
221211200571
202411100017
014011200050
172614200013
262814200013
162214200085
162214200086
163311200017
020411100217
162212100678
273011200107
221011100582
091614200017
164111100029
202012100190
221512300506
243112200014
030612100679
243111200258
030611200682
030611200681
030611100443
243112100401
022311200004
152411100191
030614200121
030611200680
162211200989
030614200122
182711224006
172612100118
162211200986
162214200084
162211200987
020412100392
091611200137
201611200031
030611200678
132911200023
193411100022
220711100527
221111100534
243111200257
243111200256
282614200025
030612100678
091611200136
122912100144
050911200121
020913100002
020411200334
020413100019
020413400001
220312100634
273035100006
221114200509
020411100006
220113300503
182713200003
020612100012
221013100577
030612100677
231812100319
162213100058
211011200008
221811200564
030612100676
221814200516
162211100309
221013100576
050911400001
160111200122
163711100006
162613100002
162211200985
161711200052
162212100299
162212100089
040412100172
220211200000
020411100192
152411200198
221111200554
162613100001
132911100034
220911400523
022311100019
082812100188
160113100001
172612100116
162214100037
011114200006
231013300006
282613100010
162212100137
162212100085
162211200899
191012100023
260913100004
273011200135
221713100525
234511200372
020412100290
082811200114
220213100583
161211200021
190711200003
162211200984
020411200293
221411200580
202012100189
221011400544
022111100016
221511200671
020414200034
220214200555
162211200824
091612100114
162212100677
162211200983
162211200939
130611200020
160113300001
221914200517
220912100603
231011200357
211011200007
243114200027
162214100013
162211200982
220914200531
162211200601
162211200981
133212100008
091611200135
061011400001
221512100594
020412100391
020411100059
010311200134
160111200111
191012100026
162212100462
161312100045
162211200868
162211100230
162211100151
220611200552
234311200371
163712100012
162211100248
162211100231
162211400010
220212100766
162211200312
273012100342
162511200030
162211200969
164212100005
162211200980
131912100149
162211200956
211611200013
132111200031
172612100115
221712100569
162211200979
221712100570
162211400041
162211200841
162211200961
213111100049
172612100060
220714200518
220311200757
020411100033
061012100105
020412100390
262814200012
162212100631
020111400003
021811200009
163713100001
162211200978
161712100010
220714200517
220514200526
182735100007
220411200804
021511100042
202012100188
220811200608
220911200743
162211200358
230612100174
221911200639
061011200107
221614200510
160111200094
020411200096
020411200150
020411200133
102913100009
162212100483
162212100410
221011200948
220811200587
040411200127
080312100037
013312100061
221011200963
162211200977
221512100593
220811200586
221511200670
162213100074
220111200743
040612100108
220311200756
020412100361
220111200744
221011400543
030612200020
031611100015
030611200673
030611200674
061012100119
220211200964
020414100024
162211200670
011111200050
243112100400
273014200019
273014200020
162213200013
131912100148
020411200266
020411200363
104811200100
160112100056
282614200024
182712100345
020413100022
220612100542
030612100673
220711200645
243111100204
160111200098
162811100008
130311100016
220911200742
162211300021
193112100118
104812100086
234311200211
104812100085
040611200051
020411200357
162212100655
161311100040
013711400002
161311100032
010311200132
010313100018
143212100174
061013100020
234511100306
162211200942
161311200082
162213100094
102912300009
162212100224
171412100013
193211100004
162211200975
010311200133
230712100327
030611200672
234512100326
172611200049
232614200054
020412100348
160114100004
030611100454
221711200612
040411100058
220711400513
061012100146
221711200611
162211200974
162213100093
061012100071
193112100117
243113100055
020912100016
152412100262
113411100040
162211200973
021712100027
162211200792
211612100016
020411200362
021711200020
020411200361
162211200972
220212100765
011112100057
213111200098
030611200671
162213100049
013312100057
162211200239
162211200971
013311400006
220211200963
221011200946
172612100089
070511200102
030611400064
013312100058
013312100059
032412100039
213112100088
172612100036
231011100327
221012300517
162211200815
162211200906
010311200130
221011200945
104812100084
050911100054
013312100060
235411100307
020411200230
272314200002
190711100019
241214200015
193111100044
243112100399
020411200360
162211100126
162212225001
161713300001
220213300508
220213100582
243114200026
152414200024
172612100114
062811100006
073512100021
230711200136
202411400002
162212100676
230711200136
111813100007
243111200255
220911200741
221611200598
182713100028
220411224007
220913300505
081712100012
020414200032
020414200033
182711200278
162212100675
131912100147
221911200638
030611200670
061012100145
220111200741
102911200108
162211400057
143212100173
221511200669
220711200644
162611200067
021513100008
221614200509
162212100674
160111200121
011111200049
162212100673
030614200120
220311400513
220411400512
263412100191
162211200910
162211200638
220813100523
221613100514
243112100398
143611200034
222011200544
162211200325
162211200586
221011200944
220211200961
163911400004
030614200119
220711200643
111811200069
143211200151
220111200740
221811100522
221611100515
221911100566
172611100047
220411200803
021511200038
020412100279
063511100001
082812300004
061013100014
161711200053
160112100067
162211200619
162211200970
220411200802
162212100672
221712100568
061011200096
162213100027
020411200359
162213100044
162212100615
011113100005
102914200006
014011400008
221911400508
030614200118
030612100671
234311100144
162211100194
030612100672
122911400003
231713100020
220911200737
221011200943
221714200521
220911200738
162212200034
162213100037
221711400515
221712200503
221611200597
131911200165
011111200048
020413100010
162212100314
162211200323
162211200967
111711200005
104811200099
221012200515
161711100008
221713100524
282611200122
162211200869
160112100080
220211200957
030612100670
010313100017
130811200053
220911200736
220211200044
011114200005
013712100046
220111200748
040411200126
220811200595
220211200956
230611200370
162211200955
061011100068
162214200083
220212200513
221012100806
221013100575
162211200966
162611100038
131914200065
162211400045
162211200590
162811200023
020414100008
020411400017
020411200291
162212100671
082814200029
162311200026
042211200021
061011200097
010111200014
221011200942
082811200113
160111200068
162211100066
221911200637
162212100670
030611200668
010311200129
030612100669
030611400063
030612100667
143211200150
030612100668
241212100082
253511200068
020412100233
162211400014
040411200125
220211200955
221011200987
230612100276
160112100079
231711100017
220211200039
020411200298
253511200067
221611200596
061012100141
220911200734
221011200941
221011200940
220211200954
221813100519
020411200347
230714200053
020411200343
221914200516
282611200121
220211200040
220912100601
221711200609
020411100123
221711200610
221012100805
221512200504
122913100007
162211100257
162213100071
162211100290
221613100513
162211200654
220411200801
162212100586
153912100017
020913100001
161711100021
220435100502
161711200050
122411200048
030611100442
253513100013
011111200047
193111100060
221713100523
253512100090
070511300006
221011200939
220311400512
221011100580
221011200938
222111400502
010314200009
161711100032
030611200667
152411200197
143211200149
282611200120
221011100579
050912100119
220511200660
193112100109
220212100763
221814200514
230712100281
182713100027
022111200012
091612300002
263414200030
070511100076
162212100669
220912300506
030613100141
030611200666
220412100662
233912100325
020911200015
040412100170
122911200105
193111200069
221012300521
191011200018
162213100066
220412100671
163712100015
162212100437
220212100761
162211200684
220411200800
233411200369
020411100096
243112100397
161711200048
222311200522
221411100522
061011200106
104811200098
220611200551
030614200116
162211200926
152412100278
162212100554
060813100005
221011200937
221711200608
220211200951
020412100356
122912100148
021811200006
220212100786
221012100804
162211200963
010311200128
202014200029
221012100803
010312100172
221711200607
220311200755
232612100089
020112100037
020112100036
030612100666
020412100181
273012100341
021511100031
020413100007
221513100521
220711200641
220213100581
042812100059
030612100665
191011200019
020413100003
220212100760
162213400007
113314200004
061011200004
042812100058
061013100018
020412100192
162211200962
122912100143
020411200159
221513100520
021712100012
220813100517
230711200367
234511200368
162211200773
220313100526
221013100592
164111200009
152411200196
162211200851
182711200258
061011100040
063511100003
162611200066
122912100142
040411200124
020411200175
020412100357
172613100006
235911100079
091611100076
235911100111
162211200476
122912100141
224611225001
220411400511
020411100030
222012300501
220412100661
220535100503
030611200665
030612100664
221912100567
210911100036
160112100077
220211200949
220211200948
220212100759
220912100598
152413100029
080311200017
162211100288
220711200640
233912100253
162211100106
230612100258
020911200006
220412100660
061011200105
220512100572
220911200731
221013100572
021513100012
220214200554
162211100292
221713200502
220213200511
162212100668
162212100667
162211100284
221011100577
221011100576
221511200668
221011100578
161311200088
220914200530
230711200120
143212100172
220311200754
030111200009
030612100663
030612100661
070511100075
162212200033
220211400532
220212100758
082812100187
221914200521
220112100601
171411200021
220914200529
021713100004
131911200164
021211100002
221911400507
220214100524
091612100113
182714200052
162213100030
221011100575
062111100014
221711200605
243112100396
182712100343
152414200023
235912100300
162212100466
153712100027
040412100169
221712300505
030612100662
220811100526
020412100124
022311200001
232512100324
162211200432
162211100305
221211200570
030613100140
162211400042
164112200001
010313100016
282611100088
092114200002
152412100277
152412100276
243113100054
221013100571
030611200664
020414100019
190111100005
021511200037
272111200003
030612100660
220111200738
010111100016
012812100002
020411400011
220214200553
163911400002
104811200097
221911200635
162211200772
042811200035
162211200960
030612100659
193113100002
021511200033
243112100395
261912100005
061013100011
162212300024
234511200241
232611200165
232612100315
162511200017
222412100513
220412200509
221013100570
162511400001
233411200366
162211200732
020411100097
243111400019
273012100339
243111100203
220212100756
020412100389
020414100023
021511100041
162212100278
013713100003
020411100216
132911100033
040413100021
162212100665
221011100572
243111200254
162212100666
162213100091
162211100310
162211200958
220911200729
162311200025
162213100054
243111200253
161313100001
162611200065
221011100573
131911200163
062012100001
030211100030
162211100266
182711200276
092111200027
182711200275
062012100003
070512100122
062012100025
162213100075
162211100053
220313100525
221012100802
241214200014
091611200132
093511200018
122412100036
010311200127
181311200029
152414200022
182711200277
072911224001
020411200047
162212100479
160112100066
162211200957
162213400013
020412100388
164111100017
161711100006
162211200827
162212100664
020413100030
161312100044
232511200365
143212100171
220813100516
162212100039
030611200662
220813100515
161711100029
162214100043
220711100526
030612100656
030611200660
030612100658
020411200288
030612100657
020411200356
221912100565
030613100139
243111200252
061013100012
220812100535
020811200009
220412100659
143212100170
102912100088
130611400001
242412100021
202011200148
040412100168
221011200934
082812100186
193112100115
163311200016
162211200870
020111100011
161311100008
162212100583
262811200028
162211400007
030611200658
030612100655
021211200001
161711100007
180813100004
162213400011
131912100145
162212300007
061013100007
022112100008
143211200018
220311200752
162214100044
091611200131
091611100075
243111200251
020411100106
193111200067
010111400002
220212100755
162211100311
050912100118
220913100526
162213124003
152412100270
152412100271
161711100035
162211200737
020413200002
020411200280
011112100055
061013100015
191511100010
193112100034
102912100087
020411200219
040411100056
273012100337
162211200953
152411200194
273012100338
273012100336
220914200528
122912100140
220911200728
220212300520
220212100754
161311100014
162211200181
111911400002
020412100384
162212100663
193112100102
132911200022
161311100059
162211200736
243112100394
161311100029
161311100020
040411200123
172612100117
030611400062
113312100031
113812100005
162213100085
153712100026
221911200634
010211200011
220912100596
193112100114
143211200148
063112100028
061011200104
282612100159
221812100530
220212100764
020412100387
221111200552
181311200030
220311200751
161314100003
182711200274
263411200149
282612100158
162211200281
091611200130
014012100053
162211100302
143211200147
020411200353
232611200234
253511200066
162212100662
162211200649
010311200111
015211300001
091612100112
243111200250
220711100525
091611200129
162211400064
042014200002
162811200021
030614200115
220111200737
162211200952
143212100169
220111200736
221011200933
220211200965
020412100386
160111200045
042011200018
221512100591
130813100011
010312100171
220713200501
220212100753
220914200527
221712100567
221011400542
220211200944
162211200789
221012100800
010311200126
263412100190
220311200749
104811200096
151612100042
282614100008
070512100121
161311200077
014012100052
220514100506
235611200345
222012100513
220914200526
143612100022
030612100654
020411200010
171611100019
263413100017
282611200119
162211200886
221011100570
162211200828
230712100323
162214200062
020411200279
220311200748
162211200951
164111400002
131912100144
030613100138
221511200664
123611200009
271111200004
020411100135
091611200128
221011400541
020412100323
191012100025
221011200932
014012100051
020411100122
162212100550
220311200747
221011200935
221511200662
020411100139
221011200931
220411200799
235511200242
160111200112
220212100752
162214100019
061011100006
015211400002
162511200024
220311200746
243112100393
162212100660
162212100661
162211200694
220911400521
131911200162
030611200656
020111100003
243112100392
010312100170
162211200949
220212100801
221012100799
020411200312
162211200950
220811200584
013711200026
220811200583
221011100569
061011100069
161311200080
162211225004
030612100653
122412100060
221011200930
021511100037
020114100003
121211400001
130812100036
243112100391
220212200512
221011200929
221811400509
162211200948
221911200633
220911200727
220911200726
162211200947
221211200568
020112100035
162211200081
230712100322
162212100610
161311200074
220311200745
020412100385
220811200582
021511100039
111814200010
235511200360
221514100506
220813100514
220413100536
092111200026
092111200025
091612100111
160112100076
020911200017
152412100275
220612100539
221012100798
162212100543
070513100011
221013100569
162214200082
020412100318
182714200051
182711200273
030611200652
020613100001
243111400018
221312100531
221911200632
232411100063
220911400520
020113100001
113411400004
260912100063
162211200946
020411200027
220112100600
233911100326
020412100353
162211200945
220711400509
221711200603
091612100110
221011200928
220211200941
061011200103
162611200064
220914200525
020411200300
010312100169
030612100652
030611400061
171412100008
162212100464
220212100751
162211100078
162212100652
020414100006
221011200927
020411100124
162611100002
040412100167
164111200012
220213100580
020411200203
131912100143
050911100073
020411200270
030611400060
030611200651
090211100028
030111200008
171412100017
222111200523
162611200063
221012100797
230611200363
221714200520
020412100383
172612100113
171412100026
070512100120
220511200657
220413300506
221712100566
021811100030
230611200054
221012100796
020111100010
213813100003
091611200127
241211200109
031411200016
160111200120
243111200248
162211100067
243711100010
220911200725
263414200029
221511200661
162211200769
162211200859
220211200940
220211200939
162211400060
213111200097
010311200125
162211100299
161711100034
162212100473
220611300503
061011100019
122411200047
030611200650
010312100168
030611100441
030611400059
162211200944
131912100142
162212100658
113312100030
104811200094
221711400513
221714200519
221011200926
030614200114
030612100651
162211200943
261711200013
162213100024
061011100018
231711400013
162212100657
221012100795
014011200049
221511200660
021513100009
162511200012
090211200023
220311200743
020411200045
011111200046
263411400008
220913100524
171411100013
020411100007
011112100054
243112100388
230611100036
233412100257
132111100013
162211200801
162211200572
220811100524
162611200062
221713300505
010311200124
220212100750
022111200011
171411200006
221412100531
162214200026
152412100274
162211200889
042811200034
164111100007
193111200027
220514200525
162212100101
232411100324
020411200336
272212100031
193111200062
230711100311
162212100124
220211200938
152411200193
193111200048
162212100624
040411200122
160111200079
021811100037
162211200936
161711200045
061011100032
061011100023
162612100014
162513100001
243113100053
220311200750
220611200549
220211200045
220311100565
213114200016
221011100568
220311100556
213112100086
091511100025
104811200092
130311100015
030613100137
220214200551
030611200648
172611100051
030611200649
162211200713
104811200091
221011100567
020411200081
160111200114
221011100566
162214200081
062711200023
211112100021
070513200002
230612100273
162211200272
020411200349
221413100508
162213100069
162212100656
010311200123
030614200113
221011200924
220511200653
020411100215
220211200937
172612100112
220911200724
220212100749
182711200272
241211400014
221713100521
222211200526
220211400531
020411200160
220411200796
061011100058
221713100520
160112100075
030646100001
062111100002
061012100130
152413100028
021513100031
234711200056
221311200582
241211200108
040612100107
162211100105
182714200050
030613100136
030612300042
220913100523
030612100650
220511200652
220111200735
220511200651
161711200051
020411200333
162211200340
153912100016
221011200923
062111100004
211112100020
063211200004
162214100008
030612100649
030614200112
182711200271
031611100014
021511200036
162211400053
221311200581
220211200936
220511200664
030611200647
030612100648
162611200014
162211200455
162212100334
162212100059
162211200856
162611200044
162211200247
160111200075
162212100004
163311200003
162212100007
162212100178
162211200829
162211200734
234312100321
152412200009
164111200022
152413100027
162211200941
220511200650
030612100647
162211200812
091614200015
221511200659
022112100007
221511200658
193111200066
020413100029
070511200101
030611200646
030613100135
020412100380
030612100646
020412100350
263412100189
163711100022
282614100007
061012100120
030612100644
030612100645
062712100032
220712100555
221512100592
220412100657
030613100134
162212100509
220911200723
220912100595
013713100002
241212100081
122914200030
171111200006
162211200940
160111400002
021512100035
020411100112
061012100144
152412100273
263411200148
152411100190
162611200012
010312100154
013712100045
253511200065
162611200054
082814100007
233911100272
020411200354
030614200110
030611200644
233912100320
233912100028
220112100599
162214200001
130812100035
221511200657
220912100594
222014200506
162611100048
161312100043
021511300008
013312300001
162211200842
263414100016
061012100139
020411200117
111812100121
233911200089
061012300004
111812100122
220711100524
221911100567
220511100534
021511100035
021511200032
021511100040
222012100511
193211100002
061012100143
220511200649
152411200192
120211100021
193114100001
160711100019
030512100002
163712100014
020411400012
061011100072
020411100213
221113100511
280711200011
220311200742
162211100296
193111100067
010314100008
193411200003
162211200833
061011100050
220711400511
162212100616
040411200121
162213100005
182712100342
111813100006
162211100036
221511200676
220411200795
211112100019
010311400002
235611200326
162211200254
231711100001
020412100188
152412100272
272311200009
030613300013
162211200071
221811200562
162211400044
020612100011
102912100086
220213100579
120211100029
220313100530
032411200021
162235100008
030612100643
220412100656
221511200667
220813100512
122411100017
120211100017
130811200052
220411200794
070512100119
010311400010
020412100382
202013100023
050913100010
050913100011
260914200008
102911200106
263312100028
162213100089
220212100748
162212100623
061012100098
102911200107
221012300516
162614100001
020411200092
243111200246
243111200247
010312100165
104112100002
042611200012
013311200061
162211200811
030411200013
131912100140
162211100178
061011200024
162211100180
160111200064
010311200112
162213100059
011111100018
133911224001
232611200362
162213100083
061014100009
131911200161
162211200937
020411200352
102912100085
122912100139
162211200911
230711300005
062711200011
162211400002
243112100387
062711200005
020412100198
152411100189
273011200130
220611200547
091411400001
162212300012
273011200129
202013100022
162211200296
221012100793
160111200049
220812100528
020411200351
020413100011
220711200639
111812100120
221914200515
162211200799
102911200105
235911400028
061012100142
220511200648
122912100138
030613100130
162212100654
162211100054
011111200045
162212100653
030612100642
030635100018
162211100093
220111200732
231811200358
182713100026
232611200337
180311200010
182711400024
082812100185
061011100002
020411200005
181311400007
082812100184
160111100006
020411200350
162511200014
042811200033
220411200793
243112100386
122912100137
193411100007
221611400507
153712100025
030611200643
220411200792
273011400012
030611200642
231713200004
161211100004
161711200046
182712200009
164411200074
113412100047
162211200935
182712100341
220511200647
220211100602
231011200361
220212100747
241211400013
162213100088
162211400062
020412100111
162211100307
063111100004
202011200147
201612100055
123611100007
162212100651
143211200146
080312100036
011112100053
162211100179
162213300009
020412100381
061011100013
161313100005
162211200849
020411100214
162211200228
220912100593
162211100286
020412100133
013711200016
090211200022
162211100030
162211200934
234311200342
220312100629
180311400003
202012100186
202012100185
202012100187
020411200348
162211100306
122912100136
193112100113
010311200122
193112100112
122411100026
080311200016
180311400002
221012100792
030611200641
020911200013
020411200213
020112100017
020412100041
020412100108
220413100535
080312100035
263414200028
193112100111
020413100025
220111200750
282613100009
220711200637
220711200638
182711200269
162211200933
122912100135
182713100025
082812100183
193112100075
081211200014
220311200741
282511200017
282611200118
220211200930
221914200514
243611100028
010312100167
162611200061
063211100005
021511300001
240411100025
030111200007
162211200932
162214200076
182711400027
162211200439
050912100117
162212100650
162211200931
091612100109
221712100565
160112100074
162211200930
162211200929
172911100002
010312100166
182711200268
183711200012
273011200128
221012100791
013712100044
162213100087
021511100038
220211200929
171411200016
221911100564
220912100592
220211200928
202011200146
172614200007
010311400013
010312100164
160111100045
020411200337
193112100100
010313100012
220211200927
162211200763
082812100182
162211200710
220214100523
132011200023
220714200520
222313100502
193112100110
143611200033
221811200560
172612100111
161711200049
162211100052
221912100564
243112100385
162214100034
221011400540
081712100011
232512100318
221512100590
104811200090
162211200928
180811200015
010311200005
162212100649
162212100648
162211400061
122912100119
030611200640
220612100541
030613100129
062712100029
221511400509
220214200550
182711400026
221912100563
013712100034
013712100022
162211200927
162211100187
060812100039
042211100027
162212100157
162214100018
043112100006
021812100003
020111200023
233912100091
162212100647
162212100646
220212200511
232613100037
132011200022
080312100034
020411200346
093511200017
091611200142
162212300023
162211100225
152411100198
020411200345
162212100645
131912100139
151111100014
182713100024
220211200925
162211200319
163711200013
162211200825
221011200920
091411200031
162211200463
162212100644
221011200919
233912100090
171111100008
030611100440
082812100181
220812100527
061011200084
040411100055
091612100108
013313100008
152411200191
233911200349
273011300003
220411200791
220412100655
220311200740
042211100026
162212100214
160111200119
220213100577
172612100086
091611400005
221611225002
015211200009
082812100180
221014200521
221013100568
221012200514
220513100518
030613300012
030611200635
010311200042
123811100004
030611200636
0134023
221712100564
014013100013
143212300012
220711400510
130813100010
162212100643
162212100305
162211200925
091611200126
220111200730
221612100523
220711200636
190712100001
220813100511
221013100567
220111100542
221014200520
220211100599
162212100659
220413100537
220212100746
221813100517
091511200017
221311400503
220312300505
172612100110
030611200634
220213100576
020411100063
161311100033
020611200009
162212100642
162211400035
162211200912
162211400043
042211200019
220211400530
220713300501
220811400509
273011100111
010311200121
082812100179
081212100009
220211200924
221014100517
221714100502
221911100563
221311100522
221511200656
221711200598
162213100086
162211200924
102911200104
243111200245
014011200046
020411200281
151011200019
030411200012
221814100503
172611200060
220411200789
030611200633
220911200720
162511200027
221011200917
221011100565
162211100087
220312100628
221011100564
091611100074
220411200788
230712100317
020411200344
172612100096
193111100009
062111100006
221012100789
221511200654
022111100014
162211200460
220212300519
263211100023
011111400004
220811200580
221011200915
030611200632
013311100053
162213100060
221012100788
221712100563
220313100523
241212100080
162211200894
221312100528
172614100008
010313100002
202014100019
220911400518
222011200542
162211100189
193111200064
162211200901
193111200054
020414100011
160111200002
243112100384
082811200112
220211200921
130811200051
273012100335
220911400517
061013100017
162211200258
221712100562
010312100102
182714200049
031412100009
253511200064
172614200012
220212100744
161311200071
162212100561
191012100018
230612100308
172611100050
010211200010
220412100653
172612100109
230712100055
162211200552
220411200787
220911200719
022311100018
221011200914
242712100025
152411200190
030612100641
021513100029
162213300006
213112300004
253511200063
014011200015
243111400016
113412100046
022111200013
182714100033
220814200511
160111200105
220214200549
262811200027
220714200516
030611200631
030614100034
232512100316
202013100021
020811100006
162212100107
162212100641
162214200080
221911200631
082812200004
152412100269
231714200051
070511200100
243111100202
220911200740
162211200923
030614200108
221011200913
221011200912
091411200030
020111200022
020411200342
221211400504
020412100352
220211200945
061012100140
162212100501
162211200492
062013100001
191011200021
162211200303
061011100015
020411200341
021713100003
153911200011
020412100333
061011100014
090211100027
130813100009
020411200340
181311300003
263412100188
162211200206
220213300507
090211100026
220712100554
172612100108
221511200652
161711100020
222335100501
122914200006
160111400006
162214100041
020412100379
091611100073
162611200056
220211200919
162214200078
221013100566
221011200910
220911200718
220911200717
113411200039
221613100512
220111200739
011112100052
220211200926
162211100259
162235100004
221011200972
220911200716
162611200011
220311200738
091611200125
030613100127
030611200630
263411200146
090211100025
220111200729
082814200028
220211200920
090211100024
030611200629
013311100042
020412100378
221011200908
161314100005
202013100020
030612100639
122411100013
220214200548
010311200120
010311200119
020111200021
020111100027
220211200917
021512100051
020411200289
022113100004
162214200044
162211100016
220912124007
221012100786
010313100009
242411100020
061011100024
162214200077
162213400003
162212100481
162211100056
011112100047
030612100638
030613100126
070514200018
221711225003
220912100590
253512100088
253512100087
092112100020
221511200651
010311200083
030611200628
162213100067
220911200714
162213200012
162211200922
013311200060
162213100084
162211100063
162211200832
162211100214
235511100315
221011100581
191011100006
221911100562
091611100072
162211100127
050911200112
011111100034
232011100323
172612100104
121211200010
220114200510
221011200907
020412100315
022711100007
271011100014
221011200905
221011200906
040411100054
242411200017
162611100008
162511100004
161311200078
030611200627
162211200042
013711200024
013311100054
162211200822
111913100004
161311200076
220214200547
220911200713
021511200006
020411200118
221811200563
080312100033
011311200010
030211100029
011112100051
010311200107
010312100082
220912100589
221714200517
220912100588
221511200650
220412100652
020411200339
123611100010
221912100562
162214200075
013311100035
010311200113
013311100037
162211100293
162211200780
172612100005
130812100034
221313100503
220912100587
162212100564
210211200013
221011100562
172612100099
280711100022
143211300009
193111100069
222111100520
193112100018
030613100124
172612100106
191011100022
162214200066
162212100640
172612100031
162211200598
220211200915
131911200159
182712100340
161211100012
072914200008
162211200681
162211100162
162212100490
013311200017
230714200006
221214200508
010314100011
221311200576
021513100007
021513100013
030613100122
061011200086
220913100521
220713100509
220511400507
193111200065
232012300009
021512100050
010314200005
014013100011
030611100439
020912100003
160112100073
162212100386
062013300001
020412100054
021512100042
160112100072
234711200316
030611200626
233912100093
220214100522
231812100195
010312100161
014012100045
231711200272
091635100004
252211200012
261912100004
263312200001
030612100635
232512100240
162211100298
020412100258
030612100634
013312100056
013313100007
282611200117
060811100031
152412300007
220912100586
120212100013
221411200574
253512100086
211111200016
213112100085
040611200049
221514200514
162213100073
020412100091
060813100002
131911300009
060812100038
253512100085
162212100069
162211200764
162212100552
161711100017
162212300011
182712100339
020612100010
021514100003
020412100376
162211100051
221712100561
152412100268
162211200920
161312100024
241212100079
282611200116
232612100304
131911100113
162212100526
220412100651
040412100165
042811100044
161211100007
133211100005
243112100383
162211200866
050912100116
211612100015
230714100036
103111100009
161711200010
220311200735
032411200020
273011200127
220311200734
162211100264
131911200158
220912100585
220213100575
162212100245
220511200645
162211200873
221111200553
020412100182
164111100004
020411200102
220711100523
050913100009
020412100140
020412100184
020412100059
020412100040
013711200008
010311200039
091612100107
221713300504
202012100184
161311100028
162212200032
160111100073
221011200904
243112100382
221211200566
020911300001
020412100069
202011200145
220511200644
220212100743
091611200124
171711200001
221011100535
221514124001
172612100056
220312100627
232011200008
082812100178
020412100080
160111200088
162211100232
182711200266
162212100639
160111200118
021712100014
020412100005
020412100029
162511100009
020411100021
020412100031
231711200359
221012100785
162212100638
221612100522
020411200324
020411200325
233912100314
014011200036
062712100001
104811200089
020412100066
162212100637
020112100012
062011100019
020412100102
010311400014
013311400005
143211200145
021511200035
091511200016
202012100183
221511200649
143211100077
253512100084
022111200002
182712100338
201612100054
232012100313
161311100018
172612100107
161211100013
162211300018
220711400508
220513300502
030611200622
030614200106
020412100053
090811200018
010111100003
020412100016
020412100079
014012100043
082812100177
162311200012
220313100522
162213100045
221812100529
020412100187
020412100219
040412100164
021511200034
013311200038
102911200103
221211200565
102911200102
091411200029
131912100137
201112100019
013311200031
220112100597
221512100588
220911200707
221711200635
221511200675
220811225002
220211200995
220911200706
221011200980
220811200591
220911200709
220911200710
152411400004
220911200711
162213100061
220211200047
162213200010
030611400058
021712100008
222412100512
220211200934
220911200708
191011200017
220213100574
013311200014
162212100091
221512100587
020413100026
221012100810
221011300506
221011300507
220912100584
161311100011
020412100375
162212100469
061012100138
162211200919
220811200579
122414200004
221011100561
020411200235
220811400508
091411200028
091411200027
040411200120
020412100017
221911200630
162211200708
221812100528
120411200013
221014100516
050912100115
162611200032
162811200014
182712100337
220214100521
243113100050
131911400010
082812100176
220411200784
202011200144
220211200922
162212100636
143212100168
152411100188
162211200636
161311100066
271911200013
202011200143
220912100583
220212100742
061012100112
030611200621
162211200917
122412100015
160111200117
260914100007
162611200033
021311100008
152412100267
122912100134
013312100015
162211200637
162211200602
061011200102
263414100014
220211200911
162211200701
020411200335
081711200010
220211200912
221611200591
030611200615
010311200118
030611200616
010312100080
030611200618
030611200620
082811200111
011111100025
030611200617
162211100278
030612100632
072912100054
030611200619
162211100287
030612100631
162212300022
082812100175
230712100232
221713100518
061011200089
061014200013
162212200031
162211200831
160111200019
221713100517
162611200043
020411400005
162212100635
220913100518
220913100519
162211200916
221914100507
014012100038
212712100015
030612100630
221411100521
222214200506
011311200011
162211200351
162811100015
162611100051
030612100629
220611400503
162213100009
160112100006
162212100634
162611200047
162211200915
010314200002
162211200914
131911200157
161212100001
220311200772
220511200642
162214200074
050913200002
162211200913
021511100006
013312100055
013311200051
162214200073
191511200003
042214100007
235912100102
122411100016
123811200007
111812100119
072913400005
162211200678
014211200012
014012100029
162211200027
191012100024
060811100012
152411200187
162214200072
162212100488
014411100012
121212100031
020411200275
020411100202
162214200022
162211400013
161311200068
162211100294
193111200063
221012300515
020411100070
122911300001
202012100182
040412100163
152412100266
162211200676
082811200110
160711100003
241212100078
020413100028
220311200732
030611200613
030611200612
162211200456
015211200008
013711200005
013711200014
013711200006
013711200011
122913100005
020111400001
040411100053
221912100561
243112100381
163712100011
162213100080
030612100628
220512100569
020912100012
162511200026
013711200003
163712100010
021311200011
162511200025
123611200002
164311200009
030611200610
022311100016
162211100033
163712100006
232611200320
202035100001
020411200332
220312100626
220311200731
161711200005
162212100632
253512100083
105011100004
030611200609
220111200727
182712100336
152412100265
202012100181
010312100151
263412100186
061012100059
021712100026
050912100114
220214200546
220514200524
221714100501
162211100084
172611100004
162212100354
160111200115
221013100564
010111100013
014011100023
222011400503
253513100012
122611100005
020411200331
022135100001
162211100303
030612100625
030612100626
230712100312
030612100627
030611200608
233912100311
221013100563
221112100529
020411100056
160111200110
220711200634
222014100506
273012100333
162612300001
222211200525
162212100630
162211200909
221014100515
152412300006
220111200726
030611200607
030612100624
220111200725
030611100438
030614200104
162211400038
152413100026
050911200076
062011100018
220212300518
162211200160
220311400511
162212100629
143612100020
221011400539
020412100374
162211200665
243112100380
152411100184
221012100790
040413200002
162211200302
010312100163
160113200001
020414100020
162214200028
030611200606
221012100783
030611100437
220212100741
162213100082
122914100006
220212100740
162212100633
013311100040
013311100007
162211100205
243111200243
020411400018
243111400015
193114200028
193114200013
171411200020
015311200016
162212100627
221511400508
030211100028
030611100436
030611200605
162212100628
162211200703
153911100015
070511200099
022311100009
182712200008
021513100032
220214200545
072911100029
160111200082
162211200908
202011100129
030612100623
030614200103
221611100514
282613100008
221111200551
232012100310
220211200909
164111100011
163712100003
163912100002
220411200781
162211200853
221611100513
220211200908
010312100059
220211200907
162211200907
231711400003
021311200007
221611200590
182711200265
162211200575
091612100106
163311200015
220211200906
221512100585
130811100022
013712100043
160112100036
220511200640
220511200639
221011200995
010312100141
061012100137
220311200727
172611200059
020112100034
014014100002
162312100002
014211200010
164011200006
162212100351
220711200632
143211100134
221712100560
220611200558
122912100091
182714200048
153711400002
152411200186
211112300001
220714100504
030611200604
180811100012
220611200545
220211200905
182712100334
104111400002
220511200638
061011200092
164311100005
020411200330
030612100621
220311200726
220111200724
221613100511
220913300504
040414100013
162211100272
014211200002
162612100013
020111100021
193414200003
193111200002
162311100025
162211200902
220914200524
162814200002
030612100620
030612100619
113411400003
220111200723
220111200722
220213100572
221611200589
011111200044
221012100782
060812100037
252412100031
010211200009
011311400001
011111200001
122411200046
162211400051
252212100027
221612100521
162211400059
162212200030
021512100021
130411200014
020412100373
162611100050
162214100014
162213100065
030612100618
163711200012
020412100367
020411400009
220711200630
162211200839
242412100020
091612100105
021811100001
220212100739
220112100596
241214200013
220112100595
220912100620
161711100031
162211200104
042811200032
162211200224
162211100027
220211200931
021511100034
030611200603
020111100019
220811200577
193411100005
152412100264
202011200142
021711100003
220614200509
010111100001
221913100510
120711100015
010312100162
220411200780
193111200061
013712100001
030611200602
030611200601
022111200015
102912100084
231713100043
221014200519
161311100002
220911200703
232614100050
221011200899
011311200009
162214100040
010311200117
220212100738
220213200510
030611200599
030611200600
221413100507
221011200898
220511200637
162212300008
220111200721
162211200112
162211400058
221711200596
221411224001
030646100002
020411200329
221012200513
021513100005
220311200778
220211200902
221711400511
221011200897
193112100036
131911200156
162211200690
021311200010
060811200003
014012100050
162211200904
030611200597
030611200598
160112100034
220214200543
030612100617
082812100174
011111200043
220811200576
220211200036
235812100309
221011200896
220913100517
021511200007
182711200264
193114100005
014013300001
030614200102
020412100372
162211200837
221711200595
220211200901
152413100025
020411200328
172614100003
021712100002
172613100007
160111100009
162211200295
162212100227
221011200903
242712100024
220911200702
221011200902
221911200636
220911200701
243111200242
220911200775
202012200004
193111100002
010311100037
161211200020
161312100039
182712100333
020413100027
220912100581
220211200900
010311200116
221211200564
171413100003
010314200008
010313300001
163911200010
172611100043
104811100076
052212100003
221911200629
061012100114
020411100092
020411200012
143211200143
162211200895
164114200001
162212100626
221214200507
220812100526
181311200028
221412100530
162212100625
230712100295
160111200116
020611200006
162212100073
221011200894
161311200067
022112100006
220211200952
060811100002
062011100009
162214200061
233913100042
015311200015
182711100183
050935100002
020411200382
021711200006
193112100089
130812100032
272111100017
243112100379
121212100009
020411100052
220912100580
080313100007
113312100029
102912100083
222111200521
220711200628
182711200263
182712100332
182711100182
180811200017
030611200595
030612100616
162212100333
014011100021
202011200141
234711200036
220814200509
220914200523
220211200899
162211100260
130812100030
130812100031
220911300502
164211200011
162211100291
162211200392
120411100020
221712100559
160111400007
220212100737
162211100022
172611100022
221013100562
221911200627
160111200038
011112100048
010314200007
123811200008
080312100032
241211400012
191014100003
221413100506
230714200049
173611200001
122912100133
193411100021
162811100012
162211200884
020411200176
221711200604
122414200006
180311400001
221811200559
020111200019
243111200241
221614200514
220914200522
122914100001
122911200092
152712100002
021811100013
122912100047
162214200058
163311200007
220411200777
182712100331
030611200593
220413100534
020411200319
010311200115
220811200575
020411200327
191011200020
152414100013
040411400009
233911200147
172612100022
221914200513
221011200893
160111100075
152411400003
162211400056
131935100003
131912100136
193411200011
220211200898
050913400001
014012100040
030611200592
030611100435
022713100004
104811100075
253512300002
092111200022
092111200023
162211200852
243114200025
162213100081
131911400009
221611200588
030611200591
030611200590
090811200017
030613100120
220311200724
221013100561
143211200142
221411400504
021811100034
122912300019
172611200014
011112100050
221011200892
160113100004
020412100355
160111200059
152411100187
020411200326
131911200155
011111200042
011111400001
040612100106
040412100171
162611200057
082814100006
160111100074
231811100051
220211200897
162211200900
152411200185
162211200898
132111200030
011313100001
162611100025
193411100011
070511200098
061012100073
162211100133
221211200563
130811200049
062811200004
282612100157
163711200006
020411200086
220511200634
221611200587
020414200031
221914200512
160711200009
121411100008
162211200429
213811200009
243113100049
162212100398
020412100330
201113100002
030611300036
021811200008
221011200891
162612100003
132011200020
220711200627
162211200872
221811200558
202011100128
162211200897
220211200896
162211200819
161314100004
220414100511
220213100570
182712100329
220911200697
220511200633
202011200140
221911200626
162211200540
221311400502
221911200625
220914200521
020411200254
162212200036
162211200152
161311100063
162211200179
162211200454
162212100532
160112100071
220811100522
122912100126
020414200029
233913100041
164211200010
162214200041
162211200723
193112100012
193111100063
221311200574
193112100007
014011200008
010311200045
221011200901
220911200704
162235100009
030613100118
162212100434
161711100012
012811100001
032411200019
191014100002
282611200115
162213100076
021811100033
231812100302
143212100167
161711100001
220811200573
122914200028
040611100042
162212100601
010311400012
021811100032
013711100017
221312100527
020411100157
021811100035
013311100052
030611200588
233911300016
030611200589
082812100173
220214200542
030612100615
020412100212
221111225001
253511200062
221413100505
162214200036
020411400004
162211200892
162211200893
030612100614
010312100126
012811100002
030611200587
162611200060
164411200065
020412100262
162214200006
020411200265
243111200240
162214100025
131911200154
282614200023
220312200507
162211200891
021512100015
162211200890
162212100622
220611100523
020411200076
072913100009
020411200236
241211200107
221513100519
220211400527
162212100153
030611200586
030611200585
030611200584
162214200049
013311100043
070513100010
220511200632
171612100018
060813100004
220912100579
193112100108
091611200123
090212100016
030611200583
171412100025
243112100378
243114100028
040412100162
010312100160
010314200006
015211200006
232011100160
070512100118
152412100263
102912100082
020412100371
221012100780
221012100779
013714100002
162211200689
220913100516
011112100049
222011200543
220711200626
182712200007
220412300513
220211200894
040614100008
020412100370
010112300001
070511200097
241212100077
070511200096
162212100297
162511200015
162212100621
162211200745
061011200101
010311200032
232512100288
221011200890
160111200086
235511100134
221712100558
162211300015
013312100054
102913100008
082811400011
014012100049
014012100048
010113100003
013712300003
182712100328
030611200581
122912100132
030612100613
030111100016
030611200580
030613100117
072912100052
164111100028
182712100327
235711100227
163711100012
230611200356
163711200010
091411200026
082813100007
220412100650
221011200888
161711200009
220511200654
221011200889
102911400005
102911400004
220113100512
221313300335
013312100014
111811400001
243112100377
113414200006
130812100029
020911200019
160111200109
020411100137
152414200021
130813100008
220112300504
061012100136
220512100568
221311200572
220213100569
030611200579
010311200095
020411200323
030611200577
021811100018
021811100017
233411200355
230712100106
010311400006
235811100317
260912100061
104812100083
020412100313
162211200888
182712100335
193112100107
162211200287
162211200887
063112100001
120411100013
160713100001
162511100015
220811200571
111812100118
221611200608
160111200033
220613100506
182714100032
070512100117
052214100001
061011100012
202012100180
143212100166
163912100006
213112100084
111812100117
082812100172
160112100070
220711200625
221012100778
202012100179
143212100165
220313100521
030611100433
032612100007
202012100177
202012100178
042011200016
040411200119
020411100209
020411200035
010314100004
162211100226
162211200611
040611100041
020412200027
162211100251
220112100593
221712100557
220411200776
122411300001
221012100777
220213300506
082911100009
160111100025
162212100425
162214100005
221012100776
164312100006
162212100527
151612100041
163711100008
220211200891
030611200576
162212100619
030611200575
162211200817
070514100006
220113300504
131911200153
220213300505
160111100011
220514100505
221011400538
221711400512
220914200520
221611200585
020411200018
202014200028
162211100069
020412100312
220511200631
162212100618
162212100503
161312100042
020412100369
021712100020
072913400004
152411200183
201111100018
221011200887
163311200012
162211200781
162211200885
162212100559
221711200592
162211100145
240711100033
072912100051
091614200016
030611200574
162212100225
162211200068
162211100089
091512100012
162211100072
220211200889
220211200888
020411200322
273012100332
220412100649
263412100185
030611200573
202011100127
104111200009
220411200775
193111200036
220211200904
221714200515
162511200002
243111200238
104811200088
243113100048
202012100176
182713300001
220911200695
273012100331
061014200002
230713100039
163712100005
220612100538
093511200016
220914200519
020412100273
162211200660
162211200779
210911100035
020414100014
082812200003
243111200237
091611200122
221012100775
233911200168
162212100288
013312100013
130811200046
162211100154
231811100052
070511200095
231712100299
182711200262
143212100164
233911200199
220213100578
221011400537
162211200785
162211200876
160111200106
143211400009
162211200192
162211200191
221713100516
273011200125
162212100617
221811400508
020112100032
013312100053
220912100578
202012100175
013711200023
160111100060
243111200236
243113100047
220311200719
161211200019
164011200007
221111200550
221711200591
221011200886
221813100514
130811200045
221013100578
091611200121
164211100005
031412100008
020412100368
243112100375
161311200075
221011200916
021213100001
220211200887
122412100059
220914200518
013311200049
220211200886
234311200313
050911200104
020414200008
020411200137
010311200030
104111400001
020111100018
202411400001
142211200005
231713100036
220311200718
220211200923
220911200694
062011400001
221011200885
162211200577
162212100226
050913400002
234313100038
162211100301
020911200003
010312100129
221211200560
221211200561
162212100014
113414100006
162211200074
162211100024
010312100142
164311200014
173611200003
220911200693
243112100374
243113100046
221914200511
030613100116
162211200883
232512100307
273011200124
113414200005
130812100028
030611200572
162211200882
221011200884
235711200354
220211200885
220211200884
010111200013
013311100039
235511200353
152411200182
082814100005
010311200109
220212200510
220911200691
220911200692
020111200020
162213100056
014011200047
220811200570
020411200208
220211200883
010311200094
221211300502
221311200570
221913200503
182711200261
010311200114
220313100519
221011200883
221012100774
020412100291
220912100600
221411200569
231811200143
241211200106
162213400004
221411200570
122911200026
220411200774
221211200559
220911200690
030611100431
081511300003
230714100023
021512100049
020411200271
220111200720
282211200005
171611200013
162311200022
160114200007
020412100298
030614200100
221911100560
111811200068
183711100011
021535100001
030611400077
030613100115
162211400055
202012100174
061011200100
013712100042
230711200352
221011200882
220111200731
220211200881
220211200882
030613100114
143211200141
061011400008
193111100038
121212100030
080312100031
220211200880
014014100004
160111100018
221611200584
241213100010
113414100005
241211200105
230711200338
220913300503
171412100024
161311200004
190714100001
030411400001
122413100004
161711200031
162211100249
020411200320
221511200645
220111200717
162211200881
020411100087
021513100010
020411200136
232612100306
030611200571
220111100535
202014200027
021512300001
091611200120
022712100009
020112300001
020412100342
221011100559
162511100014
221011100560
220214200541
220811200569
143211200140
020411100212
243113100045
020412100366
020811100003
220811200568
152412100261
182711200259
030611200569
030611200568
120711200010
030611200570
162211200560
090811100015
182711200260
231811200109
163911100011
163911100004
152412100260
220313100518
193112200003
162212100528
162212100498
162214200015
160111200036
162211300007
104812100082
221811200555
152411200181
230712100305
220312100624
021512100048
220311200717
220211200879
220412100647
243114200024
020412100365
131911200152
213111200095
162611200024
162212200025
162211200725
162211200674
162213300008
021511100029
162211200864
193411100020
021712100003
010311100066
070513100009
220214100520
220514100504
013311200032
030611400054
021235100001
162211200425
062811200003
162211200880
162212100614
162211200879
162611200058
021512100047
220411200773
210214100001
220211200878
220612100537
243111200235
061012300012
111911400001
171111200004
230611200282
220311200716
221713100514
022111100020
022711200005
063111100016
221311200569
153711400001
021513100028
171611100023
082811200109
182714200047
020414200022
133211100004
162211200878
011114100003
152413100024
072912100050
040611200047
152412100259
061012100034
160111200061
230711200351
234511100093
013312100026
221114200507
240711200012
072912100049
080311400005
030614200099
032411200018
030611200567
182712100326
030611200566
122912300022
021512100009
162212100455
010311200004
162211200877
020411100133
020411200299
220211200877
162212100330
221711200590
220611200561
010214200001
172612100030
010312100083
020112100023
152414200020
220913100520
221011200881
221813100513
221514200513
172611400001
020414100021
021714200001
220211400525
030614200098
162212100613
162212300013
182712100325
231611200342
021711200017
021511400003
232011100200
263311200034
221511200644
010311100061
020413400002
161311200002
162211200834
162212100418
164212100004
162211100271
162212100303
221511200643
220211200876
172611100035
221014100514
193112100020
010114200003
014011100024
213111200094
162211200114
221012100773
221014200518
221714200518
061011200095
161211200018
082811200108
160111100007
221711200597
221811200554
230712100063
234311200350
220911200757
220412100646
221011200880
021511100015
030614200097
162211200875
162211200335
162212100103
162213100033
162211200532
162211200858
220411400510
070514200017
220314200510
221914200519
131911200151
162211200787
221914200510
030611200565
162212100612
220512200503
221712100555
221911200623
234711100034
235512100047
082814200027
233912100199
210913100003
221011400536
172611200055
020412100269
193111100052
253514100012
221211200569
162211200378
161311200038
161311200039
010311200110
082811200107
020411100111
182714200046
220214200539
220911200689
020411200170
020411200105
091611200119
090811200016
221511200641
233912100155
143611400002
151614100003
030611200564
233912100188
030611200563
020411200318
263412100184
161311300003
221014200522
220911200688
220914200516
030613100113
020111200003
011111200040
162211200874
162211100300
162211100247
193112100035
162211200367
042811200031
220411200770
162212100389
102911400003
234711100282
014012300003
162214100004
030611100430
014013100008
221511400506
022111100019
221311200568
220111200715
162212100136
022711200010
221011200878
220211200018
162211100010
162212100611
133211200005
042213100007
182712100324
102911200098
020411200317
162211200871
164211200008
220212100732
220211200874
220813100510
220211200875
162211200484
162311200006
162211200775
010312200007
221711200588
162611100005
162312300001
070512100115
162811200018
222212100511
220411200769
104812100081
210211400001
243112100373
013711200022
014012100047
220913100515
092112100019
220511200629
091611200118
162212100609
162214100016
143213100017
020412100364
273012100330
220312300504
014012100046
061013100010
021812100004
030614200096
030613200015
164312100009
122911200051
243113100044
252412100030
011311200008
011111200035
220211200873
162212100219
015311200004
122912100131
122611300001
010313100015
061014100006
272314100001
160112100069
162212100494
171711200005
131913100006
230712100303
020411200040
221512300505
143212100163
020412100228
221735100507
020911200012
013312100052
221011200876
220413100532
220212100731
162211200629
220211200872
221311200567
221411200579
160111400005
020412100363
020412100284
061012100134
091612100104
243112100372
193112100058
220411200766
182712100323
220411200767
040412100161
020412100362
133212100007
220912100576
162211100090
131912100134
032412100038
030611200562
030612100612
122411200014
162211200741
162212100502
162211200857
162211200867
221711400510
273012100329
162211200803
062012100032
231812100259
202012100173
193112100106
233911100106
122911200015
221511200640
220214100517
220314100511
191011200016
072911200044
122911200002
243112100371
152412100257
123611400001
242712100022
161312100041
020411200316
162511200023
152412100258
162212100040
162212100452
282612100155
213111200093
162211400050
162212100530
020411200315
221711200586
131911200150
220513100516
030912100003
030612100611
030611200560
162211200291
020411200314
132011200021
061011400009
014211200001
202012100171
202012100172
162212100620
220111200755
220212100730
242412100019
220111200714
220411200765
220211200942
091611200117
162211100191
152412100256
092112100018
030612300039
030611200558
030612100610
220211200871
030611200559
220911200687
061011200085
014012300002
162211100070
061012100135
161711200043
235512100153
060511100004
253512100082
020112100033
152413100023
160111100049
160111100016
162212300018
162212100253
182712100312
010312100042
162211200297
235911200328
162311200014
061012100133
220212100728
220212100729
220211200870
182711300013
220512100567
221511100572
222311100520
221014200517
062811100004
062112100001
221414200507
020412100360
131913100005
162213200008
221711200585
241211200104
104812100080
160111400001
020412100359
070514100005
230712100301
233911200341
220511200627
100412100010
091614100012
220512100566
162611100007
162211200865
220711400506
220311200713
030611200557
231711400009
122912100129
122912100130
162212100607
193112100105
010312100153
220711100522
220311200730
152412100255
220211100603
221011200875
010111100015
243111400014
202012100170
162211100295
014014100003
013312100018
160114100005
164312100004
162211200845
162212100606
161311100010
161311100058
163914100003
143211200139
030612100609
030612100608
162213100004
030611200556
232611200150
143211200138
273011400010
220914200515
233912100204
162212100027
122911200029
162211200001
162211200863
062713200001
263211100022
061012100132
030612100607
221911200621
221911200620
152411100186
040413100020
220211200869
222414200501
171611100022
221713100513
010111100014
220411200763
182712100322
172611400004
162212100322
091612100103
164312100008
221412100529
162811200020
030611100429
030611200555
030411200011
182711200257
162211200862
171111200005
220912300505
162211200600
220911100524
221011200874
162211200555
020412100358
021513100016
020912100001
220111100534
172612100105
010211200008
010311200108
163311200014
010311100001
162212100604
162211200861
162212100603
162211200092
172635100006
220312100621
162212100605
030613100112
152412100254
162211100265
030611200554
163911400003
162211200804
162213100064
162211200085
220914200514
162211100281
220211200867
131911200149
131911400008
162212100099
162211100006
061012100109
060811100030
212711200008
082812100170
212711100006
182714200045
130811200043
220212100726
131911300008
131911200148
220212100727
122413400001
221714200514
221211200558
020411200094
162211200805
220712100552
252211200011
172611200011
172612100043
243112100370
102911200097
182714200044
020411200210
021511100012
243111200234
220514200521
104811200085
091511200015
193111100010
222111200520
273014100011
220311100554
234311200348
030612300038
221814200510
030612100606
220512100565
220514200520
220912100591
010311400011
152411200179
152411200180
082912100001
162212100602
273014200018
262811200026
062011200002
010312100103
220214100516
220511200626
021711100004
221714200513
211013100001
221711200584
220711200621
162611200009
061011400007
030611200552
030611200553
221211200557
220511200630
020411200313
241211200103
164311200016
220211200865
162212100285
162214100042
220911200685
072913100007
220811200567
220411200762
243111200233
011111200018
030611400053
221013100557
102911200096
220811200565
162211400047
182711100180
182711100181
182712100299
080311400004
220213100567
212711200007
160111200028
162213100034
162211200860
162211100285
220212100725
132012100026
202011200138
182711200256
221511200639
013312100038
013311100005
162211200692
030612100605
162212100222
221111200549
220211200863
241211400011
221513100517
070514200016
060812100036
160711200008
030635100017
162211100060
282612100154
104812100079
210211200012
211612100014
220214200538
202012100169
162214200071
152412100253
162213400010
182711200255
162511100007
221712100554
172611200024
193111100066
050112100027
162211200709
021312100007
021511200031
182713100021
263311200033
181311300002
121212100029
271011200002
230711200201
020412100306
162211200413
162212200001
220212300517
232011200347
121212100028
162211200011
162211200561
030611400051
031311400002
031311400001
222412100511
010311200020
160113100003
172611100037
091611200115
011111200039
011112100006
161312100040
243112100369
160111200047
220112100592
162211400034
160112100068
104811400001
113411200037
104811200084
220211200861
010312300006
220311200783
014013100003
220211200862
220211200860
160111200104
162212100238
020411200311
221011200872
221911200619
162611400003
220413100531
010312100071
010312100029
220411200760
221012100772
193111100029
221311200566
221312100525
030611200550
220911200684
072911300002
221012100771
221012100770
221311200565
221612100525
132011200019
220114100506
131913100004
162212100592
020112100031
021511200008
021511200003
021512100043
080312100030
042214100006
162212200011
081511200011
162212200029
232612100298
031311200010
162212200023
231811100046
171711200002
020412100289
220412300512
030611200551
220911200683
213111200092
080311200015
193111200057
220213100565
020411200273
020411100170
073511400002
010311400008
221814200509
162211200847
160711200003
220211200857
043111200007
220911200682
011111200023
030611200549
030612300037
093511200015
061012100072
014012100027
104812100078
234512100297
021513100015
220511100533
243113300005
193111200018
122911100052
220911200681
163911100013
162511100008
163911100015
021511200030
022111200016
220211200935
220411200759
220811200592
220411200810
220911200680
220511100532
221711200593
162211200097
030612100604
161211100010
233912100239
013311200054
182714100031
162211400004
273011200123
162212100598
221711400509
243114200023
220212100724
162211200218
030611100447
220814200508
243111200232
220912100575
070511200094
021312100005
162211200855
220211100596
221012100769
162211400048
013311200004
162611200017
162211200854
010314100009
122911200104
104811200083
221011200871
182711200253
221214200506
193111100036
022112100005
220711200619
181311100020
193112100013
220912100574
021512100045
220211200855
162213100046
220812100525
221113100509
220311200712
233912100296
162211100020
122911200001
220411200758
061011100003
162212300014
132914200002
182711200254
220213100564
220214200537
182711200252
020411200310
220812100524
220711200618
221211200575
221011200950
092111200021
220311200715
220111200713
220211200854
243111200231
030612100603
233912100185
020411200101
162212100047
162211400036
072912100048
162211200844
162212200021
271911200012
220213100563
102911200095
221814200511
221714200512
180411200023
182711200251
193413100001
233912100180
220111200712
162211200818
220911200678
013311400004
221713100515
220813100509
243112100368
020411200309
062811200002
030612100602
182714200043
014411100013
171612100014
171411100019
091611200114
221511200638
040412100160
082814200026
131911200147
220913100527
221613100510
230711200346
152414100011
182714200042
182712100321
282611200112
234313100003
162211200008
162211200683
221112100527
243113100042
221012100768
030613100109
162212100600
162211100021
221012100767
193112100104
020411200087
162211200669
172612100048
162212100114
091614200014
220411200757
221811400507
220111200711
182711200250
220111200710
030611200547
030611200546
030611200545
030611200543
282614200022
220111200709
220911200677
282611200111
180812100005
021312300001
133911200042
014011400007
014012100032
014011200053
050911100072
182714200041
082812100168
263411200141
162211200830
221012100766
162214100028
012811200004
061014100008
162511200004
220311200711
221614200508
162214100035
202011200137
180311200009
104811200081
260911300002
210212100003
020111200007
253511400003
220912100599
241211400010
014411200009
220311200710
263414100013
202011400004
020412100085
030613100111
220212100722
020412100351
021311200008
061011200099
162211100158
162511200003
220212100721
230612100284
021711200003
220413200506
221911200618
160111100054
060812100034
014011400005
220714200514
201112100018
160111200041
111911100020
221712100553
161711200007
221211200562
221714200511
213111200091
220711400507
162211200431
182712200006
221711400508
213112100022
220214100515
221011200868
153711200022
182714200040
221811200553
030612100601
282611200110
073511200016
162211300009
020411200063
232512100296
162212100599
162212200028
220211200851
131911400007
061012300008
030612100600
030611200544
030412100005
030611200542
030511200003
030613300011
063112100027
161312100005
220213300504
163711100017
162211100202
182712100320
162211200850
020412100354
092112100017
162511200018
091612100102
092112100016
201612100053
180411200022
220112200506
062811100001
143612100019
152412100252
102912100081
104812100076
220211400524
102913100007
162312100016
062711200022
020413100014
130814200002
220412100644
042212100029
241211200102
050911200045
042811200030
020412100061
193112100070
061011200098
222211200524
220811200564
061012100077
020411200256
221011400535
104812100077
182712100319
221012100765
220212100745
162211200752
121212100023
133213100001
202011200136
273012100328
162213100050
243112100367
143213100016
230612100283
162211200046
162212100456
162211200794
172911200005
162211100263
163711200001
070511200093
162212100512
220511200624
091611400004
220511225001
273012100327
230711200344
234712100153
062712100028
220912100573
162511200022
163912100007
162211200820
010311200106
220912100572
160112100051
220211400523
164011200001
162611200055
162212100597
020412100127
014013100010
263412100183
193112300001
221012100764
021312100008
020412100138
020411100090
164011100002
030611200541
030611400049
162212300009
120211100003
162212100518
082811200105
162213300007
162611400001
011111100031
011112100039
220212100720
122912100122
171612100017
151612100040
013312100051
162211200261
162611100009
162212100196
162211200495
282611200109
163711200015
162211200795
162211200294
162211200336
162214100031
162212100596
011111400003
221111400504
221411100520
113312100028
070514100004
011111200037
230712100294
164311200017
220211200850
232611200159
162611200051
260912100060
030611400048
030611200540
220211200903
162212100595
221011200867
221712100552
220912100571
221011200866
152412100251
143212100161
122911200009
072912100047
182711200249
231712100293
263311300001
102911100078
221911200617
020112100030
241211200101
042012100004
221612100520
273011400009
042212100028
273011400011
233912100197
221911400506
182712100318
162212100525
122912100128
162211200846
030613100110
122911200097
061012100131
210912100010
030611200539
162211200366
091611200113
010111200012
010111400001
241212100075
010311200031
243111200230
113411200036
091411200025
091612100101
221611200583
261911200006
010311200001
171612100016
015311200013
220411200756
143211200137
221011200863
040611200046
221011200865
282614200021
221011200864
161311200069
221311200584
010312100158
243112100366
060811100014
233912100292
060811100005
221511200637
252412100029
143212100030
221911200616
143212100160
030612100599
220711200642
220411200768
082812100167
221911200615
164111200001
182712100317
122912100127
104111200008
193112100103
162214100039
220111200708
231711200022
182712100314
220911400516
162212100480
220212100719
221012100762
220111400515
162214200008
162211200441
220911200676
162212100447
160111100033
220212100717
220212100718
162212100519
220212100716
182712100316
014011200026
030611200538
030611200537
030612100598
030614200095
220311200714
010211100007
221012300513
220712100551
113414200004
210912100008
263311200032
221011200862
011114100004
014011100022
220811200563
042611200011
061012300002
162211100258
143612100018
143212100159
162211200360
162212100217
162211100121
243112100365
235711200343
010313100014
030612100597
235512100103
061011100028
263412100182
050912100113
070511200092
061012300011
152412100250
183711200011
220211200893
162212100594
220711200617
061012100128
162511100010
231711300015
164312100007
182711200247
252211100010
110211100001
091612100100
091612100099
243112100364
104811200080
020411100167
162212100593
162214200052
152412100249
162212100120
221211400503
152411200178
162211200840
193111100031
221911200612
220213100562
162211200843
161311100005
202012100168
021812100002
152412100248
161312100026
011311100008
030612300036
030611200536
030611200535
160111400004
010211100011
282613100007
014411200004
122412100058
213114100008
010111100012
162212300010
193111100053
152711200012
242412100018
182712100313
020111200017
172611200053
221811400506
220211200859
282611200107
252212100026
040412100159
273012100326
220512100564
220811200562
282612100150
113412100045
020411100142
182711200246
030611200169
202011200135
162211200749
222112100506
243111200229
222311200518
143212100158
143212100157
241212100074
020811100001
042011400002
122611200004
040611400003
162212100500
020112100028
091611100071
030614200094
030614200093
042812100057
220211200847
221711200606
010312100128
221011200936
210914100001
091614200013
021511200001
010311200097
162212200027
162211100073
073512100020
273011400008
220112100591
030611200533
030611200532
030611200534
131911200146
161311200070
221711200582
040611200045
013312100049
261112100004
220214200536
263314200002
221711200581
220211200845
220311200736
162211200300
162211200301
140811200006
162211200430
162212100364
162211200304
172612100067
143211100132
143211100133
182711100179
030611200530
015211200007
163711400001
143211100130
220711200615
013312100012
143211100131
220714200513
143211100129
120211100009
193111100006
220312100625
221511100570
221112100530
221112100525
103111200005
162211100097
030611200529
220911200673
263412300004
221511100569
020912100018
010311200105
162212100591
082811200104
010112100010
162811200019
164111200013
030611200527
160112100054
030611200528
152311100009
253512100081
243111200228
160112200002
162211200054
030613100106
030611200506
030612100582
030612100581
220312100619
122911200102
162211200083
152414200019
172612100073
104811200079
043212100002
014411200007
221614200507
163911200009
220511200623
220811200561
220211200858
030611200525
162211200467
220911200672
221011400533
020412100270
013711100003
211814200001
162213100015
022111100003
010211200007
013711200009
091611200112
161311200062
062711200019
160111200083
163712100009
030614200092
220312100618
010312100003
133212100006
020412100334
162611100028
162212100140
042011200015
220212100736
040411200133
220211200841
162611100049
221012100761
243112100363
162211100177
220211200842
010312100157
221012100760
182711200245
193111100065
162214100017
010211200004
010311100026
013312100024
243112200013
220511200622
220111200705
220811200578
221614200506
243111200227
031311200009
162211200059
014011100026
235511200308
235511200004
104811200078
220211200840
102911100077
162212100580
160111200107
162211100037
153911200010
161311200066
220211200892
162211200838
162211200149
132911200020
220511200621
162212100590
220911200730
131912100133
162211200624
162212100414
122914100010
061011200091
263411200140
040414100012
131911100112
221711400507
162212100355
021512100005
014011100011
162212100589
162211200836
162811100011
020112100014
220413100533
220313100517
253514200013
220211200839
221013100534
220311200709
020412100171
162214200070
020412100001
020411100061
015214200001
030612100594
020412100027
020412100094
020412100167
020612100005
020412100151
020911100002
020412100116
020412100021
020412100042
172911200004
030111200005
010212100001
181311200027
221211200555
220913100513
220911200671
220111400514
140811200005
013311200059
061011200088
102911200094
172614200003
172611100014
221011200856
162212100444
151611200014
061014100004
221011200855
234311200340
102911200093
221612100519
201611400002
020411200307
021511200005
220211200838
220211400522
162211100270
193114200018
061014100007
162211200640
091611200111
243111200226
162213100052
235511200339
013712100041
220111200703
022713100003
220311200705
162211200835
030614200091
030611400047
030611200523
030611200524
182711200005
011111200034
220412100643
222011200539
131911200145
211114200001
172611200058
162212100588
172611100049
091614100013
162211300013
232511400012
020411200169
182712200005
183311200027
020411100203
020411100126
030611200520
030612300035
014412100004
161311200026
220212100715
221511200677
221213100506
220913100512
221111200548
220412100642
220411200752
020412100218
104811100074
193111100013
061011400006
020411200182
091611200110
202013100019
020411200155
172611100045
172611100006
162214200069
162212300021
103811200004
221612100518
230611200217
221211200554
221011200853
220311200744
221511200635
220111400513
162212100397
162212100399
091611200109
020411100110
010311200102
273012100325
263414200027
020411200049
162212300020
040412100158
220411200751
131911200144
010311200082
220211200836
182711200244
162211200266
182712100311
162211200813
220911200696
021511200028
162212100582
162211200176
162212100485
220935100503
020411400016
220712100550
221311200564
220211200962
220211200846
020112100022
020411200306
014011100007
014011100010
221013100552
132411200011
040414200011
030612100593
130813100007
221711200600
130811200041
020411200154
221011200851
221612100517
162211200739
221014200516
021512100032
220413224001
234312100122
234312100140
162211300001
220411400509
221511400507
220911400513
022712100007
021511200027
030612100586
030612100587
030911200003
030611200513
030612100585
221011200850
220835100501
221712100551
162214100010
162212100400
062712100007
011113100003
015311200014
131911200143
062011100011
162211200346
030612100591
030612100592
091611200107
091611200108
220214200507
220914200513
133212100005
104811100073
030612100590
162212100587
221512100583
162211200823
220514200518
021512100044
242411100019
202011200134
263411200139
143214200017
243111200225
220111400512
020411200078
010311400009
220212100714
220511200620
160112100065
162212100465
122412100057
162211100049
182711200243
162212100439
162211200652
162611200053
221011200847
143214100012
081211200013
060512300001
221812100518
230711200016
102911100076
221411100519
243112100362
221011200846
220911200670
252435100003
221012200512
221611400505
010311200081
030614200090
030611200521
162211100157
282611400003
131912100132
152411100185
162214200068
100411200015
220914200512
220214200533
102911200092
162211400027
021711200011
221511200634
235511200258
233412100291
232012100290
122412100056
220211200835
220511200619
030611100428
030612100589
032412124001
131911300007
164111100002
220711200631
162212100258
220911200744
220911200669
152412200008
020412100148
220812100523
020412100197
243113100039
160111200065
014211200005
020411200305
220212100787
081511300002
193111200060
104811200077
162211200442
162211200682
182712100310
193211200003
162211200212
103111200004
282511200016
282611200106
221812300501
220311200703
220112200505
162211400008
081713100003
210912100003
091611200106
221912100560
220714200511
021512100034
020411100176
020411200222
201611400001
020412100046
162211200284
030611400045
162212100356
182711400022
220811100517
121212100027
220811100518
020412100305
193113100001
020412100277
014014200003
014012100024
220412100641
061011200025
201111200009
220414200516
221314200507
212714200002
212714200001
230712100289
220413100530
221613124004
235611100201
263314100001
010111200011
221012100759
162211200644
220414200515
221011200845
162211200612
164111100009
243114200022
161711200047
220412100636
220212100735
122413100002
221611200580
220712100553
020412100349
020411400006
020411100083
102911100074
014013100009
102911100073
220312100617
162611200042
162212100369
104811100072
102911100075
010312100130
011112100018
013311200001
060812100005
220911200668
243112200012
171412100007
221012100757
221512300504
221711200580
220114200509
050911200119
220714200515
164111100027
164111200018
220314100510
162811200006
162211200211
162212100544
162212100066
162611200030
160111100004
122912100052
022311100001
030614200089
030611200518
162211400016
261111200006
163711100021
230712300010
162511200021
162211200826
080311400003
161311100062
162311200009
091611200105
220311400508
221512100582
050914200024
050914200025
050914200026
050914200023
050914200022
221011200843
021811100010
221714200516
221814200508
020411200304
020411100113
010312300002
220211400521
182712100309
030611200517
162311100013
193411200004
164111100025
232011200183
062711100010
062711100002
091614200012
160711100002
020412100271
221014200515
082814100004
221711400505
162212100125
030611200516
030611200515
164411200070
160111100035
020411100211
022111200014
020411400015
020411100190
020411100013
020412100047
010312100095
220714200510
014411100001
282612100153
220511200618
163911200008
162211200173
162212200012
191012100022
030611200522
243111400013
231711100196
021711200016
020411200121
162212100401
162212100428
162213100057
162212100408
221514200512
030611200519
030612100588
104812300002
102912300008
221011200842
010312300008
060812100025
221012100756
191012100016
171412100023
060812100026
113412100044
162214200004
050911100071
104111100012
220911200666
020411100196
104812100075
061012100028
061012100044
273011200121
061012100067
014014200002
131911400006
181311200026
273012100324
220711200635
220511200617
020412100207
162211100195
162211200449
162211200446
162211200751
220211200833
221111200546
161711100033
193111100040
162212100546
164212100003
233911200146
131911200142
013312100043
221011200852
221514200511
020412100195
020411200074
010313100013
162212100545
162211200365
122912300025
030611200514
030611400044
222412100510
162212100387
010311200101
243112300012
020412100278
020411200082
162211200267
010111200008
082811200103
191012100020
221814200507
020411200043
222014200505
220611200541
220111200700
162211100043
162211200444
220514200517
162211200448
011111200021
093511100014
020411200303
021711400001
213111200090
040611400001
193411200010
020411100158
162211200305
243111200223
162212100523
163711100002
162212100585
243111200224
162212100584
161311200073
221011200840
161312100037
032611200006
220311200701
230711200152
233912100288
202012100167
020411100197
202012100165
202014100018
020411100062
020412100034
220211200832
220212100713
162211100130
161311200047
040412100157
182712100304
172611100048
172611200057
010312100033
104811100070
020412100217
104111100011
020411100078
102911100072
020412100032
061012100121
162212100467
243112300011
010312100111
221412300501
280712100025
042212100027
233912100287
104812100074
243111400012
062712100031
102912100080
104811200076
182712100308
020411100121
010312100143
010312100081
091511300002
143212100156
162211100203
162211100115
202013100018
061013100019
221711200579
162212100052
221314100503
162213300004
162212100337
082711100028
162211100200
020411200243
280712100024
162214200067
162212200026
273011200120
243112100361
020411200028
091614100011
020412100158
143212100155
172612100103
082711100027
021711200015
020412100157
020412100156
021712100010
021712100009
020412100060
042811200029
220512100562
162312100017
030611200512
030611200511
030611400043
030611200510
030614200088
030614200087
030612100583
030611200507
104813100010
233411400014
030611200509
162211200504
162211200137
161312100031
233912100237
162212100541
162211100026
162311100012
162211100103
162212100573
111812100116
122912100125
162211200568
162212100572
161312100033
162212100571
162211100009
232011100003
020412100319
020411100058
235511100145
234311200336
113412100043
092112100015
220412100640
063211100004
050912100084
062711100024
172612100102
061011100025
061011100061
241214200012
092112100014
102911100071
230614100043
230712100286
201612100052
202012100164
020412300010
011111100033
121211200009
193112100101
062712100030
162211100204
081212100008
233911100257
050912100112
162211200073
273011200119
020411100069
020411100068
162211100201
021811100002
020412100089
020411200302
221511200633
235914100048
161313100003
162212100228
102911200091
090211200021
162211200395
164111100003
014012100044
011112100023
102911200090
220211200932
060811100019
220611200540
162212100508
221711200578
261711200012
010311200027
013711200010
243111200222
162211100167
020411100071
020411200090
262811200025
220213100560
020412100071
020412100347
020414200030
014414200001
011112100005
040412100155
263413100015
040412100156
221413100501
222413300501
102911200089
162211200536
220711200611
220512100561
220412100639
092112100012
092112100013
172611200056
020412100346
221911400505
013712100040
082814200014
220313100516
143213100015
232511400015
150311200005
232512100285
220311200700
162212100581
014011200042
220111200699
221812100526
232511200335
050911200118
060812100035
220312100616
020411100095
010311100011
061011200022
220311400507
220911200664
131911200141
050911200013
061012100081
050911200111
050911200117
161312100030
104811100071
162811200007
162212300017
191014200002
161312100035
183311200026
182714200039
161312100036
050911200088
053011200001
152412100247
243112100360
162211100083
091611200104
162211100025
011112300001
013311200034
030614200086
030611200504
030611400042
030611200503
030611200502
021711100011
020411100108
020411200139
020411100067
220213300503
220312100615
162212100533
072913400003
183311200025
113312100026
162212100035
130811200050
113312100027
193111224002
132011100027
113312100025
113313100002
113312100024
122911200101
132411200010
193411200012
072912100046
160114100003
151611200013
162214100024
252412100028
104111100010
233911200148
021712100025
040412100154
220412100638
113611200008
221013100551
020611100006
253514100011
042611100019
220513100515
261711200011
230611100110
030611200501
030611200500
220311200699
090212100015
020911200016
021511200015
020411100022
273012100323
014011200048
013311200058
143211200136
162211100250
162213100010
221812100525
162213100051
063111200001
162211200821
050912200016
230712100042
221011200861
220814200507
220711400505
020411100045
020611200002
161711100013
010311100028
010311100004
282612100109
030611400039
030611200480
164312100001
220912100617
221913200502
260911100063
221012100755
020411200301
182711100178
162211100244
010312100156
201611200030
162211200308
191011100028
143211200135
262811200024
193111100027
162212100403
252212300001
162211100279
161711100026
162211100012
020411200021
162212100579
040413100019
202012200003
161312100038
193412100008
162212100491
233411100322
050913200003
182713100020
182711300012
162311100027
162611100032
162211200724
070511200090
162212100361
162211200565
162211124003
162212100578
220211200831
221312100521
162211200782
220412100637
130814100002
220111200698
220214200530
282612100152
220211200853
022111200003
020412100044
220413100529
162211200311
282611200094
233911200310
232511200140
220214200529
162211200041
220911200662
220411200783
220913100511
082811200102
220914200511
050912100109
202011200133
132411200009
262811200023
014011200014
164411200075
162214200064
162214200065
014211200003
010311100005
171611100009
241212300003
220213100557
061012100129
020412100062
021711200014
220313100515
193111100023
221411200566
090211400001
091612100098
130811400003
193112100027
243112100359
221413100503
263311200031
162211200519
182711400021
230611200334
243111200221
221714200509
043111200006
062113100001
235514100038
162212100477
220811100516
243114100025
020411200129
162212100017
030612100580
032611200005
030611200494
220311200697
020414100018
162212100018
220711200613
162211100108
160114200006
232511200092
162213100035
091611200103
090812100001
221912100558
220711200610
220311200696
020412100345
252311200001
162212100577
220911200661
163311200013
221911200609
164111100022
010312300007
162211200797
162211200062
242411200016
162212100420
020412100344
220211400520
220414200514
021511200022
220114200508
202011400003
162212100191
162211200119
220513100512
161311200072
091611200102
162211200714
152412100246
162211100184
030613100105
220411200749
220511200615
091612100097
222412100509
220411200748
020411200032
263411400005
221814200506
020411100174
070514200015
020411200189
010312100114
221014200514
220514200519
152411100183
220211200830
131912100131
010312300005
020412100039
220211200829
220311200695
221012100754
220412100654
162811200004
220312100638
220312100614
221711425001
220111200697
162213100020
282612100085
030614100032
243811200003
162211200798
282612100151
162211200816
022311100014
013311200057
243114200021
231712100282
143212100154
030613100100
030611200483
182711200242
162211200129
164111200020
030611200493
030612100579
030612100578
220312300503
152414100010
220911200660
020412100257
063112100026
220211200827
220211200828
193111200051
162212100042
020412100325
193412100011
220713100508
221013100550
220411200747
021511100005
020411100089
030612100577
030635100016
030613100104
030614200085
030612100576
030611200492
030611200491
213112100083
282612100148
122412100055
160711200005
162311100003
220811200554
221311200561
220511200614
014211200011
220913200508
221511200631
220412100635
220112100588
220511200613
221511200632
233912100156
220911200659
220411200790
013711200020
222114200502
213113100003
220212300515
220212100711
221511200680
131911200139
220114200507
220212100710
151612100039
220111200696
220535100501
172611100009
113311100021
050911100038
172611100024
010311100062
162211200814
171411200019
221811225001
061012100104
220213200507
180411200021
220211200826
202011200132
220811200553
162211200252
220211200824
082811100079
143214100011
270711200005
162212100309
252411200022
220211200823
011113100002
233911200333
221111200545
021511100027
030611100426
221012100753
243112100358
241214200011
021711200013
081211100021
162211100297
162611200048
221811200552
232011200328
162212100440
221914100506
162211300008
220912100568
061011200043
082812100166
222411200512
220911200657
273012100322
220511200612
022713100001
162211100283
193412100017
010311100059
010312100119
014012100001
252411400002
263411100071
162211100019
173611100004
182712100307
162211200704
163711100004
220314100508
162611200041
082711100026
010311100007
241214200010
021511300002
013311100018
020111100024
220411200746
020411100019
220313200504
010311100033
082811200101
220614200507
030611400041
030611300035
030611200490
252411100023
020411200216
233911100112
233911100071
193411100001
210211200011
193412100002
120411200014
120211200023
061012100083
221713300503
221911100558
220213100555
220211400519
010312100044
082814100003
243112100357
152411200204
152412100244
152412100245
235811100321
232011100286
020411200019
020411200297
220211200821
172614200011
221111200544
221511400505
220211200822
221011200970
130812100027
021512100041
162211100110
221014100513
162211100182
193412100007
231711100229
020112100011
020112100002
020411200296
021513100011
020412100035
263312100027
162211400040
082811200100
162212100492
052511200001
243113100038
220211200820
020412100343
213111200089
193411100003
102711200005
220714200508
235714200047
022111100006
020411200292
221712100550
181311400006
221512100581
220311200693
020411200295
161711200021
050911100063
050911100028
171611100021
162211200605
162211200777
221811200551
220911200656
220312100623
220913100510
014211100006
220212100757
220412100648
020411100027
020411100077
220412100634
252211100009
252211300003
162212100318
221711200576
162211200458
020411200290
050912100111
072913100006
021711200002
013312100050
072911200043
162211200632
220711200608
162211200645
150311200004
162211300020
111812100115
030635100015
030612100575
030611200488
030611200487
273011200117
220111100532
220711200607
162211100104
162211200756
020411200268
162211200810
020411200015
220111200695
162212100342
221113100507
220912100567
162211100114
162212100353
162212100348
221211200552
162212100575
221835100502
030612100574
030612100573
030611100424
113314200003
221211200551
061011200094
162211400005
102911400002
061011100045
241214200009
010311100019
050911100008
050912100027
014911200001
162212100072
020411400014
172611200028
162211100080
220312100612
221012100750
221011200837
020412100422
220911200732
221012100751
221012100752
020411100125
221012100749
014211100010
030611200485
030611200484
030611100425
162514200001
062011100022
230911200332
131913200002
132012100025
220511400506
020412100341
202011200131
163911200001
020411200294
040413100018
161312100010
162211400026
143211300001
162211200809
221111200543
221913100509
233911200133
220214200528
020414100017
221113100506
183311200023
021511300007
220911200655
221111400503
011111100035
050912100033
013313100003
162211400039
243114100024
235711200331
182711200233
220913100509
221012100748
020412100332
020412100307
220511200611
221712100549
172611400003
050911100040
050912100026
221911300504
020111100002
221911200606
220311200782
162211200132
050913100006
162212100470
010311100050
162213100028
161311200060
162214200050
162214200063
220414200513
233912100015
051611200006
050111100007
050111100004
162211200808
220412100633
020912100019
020111100017
014012100022
272312100023
220411400508
220113100510
070514200014
220112100587
220111100531
273013300001
231711200040
022713400001
220412100632
273011200116
213111200088
220511400505
162213100063
030612100572
162212100574
062711200002
182714200038
221012100747
020414100002
182714200037
040612100105
162211200807
162212100468
152412300005
180812100004
234511200330
221011200835
020411200244
020111100009
011311100011
162212100460
220212300514
221114200505
212714100001
131911200138
232611200329
014012100010
040411100052
030611200486
162211200522
162212200024
193112100092
262812100027
050911100030
050911100029
020412100340
010311100022
282611200101
152412100243
182712300005
162213200006
104812100073
020411200003
183312100003
164211100002
162211100046
160111100019
162611200052
162211200650
020414100001
082811100078
030612100571
030612100570
030611200482
282511200015
271811100012
171412100022
020412300007
162211200806
182711200241
221112100523
182713100019
221911200605
220411200778
050912100110
221011200834
180412100035
102911100070
221914200508
121111300001
162211200778
162211100124
220312100611
162211100064
221211200556
220412100631
020412100244
230714100018
182711200239
221012300512
182711200240
062711400002
050911200027
104812100072
220213400504
221713400502
020412300008
091611400003
230614200046
061011200093
171612100003
062711200001
143212100153
030612300034
030612300033
030612100569
273011200115
102911400001
020411100054
010112100009
061012100127
243111200220
162611200027
162211200675
162211200389
263011100016
020411200284
143212100152
201614100008
040611100040
040611100039
220111200694
220611200539
263412100180
243112100356
132111200029
081711100019
162211400031
162212200015
172612100044
132111400001
131911200137
220312300502
220812100522
233911100073
234311100031
172612100095
143212100151
143213100014
243112200011
021712100018
021712100013
070511300005
113314200002
262811200022
220111200693
030613100099
030611100423
030611200481
070513100008
171412100009
221013200506
221711200573
282612100097
010311200100
263411200138
050911200116
220413100528
172612100094
143211200134
090211200020
273011200114
011111400002
162214200033
233911100176
020411300009
222113100501
220411200740
070512100113
220411200741
222312100516
221312100523
220413100527
162211100062
162212300015
213111200087
162211200310
220512100560
282611200010
221912100557
132411200008
060813100003
233911100061
062711200009
171611200001
282611200105
220611100522
020111200018
014014200001
213812100007
014011200011
030611200498
030613300010
030611200497
030611200496
162212100570
162212100569
282611400002
160112100062
030611200495
122411200045
180411100031
221511200630
220311200691
220614200506
180411100030
172612100004
080313100006
220111200692
233912100088
230712100280
131912100130
161711200029
221613100508
221211200550
221014100512
220214100518
030614200084
030613100102
030611200489
030613100101
030611400040
122411200044
220512100559
050912200015
091612100096
282612100112
011111200027
171411200018
010311100018
282612100111
122912300024
282612100149
202012100163
263411300006
171611100020
130811300002
143611100032
193112100099
162213100042
050911100031
143211400008
162211200380
191012100021
061012100126
221713100511
010314200004
221712100548
220511200610
220311200690
030612100568
030612100567
030611200479
183311200022
010114200002
230711200322
162212100567
231812100279
160111200102
082812100165
263311100027
162312100011
221514200509
162212100172
131911200135
213112100082
220212100709
220212100733
210911100034
220412100629
232014100045
160112100064
220912100566
220812100521
220213200506
104812100071
220212100708
015312100005
015311100009
243112100355
243112300009
221011100558
220311400505
162212100534
220213100554
020412100191
020411100073
020411200007
013312100048
230711200267
020412100339
220411200739
220311200689
221011200832
221512100580
021514200001
183311200021
080311100005
182711200236
063511200003
230711200327
091612300001
162211200802
062711200021
162211200740
162214200047
042612100012
162511200020
163712100008
162212100063
162212100566
182711200235
152413100020
162211200031
182712100306
263411200137
030614200072
030611200470
221311200560
273011400007
010111200003
010311200099
193112100024
061013100016
132111200028
221511200629
220112100586
220912100565
160111200006
220812100520
161311200022
243112100354
162211200800
030614200083
160111200043
161311200017
132111200027
122912100124
050912200014
222412100508
193112100098
010312100140
221011300505
213111200086
221012100746
221011400531
220214200527
102911200088
121212100026
014011200012
220212100707
164211200009
160112100063
243112100353
230611200325
160111100046
162211200145
221912100556
221711200571
220211200818
122911200100
011111200033
122911200107
162212100267
220912100564
162212100565
121111200012
020412100338
020411400013
263412100179
241211200099
241211200100
030211200015
030611100422
020411200287
221911400504
130611200019
171711100006
182711200237
221612300501
221011200831
273012100320
272211200011
243113400005
273012100319
220513100511
162212100344
020413100001
202012100162
143213100013
243112100352
220211200815
050911100069
221012100745
221012100744
220912100582
221712100547
221712100546
181311200025
162212200016
162211200599
161711200040
161211200017
273011200113
220611200538
030614200077
030611200477
030611200476
161735100001
221912300503
022712100006
202011200129
202011200130
162311200011
220914200510
220814200510
193111200029
021711200010
082811200099
162211200753
162212100563
080312100029
221512100579
171411200008
273011200112
181311200024
232012100246
152413100019
020412100337
221011200830
221211200553
221812100524
162212100407
280711200010
162212100562
020112100021
021511100009
162212100496
220212300513
164312100005
050911100009
020112100008
193111200016
193111200038
193111200042
220411200738
220612100534
211112100018
221111200542
162213100002
030612300032
011112100021
081712100010
030635100014
030613100098
220313100513
143212100150
010312300004
052211200004
182711400020
182711100177
253511200060
011112100037
180411400001
180411300001
162214200034
061012100125
160112100059
040413100017
080312100028
131914200064
113411200035
121212100025
220211200814
014011200001
021511300005
020411200267
020411200209
020911300002
221013100549
241212100073
162211200742
221511100567
221014200513
221711200570
050912100075
050912100074
220711200633
221011200828
015211200005
160111200099
213111200085
220213100553
220111200742
221011200827
220711200604
220511200609
220212100706
220211100595
113611200007
163711100015
162214200021
162212100070
121212100024
122411200043
121111200011
162211200625
030611200475
132111200026
220712100547
220211400518
221511200628
030614200074
030614200073
030613100096
030611200471
221912300502
220712100546
220611200537
040411200116
162611400002
183711200010
040411200115
040611200044
161211100006
091611200101
162211200796
162211200750
162211100193
220611400502
220211400517
162211200651
162212100560
160111200042
030614200075
220211200813
082811200098
160111200063
220312100610
221011200826
221712124002
221512100578
221012300510
221011200949
221611200578
160111200058
213112100081
221211200548
221114200504
220111200690
063111200008
232635100004
161311200030
061014200012
161311200023
221111100530
221211200549
221011200825
220912100563
162511200013
243114100022
171411200017
171111100009
080311100025
172612100101
221411100518
182711200234
142211200004
092111100017
160114100006
220512200502
071235100001
221911400503
162212100092
162211200412
042811200028
221711400502
221011200824
092112100011
270711100019
220714200507
015311200010
015311200003
220412100628
063111200007
160111200024
220912300504
160111200066
162211100086
152411100182
030613100097
243111200217
263411200136
220911200653
220712100545
243112100351
243111200218
221111200541
162211200793
131912100129
183711100010
022111100017
020912100017
172612100041
122411100033
162212100558
221114100501
220813300502
220413100526
162211200574
090211200019
013714200003
010312100155
202014200026
221112100522
021711200001
221011400530
221011200823
013313100006
221012100740
221012100741
162212100521
172635100005
040614100007
011311100010
235512100278
235811100319
111914200001
193111100064
162212100557
162211300012
182714100030
220211400516
145113100002
233911100271
091411200024
180411100029
030611200469
030611400038
030612200018
160711200001
162212100109
220411100616
220211400528
220412300510
221011400529
162212100524
221413100504
162311100002
162212100044
220613100505
020412100335
020411100075
011114200004
011114200003
011114200002
011114200001
050911200049
221512100577
243112100350
252414200004
092112100001
220712300502
242413100004
220411400507
222311400503
220213100552
162212100026
020911200018
030613100095
030611200468
220611100520
213111200084
213111200083
120211200022
030611100421
030611200478
030614200082
030614200081
030614200080
030614200079
030614200078
162212100555
220311200685
220911200650
162212100556
162311100021
220211200811
050912100044
030614200076
030611200474
030611200473
030611200472
162211200356
193111200035
160112100002
053011300001
050911200002
162611200050
161711100027
162512100003
162211200558
162212100174
202012100161
235613100034
230712100277
160111100002
132111200025
162512100001
193114200027
221711200601
221411200564
220911400511
221911200602
220212100704
020411100129
082812100164
152412100242
082711200008
182712100305
104812100070
162211200653
061011400005
162212100448
162314200001
172611200054
213112100012
242412100017
220711200601
220511200606
162212100411
220212100703
220412100627
162211200791
162214200045
162211200790
220911400515
050913100003
030611200467
030614200071
030612100566
030614100030
221611400504
221011400527
020414200028
202012100160
020411200249
180811200014
162212100345
220111200687
221013100548
243112100349
243112300008
013313300001
243114200020
193111200015
020411100102
020411100101
020411100043
181311200023
161312100001
020412100327
220312100609
161211200010
221011200822
180414200003
143612100017
162214100033
221713100510
220513100517
091411200022
013714200002
162211200774
162211400032
160112100031
132014100001
162211200759
162212200010
263211200008
221012300514
220912300503
040612100104
221011200821
050911100048
103835100001
021512100036
162211400037
011135100001
160111200101
030611200466
030635100013
162611200049
202011300011
014013100007
221012100739
183311200019
183311200020
162211100153
040413100015
162211200786
282614100006
260914200007
220411400506
070512300002
220412100626
221511400504
013711200001
092114200001
221013100547
220114100504
220214100519
220512100563
061012300010
253511200059
191011200003
191011100027
220211200810
082812100163
202011200128
220213100551
220811400506
020912100004
020912100002
122911200099
193112100030
232612100261
162235100005
241211200098
162212100347
162212100280
162213100003
042211300004
090212100014
163912100003
160711100009
111911200014
111911200015
191014100001
243111300005
020411200109
220311400509
013311100050
162212100553
221511400503
162212300016
160111200073
104811300006
143212100149
220411200734
111812200003
030613100094
030612100564
030612300031
030611400037
030611200465
030612100565
030611400036
221112100521
162211200788
243111200215
104811300004
104811300005
160111200026
021512100040
213112100080
220111400511
253512100080
220211400526
220311200683
220412100625
220811400510
232612200324
022112100004
233911100320
020413100020
020111100026
020412100231
220413200505
010311100016
180411200020
243111200214
160111200040
070512300001
162214200037
070512100018
122412300001
220913200507
162211200738
162211200563
163914100002
102912100079
013711200018
282612100147
230711200302
243111200213
221011400525
241211400008
282613100006
122911200098
050912200013
020411200140
220213100550
220214200540
202011100126
221411100517
091614100010
221814200512
221814200505
061012100035
030611400035
010314100007
191511100009
220911400510
221012100738
220412100623
082814100002
221012100736
221012100737
220712100544
010311400007
222011200537
193111200011
010312100084
211611100017
162214200031
091611200100
020611200008
221012100735
243112100348
061012100022
042211300003
220135100501
242411100018
241212100071
221013100556
220113100509
090211100023
015211200004
030612200017
221213200503
221214200504
092111100016
162214200039
162214100011
182711200232
010314200003
220212100701
221314200506
221011200820
221912100554
220212300512
263412100178
132911100032
133911200039
162211100055
104813100001
104835100001
221911200657
221911100556
221011400524
162211100041
162814200001
111812100114
102914100002
160112100037
222311100521
143212100148
273012300011
241213100009
021513300001
020912100015
162211200784
014211100009
162211200783
220411200733
221011200819
202012100158
220911400509
030611200464
030612100563
202012100159
160111200016
213112100079
162811200011
162211200330
162211200094
013312100047
220511200604
122912100123
061012100016
040412100153
162212100505
162211200490
082711100025
273011100110
271011100013
162211200348
122411200042
010312100120
080311300002
221011200870
220511200603
220212100699
100411100022
220111200685
220711200612
152411100181
221411200571
220413100525
030612100562
030611200463
030611200462
153712100024
220913100508
020414200027
220912100570
220911200649
220211200848
220111200683
220712100543
050911200115
040414100011
231011200323
242711100042
071213100003
061011100034
072913100005
221835100501
220311200681
220935100504
221412100527
242711100041
220814100502
102912100078
222014100503
131911100111
262812100026
152412100241
152411200177
030612100561
143212100147
231712100275
220413400509
181311400005
253512100079
162212100373
162213100018
253514100010
020412100028
030612100560
162211200006
220635100501
202011400002
052511100006
220411100615
220413300505
220112100583
163711100020
062711200020
104812100010
102911200087
220411200732
014011100008
243135100006
082812100162
143214100010
162212100281
151612100038
091611200099
161211200004
030611400034
030611200461
030612100559
162212100249
010312100105
162211100143
162211200721
161311100064
061012100124
063114100002
252411200021
062012100031
162611200039
193114200026
221011200947
221011200006
221711200561
220211200806
162213100017
162211100192
260912100059
202012100157
015211400001
042212100026
040611200043
221111200540
220211200805
162211200327
230712100274
081714100001
030614100029
040411400008
162212100206
020412100331
221414200506
220211400514
030612100558
193411100019
081511100003
030611400033
221811400505
160111200081
263412100177
263411200135
221713100509
013712100039
013711200019
220311300503
020411100210
010314100001
132911100031
131911400005
162211200776
020411100107
220113100508
111811200067
202011400001
243112100347
162212100010
162311200024
242411100017
113312100023
030612300030
030611200460
010312100032
162211200545
020611200005
020411100076
020611200001
263411200134
161311200019
130812100026
010311200098
234311200027
182711100174
221813100512
182711200231
182711100175
182712100303
220111200682
263412300002
263412300003
243111100200
233411200321
131911200132
104812100027
221014100511
020412100329
131911200131
030611200459
030612100306
211835100001
221512100576
221311200558
220211200802
220911200648
221011200816
182711200230
030611300034
091611200098
240713100002
152411400002
162212100514
162212100221
272311200008
063112100024
191011100005
201612100051
020411400008
263412100176
160111200100
162211200639
234311200210
030614200067
182712100289
221012100734
162212100443
220213100548
222014200504
162211200748
030911200002
030611200067
220311200692
221511100566
162213400009
162212100065
282614100004
013712300002
061012300009
235512100272
030611200458
030612100456
014012100042
060511200005
273011200110
010114200001
213111400003
162211200680
272311100017
162211200726
273011200109
020411200285
161711200044
162213100053
162211200531
162211100276
230913300003
082814200025
030611200457
030612100556
031611400001
030612100557
161314200001
263411400004
162212100549
030611400004
092111200020
062012100016
222213100502
151635100002
040414200010
181311200022
131912100128
273011200133
162211200154
020411200125
040411200114
102911300009
220711200599
102911100029
102911100028
102911100019
102911100017
162211200582
070511400005
111811200066
171411200015
162211200623
193411200005
122912100121
143212100146
161711200016
182714100029
014012100041
014012100039
220211200801
221011200877
162212100548
030612300029
030611200456
030635100012
162213300001
030611200406
010312100152
111911100019
143214100009
221511200626
162211200172
161311100061
050914200021
162214200029
152411200176
080313100005
162212100181
220214200535
221511200625
182711200229
211611200011
062012100030
213112100018
221012100733
163711100013
193111200059
243112200010
100511200006
104811200005
081711200009
042214100005
171414200002
202013100017
014012300001
162212100001
221011200815
221412100526
040414100010
243114200019
220411200729
273014200016
220911200646
230714100043
131912100127
182711200228
221311200556
242412100016
220212100695
221311200557
243112100346
243113100036
222311400502
030611200455
030611200454
030611200453
030612100555
030611200440
030611400011
030613100042
030612100409
030611400031
030611100164
020411200283
161312100034
221314100502
181311100019
220412300514
010312100087
220712300501
161311200065
050911300006
221012300520
072914200007
162211200377
272211200009
272511100014
152413100018
014011100029
162214200060
143211400007
220935100502
143235100001
111811100052
104811200075
273014200015
143214200016
241212100070
152412100240
221911200611
050911200114
230711100312
160111200076
021511100033
020411200282
220511200601
122911300006
060811300002
193111200058
221812100523
030613400007
030612100554
030614100023
030611200356
030611100269
030411100008
030411100020
030611200001
220212100694
221712100574
162211200286
243113100035
220312100607
273011200108
091611300004
273012100318
122412100054
030611300027
042835100001
162211400028
030611400030
030611200452
030611100378
030912100002
030611200351
030611100297
030611100251
263411200133
030611200103
030613100093
091611200097
162212100368
164111100013
162614200001
161211100002
162211200461
020411100091
020411100049
013311100051
221011400523
243112300007
220211400512
230712100271
243112100345
241211100083
041311100019
100435100001
220811200550
162211100183
162211100094
081712100009
162311200016
191011200006
162212100220
162211100101
162211100091
182711100173
162211300019
162211200524
162213400012
010314100006
162211200647
162211200197
182711200226
160111100043
221211400502
020411100207
020411200278
021512100038
014211200008
220612100531
221514200508
014011400003
040611300003
162211200551
272311400001
263411100070
193114200025
220511200600
183311100018
162211100159
030611300033
030611100420
030611400012
030611300021
030611200365
030611300010
030613100022
030613300002
030611200232
030611100225
030611200089
030611100132
030611100124
020411400010
221911200601
030611200451
152411300009
152411300008
050911200113
162214200035
220935100501
243811100007
102911300008
152412100239
102911100042
102911100043
193111200008
020414200026
021512100020
020411100005
020411100004
220911200645
220211200800
042235100001
130813100005
221711200560
220214200526
252435100002
221514100505
102912100046
243111100199
143214200015
241211400007
050911100070
221413100502
161311300002
182714100028
131912100126
143213300002
161711200039
162211200283
021512100037
020912100014
021512100033
021512100014
021511200002
162212100499
020411100128
020412100019
020411200022
162213100026
162211100190
011311300001
221313300334
220413100523
030611200447
030612100277
030612100553
030111400001
030613100092
030612100552
030612100486
220511200599
272212100030
261811100006
021511100025
182714100027
182735100006
220512100558
220711100521
221312100524
162213100055
162211100188
061014200009
220111200680
162214200059
030612100543
030611400029
030612300007
030612100442
100511200005
030611100095
211613100003
010312100094
100511400001
221011200814
220511200655
143212300011
282611200048
162211200564
210911100031
230711100303
131912200015
132011100026
122411100032
220511200598
030613100083
030612100525
030612100524
030612300016
030611200372
030612100484
221012100732
030612100311
030612100534
030613400005
030611200183
030611200198
193114200023
020413100005
162211100241
162211100240
221611200581
193111100015
162211400033
160111100063
131912100125
130814100001
162212100062
161711200030
161711200041
221814200513
221114200503
010311300004
130414100001
113412100042
163711200002
162212100542
031413400001
104811100069
030611200063
282611200037
221813100511
162211200511
220913400503
162311200001
013714200001
013711100016
221711200559
021511200025
020411400003
162211200116
050912100108
011111300001
030611100419
032411100011
030611100082
030611100035
162212100536
143211200133
010312300003
162211200189
015311100007
015311100005
235512100270
041311200007
180412300001
213111200081
231814100041
181311100018
193112200002
162214200054
131911200130
030612100551
164312100003
111812100113
221014100510
162311200023
162214200003
263413100014
162212100457
162212100377
221511200622
221511200623
162211100042
172612100100
162211100144
030611100418
030612300026
162211100050
013313100005
060811300001
063111100015
212712100002
162212100329
211612100005
162212100268
162211200608
260912100058
102912100076
164311200005
162211100237
162211200280
162212100540
221912100552
161312100018
220411200726
241211200097
211011200004
010211200002
030612100550
030612100549
030612100538
030612300014
030612300018
030611200284
030611100072
162211200420
160111200013
162211200768
162211200500
243111300004
021811100031
220212100693
050912100107
162212100539
162212100510
193111100014
162212100538
113311400001
162211100211
220611200535
081211100020
030614100004
221513400504
213114100006
042811400002
211113100002
213813300001
263411200132
243112100344
090211200018
020411200245
161312100016
222214200505
161312100022
162211200767
162214200024
220514200515
162211100210
063211200003
162212100216
102912300001
232612300008
030612100548
031411100022
032611200004
030611100152
104813100008
162612100012
021511100032
021511100004
162211200044
152413100017
162511100012
160111200097
160711100018
182712100302
161211200006
231812100269
050914100008
081511300001
162212100060
161711200032
102911300004
272511100013
102911300007
221112100520
102911100033
102911100021
181311100017
180414100002
102913100006
102911100041
102911100037
020411100208
122411200041
152411100180
102912100071
193114200024
160711200002
162311200003
162311200019
212712100005
263411200131
102912100064
202011300010
102912100060
102912100042
162213400001
164212100001
161711200042
162811200016
182714200036
162211300005
162214200038
162611100046
021714100001
020412100295
104812100046
163712100007
111812100112
162214200009
030611300031
162811200017
130311200005
221012100731
220312100613
013313100004
130311200006
152414100009
202011200126
220111200679
122411300003
122411200040
220412100645
020412100328
020411200269
013311100008
220813100507
213111200080
243111200212
213111100012
211112100006
243112100343
091411200021
263035100001
263412100175
220113400502
220113100507
211111100002
130314200002
243111200265
061014200008
061011200083
241211200096
030611300013
030635100011
030611400028
031411200015
162214200016
030614200044
030611200331
030611200330
030211100027
220811200549
211111100003
015311200012
162211200244
010111200004
015211200002
015211100004
050911200069
253512100078
193112100066
211611100008
213111100002
022312100001
213112100040
013711200013
152411300007
015211100003
015211100002
212712100013
212711100005
102911200022
235811100318
162611100047
102912100077
220913100507
091411200020
222212100510
162214100001
061011200070
220612100530
220512100555
211011100007
162811100009
162211200754
162511100003
211612100003
213811100003
213111100046
080311400002
211011100006
104811100006
160112100041
213111200075
010312100150
180311200008
210912100001
213811100006
082711100022
213112100033
130611200018
160111200096
211811100001
220211200795
213811100017
131914200063
211811100005
221512100575
211011100008
211811100006
104812300001
020411200276
104812100008
010314100005
221812100522
210911100024
172611200020
104812100045
011112100007
213111100024
051611300002
030612100547
030611400027
030613100088
233912100268
030611200248
030611100017
160711100017
213112100073
213111100040
282611200044
050911200106
162212100111
282612100074
102913100005
090811100014
243112100342
243112100341
152111100023
162214200027
161714200001
162211200762
190111100002
210211200006
160112100060
162611100019
213812300001
013311200012
040413100014
162214200019
030611200450
032411200015
030614100017
211611100006
213111100035
213812100006
220312100606
220411200725
213111100019
243114200018
282612200001
220612100540
231812100267
162211200646
162212100406
010311200058
263411300005
263411200130
102911200007
021713100002
211811100003
211811100002
211612100012
213111100025
213112100005
011112100044
011112100045
014411100007
171611200011
220811300501
282511200011
122914100009
030614100028
030611100393
030612300011
030612100483
030612100546
272312100022
030611200449
030611200173
030611200133
030611100207
011112100042
011112100043
162311100030
213112100006
231711200037
162211200226
243611300005
262811200021
163911200003
220412300511
210912100004
162211200633
162611200034
211011100005
161211200003
243111200211
211011100001
202011200124
011112100038
011112100036
202011200125
220212100689
243111200210
102711200004
104811200037
263412100174
182712100301
243112100340
222311200517
193112100097
161711200036
021712100024
211611100015
102911200071
213112100024
210211100003
213811100004
213811100005
213811100014
221412300502
211611100007
252212100025
210211100004
211011100004
213111100031
162211200760
211811100007
230612100266
061011100017
182712100073
210911100007
161711100030
102912100073
015311100002
030611200448
030612300027
130811400002
233911100316
040412100152
162212100132
243112100339
021514100002
162212100535
213111100037
213111100013
102912300007
253512300001
213111100008
050913300004
102912100062
211611100001
100412100009
162211400001
162211200557
263011100014
162211200666
263011100015
060811100032
061011200009
162214200010
162212100234
162211200101
032412100037
030611300025
030612100545
030612100131
250211100009
160112100058
220311100549
020411200088
220212100687
221011200857
183311400002
213112100016
211611100003
211611100002
213111100021
231812100265
211611100004
212711100003
162212100163
211111100017
162211200402
160111200010
042811100043
043112100005
162211200530
212711100008
182712100300
212711100001
091511200014
232611100163
213811100022
043112100004
152411200175
162211200499
162212100531
162212200022
213111100009
213111100020
243113100034
220111200677
122911100051
213111100004
182711100172
022711200009
211612100010
243111200191
213111100011
162211200386
211111100006
213111100005
160111400003
210511100001
220311200678
210511100002
162212100050
220412100621
213111100022
213111100007
162212100011
160111200054
160111200055
061012100123
211111100018
152411200174
030614100027
030611200446
032412100035
030613100005
030411100014
020112100006
011112100041
162212100146
211112100001
013311400002
282212100006
211111100009
210911100005
221011200811
162211200643
221512100574
263213100002
262814200011
162511200007
104814200005
162211200124
220912100562
162212100529
220512100554
162212200013
161312100003
161311200013
213112100044
211111100008
210911100029
212711100004
162212100376
212711100002
162211200318
162211200317
221412100525
161314100002
162212100304
243114100021
213112100075
020112100027
020112100026
162214200005
221835100504
013311100049
232511300014
122911200096
020112100004
221735100505
273011400005
162211200722
080311200014
030611200444
030614200070
030611400026
030611400025
030611200443
030614200069
030614100026
030611200421
030611200401
030611200249
030611200179
220213100546
213111100006
221511400502
243111100197
162311100015
161311200027
162211200758
162211400030
091612100095
161511200002
162211100208
143212100145
221611200577
040412100151
014011200019
220912100561
220311200677
162211200528
030612100544
030614100024
030611200302
030611200303
030611200300
030635100001
030611200081
020411200233
010311400003
143214200014
043111200005
220912100560
213111100003
050911100012
102913100001
162211200757
020411200240
152412100238
230714100021
230711300001
060811100024
060811100013
232611100263
161711200033
162212100328
162211200158
030611200442
030611200316
030614200032
040411100050
102912100037
081711100007
081711100018
153914100002
282611200102
221412100524
221512100573
221011200996
220811200548
220411200722
221611200575
061011400003
220911400527
221611200576
220811400507
221811200550
221013300503
143214200013
040411400007
263412100173
020412100326
162211200482
020411200257
162213200011
162213300003
060811100028
162212100023
162212100327
091411200019
263411200129
180514100001
220212100686
282612100146
162211200755
030613100089
235514100042
221013100543
100411200002
221011200810
113412100041
153712100023
153712100022
020411100206
202011200123
220214200534
221013100542
220212100685
220811200547
221611200603
182713100017
221814200515
143214200012
104811200054
143213100012
230711200126
040411100049
220211200791
143212300010
220211100594
162211200658
221612100516
152412100237
162211200657
162214200014
151612100037
162211200618
162214200011
162211200459
162211200091
032414200003
220512100553
030611200157
030611200090
081511100027
153914100001
162211200506
131911200128
220711200596
221611200574
162213100032
162212100071
260911200056
020411200277
091612100094
104811200067
220412200508
082812100161
160114200003
073512100019
070511200081
070512100112
122935100001
013312100044
162214200007
221813100510
015311200011
131912300002
050911200110
182711200222
130812100025
211635100001
221311100520
220211100593
091612100093
013314100003
162214200020
050911300004
030611200422
162211200321
030614100003
220511400503
220311400510
213111100044
263312100026
232612100264
233911100222
232511200319
020414200025
011111200032
221012200510
220212300510
162211400029
162211200076
220312100604
220312100605
273014100010
210211200009
220414200512
220213100544
162211200023
063112100025
082812100160
020912100013
213114200012
282612100027
191011200015
220211200790
030614200068
030611200178
221011200809
221512100586
220211200868
243111100196
220512100552
221111200537
213114200006
221612100515
222311100519
282614200020
020414100015
061011100071
243113200002
162211200345
193111200056
230713100011
020412100324
020411100199
122412100053
082811200097
161311100052
162211400012
162213300005
202012100156
282611400001
162212100143
162212100326
162211200090
030612100541
030614200066
030611200441
030611200367
030613100038
031312100007
030613200005
091612100092
015211200003
013311200055
220313100512
241212100069
162212100170
020411100023
160111200009
162212100522
220411200719
220311200674
162211200274
160111200091
221211200574
061012300006
162212100311
221335100502
271114200001
131912100124
162212100520
162212100188
221911200599
061012300007
061011300003
213111200078
220412100620
241212100068
162214200025
243111200209
234311200020
020414200024
220911200636
220511200595
221911200598
061011100070
122411200039
282611200050
234512100262
162211200730
080311300001
162312100013
282611200103
160114200002
161311200064
220413400508
162211200589
263414200026
091611200096
230711100294
220213100543
020412100072
182711200225
162211200156
162211200032
232613300001
182712100298
162212100323
282612100144
104811200061
010313300004
162811100014
162211200634
030613100071
030611200439
030611200025
152411200173
042011200014
020411100205
161311100038
010312100149
162311200008
282614100003
282613100001
243111200208
221511200619
162211200478
213811200003
211111200015
162211100282
013312100046
082813100006
180412100034
061012100036
010312100148
220511200594
061011200090
231714100040
120212100012
030611200438
030612100540
030611200399
030614100009
030611200153
030611200197
030411100013
160112100024
213112100051
131411200007
040411200113
263212100012
162214200002
162211200344
162214200018
162213200001
221011100557
082812100159
220413100522
221511200618
221914100505
162212100033
020411100204
102911200080
182711200224
164111100008
013312100011
201611200029
253513100010
201611200028
221911100554
253512100077
104813100007
162211100269
070514200013
282611200043
260911100062
132911100029
263411200128
104811100012
211612100013
104812100038
051511200001
220411200718
030612100173
220811200546
241211400006
104812100069
022712100005
282611200034
221811200546
162211100135
220112100581
221111300502
061012100122
220411400505
042011100012
030613200014
030611200437
030613100084
030612100539
030611200332
030612100067
213811100010
050912200012
151635100001
182711100171
280311100012
182713100015
180813100003
213113100001
104811200045
020412100322
153711100043
162211200695
220612100529
162211200255
220112100580
232511100314
021512100010
252211200010
221614200505
030611300028
220212300509
030612100257
030612100024
030611200176
263411300004
221011200806
162211200729
122911200095
122412100052
163911200007
220411400504
180411100028
220811200543
263412100170
220411100614
161711200038
220913100506
261911200005
143211200132
042212100025
042212100024
013312100045
042011200013
152411100177
143211200131
162211200225
162212100517
130811200037
030613100074
030613100087
030611400024
030612100460
030611300007
143214200011
111812100110
193112100096
221211400501
162211200398
162211200672
243111400011
161511100001
220914200509
082812100158
190711100018
070513100007
190711100017
123811200006
162811200001
162213100021
235711200318
020412100321
220211100598
221111100528
062012100029
162212100516
010311200096
160111200084
042812100056
233911100313
162212100020
220412300508
213112100078
152413100016
050911100007
222412100507
030613200007
091612100091
032411200006
030611200048
030612100528
213111200077
162212100515
030611200209
072914100002
162211200566
222311200519
221712100544
162211400025
220211200808
231814200039
221414200505
243111100195
070512100111
242711200021
162211100058
282611200007
193114100004
040412100150
232611200130
104812100068
091612100090
221011200805
220211200788
091614100008
162211200408
093512100003
143612100016
221012300511
161711200012
162211200151
050912100106
031312100014
030612100536
030612100537
030611200386
030611100331
162212100186
030611200208
162211200466
030211100007
160111200095
273013100017
162212100134
022712300001
020412100320
282611200041
193111100012
102911200014
220212100684
220212100683
162811200012
162212100394
220913200506
162212100074
172611100001
162212100180
091411200018
130611100024
160111100047
161312100015
020411200274
113411200034
235811100151
081711400001
152413100015
062711400001
050911200109
230714200032
014011400001
273013100016
221012100727
160111200032
221012100728
163312100001
050911300005
040411400006
191011100018
030611100387
030614200013
030612100119
162212100080
162211200747
050912100007
091611200095
220112100579
162211200746
241212100067
243111200207
162211200417
162211200299
164111200015
164111200016
162211200583
161311100056
020412100088
010312100147
162512100004
030611100416
030611400008
030612100258
221911200596
220212300507
061011300002
241212100066
050911100037
050911100005
220311200728
010311200050
220212200508
220312100602
052211100007
222111300501
021811200005
220212100682
152411200172
030614100021
030611200413
030612100309
162212100513
030411100006
162212100262
042611200010
253513100009
162212100209
022711200008
282611200056
211811200006
162212100154
162212100230
243114200017
220111400509
220211200786
220612100535
220511400502
272212100029
061011200071
221012100725
220412300507
220212100681
241213100008
221013400503
162212100307
182711200223
162212100152
211611200010
282611200065
180811400001
162311200004
030613100036
030611200053
231711400006
221812100521
014411200008
062111100009
062711100005
262811200019
233911200116
273012100317
121111200010
121211100010
171611200002
232611300003
151612100036
102911300003
102911100013
102911100012
161311100036
162211200169
131912100123
162211200331
160111200092
030613200004
011111200030
160112100013
162211200435
221411300501
091611200094
091511200013
211611200004
182712100296
061011200064
263412100169
113411400002
234511200077
100411200014
161311200046
164111200005
162211200406
243112100338
061013200002
040411200112
162211200744
162212100273
233412100259
030611400013
030612100535
162211400024
030611200338
030611200293
030611200436
161311200056
162211200198
162211200585
162213200007
243113100033
070514200012
010311200091
162212100431
162211200034
163711100007
130611200017
182712100297
253512100076
020414200023
103111100006
220911200633
220111400508
161312100028
163714200002
122911200094
162212100127
090211100022
162214200053
162212200019
030611100415
220211200022
030411200007
030611300014
031311200002
030612100084
030611200091
030613100032
232611200014
143611200027
162211200229
063114100001
061011200016
162212100511
162211200464
162212100308
162212100122
102911200074
241213100007
220211100592
152412100236
062714100001
221011200803
061013100013
061011200015
213111200055
011112100040
220711200595
221611200571
220411200715
062011200015
061011200074
050911200037
282511200014
220411200714
221611200569
221611200570
213111200060
193112100019
233911200303
160114200004
040412100149
234311200071
162511200016
162212100341
162212100332
162214200017
153911200009
061011200003
152412100235
243112100337
061011200058
061011200008
164111200014
082812100157
082812300003
230712100208
162212100246
030611100414
162211400011
220213400503
220812100519
213111200014
162211200233
163711100009
162214200043
015311200007
162211200516
063211200002
030611200435
030611200320
162211200470
030611200390
030611200274
162211200077
161311200044
162211200609
032411200017
162211200227
162212100487
213111200061
220911200631
182713200002
102912100036
263414100011
180511200014
231711200113
273012100316
232012100261
020412100020
152412100234
063111100007
061011100001
233411200212
232511200270
151614100002
220214100511
234511200227
082711400002
162211200480
162212100083
162211200364
041311100018
040411400005
161311400001
020911200004
104811200021
091612100089
012812100001
010311200071
015311200005
015311200006
012811200002
060811200011
212711200005
020411100169
020411200215
210911200009
162211200544
111912100029
020411200157
211111200010
210211200001
213111200008
100411200007
102911200065
234711200066
010312100146
010312100145
010312100073
015311100006
221211200546
102912100052
104811100063
263412100168
162211200421
210211200007
020411400007
061011200020
061011200044
030411200008
030611200434
030611200340
211111200012
030611200286
030613200006
030611200212
030611200172
230712100260
030611200046
030611200008
213111200071
020412100317
020411200217
021311200004
022111200007
104813100005
162213100039
162211200641
162211200316
162611200018
191011400001
161211200008
243112100336
160111200001
061011200062
061011200017
162211200333
163311200008
162311200015
162213100047
162211200115
162211200150
102911100030
161312100032
162211200216
162214200048
102911200085
013311200053
013311200027
014011200031
014011200030
061011400004
013311200016
162211200036
122911200093
010311200059
113411400001
061011200061
010311200033
230911200097
230911200098
230911200096
235911200094
062011200009
050911100068
235911200091
022711200002
232511200314
020412100036
102911200028
104811200026
061011200053
061011200046
030611200305
030611300029
031411100021
241211100080
030611200262
030411200001
030611200061
031311200004
232611400001
020411200253
235411200131
021311200009
022111200004
213811200005
122911100050
151612100035
213111200003
104811200007
162211200697
182712100295
010311200086
162211200498
010311200078
164411200001
162212100507
162213100025
162312100014
020111400002
020411200250
020411200198
020411200196
021711200004
021511200011
220411200713
100411200001
161311200050
162211200208
162311200017
282612100143
160111200031
232011400007
162211200375
161211200005
273012100315
162211400023
162211200203
162211200219
163311200006
161711200018
162211200322
162611200025
182712100294
182712100293
050913300002
162211200292
162211224010
164311200008
220211200784
010311400005
221411400503
050911200046
221511200685
031411200014
030612300024
030611400023
030611400021
030611200433
030614200065
031411200012
030611200348
030611200315
030611200312
030611200301
030611200260
030613400004
030611200396
030611200366
030611200241
030611200148
030611200102
030611200014
032411200001
030611200193
030611200192
030614100020
020911200010
102911200003
220111200674
221011400520
235511200100
220211200783
163711100019
162211400022
020411200178
162212100506
111812100111
131911400004
222111400501
220711400504
013311200015
221011400526
221311200554
050911200079
233911200169
221212300501
243111400017
233911200252
232511200276
233911200164
010311200060
234311200219
010311400001
234511200156
050911200102
233911200137
234311200202
231711200063
221511200614
231711200247
193111200055
082711400001
252412100027
220511200546
143213100010
193211200001
104812100024
102911200018
211111200007
211611400001
160111200056
162211200246
211011200005
161511200001
130411300001
182711100169
162211200436
162213100029
162611200045
162211200527
213111200073
213111200074
162211200250
162211200186
211811200005
161211200009
213111200044
211611200001
162612100011
010313200001
014011200043
013311200011
050311200002
193411224001
153912100015
132411100013
213111200002
211011200002
020111200009
220311200722
164111200007
011111200029
162212300005
020411200017
062111200001
050913300001
162211200285
220614100504
211611200002
212711200006
162214100032
162211200171
162213100031
220511200589
020411400001
020411400002
221411200563
220411200712
021311200005
020411200163
020411200130
020411200135
020411200195
020411200071
020411200064
020411200014
220311200670
102911200068
020411200033
020412200007
191511200001
014011400002
191011200002
070511400004
012811200001
010311200061
010311200062
193111200050
202012100155
102911200049
152413400007
210911200007
210511200003
193111200044
153711100042
191511200002
210911200012
243111200205
210911200003
102911200023
162211200263
221012100723
162211200349
221012100722
013311200026
013311200029
221012100724
010111200009
013311200007
061011200087
062711200006
050111400001
050911200038
050111200001
011113300001
163714200004
162211200588
232611200265
160112100005
163714200003
273011200105
162211200353
070513400002
231711200041
030611400003
162211200391
162311200005
162212200006
030611200423
030612300023
030611400020
030611400018
030611400017
030611400016
030611200409
030611200383
030611200380
030611200415
030611200375
030611200358
030611200327
030612100533
030612200002
030611200160
030611200124
030911200001
030611200136
030611200113
030611200110
030611200106
172611200045
164311200015
160111200085
030611200143
162211200712
162211200700
162211200434
230611200051
102911200067
102911200005
162211200705
213111200069
162212100363
162211200352
164111200004
222313100501
162212200009
161311200008
162611200029
011111200019
011111200022
010311100024
011111200013
162211200405
013311100011
162211200401
131911200127
061011200023
061011200014
213111200068
211611200007
053311200001
160111200035
213111400001
162211200376
143211200130
162211200108
263412100167
164011200004
162211200373
162211200371
161311200016
160114200005
162211200569
162211200167
282611200040
213111200070
102911200038
104811200032
231611200289
231811200087
213111200016
122414200005
263211100021
020111200004
213111200056
021511200024
020611200007
020412200026
020412100232
022111200005
020411200224
020411200079
020611200003
020411200056
020411200173
022111200001
020412200005
020412200006
012811200003
233911200046
010111200007
233911200047
181311200021
051611200001
233411200111
231611200284
233912200008
233911200153
273011400004
231611400008
162211200584
235911200106
233911200105
100411200010
102911200037
162211200419
162214200046
010311200073
162211200153
062711100016
013311200045
162211400003
050912100105
231011200233
162211400015
231011200281
221813100509
103111200001
104811200012
162211200264
161711200017
162211200998
162511200011
163711200011
162211200407
162214200042
162211200693
061011200081
061011200054
062711200014
061011200077
061011200039
062711200004
050911200067
050911200058
050911200051
280711200008
040411400004
162211200616
160111200030
233911200195
212712100014
162211200691
213111200037
162211200082
210511200002
231811200189
162211200576
220911400508
162211200188
233911200079
233411200173
162211200143
162214200051
164211200004
162211200359
102911200072
104811200050
102911200066
104811200041
102911200039
102911200021
162212200002
234511200086
230711200117
233911200235
161311200054
061011200057
062111200002
062711200007
050911200094
172611200025
050611200001
172611200004
235811200170
172611200010
282611200095
030611200416
030611400015
030611200381
030211200009
030611200337
262811200018
030611200317
030611100215
030611200175
030611200159
031611200001
030611200034
030611200199
030611200194
030611100202
021711200009
020411200193
020411200104
020411200152
021311200006
021711200005
020911200009
020411200085
020411200050
020411200041
020411200011
020411200031
103111200002
162511200005
230711200125
010311200087
164111200006
230711200128
193111200049
162211200245
015214100001
164111200011
011111200010
164111200019
061011200072
063111200003
063111200002
193111200034
213111200067
062711200015
050911200064
010311200090
162211200533
213111200023
211111200014
162211200715
193411200008
160711200004
153712100021
153712100019
153712100020
213811200006
171411400001
102911200075
102911200025
161311200055
210911200010
213811200001
211111200003
213111200035
213811200004
013311200042
211011200001
213811200002
013311200041
013311200035
050911200093
052511200003
050911200066
213111200031
231711200015
211111200004
234511200306
210911200001
210911200002
230711200065
211811200003
212711200002
211811200001
211111200005
213111200013
102911200026
104811200047
162211200537
162211200320
080311400001
082811200096
162211200363
163711200004
162211200243
162211200155
193411200002
162211200667
030611200266
104811200051
030611200419
162611200016
030612200010
030611200120
230711200042
162211200214
213111200009
102911200079
104111200004
082811400010
235811200193
061011200006
230611200052
050111200005
050911200006
234711200280
220311200669
220211400509
031411300002
282611200066
030611200168
161311200007
030611200010
162211200369
162211200422
282611200055
161711200026
242411200015
102911200064
102911200044
104811200044
102911200042
104811200046
143611100031
234311200205
213111200011
172611200003
010311400004
232511200138
013311200047
013311200046
013311200030
171411200002
013311200005
013311200021
193111200053
050911200053
050911200032
221811100520
213111200022
143211200129
030635100010
230611200053
213111200062
191011200009
030611200289
030611200277
030611200204
030611200156
213111200028
030611200078
232511300004
211611200003
213111200024
222311100518
104811200015
104811200011
104812200004
104812200001
104811200002
232511200081
231011200021
172611200044
050611200009
050611200004
050911200057
053711200001
230711200050
172611200017
232512200005
030611200313
171411200001
030611200296
232611200005
231611200073
104811100068
102911200084
104811200074
102911200031
104811200025
235611200095
102911200033
162511200008
161311200059
162211200656
161711200025
161711200028
160111200012
163711200005
162211200293
220211200780
164111200017
160111200080
162211200183
030611400001
150812100006
182712100292
020411200246
020411200255
020411200204
020811200008
020411200181
021811200003
020411200158
020411200149
020111200006
020411200131
020411200132
020411200103
020411200100
020411200185
020411200172
020111200002
213111200006
082811400009
210911200008
062011200004
050911200007
221811200573
233911200093
273011400003
030611200135
102911200009
091511200012
202011200122
013311200023
010211200003
061011200059
062011200005
282611200038
193111200030
152412100233
231711200003
162211200253
162311200007
232511200025
162211200549
013311200036
013311200003
193111200013
050911200098
050912200006
193111200028
162211200664
220111200673
162211200573
030611200229
030611200207
030611200174
030611200132
162211200222
232511200024
030611200142
030611200158
162211200562
162211200215
162211200162
104811200055
104811200049
102911200045
102911200032
104811200027
213111200026
162611200026
220811200599
172611200013
072911200042
171411200007
162211200631
220713400502
162211200403
172611200048
171411200003
213111200004
162211200120
213111200001
172611200042
213111200033
030611200276
030611200306
213111200029
162211200121
030611200155
104812200003
104811200070
191011200011
132411100012
060811200010
193111200021
030611200424
030611100372
030611200376
191011200004
030611200319
032411200007
104814200007
104811200068
104811200072
102911200027
102911200069
231811200038
231811200030
162211200230
162211200003
162211200240
161711200024
162211200411
162211200241
162213200003
230711200119
011111200009
162212100263
013711200004
060511200004
011111200006
234311200019
014011200024
162211200070
050911200080
162211200399
162211200289
231811200070
162211200469
221914100504
221011200799
030611200282
162212100046
030211200004
231811200009
021511100030
230911200182
162211200428
162211200125
160111100023
102911200086
104811200073
102911200040
104811200038
104811200008
102911200002
091611200093
060811200005
162211200139
232011200305
161711200011
030611200137
030611200134
152413100014
150812100005
030611200057
032411200005
020411200252
020411200263
020411200262
020413100015
021511200019
021511400002
021711200008
021711200007
020411200188
162211200178
020411200128
162211200177
162211200163
020411200184
104111200007
030611200141
102911200055
104111200003
104111200002
102911200061
104811200017
104811200010
104811200071
104811200053
162211200256
162211200232
014011200038
011111200017
010311200035
172611200016
050911200078
050611200003
052211200005
193111200045
230711200044
233411200067
010111200005
230711200191
172611200005
213111200043
104811200048
104811200043
104111200001
104811200028
104813100004
162211200513
263411200127
162211200424
162211200655
013711200002
062711200013
260912100056
063211200001
162212200003
053011200002
162211200028
230711200132
230712200004
163711200008
162211200279
162211400009
062711200008
010311200068
014411200005
062011200003
235511200275
030811200004
030611200360
032411400001
030611200310
030611200224
030211200005
030611200093
030611200080
230711200064
102911200063
102911200062
163711200009
160111200053
220514200513
062711200012
220212300506
061011100016
050911200047
050911200041
061011200007
050911200028
030611200108
030613100086
163711200007
030611200237
030611200152
030611200123
030611200118
030611200131
030611200109
030611200084
030611200083
030611200138
030611200064
020112100024
020412100285
162211200447
193111200041
162211200438
160111200071
162211200362
162211200343
232611200162
220911200733
232611200163
193111200043
030611200345
221812100520
030611200253
162211200450
221011200798
193111200031
162211400021
164211200005
013711200017
013311200028
010311200049
010311200055
014011200006
014011200004
010311200008
010311200009
162212100338
010311200067
014411200006
010311200002
014411200001
282611200125
030611200408
273011300005
030611200099
103811200002
162212200017
162211200236
160111200022
161711200020
162211200242
162211200628
193111200023
162211200166
020412100235
050611200008
051611200004
050911200026
162211200416
162211200580
163711200003
210911200006
030611200373
220911200630
221011200797
193111200039
193411200009
030611200254
030611400002
030611200219
030611200035
030611200021
020411200218
020412100242
021511400001
020411200161
021211200002
210911400001
020411200124
020411200123
162211200384
021511200014
020411200070
020411200164
020411200029
020411200020
102912200001
104811200018
162211200570
162211200014
161311200057
162211200390
161711200004
162211200332
162211200410
162211200627
161311200058
030611400009
030611200355
030611200087
162211200065
162211200687
162211200045
030611200016
014011200041
014011200032
013311200024
062712200001
061011200001
172611200047
030611200206
104811200024
104811200023
104811200029
104811200019
221011200988
010311200053
010311200052
131911200125
010311200056
010311200017
014011200017
014011200016
010311200026
014011200018
162211200472
162211200718
235511200274
282611200062
030611400006
030611200414
221211200545
030611200333
030611200182
030611200038
282611200031
230711200124
102911200054
104811200034
172611200001
161311200009
164311200003
061011200036
061011200029
061011200050
060811200007
060811200008
060811200004
050911200089
050912100063
234511200291
060811200006
032611200003
032611200002
030612200005
030611200167
030611200107
030611200082
030611200030
152413100013
162211200057
164311200007
234511200292
162611200023
232411200160
102911200043
104811200035
162211200415
162211200485
162211200010
161711200013
013311200025
013311200022
013311200040
172611200034
013311200018
013311200009
060511200003
013311200006
013311200020
063111200005
163311200002
162311200013
013311200044
061011200035
014011200028
061011200040
061011400002
061011200010
060811200002
060811200001
061011200002
162211200505
221913300501
282611200046
162211200462
162211200453
222211200523
220112100578
161311200001
220411200730
221511200647
020411200177
020411200200
162211200702
020411200162
020411200146
020411200068
020411200066
020411200061
020411200006
102911200047
104811200042
193111200040
104811200057
193111200047
231611200279
030611200346
030611200344
030611200341
030611200226
030611200218
030611200217
030611200201
030211200003
030611200184
030611200104
152411100176
030611200066
030611200033
030611200027
030611200026
102911200050
104811200033
104811200069
102911200081
081711100017
081211200012
193111200001
193111200003
172911100004
050911200105
052211200003
052211200002
052211200001
050912200001
282611200073
182713100014
282611200086
145111100012
273012100314
162211200103
102911200057
102911200020
102911200015
104811200003
162211200012
011311200005
014012200001
013311200039
013311200037
193111200004
013311200010
014411200002
014011200037
014011200034
011111200024
160111200011
050912300002
050911200029
102911200017
050911200024
162211200202
162211200056
102911200051
102911200030
102911200034
162211200238
053311200005
220211200778
162211200187
243111200278
162211200105
113411100039
061011200027
050911200055
193111200033
162213200002
070535100002
234311200115
104811200006
162211200298
020411200190
030612100532
030611400007
030611200350
030611100325
102911200010
030611200354
030611200339
030611200292
030611200287
030611200281
030611200246
233911200101
030611200211
030611200203
030611200165
030611200161
030611200117
030611200116
030611200101
030611200094
020411200084
032411200004
030611200012
030611200004
030611200003
022711200006
030611200279
020411200220
021712100022
021712100023
021511200018
030611200336
162211200361
020411200089
104811200013
010311200057
015311200008
010311200023
013711200007
050911200083
050911200052
050912200005
104811200031
233911200061
061011200030
061011200013
162211200515
233911200060
220913200505
231711200228
162211200443
010312200006
233911200108
010211200005
164011200002
010311200048
010311200007
010311200034
010211200006
162211200493
162211200630
162211200072
160111200004
162211200426
122912100120
282612100142
162211200662
172611200008
171611200006
172611200019
162211200102
102911200013
160111200048
091611200092
162211200260
162211200235
010311200079
162211200556
131912100122
013711200015
010311200025
014911200002
160111200087
050911200096
050911200014
162211200107
162211200084
162211200086
221214200502
162211200451
162211200048
162211200706
162211200096
010311200019
104811200009
050911200095
050911200077
221313300333
020411200272
020412100314
113412100040
021511200010
020411200069
020411200008
104811200063
102911200036
103811200001
234311200010
221011100555
211612100008
162211200679
172611200036
162211200548
061011200052
211612100004
050911200081
162211200134
050911200019
050911200010
193111200017
172611200007
162211200223
282611200026
282611200051
020414200005
162211200427
172611200039
050911200017
050911200015
050911200011
191011200005
030611200234
030611200259
030611200245
030611200235
030611200263
030611200236
030611200228
030611200225
031611200003
031611200002
213111200010
030611200210
030611200186
030611200185
030611200150
030611200119
030611200146
030611200130
030611200115
030611200097
030611200096
030611100277
030611200056
030611200054
030611200050
030611200041
030611200040
230711400011
113611100008
193111200022
102911200029
162211200324
160111200070
164211200001
063511200001
164011200005
162211200204
030611200051
273012100313
162211200047
104811200056
050911200061
241211200094
160111200008
162211200596
160111200029
162611200007
061011200051
060811200009
061011200005
162211200514
162211200051
021311200003
020411200053
020411200004
050911200023
193111200006
213111200012
050911200039
230711200127
221011400519
221911200593
162211200606
160111200003
161311200005
162614200002
221912100549
102911200035
102911200019
011111200026
010311200051
014011200010
014011200009
010311200024
061012100017
010311200003
061011200031
061011200018
010311200036
050911200065
050911200056
050912200004
273012100312
162811200010
070511200089
010311200075
010311200047
011111200014
010311200037
050914200019
050911200068
161311200003
160111200034
162211200111
162211200525
162211200213
164211200002
164211200003
160111200027
160111200039
162211200136
221611100511
220112100577
030613200011
030635100009
030611400010
030611200368
030611200361
162212100504
220211200777
221711200549
221711200550
030611200255
030611200220
030611200189
030611200140
030611200139
030611200019
193111200020
014911200003
010311200063
230911200216
020411200126
020411200099
020411200077
010311200016
020411200057
020411200112
020411200013
020411200009
102911200056
105011200001
102911200008
202013100016
160111200046
193111200010
172611200033
193111200032
172611200015
050911200108
040612100103
162211200276
193111200007
162211200473
193111200037
162211200733
220811200541
162211200615
172611200018
220811200542
221512300503
220211200789
162211200039
102911200004
010311200022
160111100003
220111200672
243111200204
015211200001
220711200592
220111200671
220913100522
220111200670
221013100540
172611200037
202411100016
282614200019
072912100003
220311200739
172611200027
220411200761
172611200006
234311200167
164311200012
014411200003
160111200021
162211200592
050111200002
162211200396
162211200550
162211200175
162211200050
162211200337
162211200338
162212100034
131912100121
010312100144
010312200003
010111200001
010311200011
262812100025
010311200010
011311200004
162211200063
160111200067
020411200237
092111100015
210211100013
030611200410
030611100361
030611200382
030612100400
030612100392
030611200328
030611200353
030611200227
032411200011
030611200171
243111200203
030612100501
263412100172
020812100003
020411200205
020411200107
020411200148
021511200009
020411200072
020411200113
020411200046
020411200030
193111200014
020411200110
221711200548
221011200790
102911200006
010312100086
220212100677
010312200001
162211200591
011311200002
011311200003
220614200505
162211200394
162211200043
162211200313
061011200033
162214100003
162211200501
162611200003
104811200052
220911200735
102911200046
243112100335
011111200016
162211400019
010311200006
051511200003
162211200161
213114200013
092112100010
143212100144
162211200716
104811200022
104811200036
162611200008
160111200025
160111200074
163911200004
162212100173
162212100076
162212100075
162212100079
282611200032
162211200117
162212100372
162212100239
162211200508
162211200220
162311200018
162211200142
263411400003
102911200083
091612100088
121111200009
030611200272
020412100302
020111200014
020411200106
020412200022
020111200001
020411200111
061011200082
061011200026
161311200028
210911200015
145111200003
221012100721
162612100006
152411300006
220711200591
162211200471
091611200091
091611200090
062014200002
162211200404
050911200025
122414200007
031311100024
263411100069
030612100531
030611200379
030611200405
220213100541
030612100438
030614200036
182712100291
030611100342
030611200242
162311200002
030611200151
030611200092
030611200085
111813400001
014211200009
181312100001
070514200011
162211200164
011111200003
160111200052
162214200040
160111200044
011311200001
123811200005
152412100232
020411200192
020411200062
162211200350
070514200010
011111200015
015311200002
015311200001
131911200124
162211200553
273011400002
162211200307
171411200014
050911200075
234511200288
161311200037
162211200157
182712100290
191011200012
143212100143
182711200221
243113100032
160111100068
030611100413
030611200431
221011200789
221011200788
030611200221
030411200002
030611200023
030611200009
080311200013
171611200012
211114100002
161311200043
020411100200
020411100109
020411200065
161311200053
162211200698
162211100197
162212100012
162211200138
271011100012
162212100240
162811200008
162211200620
162211200496
162211200288
104812100002
162211200387
010111200002
010111200006
162211200290
162211200234
221413300501
162211200374
160111200005
162211200200
162211200053
243112100334
162211400020
221912100548
162214200057
234511400010
221311200551
111812100109
162211200445
162211200035
220711200602
221711200599
162211200277
221211200544
273012100310
160112100019
162211200133
121111200008
030611100410
030613100072
030611200247
030611200121
030611200079
030611200013
030611200196
030611200006
030611200005
100412100006
162211200613
162811200002
162611100040
090211200017
162211200140
162211200207
162211200326
162211200268
162211200635
221912100547
241212100065
221511200655
162211200078
221611200567
011311200007
011111200012
011111200008
011111200005
162211200554
162211200013
162211200497
213111200052
241211200093
220212100675
162211200194
162211200205
021311100009
020411100136
020411100131
020411200097
092111200019
091512100011
010311200092
162211200004
010311200070
162211200581
162211200165
221112300503
162211200265
010311200015
182712100288
162211200022
162211200037
143612100015
221013100539
162211200607
162211200067
182712100287
162611200001
220413400507
213811200007
220312100601
220412100617
221011200787
221011400517
162211200251
221511200613
030611100412
122912300023
213111200065
104811100067
091511100024
152411100175
100411100019
080311100024
201612100050
050912100104
030612100530
030611200394
030611200392
030613200010
030611100294
030611100255
030611100254
030611100253
030612200004
030612200003
030211200002
030611200145
030611200105
030611200114
020911200011
102912100075
020411200037
020412100090
042811200027
162211200593
162811200009
162211200002
213111200064
162211200626
162211200182
162211200017
162211200016
220212100674
162211100128
220412100616
162211200066
021514100001
162211200707
162211200475
263411400002
122412100050
122412100051
104811200004
162211100246
160111100064
182711200038
070514200009
221511200684
273012100309
162211200021
162211200578
132111200024
162211200113
162211200131
162212100205
123611200008
162212200014
162211200168
162211200020
234311100023
162211200193
162212100283
040411200111
162211200275
282611200089
162211200123
180811200013
162211200621
162211200159
050911200103
202013100015
050912200011
162211200099
243112100333
020411200153
020411200174
162211100209
162211200507
162812100001
161511100004
162811100004
162211200617
220914200508
050911200087
162211200106
273012300010
162211200385
162211200452
182711200220
162211100077
030612200012
030611200202
030611200162
030611200047
030611200017
030611200195
020412100163
162211200512
213111200066
162211200341
263411200125
263411200126
260911400002
162211200381
153711200021
011111200020
050912200009
050912200010
052211200006
050911200101
050911200097
050911200060
050911200009
171614100001
211011200003
162211200328
162211400017
162211200087
180414200002
020412100311
162214100012
182712100286
130813100003
113413100003
180511100019
162211200314
222311200520
220511200587
220311200666
182714100026
150811100020
182712100090
122911200091
120711200009
182711100015
111912100028
102911200073
273012100308
162211100152
030612100477
030611100247
030611200187
030611200170
032611200001
030611200128
031611100005
030611200068
213114200010
131911200123
213112100077
162211200671
211111200002
213114200011
211111200009
162211200388
243611100027
020111100025
020411200223
213111200053
220413100520
162214200013
162311200010
162211200005
213111200007
160111200057
131912100120
213111200058
162211200342
213111200047
220313100510
213111200048
030611400014
030613100081
213111200040
030612100478
030611200374
213111200057
162211200080
162211200128
213111200036
162211200049
160111200037
030611100080
030611200022
162211200306
213111200034
213111200030
103111200003
162311100026
241212100063
072912100045
143211100128
161311200061
220811400505
160111200007
220313100509
220714200506
220411200707
162211200018
162212100013
040411200110
040411200109
162211200526
030611100391
162211200273
162211200007
070512100059
282611200081
162211200122
221011400516
273012100307
243112100332
152412100231
152414100008
261111100010
030611200430
030612100458
030612100204
030613100019
030612100069
030612100499
030611200086
021512100031
220711400503
162211200026
160111200017
243111100194
243112100331
070512100030
162211200038
162211200423
162211200571
102911100060
162211200019
160111200050
020411200241
272312100019
162211200098
182711200148
020411200147
020411200059
020411200048
020411200051
220112100576
202411200006
221512100572
143211100127
162211200095
061011200055
090811100013
221912100546
220411200744
162211100267
193111100051
013312100005
160111200014
063111100014
182711200219
182712100285
162211200368
020411200194
161314200002
010312100139
014011400004
182711200218
080312100027
082811400008
123611200007
030612100529
030613100085
030611200429
030635100008
031311100023
030613100075
030611300024
030613200013
030611100308
032412100001
030611300005
030611100075
030611200062
030611100366
111912100027
102911100069
091511200011
011111200028
162311100022
162211200711
013311300003
070512100106
221512100571
182711200010
221011100554
042011200012
221711100525
152412100230
161711100018
020411200073
243111400010
111711100008
162534100001
162234100005
061011200065
090811200015
152412100229
021712100021
021511300006
180311200007
162311100028
230711200317
182711200004
162212100272
143211100126
013311400003
162211200269
133911100021
111814100008
092112100009
221012100720
030611200055
030611200278
030611200238
030611200100
020412100310
221512100570
090211100021
162234100006
162234100004
221411400502
162234100002
162234100001
162234100003
162511200010
182711200042
162212200018
162212100183
010312100054
221512100569
220211200773
221512100568
220312100620
220311200664
182712100284
230911100310
213114100007
182712100127
220313200503
220211200771
220411200706
220911200628
221511200610
162211100289
202011300009
010312100107
162311100008
162311100007
050911200085
162211200033
162212100495
161312100017
020411200228
234511100309
082711200007
220212100673
242411100016
220311200663
221911200592
263411300003
030611200428
030612200016
030611100411
030611200427
030614200064
030611200256
030611200147
030611200042
030611200031
162212100105
010312100138
242411200014
241212100062
073511200005
020412100309
011111100032
221014200509
220211400508
221012100719
213114200009
162611200002
160711100014
162211100245
014011100028
160111200072
162211200547
220211200770
162211300011
162212100382
160112100057
160111200093
162211200190
162211200372
060811100021
050914100007
282611200060
221011100553
162512100002
030611100046
031611200006
030612100504
030611200098
220412100614
220112100574
020412100308
020411100039
082711200006
082711200005
122914100008
172911200003
243111400009
161711200037
162311100023
162211200357
104814100001
220911400507
213112100002
082811100077
162211100095
221012300509
061012100020
220512100550
152412100228
091613100004
091411100019
030612100527
030614200063
030611200411
030612200014
030612100334
030611200270
030611200233
230611200315
263414200025
162211200523
263411200124
221712100545
162212100493
221912100553
282612100075
163311100004
062012100022
221312100526
180511200009
180511200013
162611100024
182711200217
220311200662
221011200783
161311100060
221011200784
162211200040
221911100553
092112100008
092112100007
162212100015
182712100010
240711100032
221012100718
252413100002
243112200009
162211200127
263411200123
263411200122
243111100193
183711200009
213811300001
021512100029
010311200093
152412100227
020411200264
020412100092
070514200008
220311200737
220211200768
221911200590
220112100585
220111200669
221712100542
221312100530
182712100283
162211200418
130311100014
162212200004
182714100025
162211200147
160111100070
030613100080
030612300022
030612300021
030611100409
030611200223
030611200177
030611200029
162211100017
282611200084
213112300003
164211100004
151612100034
041335100001
162211200597
020411200251
020411200144
020411200038
162211200196
280712100022
162811100001
151011100026
162311100031
243111200201
100411100007
211112100015
152412100226
113311200020
104812100067
091611100070
233914100035
162212100198
162211200180
213111200005
122413100003
282612100007
030611200164
014411100009
221314200505
030612100526
030614100022
030613100064
030611200391
030611200342
030612100369
030611200304
162211100261
030611200261
030611200267
030611200231
030614100012
030611100044
160111100065
273011400001
162212200020
162211200488
020412100190
020911200014
202012300010
020911200005
162213100036
182712100280
182712100282
162211200309
182712100281
221611400503
182711400019
182711400017
182712100279
164313100001
182711400018
162212100144
262814200010
162212100145
020611100002
102914100001
282611200049
220512100547
011112100009
282611200021
151011100025
230712100080
162211200465
221011200781
221914200506
162212100116
152412100225
061014100002
060812100028
182712100278
162212100068
220811400504
243111100192
234311100028
282611200013
020411200122
020411200034
020411200002
193114100002
220312100599
232511300007
183311200018
282611200036
220711200589
030612100297
030611100408
030611200403
032613100001
030612100044
030611200149
122912100118
193112100061
211613100002
162211200603
273012100306
104812100066
220911200625
020411200207
282611200028
273012300009
233912300007
221011200925
020111100007
131912100119
040614200005
282611200006
282612100116
014911100007
193111100050
213111100043
240411100024
161311200024
053011100010
221311400501
020411200261
020111100023
231711200312
020411100031
020111100006
182712100277
161311100035
282611200053
282611200083
213111200019
282611200045
092111200018
013712100008
282611200069
221011200779
282611200009
021313100003
220111100529
282611200082
162211200259
282611200004
162511100005
282611200005
162211200237
162611200046
061011100031
282611200063
162211200719
282611200016
282611200093
221911200589
261711100013
220511200585
162212100451
282611200011
061011200069
152111100022
193112100090
164014100001
172611400002
282611200098
030614200062
030612100523
030612100522
030612100521
030611200418
030611200417
030611200402
030611200362
030611200349
030611200343
030612100335
030611200297
030614200003
030614100001
030611200230
032411200009
162214100026
030611200144
282611200024
091611200089
182712100275
080312100024
080312100022
080312100026
080312100025
080312100023
182712100276
260911100061
242311100008
062711100025
062711200010
051511100004
162211200717
010312100051
014211100005
020611100014
020411200234
262812100024
061011200045
234511200311
193112100069
010312100137
162811100010
162211200468
061011100011
082811100076
221911200604
272214200004
241214200008
220212100671
221011400515
020411200260
220211200763
220111200667
162211200538
042814200002
263412100166
162211200594
061011200028
111812100108
162211200622
220112100573
221012100716
050914100003
030611200188
013311300002
030612100520
030611200426
030611200425
030612100412
030611200240
030611200239
030611100226
030611200191
030611100192
030611100176
020411200067
020411200042
020411200016
230712100256
162214200056
162211100221
160111200062
104812100052
092111200017
020412100210
020411200171
162212100484
220811200539
242712100020
243112100326
282211100014
243112100327
243114200016
221014100509
020411200108
221514200507
220214200525
220112100584
231011100308
014012100037
082835100002
162212100005
221013100538
220212100670
111812100107
104811100019
233912100094
062012100006
152111100021
143211100125
263011100013
030613100079
162212100160
122435100001
030611200385
032411200016
030612100519
162212100489
030612100322
030611100407
030611100085
021811100029
020411200187
160112100055
102912300006
162211100239
061011100059
202011300008
152412100224
152412100223
182712100274
162211100102
160111200089
263411100068
210911100004
182711200216
111812100106
162612100002
050914100006
131914200062
162212100064
153711100041
273013100015
162212100463
221911100551
152412100221
152412100222
152411100174
243112100325
221911100552
162211100274
102912100074
220711200586
082811300006
221013100537
243112100324
040611200042
220711200585
183711100009
221011100552
220211200761
221911100550
221911100547
221911100542
221911100546
221911300503
221911100543
152411200170
221412100523
221911100543
221911100542
152411200170
221911300503
220211200761
020412100050
182711100167
030612100518
220112100572
202012100153
221911100539
221911100541
221911100540
