220211126004
220413125001
040414100001
182713400002
010312100188
091612126002
160112100031
160111124001
273014200020
030611226015
152413126001
221011226010
220611226001
104812126001
030611200672
273015126002
221613124002
030613100090
082812300004
102913125002
230711426001
160112126002
220213126004
061014100010
221511226003
122913100004
220811400502
241214226001
221713124002
282613100012
221811226003
010114100001
020911200010
220911226008
070511100076
070511100018
152411100018
182711400013
243112126007
220211226010
201611226001
162213100074
160113126001
243111200246
220413100527
263012126001
030611200715
220511200626
080311200014
162212126014
162211226018
162211100303
162212126015
220212126008
282611100069
273011226004
013311200057
032411200023
233913126001
220514126001
010312126003
030213100001
202012126002
030615226001
020413400002
220314100501
220811226003
111911226001
163711200017
061013100018
202014100007
263411226004
233911226002
263412126002
030613126003
020411226004
162213126003
243113100051
030611426003
162213400007
040413125001
132911200003
162212126013
030611226014
220214226002
162212124013
220811226004
082813400002
151611226001
182712126007
020414100004
231713100007
160112126001
220913300504
030613100148
131913100003
220414100503
220314100510
221712126002
193115126001
220214126001
220913125009
162211100046
221513326001
152413100031
050911200112
220311226003
282611226002
011112126002
020414100016
121213100001
132913100001
220213126001
162214226003
020412126003
061013126002
220211426002
220312126004
282612126003
221013400507
020411225006
220513126002
220311226004
020413100021
143211100100
030613126001
030611226013
030615100005
270711100017
220211226009
221511200643
221711400513
020413100010
282613400001
220211226008
220413126001
162313100001
220214100529
021813100001
162211200720
172613126001
162211226011
131911300001
030614100031
221014100519
162211400006
220213100568
143211100022
020413100034
222212100509
221013100005
182713100012
030612124003
030611226011
122911200108
164113100001
020111200016
220111200532
021311200012
162212124009
061011200038
164111100026
220214100527
193415126001
162211126009
040413100023
164311200011
113611100007
171711426001
143215126002
220713326001
220213200508
152411400005
040411400012
030612100505
050912226001
030612126010
161713125001
162214100038
061013125001
013711200021
013712126002
130811226002
162211226017
182711300001
161211300001
221313326001
221912126001
221013100585
211111200018
221614100502
162211226016
043115126001
221012126002
221014100502
032411100019
221811226002
162611126001
221013400504
011112125003
162211400066
220913126006
030613125006
081713100001
030611224016
152413300004
162213300002
221612126003
221913125001
221913100504
021511100036
162211100085
061013400001
143213400002
231815126001
221711100526
030611226012
040411200046
030611200412
030613400008
011112100059
162211100160
243114100027
162214200079
271811125001
162211226015
122911200106
091411200033
162214100036
030614226003
153713126001
164411200071
102911226003
220913400504
040611226001
120411100002
221113100512
263413126002
162211100088
220113200505
162212126012
021511200029
282613100005
152311226001
211015126001
122911226002
091612100083
243111126004
221611224006
221413124003
022112100009
152413326001
235811226001
030614126001
221413126001
182712100315
163713100002
221013100508
221013100583
191011100029
221513300501
213113100004
220212126007
220211226007
221012126001
221613126003
221411126005
221411126004
220212126006
220711400501
241211100081
221013126002
020413100024
221712100578
211111200008
221011300001
221911200603
122911400002
221811126001
220911226007
162311226001
030613125004
020412100246
040413400002
122913126001
282614200028
220413400510
221711200621
221513100512
030611125009
220813326001
030613125008
213111200103
030611125011
221914200522
221011226009
031311125001
220712126001
220913125012
031612126001
273011226003
013712126001
030611124007
162212225002
013311100047
220711200575
021712100028
020413125001
162211200728
220413100538
221713126002
220111126002
220211126003
263411226003
220711200600
221613400501
182711126001
162211100227
160113100002
243112100376
220413100521
221013124003
242413124002
220213125001
221411126003
010311100065
221411126002
220313100520
030611200596
191011100031
182711400023
222413100502
221713400501
152411300010
273013100010
191011100013
220911200658
061012126001
162213100041
162211300010
015311200017
011111226001
273012226001
221911226001
162213425001
221013100574
162213125002
164411200016
020412100377
143212100162
143212100052
162214226002
232611400016
220213100559
243111226001
220313300505
162611226002
131911226002
220414226002
202011200121
221612126002
132013100001
221511125002
082812126001
221911226002
013312126002
221011200968
182711226002
221013100573
220413400001
091613400001
213114200017
020411226003
243114100026
221013124001
031311100010
220213126003
163711225001
013314226001
162211125004
162213100011
221712200506
162211225017
230712124001
213111226001
220213326001
143211100076
104811200105
050913300005
235514226001
152414226003
182711226001
162212100740
220413224002
282615126002
162213200018
202011100130
221411324001
030613100125
164111224001
243115124001
162212126011
272511226001
271011224001
070514226003
061014226001
190111100007
182711300004
162211200918
152446126001
020412126007
220813100520
160112100078
220313100524
221813100524
162211224016
113413126001
020112126001
162211126008
040414200001
161313124002
030612126009
021314200001
030611400050
220913126002
221213100505
182712126006
162211226014
152413100006
091612100123
104811200095
220911226006
220913125008
220611426001
242712100023
042213125001
221111100537
220211226006
220813400501
221011426001
081213100001
021514226001
221211126001
221811424001
253512126001
220711226003
221511126003
021311100004
160111200129
221913100512
020415126001
220711200649
030613100133
220913125005
221311400504
243113100030
263411200159
143215126001
220813100524
220411125001
162211226013
162511200001
243112126006
241211400009
221012100781
221613126002
162213100103
241212200001
102913100002
122911200034
182711100176
040413100001
221013100516
030611200499
130813100013
162211126007
220311226002
221512126002
234713100017
221013126001
162211225012
220411226006
162211226012
132414226001
030612126008
121111226001
162211124006
220411126002
221511200665
030611126001
221011200780
221511226002
030611400066
220214100508
220411226005
271011200004
162213100072
111811326001
220811200566
172613100002
130811200047
221511126002
162212126010
030614100033
162211126006
221811200557
221013100584
220211200997
030613125003
162213126002
221013226001
220312126003
020412100336
220311226001
221713100522
150311400001
231813100013
263414100012
182712126005
104811200087
162211100096
030611400032
010311400016
162811200015
030614226002
131914200054
063211100001
130812100037
221611226002
030611125001
220511226001
221913100503
221612126001
220813200502
131911300005
191012126001
162212100705
162211126005
030611426002
162211226010
162211100044
221314225001
220313126001
030635126001
182711200095
220912126003
220211126002
221213100503
013312126001
243112126005
221511200666
062013100003
252211226001
220211226005
040411226002
230614100044
221711126002
220312126002
243111126003
021712126002
202011400005
014011226001
221711226002
104811200082
162213200015
162212126007
020412126006
151611400001
020411124001
221012125003
243112126004
220411226004
030611226010
263411226002
020413125005
132012124001
282615126001
152413100022
221911125001
243112100389
152412126001
030612126007
220211200715
221811226001
120415126001
062712100024
020412126005
213811200010
010311226001
030611226009
020411426001
030611200637
221012100811
221611126001
221011126002
220213100566
030613200002
030611226008
160112100061
221613300503
030611200755
182713225001
070514226001
163711126002
220212300516
030611125016
220911226005
164311226001
220513100507
263413100021
030411200020
132111200034
162211100318
220213100508
221911100569
221813100518
221513100518
130813125001
162211126004
235512126001
162211100320
243113100040
220613100507
162211325002
182711400025
220911226004
221713400503
070512100048
221511225003
162212100497
122911400001
221013100593
252212100028
162211126003
010111126001
021313100004
020412100429
243113100041
162214226001
221011226008
243113100037
220211126001
162213400002
243112126003
014412100005
220912326001
282611226001
021513124001
010313100010
020412126004
060813100006
111813100004
221413100509
220913126005
020413100023
220913124005
080311425001
104811224001
221513125001
243112126002
220214100531
010312126002
042213100003
221511100578
241213226001
162211400054
040611100017
020414100012
040411226001
082813100004
213813100002
102911200011
221113100508
161711226002
062712100019
040611225002
102914226001
011113100001
021811200010
263413124001
220814100504
040413100009
040611400002
191014226001
122911200012
202011226002
082011100005
132011226001
030611226007
272312126001
162213400006
030611224021
221411126001
162211226009
011111124001
162211126002
104814200008
030614226001
164411200059
010112100011
163914226001
042212126001
273011200139
220213126002
030614200111
143214226002
220912126002
273011226002
243111125001
221011300508
220811226002
243113100003
010312126001
271812126001
020413400006
152411226002
162213100121
202011225001
220913126004
030612126006
220911225006
030611200611
030611226006
162211225006
182712126004
182713100011
211111200006
042613100002
162211200765
221214226001
160111200113
030613100142
161312126002
201611200005
013311200056
131911200136
030611200508
091611200149
221811200532
221013100002
260914226001
061011226001
020413400005
221711200631
152412326001
062711100013
010313100019
221511126001
221211226002
221013400506
030111224001
030611226005
122913100002
221913100511
152412124001
220113100511
221011226007
030613100052
221613126001
111911200008
182712126003
220215126001
152413400003
020411226002
020413125006
104811200086
210911226002
030613126002
021513100014
014012126002
164311300001
282612126002
162211224013
243111100201
222311124001
221712126001
061011200037
220213100585
220711226002
243112126001
220211226004
282612126001
030613100078
030611426001
221011226006
030615126001
220414226001
172611126001
210911226001
221013100554
151611126001
162211226008
221613125001
102915126001
193113126001
070513100012
233913100028
131912100138
061013100002
243111100008
162211200510
182712100177
221612226001
221513100513
243113100052
221013125003
262811226001
172614100001
161311200081
162211400063
082811226002
152414226002
182711200086
162213200009
221013100544
020412300009
273011226001
220413125002
243111200120
030612126005
220212126005
162212426001
221011226005
222013400001
211611226001
211612126001
030635125001
162212126009
172613100003
152411200129
162212125008
104811226003
152414226001
220912126001
182713126001
241212124002
130811226001
162211225026
243111100070
220213200504
072912126001
162211200315
091612126001
130814125001
030612126004
030611225017
030611200717
171414226001
162212126008
152413400002
220913125007
121211200011
220214226001
102911200052
263413126001
162213400008
220913124001
221611200592
090815126001
133911200044
160111226001
221011226004
061011100067
221711126001
162211200126
162211226007
030613400006
091611200134
221611226001
220913400502
082713100002
220312125003
162611200069
030612126003
213112126002
162211200579
220212126004
162211226006
202011200009
010313100007
221213400501
021712326001
220913424001
030612126002
220212126003
202012126001
220911226003
163711126001
220913126003
162611226001
091611226001
220414126001
221411426001
162213400005
030613124001
143214226001
030613125002
263411226001
164111400001
280713100001
091411200003
020412100149
182713100016
020111126001
243111100044
220413300504
243112100092
162213100062
162614200003
133911200045
221913300502
262913124001
161711226001
104811226002
020414100022
220513126001
010313100011
273012126002
020412125004
243111100050
131912126003
131913326001
040411100057
213813125001
182712126002
031311224001
234511126001
221711225011
104813300001
221013100545
221913100508
133912125001
162213126001
030611300017
220911226002
162213226002
030615100004
143211126001
221111426001
030613100132
221611200160
104811226001
220813400502
230711226001
030611200445
162213226001
143611200032
050914200020
092111200024
221311226002
222011226002
131913400002
131912100146
030611425004
220411226003
221011200730
160111100076
061013126001
220411200815
020412126002
273015126001
213111400002
162214100022
014011400006
282611100010
050914200028
221711226001
230611226001
162211226005
220211226003
273014100347
030611224014
131911226001
241214100002
162213125003
221313400501
030611200505
030612226002
221311226001
164011100003
220411226002
111813126001
011112125001
182711400015
182712126001
030614100035
082813100003
030611200731
162212126006
273012126001
263412126001
060814226001
021512100039
010314100010
062013200002
220811226001
220613126001
152413400005
050911200107
162213100110
092111125001
020112100029
221013100581
152413100012
030613100065
221213100504
221511226001
221013100536
213111400004
220412100571
220212126002
162211126001
282614226001
193111100041
162313100002
030611200688
050913100008
202011226001
143211100096
220312126001
061013100022
220913124002
070512126001
143213100011
011112126001
040614200006
220713400501
030611200578
220913400501
162212100691
221613100503
243113124001
161312126001
221311200583
104811200093
220911226001
162212126005
104811200104
162212300019
162214225007
221713126001
243111126002
220813100518
263211125001
172613400001
182735126001
221514224001
262811200029
221011226003
020413400004
221613100517
230714100026
220613124002
220213100545
241212300004
102912126002
213114226001
162211100112
082812100169
263313100002
162213100014
010312100159
243113124002
162211426001
020413100004
102911200100
040411100001
220511426001
172613125001
162213100092
162212126002
030613100082
263413100016
221811100524
162211226004
162212126004
220411126001
243113126001
162212126003
030111126001
102911226002
162211226003
014211400001
220211426001
182711200067
130812200003
162211226002
220211226002
070514226002
230913100040
102911226001
062814226001
220211224007
102912126001
030611226004
220212126001
162211100140
091611125001
222011200525
014013100012
162213400014
221013100559
243111126001
104811126001
263411200075
040412100166
042611200003
131912126002
221313100504
220313100508
221211226001
220513100513
193211100005
263312126001
030611226002
220711400502
030611226003
122914226001
020412326001
221713124003
131912126001
043111100022
152411200195
220813100513
091612124005
030611400046
011311226001
221715126001
220813300503
263411200066
162211400046
113811200001
221512126001
221013100560
271912126001
011111200031
220211226001
162211200663
030612226001
282611400004
263411200164
030411226001
162213100077
220411226001
021711126001
222011226001
162211200029
160113100005
080311200007
163712126001
102911200099
162212326001
020111125001
243111200279
161711200054
221011226002
220111126001
221013100004
221513100514
152411226001
030613125005
030611400055
182715126001
082811326001
221011126001
253511426001
162211225022
152413100002
103111100008
220112126002
220913126001
091615126001
221814100501
221713100512
221011226001
102911200101
020411226001
162211226001
220213100571
104811224003
220214224003
241215126001
182711224001
050911225002
213112126001
220311100563
030613300014
070512326001
243115126001
162213100019
010311200131
273012100334
082811225001
162212126001
230613124001
082812100171
082812100196
062712126001
030612126001
010113100001
233911226001
242411226001
220112126001
212713100002
014012126001
082811200008
132011100025
082811226001
131911200134
220211224008
021712126001
220711226001
040413100016
171411200013
220211225013
040411200084
220411225011
152415125002
243614100001
241211200009
220211400503
232011100043
030612125010
030611425005
224611125002
221811225003
162213100048
220212125002
050911200091
162214225008
131911400011
202013125001
221412125002
151611100018
131913400003
111815125001
220914225002
220211225017
122911200078
220813125001
210913100002
143213100018
020914200003
010311225001
243112125011
161311100065
143213125001
220912125003
220314225002
020411300006
220412100667
072912100053
162611200070
162212100576
162211200761
031611125001
243112324001
253511200061
162211225028
221013324001
182713100018
040611325001
162212100551
162214225009
220912125005
243112100293
090211200008
221511225006
221811100006
220911200594
220212125003
030614225010
273013125001
030612125009
060811400001
030611100113
171414200003
162211225027
010311200038
220211225016
030613300007
232011300010
040412125005
162212100454
031312100015
082812125003
080315125001
213111200099
151013100001
120215125001
021811200007
221612124002
030611100138
201111200008
152411200082
253513100006
070514200006
021513300002
020412125003
111811200034
221011300501
263411200089
070512100128
152415125001
091611225002
030611224001
143212125006
162213100078
273011125001
104815125001
260912100064
221911200640
243115125001
190711125001
021511125001
220211225015
221314100504
162211200355
131912100141
061011100074
030611200526
153911200002
240713100001
081211100004
220912125004
162211425006
220911400522
122914125001
010312125005
030613100131
263411200116
162211125009
030611225025
030615125001
211011125001
131911200174
162211125008
263411200060
030611225015
102911200016
091612124003
220413100543
263412100206
220911224003
030612125008
152414225003
010313100003
030611300026
010314100003
030611200625
221911225009
030613400011
162213100001
282612100131
030614100025
241211100085
220912225001
042214100003
161312125001
202012325001
221911225008
160112125005
162214225006
030611125015
220712125003
243112100281
221711225010
221911125002
020412125002
221513300502
260912100043
020414200038
221611300002
030611200213
263411200017
161313100004
021513325001
282611200108
220211225014
271013125001
030611125014
162212125017
230712125003
020411200151
020414225001
162215125002
220811225007
182711200227
041313100001
220511225006
164411200050
221011125003
143211225003
220713100507
171413125001
141911200001
190711224001
221911100014
230613400023
220411200717
152312125001
162212125004
211612125001
164311200018
030611125013
242411225001
282612125002
221311225004
021712125001
221812125002
030611100376
221013400505
220613100503
050912125002
160112125004
020412325001
220911200520
220111425001
042612100013
171111100010
030612125007
232611225001
104113100001
020411200145
221511425001
172612125001
011111200007
040413125002
011111200041
020411225007
152411125003
062011225001
162214225005
130813100006
221812125001
220213124004
221413124002
132111225002
162212100537
210911425001
091613100006
040611200050
220811225006
014011200023
162211200477
220611125002
220614125001
030611225024
263412100002
162211425005
032613225001
231713100035
220815125001
030613100157
220413324001
091612125002
162211125007
241211125001
160111100067
220312100547
030611400052
020411100183
162211200518
221311125002
162211225025
040411200085
030614225009
220915125001
030611200561
220911400528
212714225001
162211400065
182712125002
030611100451
162211200905
222011125001
220611225002
221011225019
162211400075
030611325002
220911224005
164411200024
220613125001
220913125011
153713100001
221311225002
162213125004
122414225001
050913300003
221013100588
152411125002
221511200542
221411200578
260912100057
010314100013
241211100059
221011200656
221011200836
152411200184
061013100021
040411225002
230712125002
162211200954
050913100001
162211200686
233911100232
220935100505
221513200503
221711225009
152413100030
221811125001
162212100608
243115225001
010311100020
220211200946
220812125003
222311200521
180411200007
104811225002
243112125010
162213200016
030611200060
143614125001
213113400001
210511200004
030611125012
221011225018
221311400001
182711125002
221013100558
220411125002
091511100026
172614200005
040412125004
122911225001
010312100098
132111225001
263413100012
221911225007
220211225011
113411100021
213112100025
162211125005
011111400005
062111200003
042013125001
220911125002
062712125002
040411100033
131912100135
061013100008
230711200364
243114100023
122913100006
162211125006
243112125009
243112125008
030611200298
113412125001
020411125001
162211200959
162211200968
030613325002
011112125002
273012125002
132411125001
160111125002
030613400010
104813100009
162212125016
043211225001
060813124001
221313125001
221813400501
030611224008
273012125004
162611225003
242713100001
220211225012
162212125015
221511125004
202011125002
162211400049
162211200743
010111225001
263411200145
221011225017
143214225001
221712125003
243112125007
273013400001
221335100503
152412125002
143213200002
221814225001
164211400001
030613300016
263411225004
213111225001
221613100506
220114100509
263412100150
021713100001
030411200010
162213100118
160112100042
163712100013
030611225023
162211100304
220211125003
082711100029
160113124001
162611225002
030612125006
253511200077
030611400019
243112100403
120213100001
153712100006
030613225001
132011200016
030611225022
152414225002
221014225001
243711100006
162213100107
221513100526
030612300043
111812100024
050113100001
082814225001
040613100003
220411200100
031311100019
221711100527
241211200116
243112100390
263412125005
162212125005
162214125001
011111200038
091611200133
222111225001
162214225004
273011200101
243111200161
081211100001
202011100070
271811200002
131911400012
243112124004
020611225001
172611225002
221313400001
152411100197
221213100507
162211100040
243112325001
133911200038
010312125004
243111125002
162213100090
152411300002
191511225001
010312325001
020413100018
152411200188
091411200036
162212125014
030611225021
021511200040
030614225008
030611200749
220611300504
162211225024
220911225005
020411225005
013713125001
162211225023
220311224003
221311125001
162211200896
220913125010
130811225003
162212125013
030911225001
273011225003
020413125003
182711225002
252411225001
221613124001
010313100004
030611200614
221913124001
263412125004
221012100784
020111225002
152411225003
030612125005
221611225005
030611200548
021513100030
220512225001
273012300004
220213325001
221714225002
040411225001
020412125001
220112125004
220312125005
221311200559
172613100005
030213100002
221813100516
273013100018
220211225010
221914225001
162211100117
232013100014
104811200040
273015125002
172611200061
091411200023
061013100005
273011200132
211012125001
061015100002
152411100168
220711400512
030613100054
030212125001
091611225001
152411225001
202011125001
062014100002
221513325001
230611200376
030611225020
130811225002
221412125001
030612225001
243113125001
162213100104
243113100024
020413125002
152413125002
243113100027
182714100013
243611100014
241213100004
253511300003
030613125007
162211400052
030612300028
220214100526
060812124001
030611425001
243113400006
143211200144
131914100003
221011225016
040412125003
020413100017
113411225002
221411100006
162211225021
273014225001
263411200161
030613100161
221012125006
030613100153
193111200024
160113125001
182712125006
220214200511
040412125002
162213100095
212711200001
221711225008
021812125001
221013125005
161313100006
234313300005
220911200607
080313100001
220412125002
282614100005
131912125003
220513100510
161311124001
030612200023
051611225001
020413400003
162311400001
253513100011
213112100067
221911225006
030611300020
220914225001
220611124002
030611200654
061013300002
010312100186
213114225001
050914200027
162212125012
220213125004
132911100007
162211225020
201612125002
243113100020
221711225007
243111400003
113411224002
080311100017
263412100163
030611200683
143212125005
221212125002
193112100116
273012125003
032413100004
221912125001
162212125011
221311225003
161313125001
221513100507
164111200002
162211225019
011111225002
070511225001
011112100056
220111125001
160111125001
011112100046
193112125001
031311200012
220112125003
162211100199
162211425004
221012125004
130314225001
143211225002
220211200958
220812125002
030614100005
221513125002
162211225018
030611200432
111912125001
220612100543
030611125007
221013100524
010311200041
241211225002
201111200010
220512100576
020411225004
030611200699
220713100510
221911425001
220212400501
162212125010
213112100087
030614225006
220913125006
162211200965
220211225009
152411200141
030614225007
220113124001
062715125001
162213100043
021811400001
221511100576
221011224007
160111225002
162211200766
243112300010
162211200354
221313100333
164311225001
221011125002
221911225005
162214224006
221411200576
030611125010
172911100005
091614100009
061012200001
221611225004
235913125001
061012225002
182711100045
182713324001
030612224001
042211200023
221713100505
131912100154
042813100005
220411225010
221911225001
162211225016
152414225001
263012125001
091614225001
030612100727
082811225002
091511200018
061011200060
030614200117
082812125002
263411200147
030611225011
220212100678
030411200018
220511225005
030411200017
152414100012
221813100523
221513200504
021512100046
030612100640
221011225010
021311100005
162213100068
162213100112
113311200001
160111200078
232513100015
221813300501
014211100012
131915125002
020411200286
152411225002
172612125002
160111200130
220511225004
020411200355
222211100518
040611100009
253535100002
030613200012
161311200090
191011100017
131915125001
224611125001
221214225001
233912100182
152412100279
104811225001
221512100556
221012325001
182714100007
220712125002
162213100105
220314100512
162211425003
113411200018
220211225008
162213400015
091611200146
030211225001
193113400001
164111225001
182711100002
030613100158
151035100001
221835100503
221411300002
221514200518
131911200020
272211124001
122411100009
081713100002
161711100024
253511400004
221013125004
061011200076
263411200144
222011225002
063112100002
162214100030
061014125001
182712125005
221513100522
131911225002
220813100522
221212125001
030611100363
030611225019
050911200092
072911200045
221212124001
253513125001
221013100507
221713125003
163712125001
182714225002
021312100004
021311100003
222012100512
020411200385
153711100032
152411200189
221514225002
160111200108
263413400001
220811100096
030635100021
131911200054
220211200994
260912300001
221711200622
263312100020
010311200103
161211100005
020411200227
160112125003
261912125001
162213100108
060511200006
030611100117
113411200038
162211124007
030612125004
030614225005
282615125001
020412100296
091511225001
220714100501
020411200338
182715125001
162611225001
022711100005
030411325001
063111200009
082811200031
011113100004
182711200285
162211200771
221714225001
243113100008
162211225015
162212125009
243113100043
013711225001
221711225006
220711200656
272212125001
113411200022
220911400519
221511200544
220213200509
030613100121
182713100022
213112125001
162211200964
263311124001
061011225002
220711200531
230712125001
242412125001
263412225001
030611225018
220715125001
220911200640
143212125004
220213125003
022713100002
221111200556
162611100027
233911225001
042811225001
022711225001
221411225002
152411100055
222313125001
263411225003
102912125002
220911200721
220411200689
020411100163
182711200248
152413100021
221011200504
152411100179
221511200524
162213225001
271011125001
243114200030
142211200007
162211225014
220511200663
220511200568
122411200015
220213200505
241211225001
210911200018
011111200036
162212125007
243135125001
152412125001
221512125003
162211225013
220611125001
172612124001
220312125002
220314100503
222011200536
220911125001
221911225004
243111225001
153711100044
221011225006
102913125001
221113100503
020411300010
220911225004
220711200573
220513425001
030912124001
010313124002
220211200578
021513100033
013711400001
130813100012
233911100276
202011200139
162211200976
030611300032
232612125001
221011200841
220211200621
221011225002
131912125002
031311225001
220211200980
202412100003
122911300003
030611125008
061011100039
242411100011
160711100010
030612125003
070511100077
162211300002
162214224002
104813100006
221713100508
030612300040
030611100427
061011200114
260911100056
220912100604
070514200020
162211200988
010313100020
162211100217
243112125006
183312125001
131911225001
221711125002
042811100042
164011224001
220513125001
213115125001
220411225009
172615125001
243111100190
032413100005
162211200546
162214225003
172611325001
122914224001
221011225015
160112125001
220211125002
102911125001
221011125001
220913100528
061035125001
010312125003
020411200358
224614225001
221311300001
040413100012
220911200778
231715125001
221911200237
220912125002
030611225016
221712125002
162213100079
263415125001
082812100096
211115125001
193111225002
143612100021
263411225002
220411225007
263011200002
030612200019
010314225001
221911200509
213111200104
162211200370
220112125002
130411200013
220312125001
220411225008
182714225001
143613100003
220511425001
220412125001
220315125001
132915225001
243112125005
202011225002
191011125001
182711125001
260915124001
221012225001
263411225001
120211225001
263411100010
162211325001
263411224002
263411224003
162211200938
241211100084
282611225001
221713100528
030612125002
220811225005
030611225014
243111200259
030611200733
011112225001
061012225001
162211225011
202011200127
021711300001
162212100568
221713125002
221011225014
130811225001
252411200006
221911225002
182711225001
013311125001
030611225013
243111100083
220211225007
162211125003
220111200718
221712125001
030611225012
130811200048
182712125004
282211200003
162211200440
220513125002
010312125002
030613325001
221713125001
234313100016
030613100091
221011225013
221611225003
220311225008
220314100504
020411225002
042613100001
221513100527
013311225001
121111225001
030611225010
162211225010
011311225003
030611125005
030611125006
162212100547
220811225004
263411400006
091613125001
220311225007
062011200014
221012200516
113411425001
171611200010
221411225001
021812124001
030611124008
030612100463
263413100019
221535100501
220213100507
160111200103
242413124001
030611125004
162212100421
220511100150
183311200028
042811200023
221713325001
091511200019
220911400514
162213100119
162211200848
010311125001
182713100023
030614100015
091611200116
162211100155
220611225001
162211425002
030614225002
011311225002
220411225006
220211225006
030614225003
040411200117
221113100505
221011200222
220111225002
011111225001
243113100059
243114200031
221511125003
220211125001
221813100506
082811200117
221911200622
230711225001
202013400001
162212100419
040411200118
122611200005
030614225004
220213100540
182714100011
221912225001
143212125003
221013125002
222011225001
202012300003
162213100040
182714100023
221914100503
221513124001
172911100006
030614200101
030611125003
082811400004
221011200959
220311225006
221713300506
221811100526
221311225001
213811100009
130812100033
030613200003
162611100015
161311200063
201613100002
162212100722
263412100082
243111200219
162211400018
162511300001
014012125001
263412100081
221411100523
221711125001
030611225009
050911200004
193111200009
030611200420
072913100008
253512100089
221011225011
162213100070
143212125002
122912300011
091515125001
162211200727
162212125006
221011225012
221511224001
220913100533
152411200118
162213200014
160113400001
243111424001
221511225005
162211424002
182712125003
220811225003
040411125001
230711200185
220511225003
282614225001
221211225002
014411225001
091512125001
252412125001
221611200595
013311200008
221011225009
243112125004
131912125001
220413124002
220411225005
162611100021
162214225001
221011425001
030611225008
020411225003
193111225001
152111100007
130812125001
143212125001
220213125002
021512125001
020413100002
221713100501
072911200021
162211125002
030613300009
263412125003
221512125002
172611225001
221011225008
221911225003
040412125001
162211225009
162214225002
221711225005
030611225007
220311125001
030611425003
073512100022
243613100002
162211200903
221811200108
282612100076
162211100308
221711200613
273035125001
213111200082
040411200022
040411200097
020411200321
020412100261
162211200770
162212300004
182711100189
020413100032
030611200729
030611100446
030611125002
092113100002
071213100002
031613100002
091411100004
232011200255
162211200334
220613100501
162213100100
162215125001
221013100580
253514125001
221011200005
162211125001
220311225005
030611225006
122412125001
243112125003
220311225004
143211100046
221613125004
143215125001
014014225001
210514225001
182712125001
143211400004
220413100539
131914225002
221711225004
091612125001
221011200989
162811125001
162211225008
131914225001
220212125001
220913125003
221111225002
221811225002
164311125001
220112125001
092111225001
182713125002
122915125001
213113100006
151612125002
220911425001
152413125001
220311225003
221512125001
062712125001
235511225001
030614225001
162211225007
010312125001
050911225001
020111225001
030613100128
082812125001
273011225002
160111225001
030612125001
273012325001
273015125001
220211225005
143212300008
221414225001
220211225004
014011225001
220811225001
113411225001
202012125001
030613125001
072911225001
030612100596
030611225005
221514225001
143211100117
221613125002
050912125001
143211100008
010311425001
220912125001
143211225001
162212125003
263411125001
220511225002
020411225001
162211225005
220913125002
030611225004
030611425002
220211225003
220814225001
161311200091
221013325001
030611225003
243112125002
231711125001
220911225003
220711425001
030612100595
220211225002
221011225003
102912125001
162212125002
162211225003
221611225001
162211225002
273011225001
220211225001
061011225001
162212325001
233411225001
221011225007
263412125002
030611225002
030811225001
104113125001
282612125001
151612125001
030611225001
102911225001
243112125001
220712125001
221711225001
162212125001
162213125001
162211425001
220913125001
221012125001
143212100001
220711125001
082811200116
220812125001
070511425001
040611225001
201612125001
260912125001
263412125001
220311225001
162211225001
222012125001
182713125001
220915124001
162212124017
013311124002
010312124005
260912124003
162212124016
220812124005
253512124001
012811224001
131914224002
220312124003
273014224002
213114224001
020112124001
221046124001
271111124001
162211224018
220911224006
162211224017
221511224003
162215124002
021511224002
221111124001
220213124003
182712224001
091614224001
221714224004
221811224003
220814124001
220514224002
221411224003
221712124004
282612124003
220411224006
221611224005
162212124015
261112124001
030611124006
220711424001
162211424005
040412224001
221015124001
082811124002
172612124002
220311124001
030611200663
221712124003
133912124001
030611224020
182712124007
131912124002
030611224019
152711100019
220812124004
091612124007
162211424004
040414224002
220215124001
030613100103
082811124001
130811224002
220815124001
160111224001
030614224003
183312124001
220912124006
263413124003
030611224018
260911224001
220211124002
221011224006
182711224008
011311225001
160112124001
220514224001
020412124010
220913124006
030611124005
030611224017
220812124003
162211424003
220311224005
221013100594
143611224001
231811424001
221611124002
182711224007
080311424001
220511224004
220913124004
104812124002
030615224001
273012124003
260915124002
091611224001
162211224015
010313124001
273012124002
182712124006
014211124001
242212124001
182712124005
221612124003
162212124014
220812124002
243112124006
221611224004
020412124009
162213124006
042215124001
131911124001
030612124015
220912124005
030612124014
020412124008
143212124003
220811224005
162212224002
273014224001
091612124006
020412124007
164111124001
030613124003
162212124012
011112124003
143212124002
130812124002
222214224001
030612324001
221715124001
182714124001
221514224002
021511224001
104812124001
262811224001
242212224001
010312124004
221712124001
020412124006
221013324002
202011124002
152414224003
221811224002
220411124001
222011224002
220212124005
182711224005
143211224004
020412124005
162212124011
162211224014
030612124013
220912124004
104811224002
020412124004
172611200062
162212324002
152412124004
040411224003
030615124001
162212124010
030611224015
221811224001
220911224004
162213124005
221411224002
221511224002
213811200008
221614224001
252411224001
091615124002
221413124001
243111424003
162212224001
091414224001
131912124001
030612124012
080311224002
221611124001
220811224004
193115224001
062712124001
162214224005
260912124002
030612124011
220511224003
220913124003
182712124004
221613124003
021312124001
011114224001
152414224002
221914224001
243111224001
232012124001
020911224001
220714224004
221011424002
263413124002
080311224001
282612124002
122913124001
143212124001
162211124005
030611124004
042815124001
030611124003
152412124003
152413124001
020414124001
091611124001
162213124004
030614224002
102912124002
014012124001
220211224005
162214224004
220411224005
220411224004
102912124001
243112124005
271912124001
222011224001
162212124008
221812124002
070513124001
111812124002
164314224001
010212124001
220314224001
220212124004
193115124002
220411224003
220914224001
162211224012
213111224002
273012124001
241212124001
091612124004
143211224003
161211224001
202014224001
220212124003
162511224001
030611200669
162212124007
171414124001
220912124003
030611224013
220912124002
030411224001
221011124001
030614224001
220411224002
162212124006
263411124001
220711224001
162211124004
111812124001
020412124003
162212124005
162211224011
030611224012
031411124001
152412124002
014014224001
030613100162
143211400003
070512124002
162212324001
030611224011
070511124001
182735124002
221111224001
030612124010
213111224001
050912124001
070515124001
013311224001
020415124001
102912100090
220711200648
143211224001
221914124001
091615124001
252311224001
040412124001
221211224001
162215124001
282615124001
220611124001
220911324001
220911224002
143211224002
242412124003
041311224001
182711224004
020411224001
220811224003
221812124001
030612124009
030612124008
030611224010
221611224003
021515124001
030612124007
122414224001
162212124004
143214200003
152411224001
162212124003
011112124002
220511224002
162211224009
235812124001
231812124002
221814224001
193114224002
162211224008
162212100736
242412124002
011311124001
010312124003
221411124001
263412124003
164213100003
102911224001
082814224001
010312124002
221911124001
221512124001
221611224002
220211124001
070512124001
221711224002
030612124006
010211124001
132011224001
020411124002
273011124001
220911224001
182711124001
014013124001
202011124001
020412124002
111911224001
231812124001
220211224004
082711224001
220715224001
220214224002
193412124001
182714224001
162211224007
030611124002
221011224004
273011224001
040411224002
221011224003
182711224003
220412124001
243112124003
091612124002
221611224001
013311124001
220613124001
221011424001
030611224009
220211224003
130811224001
220811224001
040411224001
030613124002
010315124001
211611224001
162211224006
220511424001
260912124001
162211124002
162211124001
221714224003
230711424001
143614124001
131913324001
162213124002
162211424001
082811224002
213811224001
162214224003
010312124001
221714224002
131911224002
162211224005
220712124001
243112124002
221711224001
242412124001
220311224002
220714224003
220714224002
162212124002
221714224001
152414224001
213114200020
020414224001
153711224001
013711224001
231714224001
263414224002
263414224001
010314224001
040414224001
111814224001
162214224001
030611224007
162213124001
221713124001
162211224004
220714224001
220213124001
152415124001
031313124001
030612124005
082815124001
232612124001
030611224006
220413124001
222014224001
131914224001
193114224001
220313124001
162212124001
030611424001
220211224002
182711224002
221613424001
235912124001
233911124001
030612124004
221011324001
030611124001
160112324001
221813124001
220511224001
162312124001
193115124001
030611224005
243111424002
030611224004
113412124001
162211224003
193111224001
221011224002
082811224001
030611224003
243112124001
030612124002
263415124001
042212124001
014411224001
263411224001
162211224002
220211424002
010311200147
221011224001
013712124003
220211224001
220212324001
182735124001
161311224001
113411224001
020412124001
013712124002
220212124002
162211224001
143211400010
030611224002
182712124003
221513100523
231711224001
220611224001
221012124002
162811224001
221613125003
263412124002
220212124001
182712124002
162212100741
122912124001
182712124001
221012124001
131912100157
011112124001
282611200129
131911224001
220312124001
030612124001
091612100125
122415100001
273013124001
013712124001
211111224001
030613100163
221512224001
263412124001
015312124001
162212100742
220811200613
220311224001
263412100187
130812124001
091612124001
273012100346
273011200141
273011200140
273012100345
2730133
273014200021
272111100018
263411400007
263411200143
263411200142
263435100002
260912100062
261911200007
263414100015
260912100065
253514100013
252211200008
243112100421
243111200260
243612100019
242211100017
243611200012
242711100040
242312100002
241213300002
241213200001
241211300003
221011200028
221011200027
221011200026
221011200025
221011200024
221011200023
220712100558
220211400537
220211200050
220111100543
220212100776
221713100529
220912100612
220912100611
221012100815
220111100541
220812100530
221714200522
220211200943
221011100571
221311200580
220811200581
220512100570
221713100519
220811300503
221712400500
221113300503
222013400500
222013300500
222013200500
222313200500
222312400500
222312300501
221313200332
222312200500
222311300500
222235100500
222314100500
221713200501
221512200503
221435100500
221414100500
221413200502
221412400500
221412200500
221412100528
221912200501
221813300500
221614100500
221613300500
221612400500
221612200502
221611300500
221513200502
221512400500
221212200501
222212300500
222212200500
221312400332
221813200501
221812400501
221812200500
221812100527
221811300500
221735100506
221714100500
221312200332
221311300500
222211300500
222135100500
222114100500
222113400500
222113200500
222112400500
222112300500
222414200500
222414100501
222313300500
221235100500
222012400500
222012300500
222012200500
222012100510
221935100500
221912400500
222313400500
222413400500
222413200500
222211400500
222412400500
222412300500
222412200500
222411400500
222411300500
222411100506
222335100500
222314200500
221214100500
221213300501
221212400500
220312100622
221113200500
221112400500
221012400500
220914100500
220912400500
220912200503
220911100523
220812400500
220812300500
220735100501
220713300500
220713200500
220712400500
220712200500
220613300500
220613200500
220612400500
220612300500
220513400500
220512400500
220511300500
220412400500
220411100618
220335100500
220313300506
220312400501
220211300503
220112400500
220111300501
221211300503
222411100507
222112200500
221135100500
222213200500
222212400500
213111100048
213111100047
210911100033
210211200010
210911100032
211112100016
213811100023
213114200015
213114200014
210211200008
213111200059
210911100018
211112100017
213112100049
210211200005
213111100041
213112100064
211011200006
211112100012
210911100006
213111100014
213111100010
210911100030
213112100045
211111200013
213114100001
213111200054
211611200008
213111200025
211612100002
210212100002
213111200045
212712100007
213111200041
213111200039
213112100031
213112100015
213112100009
213111200021
202011100067
182711100153
180412100023
182711100152
182711100151
183711100006
182712100231
182713100006
180812100001
182712100330
164411200068
164411200054
162212100701
162212100700
164112100007
164212100002
162511200019
160111100072
160111100071
152412100281
143212100186
140811400002
143235100002
143211200077
143211200073
141912100001
143211200089
145111100007
143611200015
143211100094
143212100139
143612100014
133211200004
132914200001
132414100001
132413100002
132413100001
132411300001
132113400004
132112200002
132111300003
132013200001
132011200018
131913200001
131911100110
131411400001
131411100008
130814200001
130811100021
132911100030
130812200002
130812200001
130612100002
130414200002
130414200001
130411100011
130411100010
131411100007
111812300008
061012100147
061014200011
061014200010
030611200754
030612100675
030612100674
030611200675
030411200014
030611200661
030611200657
030611200645
030611200639
030611200638
032413100006
030612100637
030614200107
030611200624
030611200582
030111200006
030611100434
031413100001
030612100633
030611200623
030611300037
032612100006
030611100432
030611400056
030611400057
030612300041
030611200594
030613100119
030611200655
030613100107
031312100016
020412100423
022311200002
021712200001
021513200001
021512200001
020812200001
020112200001
022711300003
022711300002
022711300001
022311100017
020911100009
020911100008
020911100007
020911100006
020814100001
020811100014
020413300002
020114100004
020413300001
020111400004
020411400019
022311200003
010312100184
030611200764
221512100598
030611200677
030612100738
243111200285
220913100536
220111200757
221015100001
210213100001
162214200104
172611200065
164411200096
160112100095
010211200012
252411200025
221712100587
162213100120
220211200049
013312100070
220212100800
221011400550
221812100532
220612124001
030614200141
162212100739
202012100199
164411200095
243111200284
162212300026
221811200574
030611200763
222212100513
131911200178
011112100066
161314200003
211013100002
220311400514
152411300011
220912200505
030611200761
213111100051
210911100039
162211100334
220911200777
143611200008
030611100455
162215100005
222311100524
220911200776
253511200078
220412100670
030611200762
030612100736
230715100001
080315100001
030612100737
221211100514
221212200502
221311200596
143213100020
220212100798
221611400508
164411200094
221911200658
164411200093
263414100017
220911400529
252211200013
091611200151
014014200008
182711200286
164411200092
030614200140
030613100108
030613200016
273012100884
221511100580
221011400549
213112100093
020411100221
220211400538
220213100598
263412100211
221411100528
220912200504
220411200817
220212100799
191012100030
164411200091
164411200090
030612100734
162211400076
191012100031
030612100735
020411200390
182711100188
213112100092
243112100420
221911100574
164411200089
162611100052
263413100022
030611300039
220535100504
030612100733
221411200583
011111200060
014012100058
221711400517
243113300007
253512100098
015211200010
221712200507
162212100738
162213300012
062015100001
210211200014
220711100528
220411200816
162212200042
220211100607
221011200952
221113100513
040411200137
221012300522
221011200020
222311100523
221014200526
162214200103
221911200656
161211200022
162212300025
030612100732
182711100187
091612100124
092112100023
011311400002
091412100003
243111100210
220211200046
164411200087
082815100002
010311200146
221311100526
030614200139
221813100527
030614200138
011111400006
011111200059
020411200366
020611100018
022111200017
222313100503
152312124001
221912100573
253512200004
162211100333
020412100428
160111100079
282612100169
213112100091
020411200389
030612100731
030611400076
061012100155
221011200017
211612100019
220811200612
221811200556
221011200018
010311200145
164411200047
273012100311
221311200595
220511200671
021513100035
093512100004
272312100021
131912200017
273012100348
220213100597
162212100737
030511100003
130614200005
221811100525
143611200028
221711200639
104812100094
092111400001
164411200086
220111200756
220112100607
221613100520
260912100069
143212100185
211612100018
220213100596
273013100013
013311200066
143211200124
102912100097
235813100025
020813100001
282611200128
162212100734
263411100072
162212200041
273011100112
220212100797
164411200085
020411200388
042611200014
191012100029
162212100733
263412100210
130812100039
020415100004
220212100796
221412100539
031311100025
282612100168
221813100526
020412100427
162212100732
220412100669
220212100794
220213100595
143212100184
221715100002
220212100795
180511200015
220912100622
091512100014
221012200518
273013100020
162515100001
282611400006
161311200089
233911200104
162214100046
164411200084
243111200282
243111200283
243111200281
082812100195
220615100003
253512100097
182713100031
164411200083
152412100296
082811200122
220212200515
081711200013
153711200023
020411200387
220315100002
164411200082
220811200611
082815100001
163712100017
102912100096
131912100156
164411200081
210912100012
162811200024
282612100167
091411200037
282612100166
061013100023
162215100004
030614100037
090814100001
030115200001
221613100519
171612100019
221011200014
030611200659
220811200610
164411200080
010312100187
243112100419
161315100001
010311200144
221714200527
220212100793
014211100013
220914100502
220911200774
172611200064
243111200280
021512100056
030611200760
263412100209
213114200018
030611200759
091612100122
032411200024
161711200055
271911100018
030611200758
220212100792
030612300044
020411200386
220212100791
221813100525
221013125001
104113100002
013311200065
164411200079
220311200781
143211200014
221511225001
022711100009
160113100006
164411200077
164411200078
091611100077
011111200058
162212100731
221611200607
220811200609
233911400023
164411200076
263411200163
232612100317
241212100090
011111100036
030612100730
102911100079
131911400015
221411300502
030612100729
162211100332
162213100117
100411100023
164411100001
013711200027
013712100050
263312100032
152411100199
040414200014
030613100160
092112100022
020811200011
152414200027
220913100535
014012100057
221311200594
221611100517
201113100003
010312300010
253512100096
143212100079
030212100005
220813100521
220214100528
220714200521
263412100208
162212100730
040413100025
222212100512
081511100028
030611200757
221011200013
182712100368
220511200670
143211200154
182712100367
242712100027
164111200023
221412100538
030615100007
030611100453
220911200773
021511200042
231712100032
143211300004
030613100159
221611200606
162214200102
011112100065
220514100508
162212200040
030612100728
220211400536
213112100090
162214200101
220212100789
243111100209
221011100589
221014200525
182711200284
030611200756
130811200058
050935100003
182712100366
162213100115
011112100064
220615100002
220212100788
220214100532
072913400006
062012100034
030612100726
131911400014
191012100028
162213100116
271811100013
020412100425
272311100018
221211200578
221815100001
162212100728
221614200515
162212100729
102913100012
030612100725
242715100001
164411200073
132914200004
021513100034
160112100094
164411200072
221415100001
152414200026
030615100006
152412100295
164411200069
220814200512
132914200003
013312100069
162212200039
030113100001
220213100594
221613100518
081712100013
221211200577
220612100546
072913100010
221011100588
030612100724
162212100727
220211200034
152411200203
162211100331
040413100024
080313100008
160112100093
030612100723
161311100067
020412100424
220211400535
130611200021
182713200004
130312100002
162212100726
221311100525
202012100198
152435100002
102911200110
221513100529
162511200031
232011100287
010312100185
220215100001
202011200154
182712100365
202014200032
162211200009
221011200011
221011200012
182711200282
220414200518
130812100038
111815100001
182711200283
111915100001
221011200010
182712100364
241211400015
092115100002
253511200076
220913100534
040412100181
220811200607
221711200638
210911200017
010311200143
111811400002
013711200025
220211200037
160112100092
162212100725
220211200038
164213100002
221711200636
040412100180
133213100002
220911200771
030611200753
263411200162
221111200558
221711200637
260912100068
011311200014
131911200177
013311200064
263412100207
161312100046
221311100524
222115100002
015311200018
030611100452
143213100006
221012100819
050914100009
222115100001
042211200024
221011200009
132111200035
122912100154
220213100593
164411200067
220913200510
221012100817
081711200012
221011200008
221911100573
221012100818
220513100520
030612100722
221511200682
030611200752
221311200592
030612100721
220615100001
220214200561
191015100001
061012100154
030612100720
040412100179
230712100377
220911100530
221911100572
220211200035
221011100587
162213100114
221011100586
221512300507
091615100001
062711200025
241213100011
151111200016
261911200008
231711200021
164411200066
182712100363
243112100418
104812100093
241212100089
152412300009
252412100032
221112100535
030611200751
070512100127
061011200117
253512100094
182714200056
030612100719
061011200116
182714200055
220511200669
030611400075
020412100421
091611200150
010312100183
243114100029
243111200277
162212100724
021511200041
220813100519
220415100001
220311200777
161311200087
091612100121
030611200750
030611300038
031611100016
162213100113
130811200057
143212300006
020411100220
220912100619
040411100064
162211100330
220112300505
220312100641
221712100585
243111100208
243111100207
040411100063
263015200001
193112100124
132911200025
162212100723
243112100417
253512100093
221712100584
040411200136
152411200202
201111200011
131911400013
102912100095
260912100067
172611200063
201611200032
230711200133
020415100003
260911200062
221011400548
162211400074
252411200024
161514100001
111911200016
221411200582
182711200267
122912100153
220213100591
113611100009
263311200036
162215100003
072911200046
113311100022
221735100509
241212100088
050911200123
221513100528
171111200008
241212100087
171111200007
161311200086
221912100572
160712100001
182712300006
104812100092
221311200591
191011100030
222011100513
164411200064
220712100557
143212100183
021811200013
152412100294
163712100016
220911200769
164411200063
220211200033
152412100293
151011200020
220411400515
030612100718
020411200384
164411200062
221514100508
030614200137
220211200972
221112100534
221413100512
162211400073
220115100001
020413200004
282614100009
010311200142
221712100583
014211200017
050911200122
131911200176
171411200022
030614200105
220913125004
162213100111
243115100001
040411100061
220915100002
040411100060
222012100514
221713100530
220912100618
040411100062
030611200676
030611200748
030612100717
092112100021
220211200028
193112100123
220211200029
162211100329
221011200003
221311200590
221611100516
162214200100
182712100362
220715100001
220311200776
221811400510
282611200127
221712100582
220913100532
160112100091
164411200061
220212100785
031311200013
030611200747
160112100090
021512100055
253511100028
263413100020
171412100031
164411200060
040412100178
132012100028
211112100023
160111200128
220812400501
172612100121
221011200002
082811400014
220211200026
221011200999
030611400074
220911200768
104812100091
220811200606
104812100090
152412100292
221611200604
221911200655
272212100027
030614200136
122913100010
030612100716
152412100291
030612100715
160114200011
220214100530
164411200058
015213100001
143211200153
010312100182
221712100581
020412100420
231611100134
182712100361
164411200057
111814100009
013314100004
030611100450
263311200035
104112100003
013312100068
102912100094
011111200057
113411200041
282614200029
104811200106
164411200056
152412100290
042611200013
243112100416
221511100579
220212100784
030611100449
152411100196
221914100509
221514100507
030612100714
162211100328
020413300003
220911400526
162212100721
221911200654
020412100411
220311200775
050915100001
080312100039
010312100181
243113100058
030611200746
030612100713
030614200135
221712200505
162212100720
111814200012
030611200745
221711200633
220815100002
010312100180
220211200025
221013100590
152412100289
162212100719
221411100527
213111200096
092115100001
221214200509
030611400073
162211100322
014013100014
193112100122
220811400511
021512100057
030614100036
220811200604
013715100001
273014200022
242415100001
070511200103
243111100206
152411100195
243111200276
152412100288
152412100287
020412100419
020414200037
030611100448
050911100025
152411100194
162215100002
011114200007
220212100782
221911200653
010313100022
221011200001
221914224002
221912100571
221411100526
221711200632
030611200744
091612100120
145114200001
092111200028
020411200383
030612100712
171611200014
242711100043
220911300503
152412300008
091511200020
091511200021
161713100001
221013100589
221511225002
220911200765
221011200998
162214200099
220512100575
220913100531
220213100590
021735100001
131912100155
220111200753
011111200056
221412100537
273014200017
220913200509
122912100152
143211100038
164411200052
164411200053
013312100067
051615100001
011111200055
030612100710
220211224006
220311200774
243112100415
082811100080
030612100711
062711200024
020411200381
263411200160
010311200141
243111200275
221012100816
221911200652
162211400072
220912100616
131911200175
221911200647
082811200121
243115200001
030615100003
241212100086
232011200062
221414100501
221711100530
220811100527
162211100325
162211100324
143211300003
162211100327
162211100326
221311200589
030615200004
220212100781
193111100070
143212300002
111811200075
231712100010
020111200024
162212100718
220411200813
030613100156
164411200051
030612100709
220111200752
162211100323
030612100708
220914200536
252411200023
010313100021
020912100020
202012100197
220611200560
220212200514
220311200773
222011200546
182712200010
080312100038
030614200134
030612100707
030111200010
091411200035
230712100376
220113100514
020413100035
220811200603
061014200015
241211200115
062715100001
030612100706
143211200152
220711200655
230711200359
233911200342
010312100178
010312100179
020415100002
213113300001
220411400514
221715100001
282612100165
220811200605
202011200153
221011200993
220211100606
042212100031
011112100063
230614200047
221011200994
221811200572
162214200098
182715100003
220211200024
164411200049
020414200036
130811200056
131911200173
013312100066
162214200097
263411200158
014012100056
220411400513
030612100705
164411200048
221413100511
030611200743
111811200074
030612100636
243112100414
220711400514
021712100034
030611200742
220912100615
171412100030
162213200017
040415100001
082811200120
282611200126
010111200015
222314200502
222211200527
220911200762
273011400006
220511200668
220211200032
020412100418
243111200274
182713100030
164411200046
220511200667
163711200018
010311200140
164411200045
241212100085
220212100780
020412100417
164411200044
040613100004
122411100034
221814100505
260912100066
221911200650
030612100704
221712100580
220211200021
220511200666
221312200334
011112100062
162213100109
221611200602
220212100779
221911200651
253511100027
220815100001
220211200020
221411400505
220211200019
220412100668
164411200042
164411200043
231711200360
164411200041
040412100177
220911200761
220612100545
182711100186
164411200040
030611200741
030612100703
160112100089
182711200281
162212100717
263412100205
150812100007
221611200609
152412100286
030611400072
131915100001
221913100513
221011200991
030611200740
221911200649
010311200139
160112100088
182712100360
221911200648
282612100164
091514200001
182711200280
122912100151
061012300013
030613100155
243111200273
163311200018
091411200034
162212100716
072912100057
222011200545
243111400021
220211200999
282612100163
143212100182
030612100702
262811200031
221112100533
030614200133
160112100087
132011200025
220212100778
222111200522
164411200039
130811200055
220514100507
164411200038
162212100715
164411200037
160111200127
030411200019
014011200052
030612200022
030611200739
030613100154
162212100714
220911200760
010211100012
221414200511
220411225001
182715100002
162211100319
162211100321
273011200138
182715224001
282613100011
211012100002
061015100001
061012100153
243113300006
131914200070
070512100126
030612100701
040411200134
162214200096
220312100640
202012100196
263412100204
273013100019
062115100001
102912100093
263412100203
151614100004
261912100006
220312100639
162213100099
212711200011
160111100078
263412100202
030611200737
030611200738
030611200736
061014200014
221511200681
242214200001
162212100713
230911200359
120215100001
122912100150
013712100049
020411200380
160111100077
162211100317
220911200759
202012100195
222111100521
162213300011
220711200654
152412100285
042611400001
030615200003
220811200601
162212100712
221011400547
062011200016
213112100089
162212100711
132111200033
152411100193
220811200600
220912100614
220814100505
220414100512
191011200023
030612100622
020415100001
020412100416
131911200172
260915200001
220311200771
193112100121
221714200526
020411200379
221414200510
072912100056
010312100177
220212100777
021712100033
221711200630
221711100529
202012100194
220911100531
061011200115
221714200525
091611200148
262811200030
162215100001
164411200036
221712100579
243112100413
030612100700
030611200735
220314200515
220314200514
221014200524
232512100332
220411200812
152415200001
032411200022
131911200171
162212100710
282612100162
164411200035
152412100284
260911200061
102913100011
162212100709
104812100089
182711100185
211612100017
272213100002
172612100120
263412100201
221011200986
182712100359
030613100152
172615200001
220312124002
263412100200
220912100613
221013100587
221014100518
221613100516
220214200559
160112100086
014211200016
091611200147
011112100061
010314200012
220211400533
040612100111
020412100414
143211200032
020412100415
091612100119
221212100520
032612100008
030611200732
021811200012
243111400020
143212100181
152311200005
162211100316
243111200272
143211200071
030615100002
162212100708
030614200132
221613100515
082812100194
061012100152
164411200034
220111200751
162212100707
222314200501
132012100027
232612100331
010314100012
164411200033
152412100283
253513100014
221711200629
162611200072
182712100358
062012100033
220911200766
182712100357
030614200131
221711200628
061012100151
162211400070
193112100120
040411200132
162211400071
220411200811
040411200131
020412100413
241215100003
221013100586
273035100007
221411100525
091612100118
030611200730
221011225004
020411400020
282611100089
212711200010
221011200984
172614200014
221011100584
220211200993
221711200627
040411100059
282511200018
030615200002
241215100002
164411200032
193111100068
162212100706
164411200031
232611100329
030615100001
202012100193
243112100412
242412100022
164411200030
030613100151
162212200038
020411100219
263412300005
020411100218
020111100028
062815100001
221914100508
030612100699
164411200029
221912100570
220112100605
020412100412
220211200992
162213300010
022712100008
143212100180
272311200865
021511200039
180515100001
243111200271
261111100011
013712100048
222312100517
263412100199
182712100356
161311200085
011112100060
131914200069
232615100001
020411200378
110214200001
263412100197
030613100150
160114200010
263412100198
164411200028
030611200728
040413100022
253511200075
014014100005
164411200027
143212100179
193111400001
164411200026
182711200270
220412300515
243111100205
020411200377
162213100106
220211100605
243611200013
220912124001
220511200665
220812100534
220911200758
220311200769
030611400071
014211200015
113411400005
131911200170
221511225004
160111200126
220311200768
030612100698
263411200157
030612200021
182712100355
050911200120
220711200653
220213100589
040612100110
143212100133
164411200025
182712100354
082811200119
220212100774
162211400069
143611100012
221514200517
220912100609
213113100005
220912100610
164411200023
221614200513
030611200727
030613100149
102912100092
263312100031
082811200118
202011400006
020411200376
221912100569
220915100001
111811200073
221711200625
221011200983
014214200001
221012100814
164411200022
013311200063
243112100411
152111200011
221012100813
253511200074
162212100704
182712100353
143211200028
162211400068
010212100003
220213100588
221514200516
111811200072
190711200005
040411400011
153911200012
220515100001
221412100536
152411200201
030613300015
164411200021
220211200990
272211200012
220711200652
082812100193
164411200018
164411200019
164411200020
030611200726
193412100024
220211200988
221611200605
162212100703
271111100011
210912100009
030614200130
030612100697
220111400519
113311200021
162211300022
210912100011
013712100047
030612400001
202011200152
030611200725
143211200119
030612100696
010312100176
221715200001
221011200981
193112100119
213111200102
220211200030
030611200724
181311200032
164411200017
040412100176
263411200155
263411200156
162212100702
221511200679
030611200723
202012100192
072914200009
273012100344
220411225002
220811200596
220112200508
220314200513
131911200169
160111200125
040411200130
013312100065
221011200979
102912300010
131914200068
082814200032
273011100100
040414200013
104812100088
220213100587
030611400070
272211200013
221711200624
220212100773
221011400546
020413200003
261811200004
162214200095
131912100153
221012100812
162212100699
143212100178
220412100665
221312200333
243111200270
253515100001
091612100117
220213100586
273012100343
171412100029
162212100698
162311200028
160112100085
151612100043
030612100695
162212100697
020414200035
221211100513
030611100445
162211100315
030611200720
030611200721
020411200375
030635100020
030611200722
143611100026
263312100030
253511200073
253511200072
220311200765
220411100620
221111200557
164311200019
220311200766
221712100577
221011200978
201115100001
031311200011
221511100577
243111200268
221811200571
160111200124
164111200024
220611200557
162611200071
243111200269
082812100192
220411200808
162311200027
282612124001
130612100003
211111200017
213114200019
020412100410
162212100696
030611200719
220211400534
263411200154
220911400525
164411200015
020411200374
162212100695
263314200003
100435100002
091611200145
040411200129
221911100570
014011200051
020611200010
061011200113
271111100012
243111200267
122914100011
221911200646
273011200137
202014100022
241211200114
013312100064
091612100116
061012100150
221211200576
030611200718
020411200373
202012100191
253511200071
162211100314
162214200094
221512100597
082812100191
221714200523
164411200014
220912100608
162214100045
152411100192
162213100102
162212100693
030635100019
030613100147
182714200054
260911200060
162212100694
164411200013
162214200093
111811200071
182711200279
030615200001
220312200508
013311200062
241211200113
030612100694
164411200011
164411200012
201612100056
182712100352
211611200012
020412100409
164411200010
111814200011
252311200002
243712100001
030611400069
122913100009
020412100408
062013100004
220211200987
221011200975
193114100006
132911200024
164411200009
160114200009
162212100692
220112100604
220714200519
193115100001
010312100175
241215100001
220912300507
221811200570
162213100101
273011200134
235411200132
164411200008
070512100125
220812100533
220911200754
221513100524
202014200031
082811200115
220211200986
221735100508
030611200716
220311200764
151614200001
152414200025
062712100033
172612100119
220311200763
164411200007
221511200678
021712100032
221012200517
220514200528
241211200112
014012100055
220711200650
143211100135
221011200974
171412100028
104811200103
164411200006
220211200985
122915100001
220315100001
162212100690
221712100576
221011200973
182712100351
030611200714
160112100084
182711400029
164411200005
282611400005
221613300502
030611200713
030611200712
020411200372
202011200151
182715100001
273011200087
131914200067
282615100001
020412100407
241212100084
220411100619
020412100405
020412100406
010311200104
212711200009
220112100603
243112100409
182713100029
020411200371
171412100027
220911200753
182712100344
111811200070
030611200531
061011200112
152411200200
022112100010
220312100637
122912100149
221712100575
221612100524
020413100033
263411400010
031411200017
030611200734
030612100692
030612100693
030611400068
282611200124
090811200020
262811100027
221611200600
164411200004
162214200092
220712100556
220911200752
221011200971
020412100404
231711200314
220412100664
030614200109
220211200984
231814200040
020412100403
263011200007
030611200711
010113100004
030235100002
030613100146
030411200016
132012300001
030611200710
221013200507
220911200751
221414200509
162212200037
093511100015
221411200581
220611200555
030613100145
091611200144
243111200266
242411200018
162214200091
220311100562
220311100561
020411200370
082811400013
220914200535
220311100560
040412100175
221013100582
221011100583
221511100575
131914200066
091611200143
220412124002
221911200644
221711100528
220212100771
253511200070
193411200014
030611200709
061012100149
243112100408
232612100316
221511100574
164411200003
182712100350
161712100011
220212100770
220413100541
220212100769
221011200969
253512100092
213112200007
030611400067
221811200568
221311200588
221813100521
030611200708
011111200054
021511100043
202014100021
221012300519
164411200002
030611200707
220311100559
011111200053
273012100117
042211200022
061011200111
162214200090
220812100532
162212100689
220611200554
040411200128
221114200511
104811200102
012814200001
030614200129
082814200031
220613100508
220511300501
082811400012
162211200735
162212100688
220612100544
220314200512
221711200620
220211200983
221011200967
162212100687
220811200593
243111200264
220811200594
021712100031
132011200024
220214200558
220511200662
153912100018
152412100282
220811200602
070511400006
162212100686
030612100690
221512100595
220211200982
220511100535
221711200619
263412100196
220312100636
221012100809
220211200981
202011200150
221011200004
221211200573
221412100535
222414200502
220812100531
162211200731
263411200153
162212100685
211611100018
162211400067
220814100503
082812100190
162212100684
163711200016
030611200706
253511200069
182712100348
082814200030
010311200138
221612200503
162211200541
162211200661
160112100083
220214200557
263412100195
220211200979
030611200705
220211200977
243113100057
020412100402
282611200123
221514200515
013312100063
220911100529
193411200013
220211200978
091611200141
221713100527
221914200520
221911200643
220311200762
164112100008
221712100573
030611200704
031611200009
070512100124
221012100808
031611200008
220911400524
091613100005
272111100016
202011200149
031412100010
162211200688
142211200006
070512100123
263411200152
221211200572
122912100147
221611200599
113411200040
030611200703
132111200032
221011200966
220213100584
262812100028
221011200965
191012100027
221711200626
220914200533
020412100400
020412100401
220911200750
221011200964
220211200042
221711200623
234512100330
082812100189
181311200031
263411200151
263312100029
030611200702
030412100006
130813100015
241211200111
162212100683
030611200701
221535100502
213111200101
030612100689
162211200000
020412100399
011111200052
011311200012
010312100174
253512100091
014211200014
030614200128
210911200020
010212100002
172635100007
220811200590
030611200700
011111200051
162211200999
243111200263
220912100607
020411200369
143211200013
164411200055
160111200123
282614200027
220413100540
040412100174
221813100520
030612100688
263412100194
162213100098
050912100121
211012100001
020414100025
020412100398
030612100687
162212100682
040411400010
143212100177
220113100513
021711200018
230713100059
091611200140
143214100013
111812200004
014012100054
020411200368
220313100529
221911100568
143212100176
143212100175
242711200022
260911200059
263411200150
030611200698
220911200770
220211200975
213111100050
221613300501
210511200005
211112100022
091611200139
221811200567
220914200532
162811200022
131912100152
263412100193
243111200262
243112100407
273012300012
243111200261
013714100004
162214200089
210911200019
162211100313
260911400003
263413100018
263211400001
162511200029
020412300013
221414200508
010312300009
013312200001
241212100083
061012100148
221614200512
030614200127
013312100062
243112100406
104812100087
102912100091
220512100574
271911200014
220111100539
182711400028
221014200523
271011100015
221712300506
030612100686
030612100685
220312100642
220512100573
063212100006
020412100397
222311100522
220412100663
222411200514
030611200697
221412100533
221711200618
020412300012
193111200068
221013100579
221511125001
221811100523
243112100405
020412300011
172611100052
162211200997
162212200035
221711400514
162211200996
162211200995
260911200058
221114200510
102913100010
162312100018
061011200110
030611200696
152412100280
243113100056
221712100572
221712200504
273012100859
220911200748
234514200055
233912100329
263412100192
202013100024
273012100321
240411100026
221011200992
182712100349
020411200367
221111100535
220214100525
011112300002
062711100026
091411200032
042212100030
040612100109
220214200556
210911100038
061011200109
030612100683
122913100008
272312100020
243112100404
091612100115
222011400504
102912100089
221012300518
220314200511
041311200008
220312100635
242212100006
243112200015
221911200642
234311200330
082711200009
030411200015
271014200001
131911200168
021711200019
220513100519
030611200695
221311200587
221011200962
220913100530
182712100347
220912100606
030611200694
030614200126
243114200029
122912100146
120211200024
131911200167
091513100002
010312100173
131911200166
050912300003
221812100531
162213100097
102911200109
130813100014
220514200527
220211200973
161311200084
162212100681
143213100019
091611200138
221011400545
130811200054
220211200970
162214200088
220211200971
221711200617
220212300521
010311200137
182712100346
011311200013
221011200961
220311200761
072912100055
210911100037
030611200693
221711200616
030614200125
160114200008
220912100605
010311200136
221011200960
040414200012
030611200692
234511200329
220911200747
030613100144
061011100073
243114200028
220311200760
221911200641
221311100523
213111200100
030614200124
221111200555
220211200969
202014100020
270711200006
252414200005
220611200553
122912100145
162213100096
030613100143
260911200057
221614200511
220511400508
104811200101
014211200013
162212100680
191011200022
221511200674
221511200673
221113200501
230711200374
230711200375
230711200373
221112100532
030611200691
221811200566
273011200136
020411200365
221012100807
162511200028
221711200615
010314200011
221311200586
160112100082
162212100735
030611200690
070514200019
102914200008
130811400004
221011200957
021712100030
234512100328
021811200011
020412100395
221011200956
220111400518
020412100396
040412100173
221011200955
220311200759
221011200954
010311200135
220911200746
221011200953
131912100151
221011200021
221711200614
020112100038
050912100120
220211200968
220311200758
152411200199
221712100571
153712100028
030611200689
080311200018
021512100054
162211200994
220211200967
282612100161
162212100679
010314200010
221011200951
162211200993
162211200992
021712100029
160112100081
021311200013
030611200687
202014200030
061011200108
221511200672
014011100030
221713100526
220211200966
030611200686
241211200110
020411200364
263411400009
030612100682
220212100768
220411200805
030611100444
022711100008
220112100602
090811200019
030612100681
030614200123
091512100013
162211200991
131912100150
014014200007
161311200083
102914200007
030611200685
030611200684
252311100003
030613100123
011112100058
220711200647
221811200565
221311200585
220614200510
162214200087
162611200068
242714200003
221413100510
221912100566
220111200747
020413100031
020412100394
010311400015
190711200004
143211200109
220111200746
182714200053
220711200646
162211100312
021512100053
030611400065
243112100402
282614200026
282612100160
021512100052
020412100393
220111200745
162211200990
014014200005
014014200006
014014200004
202411100017
221211200571
014011200050
172614200013
162214200086
162214200085
262814200013
164111100029
202012100190
020411100217
273011200107
162212100678
221011100582
091614200017
163311200017
221512300506
243112200014
030612100679
243111200258
030611200681
030611100443
030611200682
243112100401
022311200004
152411100191
030611200680
162211200989
182711224006
172612100118
030614200122
030614200121
162211200986
162214200084
162211200987
020412100392
201611200031
091611200137
030611200678
132911200023
193411100022
221111100534
220711100527
122912100144
020612100012
211011200008
020411200334
231812100319
050911200121
020913100002
282614200025
020413100019
221811200564
243111200257
020413400001
220312100634
182713200003
273035100006
020411100006
221013100577
220113300503
030612100678
221114200509
030612100677
091611200136
162213100058
243111200256
221814200516
221013100576
030612100676
162211100309
050911400001
160111200122
163711100006
162613100002
162211200985
162212100299
162212100089
161711200052
040412100172
020411100192
152411200198
220211200000
220911400523
132911100034
022311100019
162613100001
221111200554
162214100037
011114200006
160113100001
172612100116
082812100188
282613100010
162211200899
162212100085
162212100137
191012100023
260913100004
231013300006
273011200135
221713100525
020412100290
234511200372
220213100583
161211200021
082811200114
190711200003
162211200984
020411200293
202012100189
221411200580
221011400544
220214200555
020414200034
022111100016
221511200671
162211200824
091612100114
162211200983
162211200939
162212100677
130611200020
231011200357
211011200007
160113300001
221914200517
220912100603
162214100013
243114200027
162211200601
091611200135
220914200531
162211200981
133212100008
162211200982
221512100594
020411100059
020412100391
061011400001
160111200111
161312100045
162212100462
191012100026
010311200134
163712100012
220611200552
162211100151
162211200868
162211100230
234311200371
162211100231
162211100248
162211400010
162211200312
162511200030
220212100766
273012100342
162211200980
131912100149
162211200956
162211200969
164212100005
211611200013
132111200031
172612100115
162211200979
162211400041
162211200961
221712100570
162211200841
221712100569
213111100049
172612100060
020412100390
220311200757
061012100105
020411100033
220714200518
220714200517
262814200012
161712100010
162212100631
021811200009
163713100001
162211200978
020111400003
220514200526
182735100007
021511100042
220411200804
202012100188
220811200608
220911200743
162211200358
160111200094
061011200107
221911200639
221614200510
230612100174
020411200133
102913100009
020411200150
162212100410
020411200096
162212100483
040411200127
080312100037
221011200948
220811200587
221512100593
220811200586
221011200963
013312100061
162211200977
221511200670
040612100108
220111200743
020412100361
220111200744
220311200756
030611200674
030611200673
030612200020
031611100015
221011400543
220211200964
061012100119
162211200670
020414100024
243112100400
273014200019
011111200050
020411200266
020411200363
131912100148
162213200013
104811200100
220711200645
160112100056
243111100204
182712100345
220612100542
030612100673
282614200024
020413100022
130311100016
162811100008
160111200098
220911200742
193112100118
234311200211
104812100086
104812100085
162211300021
020411200357
161311100040
161311100032
010311200132
162212100655
010313100018
013711400002
040611200051
143212100174
234511100306
162211200942
061013100020
230712100327
010311200133
102912300009
161311200082
171412100013
193211100004
162211200975
162212100224
162213100094
040411100058
234512100326
220711400513
172611200049
232614200054
020412100348
160114100004
221711200611
221711200612
030611100454
061012100146
193112100117
162213100093
061012100071
162211200974
243113100055
152412100262
021712100027
162211200973
211612100016
162211200792
113411100040
020912100016
020411200362
162211200972
020411200361
021711200020
013312100057
011112100057
220212100765
213111200098
162213100049
030611200671
013311400006
162211200239
162211200971
172612100089
220211200963
221011200946
070511200102
013312100059
013312100058
172612100036
030611400064
032412100039
213112100088
221012300517
231011100327
162211200906
162211200815
010311200130
104812100084
050911100054
221011200945
013312100060
235411100307
020411200230
272314200002
241214200015
193111100044
243112100399
190711100019
162211100126
020411200360
162212225001
220213300508
161713300001
243114200026
220213100582
062811100006
152414200024
172612100114
073512100021
021713100005
230711200136
111813100007
162212100676
202411400002
221611200598
220911200741
182713100028
243111200255
220411224007
220913300505
081712100012
020414200033
020414200032
182711200278
162212100675
061012100145
221911200638
220111200741
131912100147
030611200670
102911200108
162211400057
143212100173
221511200669
220711200644
162611200067
021513100008
221614200509
160111200121
162212100674
011111200049
220411400512
220311400513
162211200910
263412100191
030614200120
162212100673
162211200638
243112100398
143611200034
221613100514
220813100523
221011200944
162211200586
162211200325
222011200544
163911400004
220211200961
030614200119
220711200643
143211200151
220111200740
111811200069
172611100047
221611100515
221911100566
221811100522
020412100279
220411200803
021511200038
061013100014
063511100001
162211200619
162211200970
160112100067
161711200053
220411200802
162212100672
162213100027
020411200359
162213100044
221712100568
061011200096
162212100615
102914200006
011113100005
014011400008
221911400508
030612100672
030612100671
162211100194
030614200118
234311100144
231713100020
221011200943
122911400003
221714200521
220911200737
220911200738
162212200034
162213100037
221711400515
221712200503
221611200597
131911200165
011111200048
162212100314
162211200323
162211200967
111711200005
221012200515
104811200099
161711100008
221713100524
282611200122
160112100080
162211200869
130811200053
220211200957
030612100670
010313100017
040411200126
220211200044
011114200005
220211200956
220111200748
220911200736
220811200595
013712100046
162211200955
230611200370
221012100806
061011100068
162211200590
220212200513
162211200966
162211400045
131914200065
162611100038
221013100575
162214200083
162811200023
020414100008
020411400017
020411200291
082814200029
061011200097
162212100671
162311200026
042211200021
010111200014
160111200068
162211100066
082811200113
221011200942
221911200637
162212100670
030612100669
162211400014
010311200129
143211200150
241212100082
030611400063
030612100668
030611200668
030612100667
020412100233
253511200068
231711100017
220211200039
040411200125
160112100079
220211200955
230612100276
221011200987
020411200298
221611200596
253511200067
061012100141
221011200941
220911200734
221011200940
220211200954
221813100519
020411200347
020411200343
230714200053
220211200040
221711200609
221914200516
282611200121
020411100123
221711200610
220912100601
221012100805
122913100007
221512200504
221613100513
162211100290
162213100071
162211200654
162211100257
220411200801
162212100586
020913100001
153912100017
161711100021
161711200050
220435100502
122411200048
253513100013
030611100442
221713100523
253512100090
193111100060
011111200047
070511300006
221011200939
222111400502
221011100580
220311400512
221011200938
010314200009
161711100032
030611200667
143211200149
152411200197
282611200120
221011100579
050912100119
193112100109
220511200660
220212100763
221814200514
230712100281
182713100027
022111200012
091612300002
162212100669
263414200030
220912300506
030613100141
030611200666
220412100662
020911200015
040412100170
233912100325
122911200105
193111200069
221012300521
191011200018
163712100015
162212100437
220212100761
162213100066
220412100671
020411100096
162211200684
233411200369
220411200800
243112100397
161711200048
222311200522
061011200106
221411100522
104811200098
220611200551
030614200116
162211200926
060813100005
221011200937
162212100554
152412100278
221711200608
220211200951
122912100148
020412100356
021811200006
220212100786
221012100804
162211200963
010311200128
202014200029
221012100803
220311200755
010312100172
221711200607
232612100089
020112100037
030612100666
020112100036
021511100031
020412100181
273012100341
020413100007
042812100059
220711200641
220213100581
221513100521
191011200019
030612100665
020413100003
220212100760
061011200004
113314200004
042812100058
020412100192
162211200962
122912100143
020411200159
221513100520
234511200368
230711200367
220813100517
021712100012
162211200773
221013100592
220313100526
162211200851
164111200009
152411200196
182711200258
061011100040
063511100003
162611200066
122912100142
040411200124
020411200175
020412100357
235911100079
235911100111
091611100076
162211200476
172613100006
122912100141
220411400511
224611225001
020411100030
222012300501
030611200665
221912100567
030612100664
220535100503
220412100661
210911100036
160112100077
220912100598
220211200949
220211200948
220212100759
152413100029
230612100258
162211100288
162211100106
080311200017
233912100253
020911200006
220711200640
061011200105
220412100660
221013100572
220911200731
220512100572
021513100012
220213200511
162211100292
220214200554
221713200502
162211100284
221011100578
221011100577
162212100667
221011100576
221511200668
162212100668
220914200530
161311200088
143212100172
220311200754
230711200120
030612100663
030612100661
030111200009
070511100075
162212200033
220211400532
082812100187
220212100758
171411200021
220112100601
021713100004
131911200164
220914200529
221914200521
021211100002
221911400507
220214100524
182714200052
091612100113
221011100575
062111100014
162213100030
221711200605
243112100396
182712100343
152414200023
153712100027
162212100466
235912100300
221712300505
220811100526
040412100169
030612100662
020412100124
232512100324
022311200001
162211200432
162211100305
221211200570
030613100140
164112200001
162211400042
010313100016
282611100088
092114200002
152412100277
243113100054
152412100276
221013100571
020414100019
030611200664
190111100005
021511200037
030612100660
272111200003
220111200738
012812100002
010111100016
220214200553
020411400011
104811200097
163911400002
162211200960
030612100659
162211200772
042811200035
221911200635
021511200033
162212300024
243112100395
061013100011
193113100002
261912100005
232611200165
234511200241
232612100315
162511200017
220412200509
222412100513
221013100570
162511400001
233411200366
162211200732
020411100097
243111100203
220212100756
243111400019
273012100339
021511100041
162212100278
040413100021
020412100389
013713100003
132911100033
020411100216
020414100023
221011100573
162212100666
162311200025
162213100091
162211200958
162212100665
162211100310
220911200729
162213100054
243111200253
161313100001
221011100572
162611200065
131911200163
243111200254
062012100025
162211100266
070512100122
162213100075
062012100001
030211100030
062012100003
092111200027
182711200276
182711200275
241214200014
162211100053
221012100802
093511200018
220313100525
091611200132
181311200029
010311200127
072911224001
152414200022
182711200277
122412100036
020411200047
162212100479
160112100066
162211200957
162213400013
020412100388
164111100017
162211200827
143212100171
020413100030
161312100044
162212100664
232511200365
161711100006
162212100039
220711100526
221912100565
161711100029
243111200252
030612100656
220813100516
220813100515
020411200288
030612100658
020411200356
030611200662
030613100139
030612100657
030611200660
162214100043
020811200009
102912100088
143212100170
220812100535
061013100012
220412100659
242412100021
202011200148
130611400001
040412100168
221011200934
162211200870
193112100115
082812100186
161311100008
163311200016
162212100583
020111100011
162211400007
030612100655
030611200658
262811200028
021211200001
162212300007
161711100007
180813100004
162213400011
131912100145
061013100007
091611200131
091611100075
143211200018
162214100044
220311200752
243111200251
022112100008
161711100035
162211200737
220913100526
193111200067
020411100106
152412100271
162213124003
010111400002
050912100118
152412100270
162211100311
020413200002
220212100755
102912100087
040411100056
011112100055
191511100010
193112100034
061013100015
020411200280
020411200219
273012100337
152411200194
162211200953
273012100338
273012100336
220914200528
122912100140
220911200728
220212300520
161311100014
162211200181
220212100754
111911400002
020412100384
162212100663
243112100394
132911200022
161311100020
161311100059
161311100029
162211200736
193112100102
040411200123
172612100117
030611400062
113812100005
113312100031
162213100085
010211200011
153712100026
220912100596
143211200148
221911200634
193112100114
063112100028
221812100530
061011200104
220212100764
282612100159
221111200552
020412100387
181311200030
263411200149
220311200751
161314100003
182711200274
162211100302
014012100053
162211200281
143211200147
282612100158
091611200130
253511200066
232611200234
020411200353
162211200649
162212100662
091612100112
010311200111
015211300001
243111200250
042014200002
091611200129
162211400064
220711100525
162811200021
030614200115
220111200737
162211200952
220111200736
143212100169
221011200933
220211200965
020412100386
160111200045
042011200018
221512100591
130813100011
010312100171
220212100753
220914200527
220713200501
221011400542
162211200789
220211200944
221712100567
221012100800
010311200126
263412100190
282614100008
151612100042
104811200096
161311200077
220311200749
070512100121
235611200345
222012100513
220514100506
014012100052
030612100654
143612100022
220914200526
171611100019
020411200010
263413100017
282611200119
162211200886
221011100570
162211200828
164111400002
020411200279
162214200062
162211200951
220311200748
230712100323
030613100138
221511200664
131912100144
123611200009
271111200004
020411100135
091611200128
191012100025
221011200932
014012100051
020411100122
221011400541
020412100323
162212100550
220311200747
221011200935
221511200662
020411100139
220411200799
235511200242
220212100752
160111200112
221011200931
061011100006
162214100019
015211400002
162511200024
162212100661
162212100660
220311200746
243112100393
220911400521
162211200694
131911200162
030611200656
010312100170
020111100003
243112100392
162211200949
220212100801
020411200312
221012100799
162211200950
061011100069
220811200584
013711200026
220811200583
221011100569
161311200080
162211225004
030612100653
221011200930
020114100003
021511100037
122412100060
220212200512
243112100391
130812100036
121211400001
221811400509
221011200929
220911200726
220911200727
162211200948
221911200633
221211200568
162211200947
020112100035
230712100322
162211200081
162212100610
161311200074
220311200745
020412100385
111814200010
220811200582
021511100039
220813100514
221514100506
092111200026
235511200360
220413100536
092111200025
160112100076
091612100111
020911200017
152412100275
220612100539
221013100569
162212100543
070513100011
221012100798
020412100318
162214200082
182711200273
182714200051
030611200652
020613100001
243111400018
232411100063
221911200632
221312100531
220911400520
113411400004
020113100001
220112100600
260912100063
020411200027
162211200946
020412100353
233911100326
221711200603
091612100110
220711400509
162211200945
220211200941
061011200103
162611200064
221011200928
220914200525
010312100169
030612100652
030611400061
020411200300
162212100464
220212100751
162211100078
171412100008
020414100006
162212100652
221011200927
020411100124
162611100002
040412100167
164111200012
220213100580
020411200203
020411200270
131912100143
050911100073
030111200008
030611200651
030611400060
171412100017
090211100028
222111200523
162611200063
221012100797
230611200363
221714200520
020412100383
172612100113
070512100120
171412100026
220511200657
230611200054
021811100030
220413300506
221712100566
221012100796
020111100010
213813100003
091611200127
241211200109
220911200725
162211100067
243711100010
160111200120
031411200016
243111200248
263414200029
221511200661
162211200769
162211200859
220211200940
220211200939
162211400060
213111200097
010311200125
162212100473
162211100299
161711100034
220611300503
122411200047
061011100019
030611400059
131912100142
162211200944
010312100168
030611100441
030611200650
162212100658
113312100030
104811200094
221714200519
221011200926
030614200114
162211200943
030612100651
061011100018
162213100024
261711200013
014011200049
162212100657
231711400013
221012100795
162511200012
221511200660
220311200743
090211200023
020411200045
021513100009
011111200046
171411100013
220913100524
263411400008
020411100007
011112100054
132111100013
233412100257
243112100388
230611100036
162611200062
220811100524
162211200572
162211200801
221713300505
010311200124
220212100750
022111200011
221412100531
162214200026
171411200006
152412100274
220514200525
162211200889
164111100007
042811200034
193111200027
162212100101
232411100324
020411200336
272212100031
193111200048
230711100311
162212100624
040411200122
162212100124
193111200062
220211200938
152411200193
021811100037
161711200045
162211200936
160111200079
061011100023
061011100032
162612100014
162513100001
220311200750
243113100053
220611200549
220211200045
213114200016
220311100556
220311100565
221011100568
213112100086
172611100051
220214200551
104811200092
091511100025
030613100137
030611200649
030611200648
130311100015
162211200713
221011100567
104811200091
020411200081
221011100566
160111200114
162214200081
062711200023
211112100021
230612100273
070513200002
020411200349
162211200272
221413100508
162213100069
162212100656
010311200123
030614200113
221011200924
220511200653
020411100215
172612100112
220911200724
220211200937
241211400014
222211200526
220212100749
182711200272
221713100521
220211400531
020411200160
220411200796
061011100058
030646100001
221713100520
062111100002
160112100075
061012100130
152413100028
021513100031
234711200056
221311200582
241211200108
162211100105
040612100107
182714200050
220913100523
030612100650
030612300042
030613100136
220111200735
220511200651
220511200652
161711200051
020411200333
162211200340
153912100016
221011200923
162214100008
211112100020
062111100004
063211200004
030614200112
030612100649
182711200271
031611100014
021511200036
162211400053
220211200936
220511200664
221311200581
030611200647
030612100648
162211200829
162211200247
160111200075
162212100007
162611200044
162212100178
162212100059
162211200856
162212100334
163311200003
162211200734
162211200455
162611200014
162212100004
152412200009
164111200022
234312100321
152413100027
162211200941
220511200650
030612100647
162211200812
091614200015
221511200659
022112100007
221511200658
193111200066
020412100350
030613100135
020413100029
030611200646
030612100646
070511200101
020412100380
263412100189
163711100022
282614100007
061012100120
030612100645
030612100644
062712100032
220712100555
221512100592
220412100657
030613100134
162212100509
220911200723
220912100595
013713100002
122914200030
241212100081
171111200006
162211200940
160111400002
061012100144
021512100035
020411100112
152412100273
263411200148
152411100190
162611200012
013712100045
010312100154
253511200065
233911100272
082814100007
162611200054
030614200110
233912100320
020411200354
030611200644
220112100599
233912100028
162214200001
130812100035
222014200506
220912100594
221511200657
162611100048
161312100043
021511300008
263414100016
013312300001
162211200842
061012100139
020411200117
111812100122
111812100121
233911200089
061012300004
220511100534
221911100567
220711100524
021511100035
021511100040
021511200032
193211100002
222012100511
061012100143
220511200649
152411200192
193114100001
120211100021
030512100002
160711100019
163712100014
020411400012
221113100511
061011100072
020411100213
280711200011
162211100296
193111100067
220311200742
010314100008
193411200003
061011100050
162211200833
220711400511
162213100005
040411200121
182712100342
111813100006
162211100036
162212100616
220411200795
211112100019
221511200676
010311400002
235611200326
162211200254
152412100272
020412100188
231711100001
272311200009
030613300013
221811200562
162211200071
020612100011
162211400044
102912100086
220313100530
120211100029
220213100579
032411200021
030612100643
162235100008
220412100656
220813100512
221511200667
122411100017
220411200794
130811200052
120211100017
010311400010
070512100119
050913100010
050913100011
202013100023
020412100382
260914200008
162614100001
220212100748
243111200247
162212100623
102911200107
221012300516
263312100028
061012100098
020411200092
162213100089
102911200106
010312100165
030411200013
162211200811
042611200012
104112100002
013311200061
162211100178
061011200024
131912100140
010311200112
162213100059
011111100018
160111200064
061014100009
133911224001
232611200362
162213100083
162211100180
131911200161
162211200937
230711300005
102912100085
162211200911
122912100139
062711200011
020411200352
062711200005
243112100387
162211400002
152411100189
020412100198
273011200130
160111200049
162212300012
221012100793
220611200547
091411400001
273011200129
202013100022
162211200296
221914200515
220711200639
220812100528
111812100120
020411200351
020413100011
162211200799
102911200105
235911400028
162211100054
030613100130
162212100654
061012100142
220511200648
030635100018
011111200045
162212100653
030612100642
122912100138
162211100093
231811200358
220111200732
182713100026
232611200337
061011100002
180311200010
182711400024
082812100185
020411200005
181311400007
220411200793
160111100006
162511200014
020411200350
082812100184
042811200033
193411100007
243112100386
122912100137
153712100025
221611400507
030611200643
182712100341
273011400012
182712200009
164411200074
220411200792
030611200642
162211200935
220511200647
113412100047
231713200004
161211100004
161711200046
220212100747
220211100602
162213100088
162211400062
241211400013
231011200361
020412100111
162211100307
162212100651
123611100007
063111100004
201612100055
202011200147
080312100036
143211200146
011112100053
020412100381
162211100179
162213300009
061011100013
161313100005
162211100286
162211200849
020411100214
220912100593
162211200228
020412100133
162211200934
234311200342
013711200016
162211100030
090211200022
220312100629
202012100185
162211100306
202012100186
020411200348
180311400003
202012100187
180311400002
010311200122
122411100026
122912100136
193112100113
193112100112
080311200016
030611200641
020911200013
020411200213
020112100017
020412100041
221012100792
020412100108
220413100535
080312100035
193112100111
220711200637
282613100009
220111200750
263414200028
020413100025
220711200638
182711200269
162211200933
182713100025
122912100135
081211200014
193112100075
220311200741
082812100183
282511200017
282611200118
162611200061
010312100167
063211100005
220211200930
240411100025
243611100028
021511300001
221914200514
162211200931
162212100650
162211200439
030111200007
162214200076
182711400027
162211200932
050912100117
221712100565
091612100109
162211200930
172911100002
160112100074
162211200929
010312100166
183711200012
182711200268
273011200128
013712100044
221012100791
172614200007
220912100592
220211200929
171411200016
202011200146
220211200928
221911100564
162213100087
021511100038
010311400013
010312100164
193112100100
160111100045
020411200337
010313100012
220211200927
162211200763
132011200023
162211200710
220214100523
082812100182
193112100110
221811200560
220714200520
143611200033
222313100502
161711200049
172612100111
081712100011
162211100052
221912100564
232512100318
162214100034
243112100385
221011400540
221512100590
104811200090
162211200928
180811200015
010311200005
122912100119
162212100649
162211400061
162212100648
030611200640
030613100129
062712100029
182711400026
221912100563
221511400509
220612100541
220214200550
013712100034
013712100022
060812100039
162211100187
162211200927
042211100027
162214100018
043112100006
162212100157
020111200023
021812100003
233912100091
232613100037
162212100646
220212200511
162212100647
132011200022
020411200346
093511200017
162211100225
162212300023
091611200142
080312100034
152411100198
162212100645
131912100139
020411200345
151111100014
220211200925
162211200319
182713100024
163711200013
162211200825
221011200920
162212100644
091411200031
221011200919
162211200463
233912100090
171111100008
030611100440
040411100055
082812100181
061011200084
220812100527
091612100108
233911200349
013313100008
152411200191
273011300003
220412100655
220411200791
162212100214
220311200740
160111200119
042211100026
091611400005
172612100086
220213100577
221611225002
015211200009
221014200521
082812100180
221013100568
221012200514
220513100518
030611200636
0134023
010311200042
030611200635
030613300012
221712100564
123811100004
014013100013
130813100010
143212300012
220711400510
162212100305
162212100643
162211200925
091611200126
220111200730
221612100523
190712100001
220711200636
220813100511
221013100567
220111100542
162212100659
220211100599
221014200520
220413100537
220212100746
221813100517
221311400503
220312300505
091511200017
030611200634
172612100110
220213100576
020411100063
162211200912
020611200009
162211400035
162212100642
161311100033
162211400043
042211200019
220211400530
220713300501
220811400509
273011100111
010311200121
082812100179
220211200924
081212100009
221911100563
221714100502
221014100517
221311100522
221511200656
221711200598
102911200104
162213100086
162211200924
014011200046
020411200281
243111200245
151011200019
030411200012
221814100503
220411200789
172611200060
030611200633
162211100087
221011200917
220911200720
221011100565
162511200027
220312100628
221011100564
091611100074
220411200788
172612100096
020411200344
193111100009
062111100006
230712100317
221012100789
221511200654
162211200460
022111100014
220212300519
263211100023
221011200915
011111400004
220811200580
013311100053
030611200632
221712100563
162213100060
221012100788
220313100523
241212100080
162211200894
221312100528
172614100008
010313100002
220911400518
222011200542
202014100019
162211100189
162211200901
193111200064
193111200054
160111200002
243112100384
020414100011
082811200112
130811200051
273012100335
220211200921
061013100017
220911400517
162211200258
221712100562
220212100744
010312100102
253511200064
182714200049
031412100009
161311200071
162212100561
191012100018
172614200012
230612100308
172612100109
172611100050
010211200010
220412100653
230712100055
162211200552
220411200787
022311100018
221011200914
220911200719
242712100025
152411200190
030612100641
162213300006
021513100029
213112300004
253511200063
243111400016
014011200015
113412100046
022111200013
182714100033
262811200027
160111200105
220214200549
220814200511
220714200516
030611200631
030614100034
232512100316
202013100021
020811100006
162212100107
162214200080
162212100641
082812200004
221911200631
231714200051
152412100269
070511200100
162211200923
221011200913
030614200108
220911200740
243111100202
221011200912
020111200022
221211400504
020411200342
020412100352
091411200030
220211200945
061012100140
162211200492
062013100001
162212100501
191011200021
162211200303
021713100003
020411200341
061011100015
020412100333
153911200011
061011100014
090211100027
130813100009
181311300003
020411200340
263412100188
220213300507
090211100026
162211200206
220712100554
161711100020
221511200652
172612100108
122914200006
222335100501
160111400006
162214100041
020412100379
091611100073
220211200919
162611200056
162214200078
221013100566
220911200717
221011200910
220911200718
113411200039
221613100512
011112100052
220911200716
162235100004
220311200738
162611200011
221011200972
220111200739
220211200926
162211100259
091611200125
030613100127
030611200630
263411200146
090211100025
220211200920
082814200028
220111200729
090211100024
030611200629
013311100042
020412100378
221011200908
161314100005
202013100020
030612100639
220214200548
122411100013
010311200120
010311200119
220211200917
020111200021
020111100027
021512100051
022113100004
020411200289
162214200044
162211100016
221012100786
220912124007
010313100009
061011100024
242411100020
162214200077
162213400003
162211100056
162212100481
011112100047
220912100590
221711225003
070514200018
030613100126
030612100638
253512100088
253512100087
092112100020
221511200651
010311200083
030611200628
162213100067
220911200714
162213200012
162211200922
013311200060
162211100063
162211200832
162213100084
235511100315
221011100581
162211100214
191011100006
221911100562
091611100072
162211100127
172612100104
011111100034
232011100323
121211200010
221011200907
022711100007
020412100315
271011100014
220114200510
221011200905
040411100054
221011200906
162611100008
242411200017
030611200627
162211200042
161311200078
162511100004
013711200024
013311100054
220214200547
111913100004
162211200822
161311200076
221811200563
220911200713
021511200006
020411200118
080312100033
011311200010
030211100029
011112100051
010311200107
220912100589
010312100082
221714200517
220912100588
221511200650
220412100652
162214200075
123611100010
221912100562
020411200339
013311100035
010311200113
013311100037
162211100293
162211200780
172612100005
130812100034
221313100503
210211200013
220912100587
162212100564
221011100562
280711100022
222111100520
030613100124
172612100106
143211300009
193111100069
191011100022
172612100099
193112100018
162211200598
172612100031
162214200066
162212100640
131911200159
220211200915
182712100340
162211100162
162211200681
161211100012
072914200008
013311200017
230714200006
162212100490
010314100011
221214200508
221311200576
021513100007
030613100122
061011200086
021513100013
220913100521
220713100509
193111200065
220511400507
232012300009
021512100050
010314200005
014013100011
030611100439
020912100003
162212100386
062013300001
160112100073
020412100054
021512100042
160112100072
234711200316
030611200626
231812100195
220214100522
233912100093
010312100161
014012100045
252211200012
261912100004
091635100004
231711200272
232512100240
263312200001
030612100635
162211100298
020412100258
030612100634
013312100056
282611200117
013313100007
152412300007
060811100031
220912100586
120212100013
221411200574
221514200514
253512100086
213112100085
211111200016
040611200049
162213100073
182712100339
060812100038
131911300009
162212300011
253512100085
162212100552
162212100069
060813100002
161711100017
162211200764
020412100091
232612100304
282611200116
152412100268
241212100079
162211200920
221712100561
021514100003
020412100376
020612100010
161312100024
162211100051
220412100651
243112100383
161211100007
042811100044
131911100113
133211100005
040412100165
162212100526
162211200866
032411200020
211612100015
161711200010
050912100116
220311200735
273011200127
162211100264
103111100009
230714100036
220311200734
220213100575
131911200158
220912100585
164111100004
220511200645
162211200873
221111200553
162212100245
020412100182
020411200102
020412100059
220711100523
050913100009
020412100140
020412100184
020412100040
013711200008
010311200039
221713300504
202012100184
091612100107
243112100382
221011200904
160111100073
161311100028
162212200032
221211200566
020911300001
020412100069
202011200145
171711200001
091611200124
221011100535
221514124001
220212100743
220511200644
172612100056
220312100627
082812100178
232011200008
020412100080
182711200266
162212100639
160111200118
162211100232
160111200088
021712100014
020412100005
162511100009
020411100021
020412100029
020411200324
020411200325
221012100785
231711200359
233912100314
162212100638
221612100522
020412100031
014011200036
062712100001
062011100019
020412100066
020112100012
104811200089
162212100637
202012100183
010311400014
013311400005
143211100077
201612100054
221511200649
182712100338
022111200002
143211200145
253512100084
021511200035
091511200016
020412100102
172612100107
232012100313
161311100018
030611200622
162211300018
161211100013
220513300502
220711400508
020412100053
030614200106
090811200018
010111100003
082812100177
014012100043
221812100529
021511200034
220313100522
020412100187
040412100164
162311200012
020412100219
020412100016
162213100045
020412100079
013311200038
221211200565
102911200103
102911200102
091411200029
201112100019
131912100137
220112100597
013311200031
221512100588
221511200675
220811200591
220811225002
220911200708
221011200980
152411400004
030611400058
220911200711
220911200707
221711200635
222412100512
220911200709
162213200010
220211200934
220211200995
220211200047
220911200706
162213100061
021712100008
220911200710
020413100026
013311200014
221512100587
162212100091
220213100574
191011200017
220912100584
020412100375
162212100469
161311100011
061012100138
221011300507
221011300506
221012100810
122414200004
220811200579
221011100561
162211200919
020411200235
220811400508
091411200028
040411200120
091411200027
221911200630
221812100528
162211200708
020412100017
221014100516
120411200013
162611200032
050912100115
162811200014
220211200922
220214100521
182712100337
131911400010
202011200144
082812100176
243113100050
220411200784
162211200636
152411100188
161311100066
162212100636
143212100168
202011200143
271911200013
030611200621
061012100112
220912100583
220212100742
122412100015
152412100267
260914100007
160111200117
162211200917
021311100008
162611200033
220211200911
122912100134
162211200637
061011200102
013312100015
020411200335
263414100014
162211200701
220211200912
221611200591
081711200010
162211200602
030612100632
030611200620
030611200618
010311200118
030611200619
010312100080
011111100025
030612100631
030611200617
072912100054
030611200616
030611200615
162211100278
162211100287
082811200111
162212300022
082812100175
230712100232
061011200089
061014200013
221713100518
020411400005
162212100635
220913100519
160111200019
162211200916
221713100517
162212200031
162611200043
221914100507
162211200831
220913100518
014012100038
212712100015
030612100630
221411100521
011311200011
222214200506
162211200351
162611100051
162811100015
030612100629
162212100634
162611200047
162213100009
160112100006
162211200915
220611400503
010314200002
131911200157
162211200914
220311200772
161212100001
220511200642
050913200002
162211200913
162214200074
021511100006
013312100055
013311200051
162214200073
042214100007
191511200003
235912100102
122411100016
123811200007
072913400005
111812100119
014211200012
162211200027
014012100029
191012100024
162211200678
152411200187
162214200072
060811100012
162212100488
121212100031
014411100012
020411200275
020411100202
162211400013
221012300515
161311200068
193111200063
162211100294
162214200022
020411100070
040412100163
202012100182
122911300001
152412100266
162211200676
160711100003
082811200110
241212100078
020413100028
220311200732
030611200613
030611200612
162211200456
015211200008
013711200005
013711200014
013711200006
013711200011
122913100005
020111400001
221912100561
040411100053
243112100381
162213100080
163712100011
220512100569
030612100628
020912100012
163712100010
013711200003
021311200011
162511200026
123611200002
162511200025
164311200009
162211100033
022311100016
163712100006
030611200610
232611200320
202035100001
220312100626
020411200332
161711200005
220311200731
162212100632
253512100083
182712100336
105011100004
152412100265
220111200727
030611200609
010312100151
263412100186
061012100059
021712100026
202012100181
050912100114
220214200546
221714100501
220514200524
172611100004
162212100354
160111200115
162211100084
221013100564
010111100013
014011100023
253513100012
122611100005
222011400503
022135100001
020411200331
230712100312
233912100311
030612100625
030612100627
030612100626
030611200608
221013100563
020411100056
221112100529
160111200110
162612300001
222014100506
220711200634
273012100333
162211200909
162212100630
222211200525
152412300006
221014100515
030611100438
152413100026
220111200725
030614200104
162211400038
220111200726
030611200607
030612100624
050911200076
062011100018
162212100629
221011400539
020412100374
143612100020
162211200665
162211200160
220311400511
220212300518
152411100184
243112100380
221012100790
040413200002
010312100163
162211200302
020414100020
160113200001
162214200028
030611200606
162213100082
221012100783
030611100437
220212100741
220212100740
013311100040
013311100007
243111200243
162211100205
162212100633
122914100006
243111400015
020411400018
193114200028
171411200020
193114200013
015311200016
030211100028
162212100628
030611100436
030611200605
221511400508
162212100627
162211200703
070511200099
153911100015
182712200008
022311100009
021513100032
220214200545
202011100129
160111200082
072911100029
162211200908
282613100008
030612100623
030614200103
221611100514
232012100310
221111200551
220211200909
164111100011
163712100003
163912100002
162211200853
220411200781
220211200908
221611100513
010312100059
162211200907
231711400003
220211200907
021311200007
221611200590
162211200575
182711200265
163311200015
091612100106
221512100585
220211200906
130811100022
013712100043
160112100036
221011200995
220511200640
220511200639
172611200059
010312100141
220311200727
061012100137
014014100002
164011200006
162312100002
014211200010
162212100351
020112100034
220611200558
122912100091
221712100560
143211100134
220711200632
182714200048
152411200186
211112300001
220714100504
030611200604
153711400002
104111400002
220611200545
182712100334
180811100012
220511200638
220211200905
061011200092
164311100005
220311200726
030612100621
020411200330
220111200724
221613100511
040414100013
162612100013
014211200002
162211100272
020111100021
193414200003
193111200002
162311100025
162211200902
162814200002
220914200524
030612100619
113411400003
030612100620
220111200722
220111200723
220213100572
221611200589
011111200044
221012100782
252412100031
060812100037
010211200009
011111200001
011311400001
122411200046
162211400051
221612100521
162211400059
162212200030
252212100027
021512100021
130411200014
020412100373
162611100050
162213100065
162214100014
030612100618
163711200012
020412100367
020411400009
242412100020
220711200630
162211200839
091612100105
021811100001
220212100739
220112100596
241214200013
161711100031
220912100620
220112100595
162211200104
162211100027
162211200224
042811200032
220211200931
030611200603
021511100034
020111100019
193411100005
220811200577
152412100264
021711100003
202011200142
010111100001
220614200509
221913100510
120711100015
010312100162
220411200780
193111200061
013712100001
030611200601
030611200602
022111200015
102912100084
231713100043
221011200899
220212100738
220213200510
220911200703
011311200009
162214100040
161311100002
010311200117
232614100050
221014200519
030611200600
030611200599
221413100507
221011200898
220511200637
220111200721
162212300008
162211200112
162211400058
221711200596
221411224001
221012200513
030646100002
020411200329
021513100005
220211200902
221011200897
220311200778
221711400511
193112100036
131911200156
021311200010
162211200690
060811200003
014012100050
162211200904
030611200598
030611200597
160112100034
220214200543
011111200043
082812100174
030612100617
220811200576
220211200036
235812100309
221011200896
220913100517
021511200007
182711200264
193114100005
014013300001
020412100372
030614200102
162211200837
221711200595
220211200901
020411200328
172614100003
152413100025
021712100002
172613100007
162212100227
162211200295
160111100009
220911200775
221011200902
243111200242
221911200636
220911200702
220911200701
221011200903
242712100024
202012200004
193111100002
010311100037
161211200020
161312100039
020413100027
220912100581
182712100333
220211200900
010311200116
221211200564
171413100003
010314200008
163911200010
010313300001
221911200629
061012100114
104811100076
172611100043
052212100003
020411100092
020411200012
162212100626
164114200001
162211200895
143211200143
221214200507
181311200028
221412100530
220812100526
162212100625
230712100295
160111200116
020611200006
162212100073
221011200894
022112100006
220211200952
161311200067
062011100009
233913100042
060811100002
162214200061
015311200015
050935100002
182711100183
193112100089
021711200006
020411200382
130812100032
243112100379
272111100017
121212100009
020411100052
220912100580
080313100007
220711200628
222111200521
102912100083
113312100029
182711200263
180811200017
030612100616
182712100332
182711100182
030611200595
234711200036
202011200141
014011100021
162212100333
220814200509
162211100260
220914200523
220911300502
220211200899
130812100031
130812100030
164211200011
162211100291
162211200392
221712100559
160111400007
120411100020
162211100022
220212100737
160111200038
172611100022
221013100562
221911200627
011112100048
010314200007
123811200008
080312100032
191014100003
241211400012
221413100506
230714200049
173611200001
122912100133
193411100021
162811100012
020411200176
162211200884
221811200559
122414200006
221711200604
180311400001
020111200019
220914200522
243111200241
221614200514
122914100001
122911200092
152712100002
021811100013
122912100047
163311200007
182712100331
220411200777
162214200058
030611200593
220413100534
010311200115
191011200020
020411200319
220811200575
020411200327
172612100022
040411400009
233911200147
152414100013
162211400056
221011200893
221914200513
160111100075
152411400003
131912100136
193411200011
131935100003
220211200898
050913400001
014012100040
022713100004
030611200592
030611100435
104811100075
253512300002
092111200022
092111200023
162211200852
243114200025
162213100081
131911400009
221611200588
030611200591
030611200590
030613100120
090811200017
221411400504
220311200724
221013100561
143211200142
122912300019
021811100034
172611200014
011112100050
221011200892
160113100004
020412100355
152411100187
160111200059
020411200326
131911200155
011111200042
011111400001
162611200057
082814100006
040412100171
040612100106
220211200897
162211200900
231811100051
160111100074
132111200030
162211200898
152411200185
011313100001
162611100025
061012100073
162211100133
221211200563
070511200098
193411100011
130811200049
062811200004
282612100157
163711200006
020411200086
221914200512
221611200587
020414200031
160711200009
220511200634
121411100008
213811200009
243113100049
162211200429
162212100398
030611300036
020412100330
201113100002
221011200891
132011200020
162612100003
021811200008
202011100128
220711200627
162211200872
221811200558
162211200819
162211200897
220211200896
161314100004
220414100511
182712100329
220213100570
202011200140
220911200697
220511200633
221911200626
162211200540
221311400502
220914200521
020411200254
221911200625
162212200036
162211200152
162211200179
160112100071
162212100532
162211200454
220811100522
161311100063
122912100126
020414200029
162214200041
233913100041
162211200723
162214200041
193111100063
193112100012
220911200704
014011200008
010311200045
221311200574
193112100007
221011200901
161711100012
030613100118
162235100009
162212100434
012811100001
032411200019
191014100002
282611200115
231812100302
143212100167
161711100001
162213100076
021811100033
040611100042
220811200573
122914200028
162212100601
010311400012
013711100017
221312100527
021811100035
021811100032
020411100157
013311100052
030611200588
082812100173
030611200589
030612100615
220214200542
233911300016
020412100212
221111225001
221413100505
162214200036
253511200062
020411400004
162211200892
162611200060
162211200893
010312100126
012811100002
030611200587
164411200065
020412100262
030612100614
162214200006
020411200265
162214100025
243111200240
131911200154
220312200507
162211200890
162211200891
021512100015
282614200023
220611100523
162212100622
020411200076
241211200107
221513100519
072913100009
020411200236
162214200049
030611200586
030611200585
030611200584
162212100153
220211400527
013311100043
220511200632
171612100018
070513100010
060813100004
193112100108
220912100579
040412100162
091611200123
171412100025
243112100378
090212100016
030611200583
243114100028
010312100160
010314200006
015211200006
152412100263
232011100160
102912100082
020412100371
070512100118
013714100002
162211200689
221012100779
220913100516
221012100780
011112100049
220211200894
182712200007
220711200626
220412300513
040614100008
020412100370
222011200543
010112300001
162511200015
162212100621
162211200745
241212100077
070511200096
070511200097
162212100297
010311200032
162211300015
160111200086
221712100558
235511100134
232512100288
221011200890
061011200101
013312100054
102913100008
082811400011
014012100049
014012100048
010113100003
013712300003
182712100328
164111100028
122912100132
072912100052
030612100613
030111100016
030611200581
030613100117
182712100327
030611200580
230611200356
091411200026
163711200010
235711100227
163711100012
082813100007
220511200654
221011200889
161711200009
221011200888
220412100650
102911400005
102911400004
013312100014
220113100512
221313300335
111811400001
113414200006
243112100377
130812100029
152414200021
020911200019
160111200109
020411100137
130813100008
220112300504
220213100569
061012100136
220512100568
221311200572
010311200095
030611200579
020411200323
030611200577
021811100018
021811100017
233411200355
230712100106
010311400006
104812100083
162211200888
235811100317
020412100313
260912100061
182712100335
193112100107
162211200287
162211200887
160713100001
162511100015
063112100001
120411100013
221611200608
111812100118
160111200033
220811200571
070512100117
220613100506
182714100032
052214100001
082812100172
111812100117
143212100166
213112100084
202012100180
163912100006
061011100012
220313100521
220711200625
221012100778
160112100070
143212100165
202012100179
042011200016
030611100433
032612100007
040411200119
020411100209
202012100178
202012100177
020411200035
010314100004
162211100226
162211200611
040611100041
162211100251
020412200027
220112100593
082911100009
221012100777
220411200776
122411300001
220213300506
221712100557
151612100041
162214100005
221012100776
164312100006
162212100527
162212100425
160111100025
163711100008
030611200575
030611200576
220211200891
162212100619
220213300505
131911200153
070514100006
162211200817
220113300504
220914200520
221611200585
220514100505
160111100011
221011400538
221711400512
020411200018
220511200631
162211100069
020412100312
202014200028
162212100618
162212100503
161312100042
020412100369
021712100020
072913400004
152411200183
201111100018
162211200781
162211200885
163311200012
221011200887
162212100559
221711200592
162211100145
240711100033
072912100051
091614200016
030611200574
162212100225
091512100012
162211200068
162211100089
162211100072
220211200888
220211200889
020411200322
273012100332
220412100649
104111200009
030611200573
263412100185
202011100127
220411200775
220211200904
193111200036
104811200088
162511200002
221714200515
202012100176
243111200238
243113100048
182713300001
220911200695
273012100331
061014200002
230713100039
220612100538
163712100005
093511200016
162211200660
220914200519
020412100273
162211200779
082812200003
020414100014
210911100035
243111200237
221012100775
091611200122
162212100288
013312100013
233911200168
130811200046
231811100052
231712100299
162211100154
070511200095
182711200262
233911200199
143212100164
220213100578
160111200106
162211200785
143211400009
162211200192
162211200191
221011400537
162211200876
162212100617
273011200125
221713100516
020112100032
221811400508
013312100053
220912100578
202012100175
013711200023
164011200007
220311200719
243113100047
160111100060
243111200236
161211200019
221111200550
221711200591
221011200886
221013100578
130811200045
221813100514
031412100008
091611200121
164211100005
020412100368
221011200916
220211200887
243112100375
161311200075
021213100001
013311200049
220914200518
220211200886
122412100059
234311200313
050911200104
020414200008
020411200137
010311200030
104111400001
020111100018
142211200005
202411400001
220311200718
231713100036
220911200694
220211200923
062011400001
162212100226
221011200885
162211200577
050913400002
234313100038
162211100301
020911200003
010312100129
221211200560
221211200561
162211200074
113414100006
162212100014
162211100024
173611200003
010312100142
164311200014
243112100374
220911200693
243113100046
030613100116
221914200511
232512100307
162211200883
273011200124
113414200005
030611200572
130812100028
162211200882
221011200884
235711200354
220211200884
220211200885
010111200013
013311100039
235511200353
152411200182
082814100005
010311200109
220212200510
220911200692
220911200691
020111200020
014011200047
220811200570
162213100056
020411200208
010311200094
221211300502
220211200883
221913200503
221311200570
182711200261
010311200114
220313100519
221011200883
221012100774
221411200569
220912100600
020412100291
231811200143
241211200106
221411200570
122911200026
162213400004
221211200559
220411200774
030611100431
081511300003
220911200690
230714100023
021512100049
020411200271
282211200005
220111200720
171611200013
162311200022
160114200007
030614200100
020412100298
221911100560
111811200068
183711100011
021535100001
030613100115
162211400055
030611400077
202012100174
013712100042
061011200100
230711200352
221011200882
220111200731
143211200141
220211200882
220211200881
030613100114
061011400008
193111100038
121212100030
220211200880
080312100031
014014100004
160111100018
221611200584
241213100010
230711200338
113414100005
241211200105
220913300503
171412100024
161311200004
190714100001
122413100004
030411400001
161711200031
162211100249
020411200320
221511200645
220111200717
162211200881
020411100087
020411200136
021513100010
232612100306
030611200571
220111100535
202014200027
021512300001
091611200120
022712100009
020112300001
020412100342
162511100014
221011100560
221011100559
220214200541
220811200569
143211200140
020411100212
243113100045
020412100366
020811100003
220811200568
152412100261
182711200259
030611200570
030611200569
030611200568
120711200010
182711200260
231811200109
090811100015
162211200560
163911100011
163911100004
152412100260
220313100518
193112200003
162214200015
162212100528
162212100498
160111200036
162211300007
152411200181
104812100082
221811200555
220312100624
230712100305
021512100048
220311200717
243114200024
220412100647
220211200879
131911200152
020412100365
213111200095
162211200864
162212200025
162211200725
162611200024
162211200674
193411100020
021511100029
162213300008
021712100003
010311100066
070513100009
013311200032
220514100504
030611400054
220214100520
021235100001
062811200003
162211200880
162211200879
162611200058
162211200425
162212100614
021512100047
243111200235
210214100001
220411200773
220612100537
220211200878
230611200282
111911400001
061012300012
171111200004
220311200716
221713100514
022111100020
022711200005
063111100016
221311200569
153711400001
021513100028
171611100023
082811200109
182714200047
020414200022
133211100004
162211200878
011114100003
152413100024
072912100050
040611200047
152412100259
061012100034
160111200061
230711200351
013312100026
221114200507
234511100093
240711200012
072912100049
080311400005
032411200018
030614200099
030611200567
030611200566
182712100326
122912300022
021512100009
010311200004
162211200877
020411100133
162212100455
020411200299
220211200877
162212100330
221711200590
220611200561
010214200001
172612100030
010312100083
020112100023
221514200513
221813100513
221011200881
152414200020
220913100520
172611400001
020414100021
021714200001
220211400525
030614200098
162212100613
162212300013
231611200342
182712100325
232011100200
021711200017
021511400003
221511200644
263311200034
010311100061
161311200002
162211200834
162212100418
162212100303
162211100271
164212100004
193112100020
172611100035
220211200876
221014100514
010114200003
014011100024
162211200114
213111200094
221012100773
061011200095
221014200518
221714200518
082811200108
161211200018
160111100007
221711200597
230712100063
221811200554
234311200350
220412100646
220911200757
221011200880
021511100015
162211200875
030614200097
162211200335
162213100033
162212100103
070514200017
162211200532
220411400510
162211200858
131911200151
220314200510
221914200519
221914200510
030611200565
220512200503
162212100612
162211200787
221712100555
221911200623
235512100047
234711100034
082814200027
233912100199
172611200055
210913100003
221011400536
193111100052
020412100269
253514100012
162211200378
161311200039
221211200569
161311200038
010311200110
082811200107
020411100111
182714200046
220214200539
220911200689
020411200170
020411200105
221511200641
091611200119
143611400002
233912100155
090811200016
151614100003
030611200564
233912100188
030611200563
263412100184
020411200318
161311300003
220911200688
030613100113
220914200516
221014200522
020111200003
011111200040
193112100035
162211100300
162211200874
162211200367
162211100247
042811200031
220411200770
162212100389
234711100282
102911400003
014012300003
030611100430
162214100004
014013100008
022111100019
221311200568
221511400506
221011200878
220111200715
162212100136
022711200010
220211200018
162211100010
133211200005
042213100007
162212100611
182712100324
102911200098
020411200317
162311200006
162211200871
164211200008
220813100510
162211200484
220211200874
220211200875
220212100732
162211200775
010312200007
070512100115
243112100373
210211400001
162811200018
162312300001
220411200769
222212100511
104812100081
221711200588
162611100005
013711200022
014012100047
220511200629
091611200118
220312300504
162212100609
092112100019
143213100017
020412100364
220913100515
162214100016
273012100330
014012100046
243113100044
122911200051
021812100004
030613200015
030614200096
252412100030
061013100010
164312100009
011311200008
011111200035
015311200004
220211200873
162212100494
171711200005
162212100219
122611300001
131913100006
160112100069
010313100015
272314100001
061014100006
122912100131
020411200040
230712100303
221512300505
143212100163
020412100228
221735100507
020911200012
013312100052
221411200579
220212100731
160111400005
162211200629
221311200567
220413100532
220211200872
020412100363
020412100284
221011200876
220411200767
040412100161
133212100007
220912100576
193112100058
091612100104
061012100134
243112100372
020412100362
220411200766
182712100323
131912100134
122411200014
162211200803
032412100038
162211100090
030611200562
030612100612
162211200741
162211200867
162211200857
221711400510
273012100329
162212100502
062012100032
221511200640
122911200015
231812100259
202012100173
193112100106
233911100106
220314100511
191011200016
072911200044
122911200002
220214100517
152412100258
123611400001
152412100257
242712100022
243112100371
020411200316
161312100041
162511200023
213111200093
162212100040
162211400050
162212100530
282612100155
221711200586
162212100452
020411200315
030612100611
030912100003
030611200560
131911200150
162211200291
020411200314
132011200021
220513100516
014211200001
061011400009
202012100172
202012100171
162212100620
242412100019
220211200942
220111200755
220411200765
220212100730
220111200714
162211100191
091611200117
152412100256
030612300039
030611200559
030612100610
092112100018
030611200558
220911200687
220211200871
061011200085
014012300002
162211100070
061012100135
161711200043
253512100082
152413100023
235512100153
020112100033
060511100004
160111100049
160111100016
162212100253
162212300018
182712100312
010312100042
162211200297
235911200328
220512100567
222311100520
221511100572
220211200870
220212100728
182711300013
162311200014
220212100729
061012100133
062811100004
131913100005
221414200507
221014200517
062112100001
020412100360
162213200008
160111400001
221711200585
104812100080
020412100359
241211200104
230712100301
233911200341
070514100005
220511200627
162211200865
162611100007
030611200557
220711400506
220311200713
091614100012
220512100566
100412100010
162212100607
122912100130
193112100105
231711400009
122912100129
220211100603
010312100153
220311200730
220711100522
221011200875
152412100255
010111100015
243111400014
202012100170
014014100003
013312100018
161311100058
161311100010
160114100005
163914100003
162211100295
164312100004
162212100606
162211200845
030612100609
162213100004
220914200515
232611200150
030611200556
030612100608
143211200139
143211200138
273011400010
233912100204
162212100027
122911200029
162211200863
162211200001
263211100022
061012100132
062713200001
221911200621
030612100607
152411100186
040413100020
221911200620
220211200869
222414200501
221713100513
171611100022
010111100014
182712100322
220411200763
172611400004
221412100529
091612100103
162212100322
164312100008
182711200257
030611200555
030611100429
030411200011
162811200020
162211200600
171111200005
220912300505
162211200555
220911100524
221011200874
162211200862
020412100358
021513100016
020912100001
220111100534
172612100105
010211200008
010311200108
220312100621
163311200014
162212100605
172635100006
010311100001
162211200861
162212100603
162211200092
162212100604
030613100112
162211100265
162211200804
030611200554
163911400003
162213100064
152412100254
162211200085
162211100281
220914200514
131911200149
162212100099
162211100006
220211200867
131911400008
060811100030
061012100109
082812100170
212711200008
182714200045
212711100006
130811200043
131911200148
131911300008
220212100727
220212100726
122413400001
221714200514
221211200558
020411200094
220712100552
162211200805
252211200011
182714200044
172612100043
243112100370
172611200011
102911200097
020411200210
021511100012
243111200234
220514200521
104811200085
091511200015
222111200520
193111100010
273014100011
220311100554
234311200348
221814200510
030612100606
030612300038
220912100591
220512100565
220514200520
010311400011
152411200179
152411200180
082912100001
162212100602
273014200018
062011200002
262811200026
010312100103
021711100004
220214100516
221714200513
211013100001
221711200584
162611200009
220711200621
030611200553
030611200552
221211200557
220511200630
061011400007
241211200103
020411200313
164311200016
162214100042
220211200865
162212100285
072913100007
220911200685
220411200762
220811200567
011111200018
243111200233
030611400053
221013100557
102911200096
220811200565
162211400047
080311400004
182711100180
220213100567
182712100299
182711100181
212711200007
160111200028
162213100034
162211200860
182711200256
132012100026
162211100285
202011200138
220212100725
221511200639
013312100038
013311100005
030612100605
162211200692
221111200549
162212100222
241211400011
220211200863
221513100517
070514200016
060812100036
160711200008
030635100017
162211100060
211612100014
104812100079
210211200012
282612100154
220214200538
202012100169
162214200071
152412100253
162213400010
162511100007
182711200255
221712100554
172611200024
050112100027
193111100066
162211200709
021312100007
021511200031
181311300002
263311200033
182713100021
121212100029
271011200002
162211200413
162212200001
230711200201
020412100306
220212300517
232011200347
162211200561
121212100028
162211200011
030611400051
031311400002
031311400001
222412100511
010311200020
160113100003
091611200115
172611100037
011111200039
011112100006
161312100040
243112100369
160111200047
220112100592
160112100068
162211400034
104811400001
104811200084
113411200037
010312300006
220311200783
220211200860
014013100003
162212100238
220211200861
220211200862
020411200311
160111200104
221011200872
221911200619
162611400003
220413100531
010312100071
010312100029
220411200760
221012100772
221311200566
193111100029
221312100525
030611200550
220911200684
221012100771
072911300002
221012100770
221612100525
221311200565
132011200019
131913100004
220114100506
162212100592
020112100031
021511200008
021511200003
021512100043
080312100030
042214100006
162212200023
081511200011
232612100298
031311200010
162212200029
162212200011
231811100046
171711200002
020412100289
220412300512
080311200015
213111200092
030611200551
220911200683
193111200057
073511400002
020411200273
020411100170
220213100565
010311400008
221814200509
160711200003
162211200847
220211200857
043111200007
061012100072
011111200023
030611200549
030612300037
093511200015
220911200682
234512100297
014012100027
021513100015
104812100078
220511100533
193111200018
243113300005
122911100052
220911200681
162511100008
163911100015
163911100013
220811200592
220411200759
220411200810
220211200935
021511200030
022111200016
220511100532
220911200680
221711200593
162211200097
030612100604
161211100010
233912100239
013311200054
162211400004
182714100031
273011200123
162212100598
220212100724
221711400509
243114200023
162211200218
220814200508
030611100447
243111200232
220912100575
070511200094
021312100005
221012100769
220211100596
162211200855
013311200004
162211400048
162611200017
162211200854
010314100009
221214200506
182711200253
104811200083
122911200104
221011200871
193111100036
220912100574
193112100013
181311100020
220711200619
021512100045
022112100005
162213100046
220211200855
220812100525
221113100509
233912100296
220311200712
162211100020
122911200001
220411200758
061011100003
162212300014
132914200002
220214200537
182711200254
220213100564
220812100524
182711200252
020411200310
243111200231
221211200575
220111200713
220711200618
092111200021
220211200854
221011200950
220311200715
233912100185
030612100603
020411200101
162211400036
162212100047
162212200021
162211200844
072912100048
271911200012
220213100563
102911200095
221814200511
182711200251
193413100001
221714200512
180411200023
220911200678
233912100180
162211200818
220111200712
013311400004
221713100515
220813100509
243112100368
062811200002
030612100602
182714200043
020411200309
014411100013
171411100019
171612100014
221511200638
040412100160
091611200114
082814200026
131911200147
220913100527
221613100510
230711200346
152414100011
182712100321
182714200042
282611200112
162211200008
234313100003
221112100527
162211200683
221012100768
243113100042
030613100109
162211100021
162212100600
221012100767
020411200087
193112100104
172612100048
162212100114
162211200669
220411200757
091614200014
221811400507
220111200711
182711200250
030611200547
030611200546
030611200545
030611200543
220111200709
282611200111
220111200710
220911200677
282614200022
021312300001
180812100005
133911200042
014011400007
014012100032
082812100168
014011200053
050911100072
182714200041
263411200141
162214100028
162211200830
221012100766
012811200004
061014100008
162511200004
162214100035
221614200508
220311200711
202011200137
180311200009
104811200081
210212100003
260911300002
253511400003
020111200007
220912100599
014411200009
241211400010
220311200710
263414100013
020412100085
202011400004
220212100722
061011200099
020412100351
030613100111
021311200008
162511200003
220212100721
230612100284
162211100158
021711200003
220413200506
221911200618
160111100054
060812100034
014011400005
220714200514
201112100018
221712100553
111911100020
160111200041
161711200007
213112100022
213111200091
220711400507
221211200562
162211200431
221714200511
221711400508
182712200006
221811200553
221011200868
153711200022
220214100515
182714200040
030612100601
282611200110
162211300009
073511200016
020411200063
232512100296
162212100599
162212200028
220211200851
131911400007
063112100027
061012300008
030611200544
030612100600
030412100005
030611200542
030511200003
030613300011
163711100017
220213300504
161312100005
162211100202
182712100320
162211200850
020412100354
092112100016
201612100053
162511200018
091612100102
092112100017
180411200022
143612100019
062811100001
220211400524
102912100081
104812100076
102913100007
220112200506
152412100252
130814200002
062711200022
020413100014
162312100016
220412100644
241211200102
042212100029
061011200098
061012100077
050911200045
042811200030
020412100061
220811200564
222211200524
020411200256
193112100070
221011400535
104812100077
182712100319
202011200136
162211200752
221012100765
162213100050
220212100745
121212100023
273012100328
133213100001
162211200046
243112100367
143213100016
230612100283
162212100512
163711200001
172911200005
162211200794
162211100263
070511200093
162212100456
091611400004
220511225001
220511200624
273012100327
234712100153
062712100028
230711200344
220912100573
162511200022
163912100007
010311200106
162611200055
160112100051
220912100572
162211200820
162212100597
164011200001
020412100127
220211400523
014013100010
193112300001
263412100183
021312100008
020412100138
020411100090
221012100764
120211100003
162212100518
164011100002
030611400049
030611200541
162212300009
162213300007
162611400001
082811200105
171612100017
011111100031
011112100039
151612100040
220212100720
122912100122
013312100051
162211200495
282611200109
162211200795
162214100031
162212100196
162211200294
162212100596
162611100009
162211200261
163711200015
162211200336
011111400003
221111400504
221411100520
113312100028
070514100004
011111200037
164311200017
162212100595
232611200159
030611400048
030611200540
221011200867
162611200051
260912100060
221712100552
220211200850
220211200903
230712100294
152412100251
220912100571
221011200866
072912100047
122911200009
143212100161
182711200249
231712100293
241211200101
263311300001
102911100078
042012100004
020112100030
221911200617
273011400009
042212100028
221612100520
273011400011
122912100128
221911400506
162212100525
182712100318
233912100197
162211200366
030613100110
061012100131
162211200846
122911200097
030611200539
210912100010
241212100075
091611200113
010111200012
010111400001
113411200036
091411200025
010311200031
221611200583
091612100101
243111200230
261911200006
171612100016
010311200001
015311200013
282614200021
161311200069
221311200584
143211200137
040611200046
220411200756
221011200863
221011200864
221011200865
010312100158
243112100366
060811100014
233912100292
060811100005
143212100030
164111200001
143212100160
030612100599
252412100029
082812100167
221911200616
221511200637
221911200615
220411200768
220711200642
220111200708
104111200008
162214100039
182712100317
193112100103
122912100127
231711200022
182712100314
220911400516
221012100762
220212100719
162212100480
220111400515
162214200008
220911200676
162212100447
162211200441
220212100717
160111100033
220212100718
220212100716
162212100519
030611200537
014011200026
030611200538
030612100598
030614200095
182712100316
010211100007
220311200714
221012300513
263311200032
210912100008
113414200004
220712100551
011114100004
014011100022
220811200563
162211200360
162212100217
162211100121
221011200862
143612100018
143212100159
061012300002
042611200011
162211100258
243112100365
010313100014
235711200343
235512100103
070511200092
061011100028
263412100182
050912100113
030612100597
061012300011
152412100250
183711200011
220211200893
220711200617
162212100594
061012100128
162511100010
164312100007
231711300015
252211100010
110211100001
091612100100
091612100099
182711200247
243112100364
104811200080
020411100167
162214200052
162212100593
152412100249
162212100120
221211400503
152411200178
202012100168
221911200612
162211200843
220213100562
161311100005
193111100031
152412100248
162211200840
021812100002
011311100008
161312100026
030612300036
030611200536
030611200535
160111400004
010211100011
014411200004
213114100008
122412100058
282613100007
010111100012
193111100053
162212300010
020111200017
152711200012
182712100313
242412100018
172611200053
221811400506
252212100026
220811200562
113412100045
282612100150
220211200859
220512100564
282611200107
273012100326
040412100159
020411100142
182711200246
030611200169
162211200749
202011200135
143212100158
243111200229
222311200518
143212100157
222112100506
241212100074
020811100001
122611200004
042011400002
040611400003
162212100500
091611100071
020112100028
030614200094
030614200093
042812100057
221711200606
010312100128
210914100001
221011200936
091614200013
220211200847
021511200001
162211100073
073512100020
010311200097
162212200027
131911200146
273011400008
161311200070
030611200533
030611200532
221711200582
030611200534
220112100591
013312100049
263314200002
261112100004
040611200045
220214200536
220211200845
221711200581
220311200736
162211200300
162211200430
162211200301
140811200006
162211200304
143211100133
143211100132
172612100067
162212100364
182711100179
030611200530
015211200007
163711400001
143211100130
220711200615
143211100131
013312100012
220714200513
143211100129
193111100006
120211100009
103111200005
220312100625
162211100097
221112100530
221511100570
221112100525
030611200529
220911200673
221511100569
263412300004
020912100018
010311200105
162212100591
082811200104
010112100010
162811200019
164111200013
030611200527
030611200528
152311100009
160112100054
243111200228
253512100081
160112200002
162211200054
220312100619
122911200102
030613100106
030612100582
030611200506
030612100581
162211200083
152414200019
172612100073
104811200079
163911200009
014411200007
043212100002
221614200507
220511200623
220211200858
220811200561
030611200525
162211200467
221011400533
220911200672
020412100270
013711100003
211814200001
162213100015
022111100003
010211200007
013711200009
091611200112
161311200062
160111200083
163712100009
062711200019
030614200092
220312100618
010312100003
133212100006
020412100334
220212100736
162212100140
040411200133
243112100363
220211200842
162611100028
221012100761
220211200841
042011200015
162611100049
162211100177
010312100157
221012100760
182711200245
193111100065
162214100017
243112200013
010211200004
010311100026
013312100024
220811200578
220111200705
220511200622
031311200009
162211200059
243111200227
221614200506
014011100026
104811200078
235511200004
235511200308
220211200840
102911100077
162212100580
160111200107
162211100037
153911200010
161311200066
131912100133
162211200838
162212100590
220511200621
132911200020
162211200149
220211200892
220911200730
162211200624
162212100414
122914100010
061011200091
131911100112
040414100012
263411200140
221711400507
162212100355
021512100005
014011100011
162212100589
162211200836
162811100011
020112100014
220413100533
220313100517
253514200013
220211200839
221013100534
220311200709
162214200070
020412100171
020412100001
020411100061
015214200001
030612100594
020412100167
020612100005
020412100151
020911100002
020412100116
020412100021
020412100042
020412100027
020412100094
172911200004
030111200005
010212100001
181311200027
220111400514
140811200005
220913100513
220911200671
221211200555
013311200059
061011200088
102911200094
172614200003
151611200014
172611100014
162212100444
221011200856
061014100004
234311200340
221011200855
102911200093
221612100519
201611400002
020411200307
021511200005
220211400522
220211200838
193114200018
162211100270
162211200640
091611200111
061014100007
243111200226
235511200339
162213100052
013712100041
220111200703
220311200705
022713100003
162211200835
030614200091
030611400047
030611200524
030611200523
182711200005
011111200034
220412100643
222011200539
172611200058
172611100049
131911200145
162212100588
211114200001
162211300013
091614100013
232511400012
020411200169
183311200027
020411100203
020411100126
182712200005
030611200520
030612300035
161311200026
014412100004
220212100715
221111200548
220913100512
221511200677
221213100506
220412100642
220411200752
104811100074
020412100218
193111100013
061011400006
091611200110
020411200182
020411200155
202013100019
172611100045
172611100006
162214200069
162212300021
230611200217
103811200004
221612100518
220311200744
221211200554
221511200635
162212100399
162212100397
220111400513
221011200853
020411100110
091611200109
010311200102
263414200027
273012100325
020411200049
220411200751
131911200144
040412100158
162212300020
220211200836
010311200082
182711200244
162211200266
182712100311
220911200696
021511200028
162211200813
162212100582
220935100503
162211200176
020411400016
162212100485
220211200962
220211200846
220712100550
020112100022
221311200564
020411200306
014011100007
014011100010
221013100552
130811200041
030612100593
221711200600
040414200011
132411200011
020411200154
130813100007
221011200851
162211200739
221612100517
221014200516
021512100032
162211300001
234312100140
220413224001
234312100122
220911400513
220411400509
221511400507
022712100007
030612100587
030612100586
021511200027
030611200513
030911200003
030612100585
221712100551
221011200850
220835100501
162214100010
162212100400
062712100007
011113100003
015311200014
062011100011
131911200143
162211200346
030612100591
030612100592
091611200107
091611200108
220214200507
220914200513
133212100005
104811100073
220514200518
221512100583
030612100590
162212100587
162211200823
021512100044
242411100019
202011200134
263411200139
143214200017
243111200225
220111400512
020411200078
162212100465
010311400009
220212100714
160112100065
220511200620
162211100049
122412100057
182711200243
162211200652
162611200053
162212100439
221011200847
081211200013
060512300001
143214100012
221812100518
230711200016
102911100076
221411100519
221011200846
243112100362
220911200670
221012200512
221611400505
252435100003
010311200081
030614200090
030611200521
162211100157
282611400003
131912100132
152411100185
162214200068
100411200015
102911200092
220214200533
220914200512
162211400027
221511200634
021711200011
235511200258
233412100291
232012100290
122412100056
220511200619
220211200835
030612100589
030611100428
032412124001
131911300007
220911200669
164111100002
220911200744
162212100258
220711200631
152412200008
220812100523
020412100148
160111200065
020412100197
243113100039
014211200005
020411200305
081511300002
220212100787
104811200077
193111200060
162211200682
162211200442
182712100310
193211200003
162211200212
103111200004
282611200106
282511200016
221812300501
210912100003
162211400008
220311200703
091611200106
081713100003
220112200505
221912100560
021512100034
020411100176
020411200222
020412100046
220714200511
201611400001
030611400045
162212100356
162211200284
182711400022
220811100517
121212100027
220811100518
020412100305
193113100001
020412100277
014014200003
220412100641
014012100024
061011200025
201111200009
220414200516
221314200507
212714200001
212714200002
230712100289
263314100001
220413100530
235611100201
221613124004
010111200011
162211200644
220414200515
221011200845
221012100759
164111100009
162211200612
161711200047
243114200022
220212100735
220412100636
221611200580
020412100349
020411400006
122413100002
220712100553
020411100083
102911100073
014013100009
104811100072
102911100074
102911100075
220312100617
162212100369
162611200042
243112200012
010312100130
011112100018
013311200001
060812100005
220911200668
171412100007
221512300504
050911200119
220714200515
221711200580
220114200509
221012100757
164111200018
162211200211
162811200006
164111100027
122912100052
162212100066
160111100004
162611200030
162212100544
022311100001
030614200089
030611200518
261111200006
162211400016
162211200826
161311100062
080311400003
091611200105
230712300010
163711100021
162511200021
162311200009
220311400508
221011200843
050914200022
221512100582
050914200025
050914200026
050914200024
050914200023
021811100010
221714200516
020411200304
221814200508
020411100113
220211400521
010312300002
030611200517
182712100309
232011200183
164111100025
162311100013
193411200004
160711100002
062711100010
091614200012
020412100271
062711100002
082814100004
221014200515
162212100125
221711400505
030611200516
030611200515
164411200070
160111100035
020411100211
022111200014
020411400015
020411100190
020411100013
020412100047
010312100095
014411100001
220714200510
282612100153
163911200008
162212200012
162211200173
220511200618
030611200522
191012100022
243111400013
231711100196
021711200016
020411200121
162212100428
162213100057
221514200512
162212100401
162212100408
030611200519
030612100588
221011200842
102912300008
104812300002
010312300008
113412100044
191012100016
220911200666
104812100075
221012100756
171412100023
162214200004
104111100012
050911100071
060812100026
061012100028
060812100025
020411100196
061012100044
273011200121
061012100067
014014200002
162211100195
273012100324
181311200026
131911400006
220711200635
220511200617
020412100207
162211200446
162211200751
221111200546
220211200833
161711100033
162212100546
164212100003
193111100040
162211200449
131911200142
233911200146
013312100043
221011200852
221514200511
020412100195
020411200074
010313100013
030611200514
030611400044
162212100387
222412100510
122912300025
162212100545
162211200365
010311200101
162211200267
243112300012
020412100278
020411200082
010111200008
082811200103
191012100020
221814200507
020411200043
220611200541
222014200505
220514200517
220111200700
162211200448
162211200444
162211100043
093511100014
011111200021
213111200090
020411200303
021711400001
193411200010
040611400001
162211200305
020411100158
243111200223
162212100523
161311200073
243111200224
162212100585
162212100584
221011200840
163711100002
220311200701
032611200006
161312100037
202012100165
202014100018
230711200152
020411100197
202012100167
233912100288
020411100062
020412100034
220212100713
162211100130
161311200047
220211200832
040412100157
182712100304
010312100033
104811100070
172611100048
172611200057
102911100072
020412100217
104111100011
020411100078
020412100032
061012100121
243112300011
162212100467
010312100111
104812100074
104811200076
182712100308
221412300501
062712100031
233912100287
243111400012
042212100027
020411100121
280712100025
102912100080
202013100018
010312100143
010312100081
162211100115
091511300002
221711200579
143212100156
162211100203
061013100019
082711100028
162212200026
162212100052
162213300004
221314100503
162211100200
280712100024
162212100337
020411200243
162214200067
020411200028
273011200120
243112100361
082711100027
020412100158
091614100011
220512100562
172612100103
143212100155
021711200015
020412100157
020412100156
021712100010
021712100009
020412100060
042811200029
104813100010
030611200512
030611200511
030611400043
030611200510
030614200088
030614200087
030612100583
030611200507
233411400014
162312100017
030611200509
161312100031
122912100125
162211200137
162211200568
162311100012
162211200504
233912100237
232011100003
162212100541
162211100026
111812100116
020412100319
162211100009
161312100033
162212100571
162212100572
020411100058
162211100103
162212100573
235511100145
113412100043
234311200336
092112100015
062711100024
061011100061
061011100025
050912100084
241214200012
172612100102
092112100014
220412100640
063211100004
202012100164
201612100052
230712100286
102911100071
230614100043
062712100030
233911100257
162211200073
011111100033
162211100204
081212100008
193112100101
162211100201
050912100112
121211200009
020411100069
020411100068
273011200119
021811100002
020412100089
020411200302
020412300010
235914100048
221511200633
162211200395
161313100003
090211200021
162212100228
164111100003
102911200091
014012100044
162212100508
011112100023
220611200540
220211200932
102911200090
060811100019
221711200578
262811200025
243111200222
220213100560
261711200012
010311200027
013711200010
162211100167
020411100071
020411200090
020412100071
020414200030
020412100347
014414200001
263413100015
011112100005
222413300501
040412100155
040412100156
221413100501
102911200089
220512100561
162211200536
220711200611
092112100012
092112100013
172611200056
220412100639
020412100346
143213100015
221911400505
013712100040
150311200005
232511400015
220313100516
082814200014
232512100285
220311200700
162212100581
221812100526
014011200042
060812100035
232511200335
050911200118
220111200699
220312100616
020411100095
161312100030
050911200111
061012100081
010311100011
220311400507
220911200664
061011200022
050911200117
131911200141
050911200013
104811100071
162811200007
183311200026
161312100036
182714200039
161312100035
191014200002
162212300017
050911200088
053011200001
243112100360
152412100247
162211100083
091611200104
162211100025
011112300001
013311200034
030614200086
030611200504
030611400042
030611200503
030611200502
021711100011
020411100108
020411200139
020411100067
183311200025
072913400003
220312100615
162212100533
220213300503
113312100027
113312100026
130811200050
193111224002
132011100027
113313100002
113312100024
122911200101
132411200010
162212100035
113312100025
072912100046
160114100003
151611200013
193411200012
162214100024
233911200148
104111100010
252412100028
021712100025
221013100551
040412100154
113611200008
220412100638
020611100006
253514100011
220513100515
042611100019
261711200011
230611100110
220311200699
030611200501
030611200500
020911200016
021511200015
020411100022
273012100323
090212100015
014011200048
013311200058
162211100250
221812100525
162213100010
143211200136
063111200001
162213100051
162211200821
050912200016
220814200507
221011200861
230712100042
220711400505
020411100045
020611200002
221012100755
010311100028
010311100004
282612100109
030611200480
030611400039
161711100013
260911100063
221913200502
164312100001
020411200301
220912100617
182711100178
162211100244
010312100156
191011100028
162211200308
201611200030
143211200135
262811200024
252212300001
193111100027
162212100403
162211100279
161711100026
162211100012
020411200021
193412100008
161312100038
202012200003
040413100019
162212100579
182713100020
233411100322
050913200003
162212100491
182711300012
162311100027
070511200090
162211200724
162611100032
162211124003
162211200565
221312100521
162212100361
220211200831
162212100578
130814100002
220412100637
162211200782
282612100152
220111200698
220214200530
220211200853
022111200003
020412100044
220413100529
162211200311
282611200094
220911200662
233911200310
220214200529
162211200041
220411200783
232511200140
220913100511
050912100109
082811200102
220914200511
164411200075
262811200023
014011200014
132411200009
162214200064
162214200065
202011200133
014211200003
010311100005
220213100557
241212300003
061012100129
171611100009
020412100062
021711200014
220313100515
221411200566
130811400003
091612100098
193111100023
193112100027
090211400001
243112100359
221413100503
263311200031
162211200519
182711400021
230611200334
243111200221
221714200509
162212100477
062113100001
062113100001
162212100477
243114100025
220811100516
020411200129
162212100017
030612100580
032611200005
030611200494
220311200697
020414100018
220711200613
162212100018
162211100108
232511200092
160114200006
162213100035
091611200103
090812100001
220711200610
221912100558
220311200696
020412100345
163311200013
252311200001
220911200661
221911200609
162212100577
010312300007
164111100022
242411200016
162211200797
162212100420
162211200062
020412100344
220211400520
220414200514
021511200022
220114200508
202011400003
162211200119
162212100191
091611200102
161311200072
162211100184
162211200714
220513100512
152412100246
220411200749
091612100097
220411200748
220511200615
222412100509
030613100105
020411200032
221814200506
263411400005
020411100174
070514200015
010312100114
221014200514
220514200519
020411200189
131912100131
220211200830
152411100183
010312300005
020412100039
220211200829
220412100654
221012100754
220312100638
162811200004
220311200695
220312100614
162213100020
221711425001
220111200697
030614100032
282612100085
243811200003
162211200798
282612100151
162211200816
022311100014
243114200021
231712100282
143212100154
030613100100
030611200483
182711200242
164111200020
162211200129
152414100010
220911200660
030611200493
030612100579
030612100578
220312300503
020412100257
063112100026
220211200828
220211200827
193111200051
162212100042
020412100325
193412100011
220713100508
221013100550
220411200747
021511100005
020411100089
030612100577
030635100016
030613100104
030614200085
030612100576
030611200492
030611200491
213112100083
282612100148
122412100055
162311100003
221311200561
160711200005
220811200554
220511200614
014211200011
220913200508
221511200631
233912100156
220112100588
220511200613
221511200632
220911200659
220412100635
013711200020
213113100003
222114200502
220411200790
220212300515
220212100710
131911200139
220114200507
220212100711
221511200680
220111200696
151612100039
220535100501
050911100038
172611100024
172611100009
113311100021
010311100062
162211200814
171411200019
180411200021
061012100104
221811225001
220213200507
082811100079
220211200824
202011200132
220811200553
220211200826
162211200252
143214100011
270711200005
162212100309
252411200022
220211200823
011113100002
233911200333
221111200545
021511100027
030611100426
221012100753
241214200011
243112100358
081211100021
021711200013
162212100440
162211300008
221811200552
162611200048
221914100506
162211100297
232011200328
061011200043
082812100166
220911200657
220912100568
222411200512
273012100322
162211100283
220511200612
022713100001
193412100017
010311100059
010312100119
014012100001
252411400002
162211100019
263411100071
173611100004
182712100307
082711100026
220314100508
163711100004
162611200041
162211200704
010311100007
241214200010
021511300002
013311100018
020111100024
220411200746
020411100019
220313200504
010311100033
220614200507
082811200101
030611400041
030611300035
030611200490
252411100023
020411200216
233911100071
233911100112
193411100001
193412100002
120411200014
120211200023
210211200011
061012100083
220211400519
221911100558
220213100555
221713300503
010312100044
152412100244
152412100245
243112100357
152411200204
232011100286
235811100321
082814100003
020411200019
020411200297
221511400505
221111200544
220211200821
130812100027
220211200822
172614200011
221011200970
021512100041
162211100110
231711100229
221014100513
162211100182
193412100007
020112100011
020112100002
020411200296
021513100011
020412100035
162212100492
162211400040
082811200100
263312100027
220211200820
243113100038
052511200001
020412100343
193411100003
102711200005
213111200089
220714200508
235714200047
022111100006
221712100550
221512100581
220311200693
181311400006
020411200295
020411200292
161711200021
050911100063
050911100028
162211200777
162211200605
220911200656
221811200551
171611100021
014211100006
220312100623
220212100757
220412100648
220412100634
020411100027
020411100077
220913100510
252211300003
252211100009
221711200576
162212100318
162211200458
020411200290
050912100111
072913100006
021711200002
013312100050
072911200043
162211200632
162211300020
162211200645
220711200608
150311200004
030635100015
030611200488
030611200487
030612100575
273011200117
111812100115
220711200607
220111100532
162211100104
162211200810
220111200695
020411200268
162211200756
020411200015
162212100348
221113100507
162211100114
162212100353
162212100342
220912100567
221211200552
221835100502
030612100574
030612100573
030611100424
113314200003
221211200551
162212100575
061011200094
241214200009
102911400002
061011100045
162211400005
010311100019
050911100008
050912100027
014911200001
162212100072
221011200837
162211100080
221012100752
172611200028
221012100751
220911200732
220312100612
020412100422
020411100125
221012100749
020411400014
221012100750
014211100010
162514200001
030611200485
030611200484
030611100425
230911200332
062011100022
131913200002
132012100025
220511400506
163911200001
202011200131
020412100341
020411200294
040413100018
162211400026
161312100010
143211300001
162211200809
220214200528
221111200543
221913100509
233911200133
221113100506
183311200023
021511300007
020414100017
220911200655
221111400503
011111100035
050912100033
013313100003
162211400039
243114100024
182711200233
235711200331
220913100509
220511200611
221012100748
020412100332
020412100307
221712100549
050911100040
172611400003
050912100026
221911300504
020111100002
050913100006
162212100470
220311200782
162211200132
221911200606
010311100050
161311200060
162213100028
162214200063
220414200513
162214200050
051611200006
050111100007
050111100004
233912100015
162211200808
220412100633
020111100017
020912100019
014012100022
272312100023
220411400508
070514200014
220112100587
220113100510
273013300001
231711200040
220111100531
022713400001
220412100632
273011200116
213111200088
220511400505
162213100063
030612100572
162212100574
182714200038
062711200002
221012100747
020414100002
040612100105
182714200037
162211200807
152412300005
162212100468
180812100004
221011200835
234511200330
020411200244
020111100009
011311100011
212714100001
221114200505
162212100460
220212300514
131911200138
232611200329
014012100010
040411100052
030611200486
162211200522
162212200024
193112100092
262812100027
050911100030
050911100029
282611200101
010311100022
152412100243
020412100340
182712300005
162213200006
104812100073
020411200003
164211100002
183312100003
160111100019
162611200052
162211200650
020414100001
271811100012
082811100078
030612100571
030612100570
030611200482
282511200015
171412100022
020412300007
182711200241
162211200806
182713100019
221112100523
221911200605
180412100035
220411200778
050912100110
102911100070
221011200834
121111300001
221914200508
221211200556
162211200778
162211100124
220412100631
162211100064
220312100611
020412100244
182711200239
221012300512
230714100018
182711200240
050911200027
062711400002
104812100072
220213400504
221713400502
230614200046
091611400003
020412300008
171612100003
143212100153
061011200093
062711200001
030612300034
030612300033
030612100569
273011200115
102911400001
020411100054
010112100009
243111200220
143212100152
061012100127
162211200389
020411200284
162611200027
263011100016
162211200675
040611100040
040611100039
220611200539
220111200694
201614100008
263412100180
081711100019
243112100356
132111200029
162212200015
220812100522
220312300502
132111400001
131911200137
172612100044
162211400031
234311100031
233911100073
143213100014
172612100095
143212100151
021712100018
021712100013
243112200011
070511300005
262811200022
220111200693
030611200481
030611100423
030613100099
221711200573
221013200506
070513100008
282612100097
113314200002
171412100009
010311200100
263411200138
143211200134
172612100094
090211200020
050911200116
220413100528
273011200114
011111400002
162214200033
233911100176
070512100113
220411200741
222113100501
221312100523
222312100516
220411200740
020411300009
213111200087
162211200310
220512100560
282611200010
162212300015
221912100557
162211100062
132411200008
171611200001
060813100003
062711200009
233911100061
282611200105
220611100522
014014200001
014011200011
162212100570
213812100007
030611200498
030613300010
030611200497
030611200496
162212100569
020111200018
122411200045
282611400002
030611200495
160112100062
180411100031
080313100006
180411100030
233912100088
230712100280
221511200630
220111200692
220311200691
172612100004
131912100130
220614200506
221613100508
161711200029
221211200550
220214100518
030614200084
030613100102
030611200489
030613100101
030611400040
221014100512
122411200044
220512100559
050912200015
091612100096
011111200027
282612100111
282612100112
010311100018
122912300024
282612100149
171411200018
202012100163
171611100020
263411300006
143611100032
193112100099
050911100031
162213100042
143211400008
130811300002
191012100021
221713100511
061012100126
162211200380
220311200690
010314200004
220511200610
221712100548
030612100568
030612100567
030611200479
183311200022
010114200002
162212100567
231812100279
230711200322
160111200102
082812100165
162212100172
162312100011
221514200509
263311100027
213112100082
210911100034
220212100709
220212100733
220412100629
131911200135
232014100045
220812100521
220212100708
220912100566
160112100064
104812100071
220213200506
015312100005
243112100355
243112300009
015311100009
220311400505
221011100558
220213100554
162212100534
020412100191
020411100073
020411200007
013312100048
230711200267
220311200689
220411200739
221512100580
221011200832
021514200001
020412100339
080311100005
230711200327
063511200003
091612300001
183311200021
182711200236
062711200021
162211200802
163712100008
162211200740
042612100012
162511200020
162214200047
162212100063
162212100566
182711200235
152413100020
162211200031
182712100306
263411200137
030611200470
030614200072
221311200560
273011400007
010111200003
010311200099
061013100016
220912100565
160111200006
220112100586
193112100024
132111200028
220812100520
221511200629
162211200800
160111200043
030614200083
161311200022
161311200017
243112100354
222412100508
122912100124
050912200014
193112100098
132111200027
010312100140
221011400531
221012100746
221011300505
213111200086
220214200527
102911200088
121212100026
014011200012
220212100707
162211200145
160112100063
230611200325
164211200009
160111100046
243112100353
221711200571
221912100556
220211200818
122911200100
011111200033
162212100565
220912100564
121111200012
162212100267
122911200107
020412100338
020411400013
241211200099
241211200100
263412100179
030211200015
030611100422
221911400504
020411200287
171711100006
182711200237
130611200019
221612300501
221011200831
273012100320
272211200011
243113400005
273012100319
162212100344
220513100511
020413100001
202012100162
143213100013
243112100352
050911100069
220211200815
221012100745
221712100547
221012100744
220912100582
221712100546
181311200025
161711200040
161211200017
162212200016
273011200113
162211200599
161735100001
030614200077
030611200477
030611200476
221912300503
220611200538
202011200130
202011200129
022712100006
220814200510
193111200029
162311200011
220914200510
021711200010
082811200099
162212100563
162211200753
171411200008
080312100029
221512100579
273011200112
181311200024
232012100246
152413100019
221211200553
221011200830
020412100337
280711200010
221812100524
162212100407
162212100562
020112100021
021511100009
220212300513
162212100496
164312100005
050911100009
020112100008
193111200016
220411200738
193111200042
193111200038
220612100534
211112100018
221111200542
162213100002
030612300032
011112100021
081712100010
030635100014
030613100098
220313100513
143212100150
010312300004
182711100177
182711400020
052211200004
253511200060
011112100037
180411300001
180411400001
162214200034
061012100125
160112100059
040413100017
080312100028
131914200064
113411200035
121212100025
220211200814
014011200001
021511300005
020411200267
020411200209
020911300002
221013100549
162211200742
241212100073
050912100075
050912100074
221014200513
221511100567
221711200570
221011200828
220711200633
015211200005
213111200085
160111200099
220711200604
220213100553
220111200742
220511200609
221011200827
220212100706
220211100595
113611200007
163711100015
162214200021
121212100024
121111200011
122411200043
162212100070
162211200625
132111200026
030611200475
220211400518
221511200628
030614200074
030614200073
030613100096
030611200471
220712100547
221912300502
220611200537
220712100546
162611400002
040411200116
183711200010
040411200115
040611200044
091611200101
161211100006
162211200796
162211200750
162211100193
220611400502
220211400517
162212100560
082811200098
160111200063
030614200075
160111200042
162211200651
220211200813
220312100610
221011200826
221512100578
221712124002
221012300510
221611200578
221011200949
160111200058
213112100081
221114200504
220111200690
221211200548
063111200008
232635100004
220912100563
061014200012
221011200825
161311200030
162511200013
161311200023
221111100530
221211200549
171411200017
243114100022
171111100009
172612100101
080311100025
221411100518
182711200234
160114100006
092111100017
142211200004
071235100001
221011200824
221911400503
042811200028
162211200412
162212100092
221711400502
220512200502
270711100019
092112100011
220714200507
015311200010
015311200003
220412100628
063111200007
162211100086
160111200024
220912300504
160111200066
152411100182
030613100097
220712100545
243112100351
243111200217
162211200793
221111200541
243111200218
263411200136
220911200653
131912100129
183711100010
022111100017
172612100041
122411100033
020912100017
221114100501
162212100558
220813300502
220413100526
162211200574
090211200019
013714200003
010312100155
202014200026
221112100522
021711200001
221011400530
221011200823
013313100006
221012100740
221012100741
162212100521
172635100005
040614100007
011311100010
235512100278
235811100319
111914200001
162212100557
193111100064
220211400516
162211300012
182714100030
233911100271
145113100002
091411200024
180411100029
162212100109
160711200001
030611200469
030611400038
030612200018
220411100616
220412300510
221011400529
220211400528
162212100524
162212100044
162311100002
221413100504
220613100505
020411100075
020412100335
011114200004
011114200003
011114200002
011114200001
050911200049
243112100350
221512100577
252414200004
220712300502
092112100001
242413100004
220411400507
222311400503
220213100552
162212100026
220611100520
030613100095
030611200468
020911200018
213111200084
213111200083
120211200022
030611100421
030611200478
030614200082
030614200081
030614200080
030614200079
030614200078
162212100556
220911200650
162212100555
220311200685
050912100044
030614200076
030611200474
030611200473
030611200472
162311100021
220211200811
193111200035
160112100002
053011300001
162611200050
050911200002
162211200356
161711100027
162512100003
162211200558
162212100174
230712100277
202012100161
235613100034
193114200027
160111100002
221911200602
220212100704
221411200564
220911400511
162512100001
132111200025
221711200601
020411100129
082711200008
082812100164
152412100242
182712100305
104812100070
061011400005
162211200653
162212100448
162314200001
172611200054
213112100012
242412100017
220511200606
220711200601
162212100411
220412100627
220212100703
162211200791
162211200790
162214200045
221611400504
050913100003
030611200467
030614200071
030612100566
030614100030
220911400515
221011400527
202012100160
020411200249
020414200028
180811200014
220111200687
162212100345
221013100548
243112100349
013313300001
243112300008
243114200020
193111200015
020411100102
020411100101
020411100043
161312100001
020412100327
181311200023
220312100609
161211200010
221011200822
180414200003
143612100017
162214100033
220513100517
091411200022
221713100510
013714200002
162211400032
162211200774
263211200008
162212200010
132014100001
162211200759
221012300514
220912300503
040612100104
221011200821
050911100048
103835100001
162211400037
021512100036
011135100001
162611200049
030611200466
030635100013
160111200101
014013100007
183311200020
202011300011
221012100739
183311200019
162211200786
040413100015
282614100006
162211100153
260914200007
070512300002
013711200001
221013100547
092114200001
220411400506
221511400504
220412100626
220114100504
220214100519
253511200059
061012300010
191011200003
220512100563
082812100163
191011100027
220211200810
220213100551
202011200128
220811400506
020912100004
020912100002
193112100030
162235100005
122911200099
232612100261
241211200098
162213100003
162212100347
042211300004
090212100014
162212100280
163912100003
160711100009
111911200015
111911200014
191014100001
020411200109
243111300005
013311100050
160111200073
220411200734
221511400503
162212300016
104811300006
143212100149
220311400509
162212100553
160111200026
030612100564
030613100094
162211200788
221112100521
030612300031
030611400037
030611200465
030612100565
030611400036
104811300004
104811300005
243111200215
111812200003
220412100625
213112100080
233911100320
220311200683
220413200505
253512100080
220211400526
220811400510
022112100004
020413100020
020111100026
232612200324
020412100231
220111400511
021512100040
010311100016
180411200020
160111200040
243111200214
070512300001
070512100018
163914100002
162211200738
220913200507
162211200563
102912100079
122412300001
162214200037
013711200018
282612100147
230711200302
221011400525
243111200213
282613100006
050912200013
122911200098
241211400008
020411200140
202011100126
221814200512
091614100010
220213100550
221411100517
221814200505
220214200540
061012100035
030611400035
010314100007
220412100623
082814100002
191511100009
221012100736
221012100738
221012100737
220911400510
220712100544
010311400007
222011200537
193111200011
091611200100
010312100084
211611100017
162214200031
020611200008
061012100022
243112100348
042211300003
221012100735
242411100018
220135100501
221013100556
241212100071
220113100509
090211100023
015211200004
221214200504
221213200503
030612200017
092111100016
182711200232
162214100011
162214200039
010314200003
221912100554
220212300512
220212100701
221011200820
221314200506
263412100178
133911200039
132911100032
104835100001
104813100001
162211100055
221911200657
221911100556
221011400524
162211100041
102914100002
160112100037
222311100521
162814200001
111812100114
143212100148
273012300011
021513300001
241213100009
020912100015
162211200784
014211100009
162211200783
220411200733
221011200819
202012100159
030611200464
030612100563
202012100158
220911400509
160111200016
213112100079
162211200094
162211200330
162811200011
013312100047
220511200604
061012100016
040412100153
162212100505
122912100123
162211200348
273011100110
271011100013
162211200490
082711100025
010312100120
220212100699
221011200870
080311300002
122411200042
100411100022
220511200603
220711200612
152411100181
220111200685
221411200571
030612100562
030611200463
030611200462
220413100525
153712100024
220913100508
020414200027
220912100570
220911200649
220712100543
220111200683
220211200848
050911200115
040414100011
231011200323
071213100003
220311200681
061011100034
220935100504
242711100042
072913100005
221835100501
221412100527
242711100041
222014100503
220814100502
102912100078
262812100026
131911100111
152411200177
152412100241
030612100561
231712100275
143212100147
181311400005
220413400509
253512100079
162213100018
162212100373
253514100010
020412100028
030612100560
162211200006
220635100501
052511100006
202011400002
220112100583
220411100615
220413300505
163711100020
062711200020
104812100010
220411200732
102911200087
014011100008
243135100006
082812100162
143214100010
161211200004
151612100038
091611200099
162212100281
030611400034
030611200461
030612100559
010312100105
162212100249
162211100143
162211200721
061012100124
063114100002
161311100064
252411200021
193114200026
062012100031
162611200039
221011200947
221711200561
221011200006
220211200806
162213100017
162211100192
202012100157
260912100059
015211400001
042212100026
040611200043
162211200327
221111200540
220211200805
230712100274
081714100001
030614100029
162212100206
040411400008
020412100331
193411100019
030612100558
221414200506
220211400514
081511100003
030611400033
221811400505
160111200081
263411200135
263412100177
221713100509
013712100039
013711200019
220311300503
020411100210
010314100001
132911100031
131911400005
162211200776
220113100508
020411100107
202011400001
111811200067
162311200024
243112100347
242411100017
162212100010
113312100023
030612300030
030611200460
010312100032
162211200545
020611200005
020411100076
020611200001
161311200019
130812100026
263411200134
010311200098
234311200027
182711100174
182711100175
182711200231
221813100512
182712100303
220111200682
263412300003
243111100200
233411200321
263412300002
131911200132
104812100027
221014100511
020412100329
211835100001
030611200459
131911200131
030612100306
220911200648
221011200816
221311200558
220211200802
221512100576
182711200230
091611200098
152411400002
030611300034
240713100002
162212100514
162212100221
272311200008
063112100024
191011100005
201612100051
020411400008
160111200100
162211200639
234311200210
263412100176
030614200067
182712100289
162212100443
221012100734
222014200504
220311200692
162211200748
030911200002
030611200067
220213100548
221511100566
162212100065
162213400009
282614100004
013712300002
061012300009
235512100272
030611200458
030612100456
014012100042
060511200005
273011200110
010114200001
213111400003
272311100017
162211200680
162211200726
273011200109
020411200285
162213100053
162211100276
162211200531
161711200044
082814200025
030611200457
030612100556
230913300003
031611400001
030612100557
263411400004
092111200020
161314200001
030611400004
162212100549
181311200022
151635100002
062012100016
040414200010
222213100502
162211200154
273011200133
131912100128
020411200125
040411200114
102911300009
102911100019
102911100017
102911100029
102911100028
220711200599
162211200582
111811200066
070511400005
171411200015
162211200623
193411200005
122912100121
143212100146
161711200016
182714100029
014012100041
014012100039
220211200801
221011200877
162213300001
162212100548
030612300029
030611200456
030635100012
030611200406
111911100019
010312100152
221511200626
143214100009
162211200172
162214200029
050914200021
161311100061
152411200176
080313100005
162212100181
221511200625
220214200535
211611200011
182711200229
062012100030
213112100018
221012100733
163711100013
193111200059
243112200010
100511200006
104811200005
202013100017
042214100005
081711200009
171414200002
014012300001
040414100010
243114200019
220411200729
220911200646
221011200815
162212100001
230714100043
221412100526
273014200016
182711200228
131912100127
242412100016
221311200557
243112100346
220212100695
243113100036
221311200556
222311400502
030611200455
030611200454
030611200453
030612100555
030611200440
030611400011
030613100042
030612100409
030611400031
030611100164
020411200283
161312100034
221314100502
181311100019
010312100087
221012300520
220412300514
161311200065
050911300006
220712300501
072914200007
162211200377
272211200009
272511100014
111811100052
014011100029
143211400007
220935100502
143235100001
152413100018
162214200060
104811200075
273014200015
143214200016
241212100070
221911200611
152412100240
050911200114
230711100312
160111200076
021511100033
020411200282
193111200058
060811300002
030613400007
030612100554
030614100023
030611200356
030611100269
122911300006
030411100008
030411100020
220511200601
030611200001
221812100523
091611300004
221712100574
243113100035
220312100607
220212100694
273011200108
273012100318
162211200286
030611300027
091611200097
042835100001
030611400030
030611200452
030611100378
030912100002
030611200351
030611100297
030611100251
122412100054
030611200103
162211400028
030613100093
263411200133
162614200001
162212100368
164111100013
161211100002
162211200461
020411100091
020411100049
013311100051
243112100345
220211400512
243112300007
230712100271
221011400523
041311100019
100435100001
241211100083
162212100220
182711100173
191011200006
162211100183
162211100094
162211200524
162213400012
162211100101
162211100091
220811200550
162311200016
162211300019
081712100009
010314100006
162211200197
162211200647
182711200226
221211400502
160111100043
020411100207
020411200278
021512100038
014211200008
220612100531
221514200508
014011400003
162211200551
040611300003
272311400001
193114200025
263411100070
162211100159
030611300033
030611100420
030611400012
030611300021
220511200600
030611200365
030611300010
030613100022
030613300002
030611200232
030611100225
030611200089
030611100132
030611100124
221911200601
020411400010
030611200451
183311100018
162214200035
152411300009
152411300008
050911200113
243811100007
102911300008
220935100501
193111200008
152412100239
102911100043
102911100042
020414200026
021512100020
020411100005
020411100004
220911200645
042235100001
220211200800
130813100005
220214200526
221711200560
252435100002
102912100046
221514100505
182714100028
161311300002
241211400007
143214200015
221413100502
050911100070
243111100199
131912100126
143213300002
162212100499
162211200283
021512100037
020912100014
021512100033
021512100014
021511200002
020411100128
020412100019
020411200022
161711200039
162211100190
162213100026
011311300001
221313300334
220413100523
030611200447
030612100277
030612100553
030111400001
030613100092
030612100552
030612100486
272212100030
220511200599
261811100006
021511100025
182714100027
182735100006
221312100524
220711100521
220512100558
162213100055
162211100188
061014200009
220111200680
162214200059
030612100543
030611400029
030612300007
030612100442
100511200005
030611100095
211613100003
010312100094
100511400001
221011200814
220511200655
143212300011
282611200048
162211200564
131912200015
210911100031
230711100303
132011100026
193114200023
220511200598
221012100732
030613100083
030612100525
030612100524
030612300016
030611200372
030612100484
030612100311
122411100032
030612100534
030613400005
030611200183
030611200198
020413100005
221611200581
162211100240
162211100241
193111100015
162211400033
160111100063
131912100125
162212100062
221814200513
161711200030
130414100001
010311300004
161711200041
130814100001
221114200503
113412100042
163711200002
162212100542
282611200037
031413400001
104811100069
030611200063
162211200511
220913400503
221813100511
162311200001
013714200001
013711100016
221711200559
021511200025
020411400003
050912100108
162211200116
011111300001
030611100419
032411100011
030611100082
030611100035
162212100536
143211200133
010312300003
015311100007
015311100005
162211200189
235512100270
180412300001
041311200007
213111200081
193112200002
162214200054
231814100041
181311100018
131911200130
030612100551
111812100113
164312100003
221014100510
162212100377
263413100014
162212100457
162214200003
162311200023
221511200622
221511200623
162211100042
172612100100
030611100418
030612300026
162211100144
162211200608
013313100005
060811300001
063111100015
212712100002
162211100050
162212100268
162212100329
211612100005
260912100058
102912100076
164311200005
162211100237
220411200726
162211200280
241211200097
221912100552
162212100540
161312100018
010211200002
030612100550
030612100549
030612100538
030612300014
211011200004
030612300018
030611200284
030611100072
160111200013
243111300004
162211200768
162211200420
220212100693
021811100031
162211200500
050912100107
162212100510
162212100539
193111100014
162212100538
113311400001
162211100211
220611200535
081211100020
221513400504
030614100004
213813300001
213114100006
042811400002
090211200018
211113100002
263411200132
243112100344
020411200245
162214200024
161312100016
161312100022
162211200767
222214200505
220514200515
162211100210
063211200003
102912300001
162212100216
030612100548
031411100022
032611200004
030611100152
232612300008
162612100012
104813100008
021511100032
021511100004
160711100018
182712100302
152413100017
161211200006
162511100012
160111200097
162211200044
162212100060
050914100008
231812100269
161711200032
081511300001
102911300004
272511100013
102911300007
180414100002
102911100021
102911100033
102911100041
181311100017
221112100520
102911100037
102913100006
020411100208
122411200041
152411100180
193114200024
162311200019
162311200003
160711200002
212712100005
202011300010
102912100064
102912100060
102912100071
263411200131
182714200036
161711200042
164212100001
162213400001
102912100042
162811200016
162211300005
163712100007
162214200038
162611100046
104812100046
021714100001
020412100295
111812100112
162811200017
030611300031
162214200009
122411300003
122411200040
220111200679
130311200005
013313100004
202011200126
130311200006
152414100009
220312100613
220412100645
221012100731
020412100328
020411200269
220813100507
213111100012
013311100008
211112100006
243111200212
213111200080
263035100001
263412100175
243112100343
220113400502
091411200021
130314200002
220113100507
211111100002
220811200549
243111200265
061014200008
061011200083
030611300013
030635100011
030611400028
241211200096
031411200015
030614200044
030611200330
030611200331
030211100027
162214200016
211111100003
015311200012
010111200004
015211200002
015211100004
050911200069
162211200244
253512100078
213111100002
193112100066
211611100008
022312100001
013711200013
015211100003
015211100002
213112100040
212712100013
152411300007
212711100005
162611100047
235811100318
102911200022
102912100077
162214100001
220913100507
061011200070
220612100530
091411200020
222212100510
220512100555
160112100041
162211200754
104811100006
211011100007
213811100003
213111200075
213111100046
211011100006
162811100009
211612100003
162511100003
010312100150
080311400002
180311200008
213112100033
210912100001
213811100006
082711100022
130611200018
220211200795
213811100017
131914200063
211011100008
211811100001
221512100575
160111200096
211811100005
104812100008
104812300001
020411200276
211811100006
010314100005
210911100024
221812100522
104812100045
172611200020
011112100007
051611300002
030611400027
030612100547
030613100088
160711100017
030611200248
213111100024
030611100017
233912100268
050911200106
213111100040
282611200044
162212100111
282612100074
102913100005
213112100073
243112100341
161714200001
090811100014
162214200027
152111100023
243112100342
190111100002
210211200006
162211200762
162611100019
213812300001
160112100060
162214200019
013311200012
040413100014
030611200450
032411200015
030614100017
220411200725
220612100540
220312100606
243114200018
213111100019
213111100035
211611100006
231812100267
282612200001
213812100006
263411300005
102911200007
010311200058
162211200646
162212100406
263411200130
021713100002
213112100005
211811100002
211811100003
213111100025
211612100012
011112100044
011112100045
014411100007
282511200011
220811300501
171611200011
122914100009
030614100028
030611100393
030612300011
030612100483
030612100546
272312100022
030611200449
030611200173
030611200133
030611100207
011112100042
011112100043
213112100006
243611300005
162211200226
162311100030
262811200021
231711200037
163911200003
211011100005
162211200633
162611200034
220412300511
243111200211
210912100004
161211200003
211011100001
011112100038
011112100036
104811200037
243111200210
220212100689
102711200004
202011200125
202011200124
243112100340
263412100174
182712100301
193112100097
222311200517
021712100024
161711200036
210211100003
213112100024
213811100004
213811100005
213811100014
102911200071
211611100015
221412300502
211011100004
213111100031
210211100004
162211200760
211611100007
252212100025
182712100073
061011100017
230612100266
211811100007
210911100007
161711100030
102912100073
015311100002
030611200448
030612300027
130811400002
162212100132
243112100339
233911100316
040412100152
021514100002
213111100037
162212100535
253512300001
213111100013
102912300007
211611100001
213111100008
050913300004
102912100062
100412100009
162211400001
162211200557
263011100015
263011100014
162211200666
060811100032
061011200009
162214200010
162211200101
032412100037
030611300025
162212100234
030612100545
030612100131
250211100009
221011200857
183311400002
220311100549
160112100058
020411200088
220212100687
211611100003
211611100004
213112100016
212711100003
231812100265
213111100021
211611100002
160111200010
212711100008
042811100043
043112100005
162211200530
162211200402
211111100017
162212100163
182712100300
212711100001
213811100022
091511200014
232611100163
162212100531
162212200022
043112100004
152411200175
162211200499
122911100051
213111100004
213111100009
243113100034
213111100020
211612100010
022711200009
182711100172
220111200677
243111200191
213111100011
160111400003
213111100005
162211200386
211111100006
213111100007
213111100022
210511100002
210511100001
162212100050
220412100621
220311200678
160111200054
160111200055
061012100123
162212100011
211111100018
152411200174
030614100027
030611200446
032412100035
030613100005
030411100014
020112100006
220512100554
011112100041
162211200643
263213100002
262814200011
210911100005
013311400002
220912100562
282212100006
162212100146
211111100009
162212100529
221512100574
162511200007
211112100001
162211200124
104814200005
221011200811
162212200013
161311200013
161312100003
212711100004
213112100044
162211200317
211111100008
212711100002
210911100029
162211200318
162212100376
221412100525
162212100304
243114100021
161314100002
162214200005
213112100075
020112100027
020112100026
122911200096
013311100049
221735100505
221835100504
020112100004
232511300014
162211200722
273011400005
030611200444
030614200070
030611400026
030611400025
030611200443
030614200069
030614100026
030611200421
030611200401
030611200249
220213100546
030611200179
213111100006
221511400502
243111100197
162211400030
161311200027
162211200758
162311100015
091612100095
161511200002
162211100208
143212100145
040412100151
221611200577
014011200019
220311200677
220912100561
162211200528
030612100544
030614100024
030611200303
030611200302
030611200300
030635100001
030611200081
020411200233
010311400003
143214200014
043111200005
220912100560
213111100003
050911100012
102913100001
162211200757
020411200240
230711300001
152412100238
230714100021
162212100328
161711200033
060811100024
060811100013
232611100263
030611200442
030611200316
030614200032
162211200158
040411100050
102912100037
081711100007
081711100018
153914100002
221512100573
221412100524
221011200996
282611200102
221611200575
221611200576
221811200550
220811200548
061011400003
220811400507
220411200722
220911400527
263412100173
221013300503
143214200013
040411400007
162211200482
020412100326
020411200257
162213300003
060811100028
162212100023
091411200019
162213200011
162212100327
263411200129
180514100001
220212100686
282612100146
030613100089
235514100042
162211200755
221013100543
221011200810
100411200002
113412100041
153712100023
153712100022
020411100206
202011200123
182713100017
220214200534
221814200515
220212100685
221611200603
221013100542
220811200547
143214200012
143213100012
230711200126
104811200054
220211200791
040411100049
162211200657
221612100516
143212300010
162211200658
220211100594
152412100237
162214200014
151612100037
220512100553
162211200618
162211200091
162214200011
162211200506
081511100027
032414200003
162211200459
030611200157
030611200090
153914100001
131911200128
221611200574
220711200596
162213100032
162212100071
091612100094
104811200067
260911200056
020411200277
220412200508
082812100161
160114200003
073512100019
070511200081
070512100112
122935100001
013312100044
162214200007
221813100510
015311200011
131912300002
182711200222
050911200110
211635100001
130812100025
221311100520
091612100093
220211100593
013314100003
162214200020
050911300004
162211200321
030611200422
030614100003
213111100044
220511400503
263312100026
220311400510
232511200319
233911100222
232612100264
020414200025
011111200032
220312100604
162211400029
221012200510
162211200076
220312100605
220212300510
273014100010
220414200512
220213100544
210211200009
162211200023
082812100160
063112100025
020912100013
213114200012
221011200809
220211200790
030614200068
282612100027
030611200178
191011200015
222311100519
220211200868
221612100515
243111100196
220512100552
213114200006
221111200537
282614200020
020414100015
221512100586
061011100071
243113200002
162211200345
193111200056
020412100324
020411100199
230713100011
122412100053
162211400012
082811200097
162213300005
161311100052
162212100143
202012100156
162212100326
282611400001
162211200090
030612100541
030614200066
030611200441
091612100092
030611200367
030613100038
031312100007
030613200005
015211200003
013311200055
241212100069
220313100512
162212100170
020411100023
160111200009
162211200274
162212100522
221211200574
220411200719
160111200091
220311200674
162212100311
061012300006
221335100502
271114200001
162212100520
131912100124
162212100188
221911200599
220412100620
061012300007
061011300003
213111200078
243111200209
162214200025
241212100068
234311200020
020414200024
220911200636
221911200598
220511200595
122411200039
061011100070
282611200050
162211200730
234512100262
080311300001
162312100013
282611200103
161311200064
160114200002
162211200589
220413400508
091611200096
263414200026
220213100543
230711100294
020412100072
162211200156
182712100298
182711200225
162211200032
232613300001
282612100144
162212100323
104811200061
010313300004
162211200634
030613100071
030611200439
162811100014
030611200025
152411200173
042011200014
020411100205
161311100038
010312100149
162311200008
282613100001
282614100003
162211200478
221511200619
213811200003
211111200015
243111200208
162211100282
013312100046
082813100006
180412100034
061012100036
010312100148
220511200594
120212100012
061011200090
030611200438
030612100540
160112100024
030611200399
030614100009
030611200153
030611200197
030411100013
231714100040
213112100051
040411200113
131411200007
162214200018
162214200002
162211200344
263212100012
162213200001
082812100159
221011100557
220413100522
221511200618
221914100505
162212100033
020411100204
201611200028
164111100008
013312100011
253513100010
162211100269
253512100077
182711200224
102911200080
221911100554
104813100007
201611200029
260911100062
070514200013
282611200043
132911100029
263411200128
104811100012
211612100013
220411200718
051511200001
104812100038
030612100173
220811200546
241211400006
282611200034
104812100069
022712100005
221811200546
162211100135
220112100581
061012100122
213811100010
220411400505
042011100012
030613200014
030611200437
030613100084
030612100539
030611200332
030612100067
221111300502
050912200012
151635100001
280311100012
182711100171
182713100015
180813100003
213113100001
104811200045
020412100322
153711100043
220612100529
162211200695
162211200255
220112100580
232511100314
021512100010
252211200010
221614200505
220212300509
030611300028
030612100257
030612100024
030611200176
263411300004
221011200806
162211200729
122412100052
122911200095
163911200007
263412100170
220811200543
180411100028
220411400504
220411100614
161711200038
220913100506
143211200132
042212100025
042212100024
261911200005
013312100045
042011200013
152411100177
162212100517
143211200131
162211200225
030613100074
130811200037
030613100087
030611400024
030612100460
130811200037
143214200011
162211200398
162211200672
193112100096
111812100110
221211400501
243111400011
161511100001
220914200509
082812100158
162213100021
235711200318
190711100017
070513100007
162811200001
190711100018
020412100321
123811200006
062012100029
162212100516
220211100598
221111100528
010311200096
233911100313
042812100056
162212100020
160111200084
091612100091
222412100507
050911100007
220412300508
213112100078
030613200007
152413100016
032411200006
030611200048
030612100528
213111200077
162212100515
030611200209
162211200566
072914100002
231814200039
222311200519
162211400025
221414200505
221712100544
220211200808
193114100004
162211100058
070512100111
243111100195
282611200007
242711200021
232611200130
040412100150
091612100090
104812100068
093512100003
091614100008
162211200408
220211200788
221011200805
143612100016
162211200151
161711200012
221012300511
050912100106
031312100014
162212100186
162211200466
030612100536
030612100537
030611200386
030611100331
030611200208
030211100007
162212100134
273013100017
282611200041
193111100012
160111200095
022712300001
020412100320
162811200012
220212100684
220212100683
220913200506
162212100394
102911200014
172611100001
162212100074
162212100180
091411200018
130611100024
020411200274
161312100015
160111100047
113411200034
235811100151
081711400001
152413100015
062711400001
050911200109
014011400001
230714200032
273013100016
221012100727
221012100728
160111200032
050911300005
040411400006
163312100001
030611100387
191011100018
030614200013
030612100119
162212100080
162211200747
050912100007
091611200095
220112100579
162211200746
241212100067
162211200417
162211200299
161311100056
164111200015
162211200583
164111200016
243111200207
020412100088
010312100147
030611100416
030611400008
030612100258
162512100004
220212300507
221911200596
061011300002
050911100037
050911100005
241212100066
220311200728
010311200050
220212200508
052211100007
220312100602
152411200172
222111300501
021811200005
220212100682
030614100021
162212100513
030611200413
030612100309
030411100006
042611200010
162212100262
253513100009
282611200056
162212100209
022711200008
211811200006
162212100230
162212100154
243114200017
220111400509
221012100725
272212100029
061011200071
220511400502
220212100681
220412300507
220211200786
220612100535
221013400503
182711200223
162212100307
241213100008
282611200065
162311200004
211611200010
162212100152
030611200053
030613100036
180811400001
221812100521
014411200008
062111100009
062711100005
231711400006
171611200002
262811200019
233911200116
273012100317
121111200010
121211100010
232611300003
102911100013
151612100036
102911300003
102911100012
160111200092
131912100123
162211200331
161311100036
030613200004
162211200169
011111200030
160112100013
162211200435
211611200004
091611200094
091511200013
221411300501
061011200064
234511200077
113411400002
182712100296
263412100169
161311200046
100411200014
162211200406
161311200056
061013200002
243112100338
040411200112
162211200744
164111200005
162211200585
030611400013
030612100535
162213200007
030611200338
030611200293
030611200436
162211200198
162211400024
233412100259
162212100273
243113100033
070514200012
010311200091
162211200034
163711100007
162212100431
130611200017
182712100297
020414200023
103111100006
253512100076
161312100028
163714200002
220111400508
122911200094
220911200633
162212100127
090211100022
162214200053
220211200022
162212200019
030611100415
030411200007
030611300014
031311200002
030612100084
030611200091
232611200014
030613100032
162211200464
143611200027
162211200229
063114100001
061011200016
162212100511
162212100122
162212100308
062714100001
241213100007
152412100236
220211100592
102911200074
061013100013
061011200015
213111200055
221011200803
220411200714
221611200570
221611200569
220711200595
282511200014
011112100040
221611200571
062011200015
061011200074
050911200037
220411200715
193112100019
162212100332
213111200060
234311200071
040412100149
162212100341
162511200016
233911200303
160114200004
162214200017
061011200003
164111200014
243112100337
061011200058
061011200008
153911200009
152412100235
220812100519
082812100157
082812300003
162212100246
162211400011
220213400503
030611100414
230712100208
162211200516
162211200470
162211200609
213111200061
162211200233
015311200007
161311200044
213111200014
063211200002
162211200077
030611200435
030611200320
030611200390
030611200274
162211200227
032411200017
163711100009
162214200043
162212100487
220911200631
182713200002
102912100036
231711200113
232012100261
263414100011
180511200014
273012100316
220214100511
063111100007
061011100001
151614100002
234511200227
152412100234
233411200212
232511200270
020412100020
082711400002
162212100083
162211200364
161311400001
040411400005
041311100018
162211200480
020911200004
104811200021
091612100089
012812100001
010311200071
015311200006
015311200005
012811200002
060811200011
162211200544
213111200008
212711200005
210211200001
020411100169
020411200215
210911200009
111912100029
020411200157
211111200010
100411200007
102911200065
010312100146
010312100145
010312100073
234711200066
221211200546
015311100006
102912100052
230712100260
020411400007
061011200020
061011200044
263412100168
030411200008
030611200434
030611200340
213111200071
030611200286
030613200006
210211200007
030611200212
030611200172
030611200046
030611200008
020412100317
020411200217
021311200004
211111200012
162211200421
022111200007
104811100063
161211200008
162213100039
191011400001
162211200333
061011200062
061011200017
162211200150
162211200115
163311200008
162213100047
243112100336
161312100032
102911100030
162211200641
162211200216
162214200048
162611200018
162311200015
160111200001
162211200316
102911200085
104813100005
013311200053
013311200027
014011200031
014011200030
162211200036
061011400004
013311200016
122911200093
230911200096
010311200059
113411400001
010311200033
061011200061
230911200098
230911200097
232511200314
062011200009
050911100068
235911200091
235911200094
022711200002
020412100036
102911200028
104811200026
061011200053
061011200046
232611400001
030611200305
030611300029
031411100021
030611200262
030411200001
030611200061
031311200004
020411200253
021311200009
022111200004
235411200131
241211100080
213811200005
151612100035
122911100050
213111200003
104811200007
162211200498
010311200086
162213100025
220411200713
010311200078
162211200697
162212100507
162312100014
020111400002
020411200250
182712100295
020411200198
020411200196
021711200004
021511200011
164411200001
100411200001
162211200375
161211200005
282612100143
163311200006
161711200018
162211200208
161311200050
232011400007
160111200031
162311200017
162211200203
162211400023
273012100315
162211200219
162211200292
050913300002
162211200322
162611200025
162211224010
182712100294
182712100293
164311200008
221511200685
010311400005
220211200784
050911200046
221411400503
031411200014
030612300024
030611400023
030611400021
030611200433
030614200065
031411200012
030611200348
030611200315
030611200312
030611200301
030611200260
030613400004
030611200396
030611200366
030611200241
030611200148
030611200102
030611200014
032411200001
030611200193
030611200192
030614100020
102911200003
235511200100
163711100019
162212100506
162211400022
221011400520
220211200783
220111200674
020411200178
111812100111
131911400004
013311200015
050911200079
221311200554
222111400501
221011400526
220711400504
221212300501
233911200169
243111400017
234311200219
010311200060
010311400001
234511200156
050911200102
221511200614
231711200247
234311200202
232511200276
231711200063
233911200252
233911200164
233911200137
193111200055
252412100027
082711400001
220511200546
193211200001
143213100010
104812100024
102911200018
160111200056
162211200246
130411300001
211611400001
162213100029
211611200001
161511200001
211111200007
182711100169
211811200005
162611200045
211011200005
162211200527
213111200073
213111200074
213111200044
162612100011
162211200250
162211200436
161211200009
162211200186
010313200001
014011200043
013311200011
213111200002
050311200002
153912100015
193411224001
211011200002
132411100013
220411200712
220311200670
220614100504
011111200029
020411200017
162211200285
162213100031
062111200001
050913300001
164111200007
221411200563
220511200589
162214100032
162211200171
212711200006
162212300005
020411400001
211611200002
020411400002
021311200005
020411200163
020411200130
020411200135
020411200195
020411200071
020411200064
020411200014
220311200722
020411200033
020412200007
102911200068
020111200009
210911200003
193111200050
014011400002
070511400004
012811200001
010311200061
010311200062
210911200007
153711100042
102911200049
152413400007
191011200002
243111200205
191511200002
191511200001
210911200012
193111200044
210511200003
202012100155
102911200023
013311200026
013311200029
010111200009
221012100723
013311200007
061011200087
062711200006
163714200004
050111400001
163714200003
050911200038
050111200001
232611200265
011113300001
162211200349
162211200588
160112100005
221012100722
221012100724
273011200105
162211200263
162211200391
162311200005
164311200015
070513400002
030611400003
162211200700
162211200712
162211200353
160111200085
230611200051
030611200423
030612300023
030611400020
030611400018
030611400017
030611400016
030611200409
030611200383
030611200380
030611200415
030611200375
030611200358
030611200327
030612100533
030612200002
162212200006
030611200160
030611200124
030911200001
030611200136
030611200113
030611200110
030611200106
172611200045
030611200143
162211200434
231711200041
102911200067
162212100363
102911200005
213111200069
160114200005
131911200127
162211200371
162211200373
282611200040
164011200004
162212200009
162211200405
160111200035
162211200401
011111200019
162211200376
162211200705
162611200029
010311100024
011111200022
011111200013
013311100011
222313100501
061011200023
061011200014
162211200108
053311200001
213111400001
162211200352
164111200004
143211200130
213111200070
161311200016
213111200068
161311200008
263412100167
211611200007
162211200569
102911200038
104811200032
162211200167
263211100021
231611200289
122414200005
231811200087
020111200004
021511200024
020611200007
020412200026
020412100232
022111200005
213111200016
020411200224
020411200079
020611200003
020411200056
020411200173
022111200001
020412200006
020412200005
213111200056
012811200003
233411200111
233911200046
010111200007
051611200001
235911200106
181311200021
231611400008
162211200584
233912200008
231611200284
233911200047
233911200105
273011400004
233911200153
100411200010
102911200037
231011200233
162211200153
010311200073
162211200419
221813100509
162211400003
013311200045
062711100016
050912100105
162214200046
162211400015
231011200281
103111200001
162211200407
280711200008
162214200042
162511200011
162211200616
162211200998
061011200081
061011200054
062711200014
061011200077
162211200359
061011200039
062711200004
160111200030
162211200691
050911200067
050911200058
162211200082
050911200051
231811200189
233411200173
161711200017
040411400004
212712100014
163711200011
162214200051
213111200037
220911400508
164211200004
233911200079
162211200576
162211200188
162211200143
210511200002
233911200195
162211200693
162212200002
102911200072
104811200050
102911200066
162211200264
104811200041
102911200039
102911200021
104811200012
161311200054
172611200004
061011200057
062111200002
062711200007
050911200094
050611200001
233911200235
262811200018
235811200170
030611200416
030611400015
030611200381
030211200009
030611200337
030611200317
172611200025
282611200095
030611100215
030611200175
030611200159
031611200001
030611200034
030611200199
030611200194
030611100202
230711200117
021711200009
020411200193
172611200010
020411200104
020411200152
021311200006
021711200005
020911200009
234511200086
020411200085
020411200050
020411200041
020411200011
020411200031
213111200067
162211200245
010311200087
164111200011
015214100001
161311200055
011111200010
061011200072
063111200003
063111200002
213811200006
230711200128
062711200015
160711200004
050911200064
010311200090
153712100019
153712100020
153712100021
213111200023
162511200005
211111200014
164111200006
193411200008
164111200019
230711200125
193111200034
162211200533
171411400001
162211200715
193111200049
102911200075
102911200025
103111200002
213811200001
213811200002
211011200001
213811200004
013311200042
211111200005
013311200041
013311200035
231711200015
050911200093
052511200003
234511200306
213111200035
050911200066
213111200013
210911200010
211111200004
210911200001
210911200002
211811200001
211811200003
213111200031
211111200003
212711200002
230711200065
102911200026
104811200047
162211200667
162211200363
162211200537
162211200243
080311400001
230711200042
162211200155
082811200096
162611200016
163711200004
193411200002
162211200320
030611200266
104811200051
030611200419
030612200010
030611200120
162211200214
213111200009
102911200079
104111200004
282611200055
282611200066
235811200193
082811400010
162211200369
161711200026
061011200006
050111200005
050911200006
234711200280
242411200015
031411300002
220211400509
161311200007
030611200168
030611200010
220311200669
230611200052
162211200422
102911200064
102911200044
104811200044
102911200042
104811200046
143611100031
010311400004
232511300004
013311200046
013311200047
013311200030
222311100518
013311200005
013311200021
172611200003
050911200053
232511200138
050911200032
221811100520
213111200022
234311200205
143211200129
030635100010
213111200028
213111200024
030611200289
030611200277
211611200003
030611200204
030611200156
213111200011
030611200078
213111200062
171411200002
230611200053
193111200053
191011200009
104812200001
104811200002
232511200081
232512200005
050611200009
050611200004
172611200044
050911200057
053711200001
232611200005
231611200073
172611200017
171411200001
235611200095
030611200313
030611200296
231011200021
230711200050
104811100068
102911200084
104811200074
102911200031
104811200025
102911200033
104811200015
104811200011
104812200004
160111200012
160111200080
161311200059
182712100292
161711200028
162211200293
220211200780
150812100006
161711200025
162511200008
162211200183
030611400001
162211200656
020411200246
020411200255
020411200204
020811200008
020411200181
021811200003
020411200158
020411200149
020111200006
020411200132
020411200131
020411200103
020411200100
163711200005
020411200185
020411200172
020111200002
164111200017
233911200093
210911200008
082811400009
062011200004
221811200573
050911200007
213111200006
273011400003
030611200135
102911200009
202011200122
091511200012
013311200023
010211200003
061011200059
062011200005
152412100233
282611200038
193111200030
231711200003
193111200028
162211200664
013311200036
013311200003
220111200673
050911200098
232511200024
050912200006
162311200007
232511200025
193111200013
162211200222
030611200229
030611200207
030611200174
030611200132
162211200215
030611200142
030611200158
162211200562
162211200162
162211200573
162211200253
104811200055
104811200049
102911200032
102911200045
104811200027
162211200549
171411200007
220713400502
072911200042
162211200403
213111200001
220811200599
213111200026
162211200120
213111200033
162611200026
162211200121
172611200042
213111200029
030611200276
030611200306
171411200003
030611200155
172611200013
172611200048
213111200004
162211200631
104812200003
191011200011
132411100012
060811200010
191011200004
030611200424
030611100372
030611200376
030611200319
193111200021
032411200007
104814200007
104811200068
104811200072
102911200027
102911200069
104811200070
234311200019
162211200469
230911200182
162211200411
162213200003
162211200241
162211200399
162211200289
162211200070
160111100023
011111200009
013711200004
162211200240
060511200004
011111200006
014011200024
162211200230
231811200070
162212100046
050911200080
231811200038
221914100504
161711200024
162211200125
230711200119
221011200799
030611200282
231811200009
162212100263
030211200004
162211200428
021511100030
231811200030
162211200003
102911200086
104811200073
102911200040
104811200038
104811200008
102911200002
091611200093
162211200139
161711200011
060811200005
150812100005
152413100014
232011200305
030611200137
030611200134
162211200177
030611200057
032411200005
162211200178
020411200252
020411200263
020411200262
020413100015
021511200019
021511400002
021711200008
162211200163
021711200007
020411200188
020411200128
020411200184
104111200007
030611200141
102911200055
104111200003
104111200002
102911200061
014011200038
162211200232
011111200017
010311200035
230711200191
050911200078
050611200003
052211200005
213111200043
010111200005
172611200016
193111200045
172611200005
162211200256
230711200044
233411200067
104811200048
104811200043
104111200001
104811200028
104811200017
104811200010
104811200071
104811200053
230711200132
162211200513
162211400009
263411200127
162212200003
162211200028
013711200002
062711200013
063211200001
053011200002
163711200008
162211200279
162211200424
162211200655
230712200004
260912100056
104813100004
235511200275
062711200008
010311200068
014411200005
062011200003
030811200004
030611200360
032411400001
030611200310
030611200224
030211200005
030611200093
030611200080
230711200064
102911200063
102911200062
160111200053
062711200012
061011100016
050911200047
050911200041
061011200007
050911200028
030611200108
030613100086
163711200007
030611200237
163711200009
030611200152
030611200123
030611200118
030611200131
030611200109
030611200083
030611200084
030611200138
030611200064
020112100024
020412100285
220514200513
220212300506
162211200343
162211200362
160111200071
232611200163
193111200041
193111200043
193111200031
030611200345
030611200253
162211200450
164211200005
162211200438
162211200447
221011200798
232611200162
220911200733
162211400021
221812100520
013311200028
013711200017
010311200049
010311200055
014011200006
014011200004
010311200008
010311200009
010311200067
014411200006
010311200002
014411200001
162212100338
282611200125
030611200408
273011300005
030611200099
161711200020
162212200017
162211200384
162211200242
162211200628
162211200166
162211200236
193411200009
210911400001
162211200416
020412100235
050611200008
210911200006
051611200004
220911200630
050911200026
163711200003
160111200022
030611200373
030611200254
193111200023
162211200580
030611400002
030611200219
030611200035
030611200021
020411200218
020412100242
193111200039
221011200797
021511400001
020411200161
021211200002
020411200124
020411200123
021511200014
020411200070
020411200164
020411200029
020411200020
103811200002
102912200001
162211200390
162211200570
161311200058
161711200004
162211200332
030611400009
030611200355
162211200045
161311200057
162211200065
030611200087
030611200016
162211200014
162211200627
162211200410
162211200687
104811200018
014011200041
014011200032
013311200024
062712200001
061011200001
172611200047
030611200206
104811200024
104811200023
104811200029
104811200019
162211200472
221211200545
131911200125
010311200053
010311200052
221011200988
010311200056
010311200017
014011200017
014011200016
010311200026
014011200018
235511200274
230711200124
162211200718
030611400006
030611200414
030611200333
030611200182
030611200038
282611200031
282611200062
102911200054
104811200034
172611200001
061011200036
061011200029
061011200050
060811200007
060811200008
060811200004
050911200089
050912100063
164311200003
152413100013
060811200006
032611200003
032611200002
164311200007
161311200009
030612200005
162211200057
030611200167
232411200160
030611200107
030611200082
030611200030
234511200291
162611200023
234511200292
102911200043
104811200035
221913300501
282611200046
013311200025
013311200022
013311200040
013311200018
013311200009
060511200003
013311200006
013311200020
063111200005
013311200044
014011200028
061011200035
222211200523
061011200040
061011400002
061011200010
060811200002
060811200001
061011200002
162211200485
220411200730
163311200002
162311200013
162211200702
162211200453
161311200001
221511200647
020411200177
220112100578
020411200200
020411200162
162211200010
162211200415
162211200462
020411200146
020411200068
020411200066
020411200061
020411200006
162211200505
172611200034
102911200047
104811200042
161711200013
193111200040
231611200279
030611200346
030611200344
030611200341
193111200047
030611200226
030611200218
030611200217
030611200201
030211200003
030611200184
030611200104
030611200066
030611200033
030611200027
030611200026
102911200050
104811200033
104811200069
152411100176
104811200057
172911100004
081711100017
081211200012
182713100014
050911200105
052211200003
052211200002
052211200001
050912200001
282611200073
282611200086
145111100012
193111200001
193111200003
162211200103
273012100314
102911200057
102911200020
102911200081
104811200003
011311200005
160111200011
014012200001
013311200039
013311200037
013311200010
014411200002
014011200037
014011200034
011111200024
050912300002
162211200202
050911200029
102911200017
050911200024
193111200004
162211200056
162211200012
102911200051
102911200030
102911200034
102911200015
162211200238
053311200005
220211200778
162211200187
162211200105
113411100039
243111200278
061011200027
050911200055
193111200033
162211200298
234311200115
070535100002
162211200361
104811200006
233911200101
020411200190
030612100532
162213200002
030611400007
020411200084
030611200350
030611100325
030611200354
030611200339
102911200010
030611200292
030611200287
030611200281
030611200246
030611200211
030611200203
030611200165
030611200161
030611200117
030611200116
030611200101
030611200094
032411200004
030611200012
030611200003
030611200004
022711200006
020411200220
021712100022
030611200279
021712100023
021511200018
030611200336
020411200089
010311200057
015311200008
010311200023
013711200007
050911200083
050911200052
050912200005
104811200031
104811200013
231711200228
233911200061
233911200060
162211200515
220913200505
061011200030
061011200013
010312200006
164011200002
010211200005
162211200630
010311200048
010311200007
010311200034
010211200006
233911200108
160111200004
162211200072
162211200443
162211200493
162211200426
282612100142
162211200662
171611200006
122912100120
162211200102
172611200019
172611200008
091611200092
131912100122
010311200079
162211200235
221214200502
160111200087
013711200015
010311200025
014911200002
160111200048
050911200096
162211200107
162211200084
162211200086
050911200014
162211200556
162211200451
162211200048
162211200096
162211200260
010311200019
162211200706
102911200013
104811200009
221313300333
050911200095
050911200077
020411200272
020412100314
113412100040
021511200010
020411200069
020411200008
104811200063
102911200036
162211200548
221011100555
162211200134
172611200007
061011200052
050911200081
050911200019
050911200010
172611200036
162211200679
211612100004
162211200223
193111200017
234311200010
282611200026
162211200427
020414200005
282611200051
211612100008
103811200001
193111200022
230711400011
050911200017
050911200015
050911200011
172611200039
030611200234
191011200005
030611200259
030611200245
030611200235
030611200263
030611200236
030611200228
030611200225
031611200003
031611200002
030611200210
030611200185
030611200186
030611200150
030611200119
030611200146
030611200130
030611200115
030611200097
030611200096
030611100277
030611200056
030611200054
030611200050
030611200041
030611200040
213111200010
113611100008
102911200029
160111200070
162211200324
063511200001
164011200005
162211200204
162211200047
030611200051
273012100313
164211200001
241211200094
050911200061
160111200008
104811200056
162611200007
061011200051
060811200009
061011200005
160111200029
162211200514
162211200596
162211200051
021311200003
020411200053
020411200004
050911200023
213111200012
221911200593
230711200127
221912100549
162614200002
050911200039
221011400519
193111200006
160111200003
161311200005
162211200606
102911200035
102911200019
011111200026
010311200051
014011200010
014011200009
010311200024
061012100017
010311200003
010311200036
061011200031
061011200018
050911200065
050911200056
050912200004
273012100312
161311200003
160111200034
070511200089
010311200075
010311200047
011111200014
010311200037
050914200019
162811200010
050911200068
162211200525
162211200111
164211200003
164211200002
162211200213
162212100504
162211200136
220112100577
221611100511
160111200027
221711200549
030613200011
030635100009
030611400010
030611200368
030611200361
030611200255
160111200039
220211200777
030611200220
030611200189
030611200140
030611200139
030611200019
221711200550
193111200020
014911200003
010311200063
230911200216
020411200126
020411200099
020411200077
020411200057
020411200112
020411200013
020411200009
010311200016
102911200056
105011200001
102911200008
193111200010
162211200473
162211200733
162211200276
202013100016
193111200007
220811200542
050911200108
040612100103
220811200541
160111200046
172611200018
162211200615
172611200015
193111200032
162211200039
172611200033
193111200037
221512300503
220211200789
102911200004
220111200670
221013100540
010311200022
220111200671
015211200001
220111200672
172611200037
220913100522
243111200204
160111100003
220711200592
282614200019
220311200739
072912100003
172611200006
202411100016
234311200167
172611200027
220411200761
162211200592
014411200003
162211200175
050111200002
162211200550
162211200050
164311200012
160111200021
162211200338
162212100034
162211200396
162211200337
131912100121
262812100025
010312100144
160111200067
010312200003
010111200001
010311200011
010311200010
011311200004
162211200063
020411200237
092111100015
193111200014
263412100172
030611200410
030611100361
030611200382
210211100013
030612100400
030612100392
030611200328
030611200353
030611200227
032411200011
030611200171
243111200203
030612100501
020812100003
020411200205
020411200107
020411200148
021511200009
020411200072
020411200113
020411200046
020411200030
020411200110
102911200006
162211200591
010312100086
010312200001
220614200505
011311200002
011311200003
220212100677
162211200394
221711200548
162211200043
221011200790
162214100003
061011200033
162611200003
162211200313
162211200501
104811200052
220911200735
102911200046
243112100335
011111200016
010311200006
051511200003
213114200013
162211400019
162211200161
092112100010
143212100144
162211200716
104811200022
104811200036
162212100173
160111200074
162212100079
162212100076
162212100239
162211200508
162212100075
162611200008
162211200117
160111200025
163911200004
282611200032
162211200220
162212100372
162311200018
162211200142
263411400003
091612100088
030611200272
020412100302
020111200014
121111200009
020411200106
020412200022
020111200001
020411200111
102911200083
061011200082
061011200026
210911200015
161311200028
162211200471
145111200003
152411300006
162612100006
220711200591
221012100721
091611200091
091611200090
162211200404
263411100069
062014200002
182712100291
050911200025
162311200002
031311100024
030612100531
030611200379
030611200405
030612100438
030614200036
030611200242
030611100342
030611200151
030611200092
030611200085
111813400001
122414200007
220213100541
014211200009
181312100001
162214200040
162211200164
070514200011
011111200003
160111200052
011311200001
152412100232
160111200044
123811200005
020411200192
020411200062
162211200553
070514200010
131911200124
011111200015
015311200001
015311200002
162211200350
162211200307
273011400002
171411200014
050911200075
234511200288
162211200157
161311200037
221011200788
182711200221
221011200789
191011200012
143212100143
182712100290
160111100068
030611100413
030611200431
243113100032
030611200221
030411200002
030611200023
030611200009
080311200013
211114100002
161311200043
020411100200
171611200012
020411100109
020411200065
161311200053
162211200698
162212100240
162211200138
162811200008
271011100012
162211100197
162212100012
162211200288
162211200620
162211200496
104812100002
162211200290
162211200387
010111200002
010111200006
162211200234
162211400020
162214200057
162211200374
221912100548
160111200005
243112100334
162211200200
162211200053
221413300501
234511400010
221311200551
111812100109
162211200035
221211200544
220711200602
162211200277
162211200445
221711200599
273012100310
162211200133
030611100410
030613100072
030611200247
030611200121
121111200008
030611200079
030611200013
030611200196
030611200006
030611200005
160112100019
100412100006
162811200002
090211200017
162211200613
162211200140
162211200207
162611100040
162211200268
221511200655
241212100065
162211200326
162211200078
221912100547
221611200567
162211200635
162211200554
011311200007
011111200012
011111200008
011111200005
162211200497
241211200093
162211200194
220212100675
162211200205
213111200052
021311100009
162211200013
020411100136
020411100131
020411200097
092111200019
091512100011
010311200092
162211200165
010311200070
162211200581
162211200265
162211200004
010311200015
221112300503
162211200037
143612100015
220413400507
182712100288
221013100539
162211200067
182712100287
162211200022
162611200001
162211200607
213811200007
220312100601
221011200787
162211200251
220412100617
221011400517
221511200613
030611100412
122912300023
104811100067
213111200065
091511100024
152411100175
100411100019
080311100024
050912100104
030612100530
030611200394
030611200392
030613200010
030611100294
030611100255
030611100254
030611100253
030612200004
030612200003
030211200002
030611200145
030611200105
030611200114
020911200011
201612100050
102912100075
020411200037
162211200626
042811200027
162211200182
162811200009
162211200593
213111200064
162211200002
020412100090
220212100674
162211100128
162211200016
162211200017
220412100616
162211200707
162211200066
021514100001
162211200475
263411400002
122412100051
122412100050
104811200004
162211100246
182711200038
160111100064
070514200009
221511200684
273012100309
132111200024
162211200113
162212200014
162211200131
123611200008
162212100205
162211200578
162211200168
162211200021
162211200193
162211200275
040411200111
282611200089
162212100283
162211200123
162211200020
234311100023
180811200013
162211200621
162211200159
202013100015
050911200103
162211200099
050912200011
243112100333
020411200153
020411200174
162211200385
182711200220
162812100001
162211100077
162811100004
162211200617
162211200507
050911200087
162211200106
273012300010
220914200508
162211200452
161511100004
162211100209
030612200012
030611200202
030611200162
030611200047
030611200017
030611200195
020412100163
213111200066
162211200512
260911400002
162211200341
263411200125
263411200126
162211200381
153711200021
171614100001
011111200020
050912200010
050912200009
052211200006
050911200101
050911200097
050911200060
050911200009
180414200002
211011200003
162211200328
162211200087
162211400017
020412100311
162214100012
182712100286
130813100003
113413100003
222311200520
182712100090
182714100026
122911200091
120711200009
150811100020
220511200587
220311200666
162211200314
182711100015
111912100028
102911200073
273012100308
180511100019
162211100152
030612100477
030611100247
030611200187
030611200170
032611200001
030611200128
031611100005
030611200068
162211200388
162211200671
213114200010
213114200011
213111200053
213112100077
211111200002
020111100025
020411200223
131911200123
211111200009
243611100027
162214200013
220413100520
160111200057
213111200034
213111200036
162211200342
213111200058
213111200047
162211200080
162311200010
162211200306
162211200128
213111200030
030611400014
030613100081
030612100478
030611200374
213111200048
162211200049
160111200037
213111200007
030611100080
030611200022
213111200057
213111200040
162211200005
131912100120
103111200003
220313100510
162311100026
241212100063
072912100045
143211100128
161311200061
160111200007
220811400505
220313100509
220714200506
220411200707
162211200526
040411200110
040411200109
030611100391
162211200273
162211200018
162212100013
070512100059
162211200122
282611200081
221011400516
162211200007
273012100307
152414100008
243112100332
152412100231
220711400503
261111100010
030611200430
030612100458
030612100204
030613100019
030612100069
030612100499
030611200086
021512100031
162211200026
160111200017
243111100194
070512100030
162211200038
243112100331
162211200571
162211200423
102911100060
160111200050
182711200148
162211200098
020411200241
162211200019
272312100019
020411200147
020411200059
020411200048
020411200051
220112100576
221512100572
202411200006
143211100127
162211200095
061011200055
090811100013
162211100267
220411200744
221912100546
160111200014
162211200368
013312100005
063111100014
182712100285
182711200219
193111100051
020411200194
161314200002
010312100139
014011400004
182711200218
080312100027
082811400008
123611200007
030612100529
030613100085
030611200429
030635100008
031311100023
030613100075
030611300024
030613200013
030611100308
032412100001
030611300005
030611100075
030611200062
030611100366
111912100027
102911100069
091511200011
011111200028
162311100022
162211200711
013311300003
182711200010
070512100106
042011200012
152412100230
221011100554
221512100571
221711100525
161711100018
020411200073
243111400010
111711100008
061011200065
162534100001
162234100005
090811200015
152412100229
021712100021
021511300006
182711200004
230711200317
162311100028
180311200007
162212100272
143211100126
162211200269
013311400003
111814100008
133911100021
092112100009
030611200055
221012100720
030611200278
221512100570
030611200238
030611200100
020412100310
090211100021
162234100006
162234100001
162234100002
162234100003
162511200010
221411400502
162234100004
162212100183
182711200042
162212200018
220311200664
220211200773
221512100568
220312100620
010312100054
221512100569
182712100284
230911100310
213114100007
182712100127
221511200610
220411200706
220313200503
220911200628
162211100289
220211200771
010312100107
161312100017
162211200033
162212100495
050911200085
162311100008
020411200228
202011300009
162311100007
234511100309
082711200007
242411100016
221911200592
220311200663
220212100673
030611200428
030612200016
030611100411
030611200427
030614200064
030611200256
030611200147
030611200042
030611200031
263411300003
162212100105
010312100138
241212100062
073511200005
242411200014
020412100309
011111100032
220211400508
221012100719
221014200509
213114200009
162611200002
160111200072
014011100028
162211200547
160711100014
162211100245
220211200770
162212100382
162211300011
221011100553
162211200190
060811100021
050914100007
162211200372
160111200093
160112100057
282611200060
220412100614
030611100046
031611200006
030612100504
030611200098
162512100002
220112100574
020412100308
020411100039
122914100008
082711200006
082711200005
172911200003
243111400009
162211200357
161711200037
162311100023
104814100001
213112100002
220911400507
082811100077
162211100095
220512100550
221012300509
061012100020
152412100228
091613100004
091411100019
230611200315
030612100527
030614200063
030611200411
030612200014
030612100334
030611200270
030611200233
263411200124
162211200523
263414200025
180511200009
163311100004
282612100075
062012100022
162611100024
221912100553
162212100493
180511200013
221712100545
221312100526
161311100060
220311200662
182711200217
162211200040
221011200783
221011200784
221911100553
092112100008
092112100007
182712100010
162212100015
221012100718
240711100032
252413100002
162211200127
243112200009
263411200123
263411200122
243111100193
213811300001
021512100029
183711200009
010311200093
152412100227
020411200264
020412100092
221911200590
220211200768
220111200669
220112100585
220311200737
070514200008
221712100542
221312100530
162212200004
162211200418
162211200147
182714100025
182712100283
130311100014
030613100080
030612300022
030612300021
030611100409
030611200223
030611200177
030611200029
160111100070
282611200084
162211100017
213112300003
164211100004
151612100034
041335100001
020411200251
162211200597
020411200144
020411200038
162211200196
280712100022
162811100001
162311100031
243111200201
151011100026
100411100007
152412100226
211112100015
113311200020
104812100067
091611100070
162212100198
213111200005
162211200180
122413100003
233914100035
282612100007
160111100065
030611200164
014411100009
162211100261
030612100526
030614100022
030613100064
030611200391
030611200342
030612100369
030611200304
030611200261
030611200267
030611200231
030614100012
030611100044
273011400001
221314200505
162211200488
020412100190
020911200014
162212200020
202012300010
162213100036
020911200005
182712100280
182712100282
182712100281
162211200309
182712100279
182711400017
221611400503
164313100001
182711400018
182711400019
162212100145
262814200010
162212100144
020611100002
102914100001
011112100009
282611200021
162211200465
230712100080
220512100547
151011100025
282611200049
152412100225
221914200506
162212100116
221011200781
182712100278
061014100002
060812100028
162212100068
243111100192
234311100028
220811400504
282611200013
020411200122
020411200034
020411200002
193114100002
232511300007
220312100599
030612100297
183311200018
030611100408
282611200036
030611200403
032613100001
220711200589
030612100044
030611200149
162211200603
122912100118
273012100306
193112100061
104812100066
211613100002
020411200207
220911200625
282611200028
273012300009
221011200925
233912300007
020111100007
131912100119
040614200005
282612100116
282611200006
014911100007
193111100050
161311200024
053011100010
221311400501
240411100024
231711200312
213111100043
020411200261
020111100023
020411100031
020111100006
282611200053
282611200083
182712100277
282611200045
161311100035
213111200019
221011200779
092111200018
220111100529
013712100008
282611200069
282611200009
021313100003
282611200063
162211200237
282611200004
061011100031
162611200046
162511100005
282611200093
282611200005
162211200719
162211200259
282611200082
282611200016
220511200585
221911200589
261711100013
164014100001
162212100451
172611400002
061011200069
152111100022
282611200024
030614200062
030612100523
030612100522
030612100521
030611200418
030611200417
030611200402
030611200362
030611200349
030611200343
030612100335
162214100026
030611200297
030614200003
030614100001
030611200230
032411200009
193112100090
030611200144
282611200098
282611200011
091611200089
080312100024
080312100022
080312100026
080312100025
080312100023
182712100275
260911100061
182712100276
242311100008
062711100025
062711200010
051511100004
162211200717
010312100051
014211100005
262812100024
020611100014
020411200234
193112100069
061011200045
234511200311
010312100137
162811100010
162211200468
082811100076
061011100011
221911200604
272214200004
241214200008
220212100671
220111200667
221011400515
220211200763
020411200260
162211200538
263412100166
042814200002
162211200594
061011200028
111812100108
162211200622
220112100573
221012100716
230712100256
050914100003
030611200188
013311300002
030612100520
030611200426
030611200425
030612100412
030611200240
030611200239
030611100226
030611200191
030611100192
030611100176
020411200067
020411200042
020411200016
160111200062
162214200056
162211100221
104812100052
092111200017
020412100210
020411200171
242712100020
162212100484
220811200539
282211100014
243112100326
243112100327
221014100509
243114200016
020411200108
220214200525
221514200507
220112100584
014012100037
162212100005
082835100002
231011100308
014012100037
104811100019
221013100538
220212100670
062012100006
152111100021
233912100094
122435100001
030612100519
030611200385
032411200016
021811100029
263011100013
030611100085
162212100489
160112100055
162212100160
102912300006
030611100407
143211100125
030613100079
020411200187
030612100322
162211100239
202011300008
061011100059
182712100274
162211100102
152412100223
152412100224
182711200216
111812100106
160111200089
210911100004
263411100068
153711100041
131914200062
273013100015
162212100064
162212100463
050914100006
162612100002
221911100551
243112100325
152412100222
152411100174
152412100221
221911100552
162211100274
102912100074
183711100009
221011100552
221013100537
040611200042
220711200586
082811300006
220711200585
243112100324
020412100050
221911100542
221911100543
221911100544
221911100545
221911100546
221911100547
220211200761
220211200762
221412100523
221911100548
221911100549
221911100550
221911300503
152411200170
182711100167
030612100518
202012100153
221911100540
221911100539
221911100541
220112100572
243113100029
104812100065
230612100024
220311200657
220912100558
220912100559
180511100018
162211100111
020112100013
162212100486
231811100047
164311200001
162212100102
221712100541
020111100008
243711100009
070512100110
221613100505
221511200607
013314100001
111813100005
013311100048
161711100011
162211100280
091612100087
010313300003
091612100086
243112100323
162212100313
031411300003
162212100252
220312100598
030612100102
180311200006
030612300020
220311200656
180411100027
220312100597
221511100564
222213300501
243111100191
122912100117
220211400507
221813100508
162212300001
220211200760
270711100018
221911100538
152414200018
072912100044
161312100029
220414200511
181311400004
220112100571
221813100507
220212300508
221611200566
243112300006
220614200504
153711200020
050911200082
050112100015
010211100005
082814100001
162811200003
013712100036
221411200561
220511100531
220412100613
243112100322
182711200215
263414200024
263411200120
163911100001
240711100031
021712100005
161311200049
263411100067
263411100066
282614100002
220712100538
233411100305
220911200621
220211200759
220712100537
172612100098
160711100015
082811200089
162212100379
221911100537
221712100540
122412100049
111913100003
220411200702
030211200014
243112100321
162211200210
230613100033
102914200005
162211200535
143614200002
160111100032
282614200013
220111200666
160111100026
182714100024
221914200505
201111200007
020412100201
021512100028
020412100200
013312100042
020412100226
222014200502
220311200653
242412100015
242412100012
242412100013
242412100014
013712100038
273012100305
162211200696
162211200058
220414200510
162211100268
162211200489
182712100273
143211100124
164311200013
220411400503
221611400506
220414100510
220514200512
010312100131
160711100013
162211200148
210211100011
162211100172
221811200541
221811200542
220112100570
040412100148
021712100011
013312100041
010312100136
162211100001
182712100272
221013100546
220314100509
091611200088
231011100197
162214200055
162212100051
243112100319
010312100027
010311100029
090811100012
243111200199
243111200198
040411200108
233912300006
221111200536
143211400006
273012100304
182711200213
182711200214
182712100271
104811100016
131911200122
163911200002
091612100085
030811100013
222411200509
220911200619
092111100014
182711200212
182711200211
121211100009
273011200103
061012100117
172611100042
221711200583
021511200023
220711200583
221011400514
220211200758
014011200035
040414200009
122912100116
272111300017
014011100004
021512100027
152411200169
153912100014
182711200210
021512100026
220411200698
220411200697
220611200531
273011200102
183311400001
182711400016
183711400002
273011100109
181311400003
122912100115
040612100102
220611400501
162211200379
273011200104
162211200025
113312100022
162211100164
161711200019
220612100526
020411200258
152111100020
220311224004
202011200119
220212100669
202011200120
220811200538
050912100103
211611200005
211611200006
162214100027
243114100020
202014100017
021513100006
111812100105
220611300502
263011200006
020411100010
201611200027
172613100004
160111200069
122412100048
161711100028
171611300002
163911100002
162212100251
242412100011
172612100097
221713100506
152411200168
220413400506
150811200011
030612300019
253511200058
162213100006
030613100077
030612100516
221112100519
113812100004
221511400501
221514200506
220212300505
220111200664
180411100026
180412100033
182711100064
182711100073
220212100668
220212100667
152412100220
133212100004
133212100003
122912100113
220211200756
253511200057
120711100014
220311200652
220312200506
252214100004
091612100084
263411200119
091512100010
162211200699
152412100219
020412100304
213112100076
220211200755
242412100010
220711200582
162212100045
220211200027
104811100066
220411200696
030613100076
201612100049
231713100032
162511200006
102911100068
210912100007
220311200651
232512100255
122414100003
143211200127
221012100714
162312100004
220212100665
082812100156
253512100075
243112100317
130611200016
162211100098
120711100013
220914200507
220914200534
220214200552
122912100112
162211200479
202012100152
030612100515
235511100304
162211100277
020412100267
235514100037
221912100543
172611100034
014411100008
162211100275
132012100024
162214100029
014011100025
210911200016
042812100055
220311200676
242411200013
221512100566
282612100049
243111200216
220213100537
152712100001
020412100180
221911100536
082814200024
164311200002
220211200752
162211100129
120711100012
162212100482
152411300005
193411100018
164211200007
202011100125
030612100514
231611200309
162211100023
221412100522
021511300004
082811100075
220435100501
220512100543
182712100270
243112100316
182711100166
230711100293
182714200035
273011200100
220211400505
180811200011
180811200012
160111200090
221011200922
021512100025
021311100015
221711200634
220211200974
220211200751
160111100069
220212100664
171611100013
232511100302
160114100001
243111100188
013312100040
030611100405
030811200005
032412100036
120211200021
220212100663
020411100014
020414200021
221911200583
220711200598
221512100565
220212100662
220212100661
240411200008
221311200548
071214200002
163911100003
233912100118
220212100660
013712100037
182714100022
182711200209
122411100031
122912100111
172612100092
172612100040
220914100501
220412300506
220214100514
172612100093
052213100001
152412100218
220211200749
030611100404
172612100080
011112100015
030611100402
030414200001
221614200504
220211200748
242211100016
020114100001
243112300005
260911200055
150811100019
162212100189
132411100011
060812100019
263211100020
180412100032
122912100110
164311100003
111912100025
111912100026
143214200010
161311200025
162212100236
182711100165
062711200017
231711100035
162212100187
020412100303
162211100181
162212100339
162211100099
280711100004
111811100051
031611200007
162212100471
040612100101
182711100164
122912100109
162214100002
220412100630
220213100536
122912300020
180813100002
010312100135
131911400002
164311200010
182712100242
162212100453
072911200041
263411200118
231011100301
230611100121
273012100303
152414200017
230612100041
073512100018
221613100504
