Name,Type,Address,Website,Phone,Email,Followers,Following,About,Structures,Team,Source_URL
УМБАЛ Св. Георги - База 2,Hospital,"България, Пловдив, 4000, бул. Пещерско шосе 66",,,,0,0,,"Клиника по специална хирургия | Клиника по детска хирургия | Клиника по съдова хирургия | Ортопедия и травматология | Клиника по инвазивна кардиология | Втора клиника по хирургия | Клиника по гастроентерология - УМБАЛ ""Св. Георги""",,https://www.credoweb.bg/page/19589/umbal-sv-georgi-baza-2
МБАЛ Централ Хоспитал,Hospital,"България, Пловдив, 4000, бул. Васил Априлов 20",www.centralhospital.bg,,,0,0,,,,https://www.credoweb.bg/page/20118/mbal-tsentral-hospital
УМБАЛ Св. Марина - Варна,Hospital,"България, Варна, 9000, бул. Христо Смирненски 1",www.svetamarina.com,,,0,0,,,,https://www.credoweb.bg/page/19347/umbal-sv-marina-varna
Болница Тракия - Парк,Hospital,"България, Стара Загора, 6000, ул. Дунав №1, над стадион Берое, до парк Аязмото",Тракия,,,0,0,,,,https://www.credoweb.bg/page/20156/bolnitsa-trakiya-park
МБАЛ Медлайн Клиник,Hospital,"България, Пловдив, 4000, ул. Филип Македонски 37",http://medline.bg/,,,0,0,,,,https://www.credoweb.bg/page/19618/mbal-medlayn-klinik
Уни Хоспитал,Hospital,"България, Панагюрище, 4500, ул. Георги Бенковски № 100",http://www.unihospitalbg.com/,,,0,0,,,,https://www.credoweb.bg/page/46217/uni-hospital
МБАЛ Д-р Атанас Дафовски,Hospital,"България, Кърджали, 6600, бул. Беломорски 53",http://www.hospital-kj.com/,,,0,0,,,,https://www.credoweb.bg/page/19468/mbal-d-r-atanas-dafovski
ГПСМП НМ Дженомикс,Medical center,"България, София, 1000, бул. Христо Смирненски 78",http://nmgenomix.com/bg,,,0,0,,,,https://www.credoweb.bg/page/24652/gpsmp-nm-dzhenomiks
УМБАЛ Св. Иван Рилски,Hospital,"България, София, 1000, бул. Акад. Иван Евстатиев Гешов 15",,,,0,0,,,,https://www.credoweb.bg/page/19690/umbal-sv-ivan-rilski
МБАЛ Св. София,Hospital,"България, София, 1000, бул. България 104",www.mbal-sofia.com,,,0,0,,,,https://www.credoweb.bg/page/19696/mbal-sv-sofiya
СБАЛАГ Майчин дом,Hospital,"България, София, 1000, ул. Здраве 2",office@maichindom.com,,,0,0,,,,https://www.credoweb.bg/page/19756/sbalag-maychin-dom
Аджибадем Сити Клиник Бургас,Hospital,"България, Бургас, 8000, ул. Ст. Стамболов № 73",burgas@acibademcityclinic.bg,,,0,0,,,,https://www.credoweb.bg/page/20705/adzhibadem-siti-klinik-burgas
УСБАЛ по Онкология ЕАД,Hospital,"България, София, 1000, ул. Пловдивско поле 6",,,,0,0,,,,https://www.credoweb.bg/page/23774/usbal-po-onkologiya-ead
"УМБАЛ ""КАНЕВ"" АД",Hospital,"България, Русе, 7002, ул. Независимост 2",Официална Фейсбук страница на УМБАЛ-Русе,,,0,0,,,,https://www.credoweb.bg/page/19648/umbal-kanev-ad
УМБАЛ Св. Георги - База 1,Hospital,"България, Пловдив, 4000, бул. В. Априлов 15",,,,0,0,,,,https://www.credoweb.bg/page/20060/umbal-sv-georgi-baza-1
"УМБАЛ ""Д-р Георги Странски""",Hospital,"България, Плевен, 5800, ул. Георги Кочев 8 а",http://www.umbalpleven.com,,,0,0,,,,https://www.credoweb.bg/page/19555/umbal-d-r-georgi-stranski
МЦ Клиничен институт за репродуктивна медицина,Medical center,"България, Плевен, 5800, ул. Ген. Скобелев 20",http://ivfpleven.com/bg/,,,0,0,,,,https://www.credoweb.bg/page/19549/mts-klinichen-institut-za-reproduktivna-meditsina
МЦ Искър,Medical center,"България, София, 1000, ул. Искър 22",https://www.iskar-med.com,,,0,0,,,,https://www.credoweb.bg/page/69649/mts-iskar
УМБАЛ Св. Анна,Hospital,"България, София, 1000, ул. Димитър Моллов 1",,,,0,0,,,,https://www.credoweb.bg/page/19748/umbal-sv-anna
УМБАЛ Дева Мария,Hospital,"България, Бургас, 8000, кв. Ветрен, ул. Ал. Стамболийски",http://www.devamaria.com,,,0,0,,,,https://www.credoweb.bg/page/19318/umbal-deva-mariya
"УМБАЛ ""Пълмед""",Hospital,"България, Пловдив, 4000, ул. Перущица 1 А",http://www.hospitalpulmed.bg/,,,0,0,,,,https://www.credoweb.bg/page/19610/umbal-palmed
Hill Clinic,Hospital,"България, София, 1000, бул. Александър С. Пушкин 71",http://hillclinic.com/,,,0,0,,,,https://www.credoweb.bg/page/20775/hill-clinic
Дерма Център - Hill Clinic,Medical center,"България, София, 1000, ул. Московска 29",http://hillclinic.com/,,,0,0,,,,https://www.credoweb.bg/page/20123/derma-tsentar-hill-clinic
"Медицински комплекс ""Д-р Щерев""",Hospital,"България, София, 1000, кв. Разсадника, ул. Христо Благоев, 25-31",http://shterevhospital.com/,,,0,0,,,,https://www.credoweb.bg/page/20045/meditsinski-kompleks-d-r-shterev
Комплексен онкологичен център,Hospital,"България, Пловдив, 4000, ул. Васил Априлов 15 А",http://www.onkoplov.com/,,,0,0,,,,https://www.credoweb.bg/page/19597/kompleksen-onkologichen-tsentar
"Хоспис ""Зора"" София",Hospital,"България, София, 1000, ул. Петър Протич 4","Хоспис ""Зора"" София",,,0,0,,,,https://www.credoweb.bg/page/108171/hospis-zora-sofiya
Американска клиника за гръбначни заболявания,Medical center,"България, София, 1113, бул. Шипченски проход №18, София, България 1113",Американска клиника за гръбначни заболявания,,,0,0,,,,https://www.credoweb.bg/page/48150/amerikanska-klinika-za-grabnachni-zabolyavaniya
ДКЦ Асцендент,Hospital,"България, София, 1000, ул. Бачо Киро 47",http://www.ascendent.bg/,,,0,0,,,,https://www.credoweb.bg/page/19736/dkts-astsendent
"Медико-диагностична Лаборатория ""Кандиларов""",Laboratory,"България, София, 1000, гр. София, ул. “Бузлуджа” №64",http://kandilarov.com/,,,0,0,,,,https://www.credoweb.bg/page/162543/mediko-diagnostichna-laboratoriya-kandilarov
МБАЛ Св.Марина - Плевен,Hospital,"България, Плевен, 5800, ул. „Българска авиация“, Западна индустриална зона",http://www.svmarina.com/bg,,,0,0,,,,https://www.credoweb.bg/page/29712/mbal-svmarina-pleven
Аджибадем Сити Клиник Младост,Hospital,"България, София, 1000, Цариградско шосе 66А",Последвайте ни във Facebook,,,0,0,,,,https://www.credoweb.bg/page/34408/adzhibadem-siti-klinik-mladost
МБАЛ Надежда,Hospital,"България, София, 1000, жк Красна поляна, ул. Блага вест 3",свържете се с нас,,,0,0,,,,https://www.credoweb.bg/page/20144/mbal-nadezhda
МБАЛ Бургасмед,Hospital,"България, Бургас, 8000, кв. Меден Рудник, зона А, кв. 11",,,,0,0,,,,https://www.credoweb.bg/page/20048/mbal-burgasmed
Специализирана очна болница за активно лечение - Бургас ООД,Hospital,"България, Бургас, 8000, ж.к. П.Р. Славейков № 174, до Спортна зала Младост",www.eyehospitalburgas.com,,,0,0,,,,https://www.credoweb.bg/page/20050/spetsializirana-ochna-bolnitsa-za-aktivno-lechenie-burgas-ood
Здравен център Брод,Hospital,"България, Пловдив, 4000, ул. Петко Д. Петков 23, ет.3",http://brod-plovdiv.com/,,,0,0,,,,https://www.credoweb.bg/page/20153/zdraven-tsentar-brod
Аджибадем Сити Клиник Варна,Medical center,"България, Варна, 9000, ул. Брегалница 1",http://cityclinic.bg/bg/varna/home,,,0,0,,,,https://www.credoweb.bg/page/20052/adzhibadem-siti-klinik-varna
"Медицински център ""Д-р Хайвазов""",Medical center,"България, София, 1784, бул. Цариградско шосе №131, етаж 7",http://medicine-bg.com/,,,0,0,,,,https://www.credoweb.bg/page/20043/meditsinski-tsentar-d-r-hayvazov
Neitropia Clinic,Clinic,"България, Варна, 9000, ул. Илинден 33",Свържете се с нас,,,0,0,,,,https://www.credoweb.bg/page/89621/neitropia-clinic
"Отделение по неонатология - УМБАЛ ""Пловдив""",Hospital,"България, Пловдив, 4000, бул. България 234, ет.3 и 4",http://ag-plovdiv.com,,,0,0,,,,https://www.credoweb.bg/page/20172/otdelenie-po-neonatologiya-umbal-plovdiv
АГ център Димитров,Medical center,"България, София, 1000, Младост 1, ул. Доктор Стоян Чомаков 2",http://invitro.bg/,,,0,0,,,,https://www.credoweb.bg/page/19765/ag-tsentar-dimitrov
МЦ ОФТА-НЕВРО,Medical center,"България, София, 1000, жк. Дианабад, ул. Апостол Карамитев 7",,,,0,0,,,,https://www.credoweb.bg/page/20042/mts-ofta-nevro
Медицински център Лора,Medical center,"България, София, 1000, ул. Позитано 10",http://www.loramed.com/,,,0,0,,,,https://www.credoweb.bg/page/19787/meditsinski-tsentar-lora
Аджибадем Сити Клиник Сърдечно-съдов център,Hospital,"България, София, 1000, ул. Околовръстен път 127",www.acibademcityclinic.bg,,,0,0,,,,https://www.credoweb.bg/page/19946/adzhibadem-siti-klinik-sardechno-sadov-tsentar
Вита Инвитро център,Hospital,"България, София, 1407, бул. Филип Кутев 10",http://www.invitro.vita.bg/,,,0,0,,,,https://www.credoweb.bg/page/20027/vita-invitro-tsentar
Национална кардиологична болница,Hospital,"България, София, 1000, ул. Коньовица 65",http://hearthospital.bg/,,nkb@hearthospital.bg,0,0,"Многопрофилната болница за активно лечение Национална кардиологична болница е една от най-големите специализирани болници на Балканския полуостров        Многопрофилната болница за активно лечение ""Национална кардиологична болница ""(МБАЛ ""НКБ"") е университетска болница - една от най-големите специализирани болници на Балканския полуостров. Специалистите на НКБ осъществяват високоспециализирана медицинска помощ (диагностика, лечение и рехабилитация) при възрастни и деца, експертиза на работоспособността и консултативна помощ за цялата страна.    МБАЛ Национална Кардиологична Болница приема за изследване и лечение сърдечно болни пациенти от цялата страна, независимо от тежестта на състоянието и усложненията. Работи се по всички клинични пътеки на НЗОК. Лекуват се всички форми на исхемична болест на сърцето (остър миокарден инфаркт, нестабилна и стабилна стенокардия), заболявания на сърдечните клапи, остра и обострена хронична сърдечна недостатъчност, заболявания на миокарда и перикарда. Извършва се медикаментозно и немедикаментозно лечение на всички видове сърдечни аритмии. Изпълнителен директор на медицинското заведение е проф. Марио Станкев.",Клиника по детски болести и детска кардиология - НКБ | Клиника по кардиология и спешна медицина - НКБ | Клиника по кардиохирургия - НКБ | Клиника по съдова хирургия и ангиология - НКБ | Клиника по неврология - НКБ | Отделение по хемодиализа и плазмофереза - НКБ | Отделение по патоанатомия и цитоморфологична диагностика-НКБ,"д-р Александър Алексиев | д-р Анастас Анастасов | Д-р Анна Стоева | д-р Анна Дашева , дм | Проф. Анна Иванова Кънева дм | д-р Ася Димитрова Славейкова | д-р Ася Караманска | доц. Ася Стефанова Гладилова, дм | д-р Атанас Димитров Ташков | Д-р Бианка Антонова Станчева | Д-р Биляна Богданова | д-р Бистра Бонева",https://www.credoweb.bg/page/19768/natsionalna-kardiologichna-bolnitsa
ДКЦ Св. Георги,Hospital,"България, Пловдив, 4000, бул. Васил Априлов 15 а",,,,0,0,,,,https://www.credoweb.bg/page/19581/dkts-sv-georgi
МЦ Афродита,Medical center,"България, София, 1000, ул.Хенрик Ибсен 15",afroditamc.com,,,0,0,,,,https://www.credoweb.bg/page/19975/mts-afrodita
"ЦКОДУХЗ ""Св. Стилиан""- Бургас",Hospital,"България, Бургас, 8000, Бургас, ул. Урал № 1",https://svstilian.bg/,,,0,0,,,,https://www.credoweb.bg/page/20137/tskoduhz-sv-stilian-burgas
"Медицински център ""СИГМАМЕД""",Medical center,"България, София, 1113, Ул.""Тинтява""13 А, ж-к Изток",WEBSITE,,,0,0,,,,https://www.credoweb.bg/page/25347/meditsinski-tsentar-sigmamed
Отделение Медицинска онкология,Hospital,"България, София, 1000, Ул. „Дамян Груев” № 6 /бивша болница по ендокринология/",http://onkologiabg.com/,,,0,0,,,,https://www.credoweb.bg/page/20322/otdelenie-meditsinska-onkologiya
Очен център Виз Арт,Medical center,"България, Пловдив, 4000, ул. Копривщица 36а, ет.5",Website,,,0,0,,,,https://www.credoweb.bg/page/20139/ochen-tsentar-viz-art
МЦ Афродита,Medical center,"България, София, 1407, ул ""Хенрик Ибсен"" 15, ет. 1",Научи повече,,,0,0,,,,https://www.credoweb.bg/page/20065/mts-afrodita
МЦ 1 - Пловдив,Medical center,"България, Пловдив, 4000, бул.Васил Априлов 20",http://medcenter-1.com,,,0,0,,,,https://www.credoweb.bg/page/20068/mts-1-plovdiv
Хирургия Перфект,Hospital,"България, Варна, 9000, ж.к. Бриз, м-т Св. Никола 2-492",https://www.facebook.com/profile.php?id=100004263456688&fref=ts,+359888690599,,0,0,"Хирургия ''Перфект"" е основана през 2000г. в гр. Варна от д-р А. Калкова специалист хирург. В спокойната и изисканата атмосфера на клиниката пациентите се чувстват обградени с внимание. Към всеки случай подхождаме индивидуално.        Целта на екипа ни от професионалисти е да върне усмивката и самочувствието на нашите пациенти, като намерим съвместно правилното решение за вашите проблеми с най-съвременните хирургични и нехирургични методики.    Предлагаме ви над 30 вида пластияни и естетияни интервенции на лице и тяло. Ботокс терапия, мезотерапия, дермални филъри / хиалуронова киселина/. Основно се акцентира на амбулаторните и еднодневни манипулации с кратък период на възстановяване и бързо видим резултат.    Разполагаме с най-съвременната лазерна техника/премахване на мастни натрупвания и образувания, стягане на кожата/, ултразвук, магнит, мек лазер , платформа INMODE и много други.    Прилагат се иновативни техники и най-новите филъри за попълване на дефекти по лице и тяло, моделиране на лице и др.",,д-р Александрина Стоянова | д-р Ангелина Калкова,https://www.credoweb.bg/page/30843/hirurgiya-perfekt
"Първа специализирана акушеро-гинекологична болница за активно лечение ""Света София""",Hospital,"България, София, 1000, ул. ""Михалаки Ташев"" №2",www.1agb.com,,,0,0,В Първа специализирана акушеро-гинекологична болница за активно лечение „Света София“ съчетаваме съвременната медицина със своя дългогодишен опит. Нашият екип предоставя пълноценна грижа в областта на женското здраве. Прилагаме индивидуален подход в лечението на пациентите си и отговаряме внимателно на всички въпроси. За нас от първостепенно значение са отличната медицинска грижа и емоционалната подкрепа. Ще бъдем близо до вас през всички етапи на бременността и ще ви подготвим адекватно за раждането.      Ние предоставяме комплексни грижи за женското здраве:          акушерство и гинекология;   онкогинекология;   стерилитет;   мамология;   хирургия на гърда;   усложнения в климактеpичната възраст;   съвременни лапароскопски методи на изследване и лечение.,,д-р Красимир Недялков,https://www.credoweb.bg/page/70213/parva-spetsializirana-akushero-ginekologichna-bolnitsa-za-aktivno-lechenie-sveta-sofiya
Медицински център д-р Калчев,Medical center,"България, София, 1700, Ул. „21-ви век“ № 27",Репродуктивна диагностика,,,0,0,,,,https://www.credoweb.bg/page/130644/meditsinski-tsentar-d-r-kalchev
МБАЛ Св. Мина,Hospital,"България, Пловдив, 4000, ул. Иван Вазов 59",http://www.mbal1.eu/,,,0,0,,,,https://www.credoweb.bg/page/19599/mbal-sv-mina
Mclinic - клиника за жената,Clinic,"България, София, 1000, ул. ""Вихрен"" 47",www.mclinic.bg,,,0,0,,,,https://www.credoweb.bg/page/68234/mclinic-klinika-za-zhenata
СБАГАЛ Проф. д-р Димитър Стаматов - Варна,Hospital,"България, Варна, 9000, бул. Цар Освободител 150",www.agvarna.bg,,,0,0,,,,https://www.credoweb.bg/page/19356/sbagal-prof-d-r-dimitar-stamatov-varna
ВМА - МБАЛ Варна,Hospital,"България, Варна, 9000, бул. Христо Смирненски № 3",https://www.facebook.com/profile.php?id=100008168560763&fref=ts,,,0,0,,,,https://www.credoweb.bg/page/20113/vma-mbal-varna
ВИП ПЛЮС МЕДИКОТЕХНИЧЕСКА ЛАБОРАТОРИЯ ЕООД,Laboratory,"България, София, 1618, ж.к. ""Манастирски ливади"", ул. ""Казбек"" 53",http://vipplus-mtl.com/,,,0,0,,,,https://www.credoweb.bg/page/121523/vip-plyus-medikotehnicheska-laboratoriya-eood
Клиника по урология и андрология,Hospital,"България, София, 1000, ул. Бяло море 8",,,,0,0,,,,https://www.credoweb.bg/page/27438/klinika-po-urologiya-i-andrologiya
УМБАЛ Проф. д-р Стоян Киркович,Hospital,"България, Стара Загора, 6000, ул. Ген. Столетов 2",http://www.mbal-kirkovich.org/,,,0,0,,,,https://www.credoweb.bg/page/19856/umbal-prof-d-r-stoyan-kirkovich
"СБАЛАГРМ ""София"" ООД",Hospital,"България, София, 1000, Студентски град ул. ""Баку"" 5Б",http://ivf.bg/,,,0,0,,,,https://www.credoweb.bg/page/35905/sbalagrm-sofiya-ood
Медикъл Дент,Dental clinic,"България, София, 1000, бул. Джеймс Баучер,114",www.medicaldent.bg,,,0,0,,,,https://www.credoweb.bg/page/60863/medikal-dent
"Клиника по естетична медицина,дерматология и венерология ""Мирабел""",Hospital,"България, Бургас, 8000, жк. Братя Миладинови, бл. 134, партер",Website,,,0,0,,,,https://www.credoweb.bg/page/20184/klinika-po-estetichna-meditsinadermatologiya-i-venerologiya-mirabel
МБАЛ Лайф Хоспитал,Hospital,"България, Бургас, 8000, ж.к. Изгрев, бул. Димитър Димов",http://www.lifehospitalbg.com,,,0,0,,,,https://www.credoweb.bg/page/19323/mbal-layf-hospital
Център за здраве и образование Едикта,Medical center,"България, София, 1000, ул. Иларион Макариополски № 2, ет. 1",http://www.edicta-bg.com,,,0,0,,,,https://www.credoweb.bg/page/20092/tsentar-za-zdrave-i-obrazovanie-edikta
Център по фитокозметика Top Beauty,Hospital,"България, София, 1000, ул. Плачковица 19",http://www.topbeautycenter.com/,,,0,0,,,,https://www.credoweb.bg/page/25163/tsentar-po-fitokozmetika-top-beauty
Специализиран кабинет за отказване от тютюнопушенето,Hospital,България,,,,0,0,,,,https://www.credoweb.bg/page/20317/spetsializiran-kabinet-za-otkazvane-ot-tyutyunopusheneto
Кабинет по рехабилитация Physio-Health,Hospital,"България, Варна, 9000, ул. Доктор Анастасия Железкова 25",www.rehabilitacia-varna.com,,,0,0,,,,https://www.credoweb.bg/page/32312/kabinet-po-rehabilitatsiya-physio-health
МЦ Клиника Нова,Medical center,"България, Варна, 9000, жк Възраждане, ул. Вяра 7",http://novavarna.com/,,,0,0,,,,https://www.credoweb.bg/page/19363/mts-klinika-nova
"Медицински център ""Д-р Матев""",Medical center,"България, Стара Загора, 6000, ул."" Цар Иван Асен 2"" 115",www.hemoroidi.bg www.fisura.bg,,,0,0,,,,https://www.credoweb.bg/page/25169/meditsinski-tsentar-d-r-matev
"Д-р Йордан Спирдонов - МЦ ""Медиарт""",Medical center,"България, София, 1000, бул. Ген. Данаил Николаев 26",https://mediart-bg.com/,,,0,0,,,,https://www.credoweb.bg/page/165796/d-r-yordan-spirdonov-mts-mediart
МДЛ Бодимед,Laboratory,"България, София, 1000, ул. Позитано 24",http://bodimed.com,,,0,0,,,,https://www.credoweb.bg/page/25577/mdl-bodimed
Хайфу център Св. Марина,Medical center,"България, Плевен, 5800, Западна индустриална зона, ул. Българска авиация",www.hifubg.com,,,0,0,,,,https://www.credoweb.bg/page/20062/hayfu-tsentar-sv-marina
МБАЛ Асеновград,Hospital,"България, Асеновград, 4230, ул. Александър Стамболийски 28",http://mbal-asenovgrad.com/,,,0,0,,,,https://www.credoweb.bg/page/19568/mbal-asenovgrad
Медицинска лаборатория Синево - България,Laboratory,"България, София, 1000, бул. България 49А",http://www.synevo.bg/,,,0,0,,,,https://www.credoweb.bg/page/25236/meditsinska-laboratoriya-sinevo-balgariya
ДКЦ 2 Пловдив,Hospital,"България, Пловдив, 4000, бул. 6-ти Септември 110",http://dkc2plovdiv.com/,,,0,0,,,,https://www.credoweb.bg/page/19576/dkts-2-plovdiv
Света Богородица Възвестителка,Medical center,"България, София, 1000, кв. Драгалевци ул. Папрат 7",http://www.mc-svbogorodica.com/,+359887936323,,0,0,,,,https://www.credoweb.bg/page/46127/sveta-bogoroditsa-vazvestitelka
Клиника по ендоурология и екстракорпорална литотрипсия,Hospital,"България, София, 1000, ул. ""Св. Георги Софийски"" № 3",http://urology-vma.bg/,,,0,0,,,,https://www.credoweb.bg/page/32189/klinika-po-endourologiya-i-ekstrakorporalna-litotripsiya
Дерматологична клиника Derma-act,Medical center,"България, София, 1407, бул. ""Черни връх"" 150",https://derma-act.bg/,,,0,0,,,,https://www.credoweb.bg/page/130649/dermatologichna-klinika-derma-act
Раредис,Medical center,"България, Пловдив, 4000, ж.к.“Тракия“, ул. „Маестро Г. Атанасов“ 22 (до бл.176А)",http://medical.raredis.org/,,,0,0,,,,https://www.credoweb.bg/page/36483/raredis
Медицински Център Интермедика,Medical center,"България, София, 1000, ул. ""Нишава"" № 62",Medical Center Intermedica,,,0,0,,,,https://www.credoweb.bg/page/73051/meditsinski-tsentar-intermedika
МЦ Св. Николай Чудотворец,Medical center,"България, Бургас, 8000, бул. Стефан Стамболов 73",http://www.mbalburgas.com,,,0,0,,,,https://www.credoweb.bg/page/19315/mts-sv-nikolay-chudotvorets
СБАЛДБ Д-р Лисичкова,Hospital,"България, Варна, 9000, бул. ""Република"" 91, МК Младост, ет. 5, тяло Г",Лабораторни резултати,,,0,0,,,,https://www.credoweb.bg/page/19983/sbaldb-d-r-lisichkova
Ин Витро клиника Бора,Hospital,"България, Пловдив, 4000, ул Пещерско шосе 47",http://www.boramedical.com,,,0,0,,,,https://www.credoweb.bg/page/20084/in-vitro-klinika-bora
МБАЛНП Свети Наум,Hospital,"България, София, 1000, ул. Д-р Любен Русев 1",http://www.svnaum.com/,,,0,0,,,,https://www.credoweb.bg/page/19750/mbalnp-sveti-naum
Клиника по кожни и венерически болести,Hospital,"България, Плевен, 5800, ул. ген. Владимир Вазов 91",http://www.umbalpleven.com,,,0,0,,,,https://www.credoweb.bg/page/20141/klinika-po-kozhni-i-venericheski-bolesti
ДКЦ 1 Пловдив,Hospital,"България, Пловдив, 4000, пл. Понеделник пазар 5",http://www.dkc1bg.com/,,,0,0,,,,https://www.credoweb.bg/page/19593/dkts-1-plovdiv
"МБАЛ ""Св. Св. Козма и Дамян""",Hospital,"България, Пловдив, 4000, ЖК ""Тракия"", ул,,М.Г.Атанасов''№19",http://kozmadamian.com/,,,0,0,,,,https://www.credoweb.bg/page/30638/mbal-sv-sv-kozma-i-damyan
ДКЦ Конвекс,Medical center,"България, София, 1680, ул. Лъвски рид №14",ДКЦ Конвекс,,,0,0,,,,https://www.credoweb.bg/page/84358/dkts-konveks
"Клиника по нефрология и трансплантoлогия, МБАЛ ""Лозенец""",Hospital,"България, София, 1000, ул. Козяк 1",,,,0,0,,,,https://www.credoweb.bg/page/22308/klinika-po-nefrologiya-i-transplantologiya-mbal-lozenets
"МБАЛ ""Майчин дом"" - Варна",Hospital,"България, Варна, 9000, ул. Мир 1",http://maichindom-varna.com,,,0,0,,,,https://www.credoweb.bg/page/19370/mbal-maychin-dom-varna
КОЦ - Бургас,Hospital,"България, Бургас, 8000, ул. Демокрация № 86",www.onkobs.bg,,,0,0,,,,https://www.credoweb.bg/page/20138/kots-burgas
"СБАЛОБ ""Ден""",Hospital,"България, София, 1000, ул. Росица 21",http://www.eyeclinic-den.com/,,,0,0,,,,https://www.credoweb.bg/page/45307/sbalob-den
Dental Studio Dimitrovi,Dental clinic,"България, Русе, 7000, България, Русе, бул. Липник 123, Бизнес Парк Русе, корпус А, етаж 4",https://drdimitrovi.com,,,0,0,,,,https://www.credoweb.bg/page/94304/dental-studio-dimitrovi
МЦ ПРО-ВИТА,Medical center,"България, София, 1000, кв. Овча купел, ул. Монтевидео №66",http://www.provita-bg.net/,,,0,0,,,,https://www.credoweb.bg/page/24912/mts-pro-vita
Клиника по Лъчелечение,Hospital,"България, Пловдив, 4000, бул.“В. Априлов”№15а",http://www.unihosp.com/,,,0,0,,,,https://www.credoweb.bg/page/50054/klinika-po-lachelechenie
"Болница ""Здравето""",Hospital,"България, София, 1000, ул. "" Маестро Кънев"" 4",www.zdraveto.com,,,0,0,,,,https://www.credoweb.bg/page/20155/bolnitsa-zdraveto
ДКЦ Чайка - Варна,Hospital,"България, Варна, 9000, ул. Никола Й. Вапцаров 2",www.dkcchayka.bg,,,0,0,,,,https://www.credoweb.bg/page/19373/dkts-chayka-varna
МБАЛ Св. Панталеймон,Hospital,"България, Плевен, 5800, ул. Трите бора 24",http://svetipantaleimon.com,,,0,0,,,,https://www.credoweb.bg/page/19562/mbal-sv-pantaleymon
Corio Capillis Clinic,Hospital,"България, Стара Загора, 6000, ул. Руски 75",www.coriocapillis.com,,,0,0,,,,https://www.credoweb.bg/page/22236/corio-capillis-clinic
Медицински център за специализирана помощ Д-р Иванови - Младост ООД,Medical center,"България, Бургас, 8000, ж.к. Славейков, № 174",www.eyehospitalburgas.com,,,0,0,,,,https://www.credoweb.bg/page/20022/meditsinski-tsentar-za-spetsializirana-pomosht-d-r-ivanovi-mladost-ood
Онкологичен център,Medical center,"България, Панагюрище, 4500, ул. Георги Бенковски № 100",,,,0,0,,,,https://www.credoweb.bg/page/48679/onkologichen-tsentar
HYPOXI Център Пловдив,Medical center,"България, Пловдив, 4002, ул. ""Славееви Гори"" 57",HYPOXI ЦЕНТЪР ПЛОВДИВ,,,0,0,,,,https://www.credoweb.bg/page/79930/hypoxi-tsentar-plovdiv
Дентално студио Артиста,Medical center,"България, София, 1000, ж.к. Хиподрума, ул. Нишава 4, бл.138, партер",,,,0,0,,,,https://www.credoweb.bg/page/20175/dentalno-studio-artista
Кабинет по АГ - Д-р Владимирова - Холистичен подход към женското здраве,Medical center,"България, Варна, 9000, ул. Марин Дринов 43",,,,0,0,,,,https://www.credoweb.bg/page/89486/kabinet-po-ag-d-r-vladimirova-holistichen-podhod-kam-zhenskoto-zdrave
МБАЛ Плевен ВМА,Hospital,"България, Плевен, 5800, бул. Г.Кочев № 6",http://www.vma.bg/bg/bolnichni-bazi/mnogoprofilna-bolnitsa-za-aktivno-lechenie-pleven/,,,0,0,,,,https://www.credoweb.bg/page/20053/mbal-pleven-vma
Клиника по медицинска онкология,Hospital,"България, Варна, 9000, бул. Христо Смирненски № 1",http://www.svetamarina.com/index.php?go=t&id=111,,,0,0,,,,https://www.credoweb.bg/page/20109/klinika-po-meditsinska-onkologiya
Ахилес 2000 МДЛ,Medical center,"България, Стара Загора, 6000, бул. Руски 56",МДЛ АХИЛЕС 2000,,,0,0,,,,https://www.credoweb.bg/page/20014/ahiles-2000-mdl
Neoclinic,Medical center,"България, София, 1000, бул. Петко Ю. Тодоров 20",,,,0,0,,,,https://www.credoweb.bg/page/45279/neoclinic
"Очен медицински център ""Св. Николай Чудотворец""",Medical center,"България, Варна, 9000, ул. Никулицел 12",http://eyecenterstnikolay.com/index.php,,,0,0,,,,https://www.credoweb.bg/page/20147/ochen-meditsinski-tsentar-sv-nikolay-chudotvorets
Клиника по ендокринна хирургия,Clinic,"България, София, 1000, ул. Здраве № 2",http://www.usbale.com,,,0,0,,,,https://www.credoweb.bg/page/29824/klinika-po-endokrinna-hirurgiya
д-р Начко Чалманов - АГ Кабинет,Hospital,"България, София, 1000, ул. Горски пътник 40 в",www.tchalmanov.com,,,0,0,,,,https://www.credoweb.bg/page/22096/d-r-nachko-chalmanov-ag-kabinet
МЦ Авицена,Medical center,"България, Кърджали, 6600, бул. Беломорски 53",,,,0,0,,,,https://www.credoweb.bg/page/26853/mts-avitsena
МБАЛ Св. Пантелеймон,Hospital,"България, Пловдив, 4000, бул. Никола Вапцаров 9",,,,0,0,,,,https://www.credoweb.bg/page/19587/mbal-sv-panteleymon
МЕТА ПЕРФЕКТ - Консултативен център,Medical center,"България, Стара Загора, 6000, ул. Г.С.Раковски 105, етаж 0",http://www.metaperfekt.com,,,0,0,,,,https://www.credoweb.bg/page/24720/meta-perfekt-konsultativen-tsentar
МЦ Оксиком,Medical center,"България, Бургас, 8000, ж.к. Изгрев, бл.28 А, партер",http://www.mcoxycom.com,,,0,0,,,,https://www.credoweb.bg/page/20143/mts-oksikom
МЦ Св. Пантелеймон,Medical center,"България, Пловдив, 4000, бул. Никола Вапцаров 9",,,,0,0,,,,https://www.credoweb.bg/page/21615/mts-sv-panteleymon
Медицински център Света Марина - диагностика и терапия,Medical center,"България, Плевен, 5800, ул. Цар Симеон 23",МЦ Св.Марина - Плевен,,,0,0,,,,https://www.credoweb.bg/page/88358/meditsinski-tsentar-sveta-marina-diagnostika-i-terapiya
Хоспис Добролюбие,Medical center,"България, Кърджали, 6600, бул. Беломорски 53",http://www.hospice-kj.com/,,,0,0,,,,https://www.credoweb.bg/page/26851/hospis-dobrolyubie
МБАЛ Св. Анна,Hospital,"България, Варна, 9000, бул. Цар Освободител 100",http://svetaanna-varna.com/,,,0,0,,,,https://www.credoweb.bg/page/19350/mbal-sv-anna
Дерматологична клиника София,Hospital,"България, София, 1000, ул. Бели Мел 2а",http://www.dermasofia.com,,,0,0,,,,https://www.credoweb.bg/page/19737/dermatologichna-klinika-sofiya
Клиника по нефрология,Hospital,"България, София, 1000, бул. ""Св. Георги Софийски"" № 1",,,,0,0,,,,https://www.credoweb.bg/page/20896/klinika-po-nefrologiya
УСБАЛЕ Акад. Иван Пенчев,Hospital,"България, София, 1000, ул. Здраве 2",http://www.usbale.com/,,,0,0,,,,https://www.credoweb.bg/page/19757/usbale-akad-ivan-penchev
СИГМАМЕД / SIGMAMED /,Medical center,"България, София, 1113, ул.Тинтява 13А ж-к Изток",Website,,,0,0,,,,https://www.credoweb.bg/page/81272/sigmamed-sigmamed
"Отделение по Обща, Мини-инвазивна и Лапароскопска хирургия",Hospital,"България, София, 1000, бул. “Филип Кутев” 10, София, България",www.facebook.com/laparoscopicsurgerybulgaria,,,0,0,,,,https://www.credoweb.bg/page/35147/otdelenie-po-obshta-mini-invazivna-i-laparoskopska-hirurgiya
Очна клиника и болница Луксор,Hospital,"България, Пловдив, 4000, Бул. България 47А",http://www.luxorclinic.com/,,,0,0,,,,https://www.credoweb.bg/page/20685/ochna-klinika-i-bolnitsa-luksor
"МБАЛ ""Проф. Д-р Параскев Стоянов"" АД – Ловеч",Hospital,"България, Ловеч, 5500, ул. Д-р Съйко Съев 27",www.mbal-lovech.com,,,0,0,,,,https://www.credoweb.bg/page/19485/mbal-prof-d-r-paraskev-stoyanov-ad-lovech
МЦ Детско здраве,Medical center,"България, София, 1000, ул. Ами Буе 27-29",www.zdraveto.com,,,0,0,,,,https://www.credoweb.bg/page/19729/mts-detsko-zdrave
МБАЛ Сердика,Hospital,"България, София, 1000, ул. Дамян Груев 6",http://www.mbalserdika.com,,,0,0,,,,https://www.credoweb.bg/page/19744/mbal-serdika
РЗИ - Плевен,Hospital,"България, Плевен, 5800, ул. Княз Ал. Батенберг 7",http://rzi-pleven.com/,,,0,0,,,,https://www.credoweb.bg/page/20064/rzi-pleven
"СБАЛ по инфекциозни и паразитни болести ""Проф. Ив. Киров""",Hospital,"България, София, 1000, София, бул. Акад. Иван Евстатиев Гешов 17",http://www.sbalipb.bg/,,,0,0,,,,https://www.credoweb.bg/page/33630/sbal-po-infektsiozni-i-parazitni-bolesti-prof-iv-kirov
Клиника по УНГ,Hospital,"България, Плевен, 5800, ул. Владимир Вазов 91",,,,0,0,,,,https://www.credoweb.bg/page/20191/klinika-po-ung
Клиника по детска хирургия,Hospital,"България, София, 1000, бул. Ген. Едуард И. Тотлебен 21",http://www.pedsurg.net/nachalo.htm,,,0,0,,,,https://www.credoweb.bg/page/21016/klinika-po-detska-hirurgiya
МБАЛ Св. Каридад,Hospital,"България, Пловдив, 4000, бул. Никола Вапцаров 23а",http://www.svetakaridad.bg/bg,,,0,0,,,,https://www.credoweb.bg/page/29839/mbal-sv-karidad
V МБАЛ,Hospital,"България, София, 1000, бул. Ген. Николай Г. Столетов 67А",http://www.5mbal-sofia.com,,,0,0,,,,https://www.credoweb.bg/page/19700/v-mbal
КОЦ Пловдив 2-ра база,Hospital,"България, Пловдив, 4000, бул. Ал. Стамболийски 2А",,,,0,0,,,,https://www.credoweb.bg/page/19577/kots-plovdiv-2-ra-baza
Клиника по ортопедия и травматология,Hospital,"България, София, 1000, ул. Бяло море 8",http://www.isul.eu/Kliniki/k_travma/za_klinikata.htm,,,0,0,,,,https://www.credoweb.bg/page/23847/klinika-po-ortopediya-i-travmatologiya
Синексус София,Medical center,"България, София, 1000, Бул. Андрей Сахаров 20А",www.synexuscenter.bg,,,0,0,,,,https://www.credoweb.bg/page/50228/sineksus-sofiya
"СБАЛОЗ ""Д-р Марко Антонов Марков"" - Варна",Hospital,"България, Варна, 9000, бул. Цар Освободител 100",http://varnaoncology.org,,,0,0,"''Специализирана болница за лечение на онкологични заболявания Д-р Марко Марков” ЕООД е лечебно заведение с традиции от 1951 г. В него се осъществява диагностика, консултиране, лечение, наблюдение и рехабилитация на болни със злокачествени заболявания и предракови състояния.      ''Специализирана болница за лечение на онкологични заболявания      Д-р Марко Марков” ЕООД е лечебно заведение с традиции от 1951 г. В него се осъществява диагностика, консултиране, лечение,  наблюдение и рехабилитация на болни със злокачествени заболявания и предракови състояния. Болницата обслужва пациенти от Варна, Добрич и цялата страна      Диагностично-консултативният блок се помещава в сградата на ДКЦ 4, където заема втори и трети етаж. В него има 13 специализирани кабинета, в които се извършват прегледи и прием на пациенти, нуждаещи се от хоспитализация, проследяване или контролни прегледи след дехоспитализация, диспансеризация, профилактични прегледи. За 2015 година в ДКБ са проведени 31287 прегледа, от тях 984 са профилактични.  През 2016г. е създaден  кабинет за ""Психо-социална подкрепа"" за онкологично болни пациенти. В ДКБ се намират Клинична лаборатория, Отделение по обща и клинична патология, Отделение по Образна диагностика.    Стационарът е разположен в самостоятелна ремонтирана сграда в кв. Аспарухово, местност ''Вилите''.  В него са обособени:    Отделение по медицинска онкология и палиативни грижи  Отделение по хирургия в областта на онкологичните заболявания  Отделение по гинекология в областта на онкологичните заболявания  Отделение по гастроентерология в областта на онкологичните заболявания  Отделение по анестезиология и интензивно лечение  Лъчетерапевтично отделение. През 2016г. започна работа ""Лъчелечебен комплекс Мултимодален линеен ускорител'' намиращ се в новото отделение по Лъчетерапия, на приземния етаж в сградата на ДКЦ IV.    Апаратура за образна диагностика:    Мамограф FLAT-E с приставка за стереотаксична биопсия;  Два ултразвукови апарата с възможности, както за абдоминална ехоскопия, така и за ехоскопия на повърхностни структури ( млечна жлеза, щитовидна жлеза и др.) и доплерова диагностика;  16-слайсов нов компютърен томограф с налична възможност за виртуална колоноскопия;  Дигитален графичен рентгенов апарат;  Графично скопичен конвенционален рентгенов апарат;  Подвижен рентгенов апарат за рентгенографии при леглото на пациента;  Ултразвуков апарат с възможности за абдоминална ехоскопия, за ехоскопия на повърхностни структури ( млечна жлеза, щитовидна жлеза и др.), за ендовагинална и ендоректална ехоскопия и доплерова диагностика    Апаратура за лъчелечение:    АПАРАТА ЗА ДЪБОКА И ПОЛУДЪЛБОКА РЕНТГЕНОВА ТЕРАПИЯ  ТЕЛЕГАМАТЕРАПЕВТИЧЕН АПАРАТ   АПАРАТ ЗА ДЪБОКА И ПОЛУДЪЛБОКА РЕНТГЕНОВА ТЕРАПИЯ   АПАРАТ ЗА ПОВЪРХНОСТНА РЕНТГЕНОВА ТЕРАПИЯ  МУЛТИМОДАЛЕН ЛИНЕЕН УСКОРИТЕЛ    Апаратура за диагностика на рак на маточната шийка:    Апарат за течно базирана цитология за по-прецизно откриване на предраковите и ракови клетки  PCR – real time апарат за генотипизиране на HPV    Към ''СБАЛОЗ  Д-р М. Марков”ЕООД  работи и Болнична аптека.",Аптека | Диагностично-консултативен блок | Стационарен блок,"д-р Асен Янчев | д-р Бисерка Въжарова | д-р Васил Попов | д-р Георги Хаджиев | Проф. Георги Кобаков, дм | Д-р Данина Деянова Дянкова | Д-р Десислав Тасков | д-р Диана Тончева | доц. Димитър Калев, дм | д-р Дияна Камбурова | д-р Емил Кънчев | д-р Ивелина Цолова",https://www.credoweb.bg/page/19354/sbaloz-d-r-marko-antonov-markov-varna
МЦ Здраве за всеки - Младост,Medical center,"България, София, 1000, жк Младост-1 бл.54, ул. Йерусалим",http://zdravezavseki.com,,,0,0,,,,https://www.credoweb.bg/page/19981/mts-zdrave-za-vseki-mladost
МЦ Света София,Medical center,"България, Бургас, 8000, ул. Възраждане 13",http://www.saintsofia.com,,,0,0,,,,https://www.credoweb.bg/page/19321/mts-sveta-sofiya
Он клиник,Medical center,"България, София, 1000, ул. Васил Друмев №39",Свържи се с нас,,,0,0,,,,https://www.credoweb.bg/page/33803/on-klinik
"УСБАЛАГ ""Селена""",Hospital,"България, Пловдив, 4000, бул. ""Пещерско шосе"" №80",http://www.agselena.com,,,0,0,,,,https://www.credoweb.bg/page/19578/usbalag-selena
Centro Medico Italiano,Medical center,"България, София, 1000, ул. Веслец 65",Запиши си час,,,0,0,,,,https://www.credoweb.bg/page/38338/centro-medico-italiano
ДКЦ-5 Студентска поликлиника,Medical center,"България, София, 1000, Студентски град, бул. ""акад. Стефан Младенов"" №8",,,,0,0,,,,https://www.credoweb.bg/page/64912/dkts-5-studentska-poliklinika
СБАЛК Плевен,Hospital,"България, Плевен, 5800, ул. ген. Владимир Вазов 91",http://cardiopleven.eu/,+35964804480,,0,0,"Болницата разполага с леглова база от 30 легла с електронен контрол на положението в единични или двойни стаи. Всички пациенти се посещават три пъти на ден от кардиолог, на постоянно тяхно разположение е и медицинска сестра.        Интензивният сектор към болницата е с 24-часово персонално и електронно мониториране на всички необходими показатели. Този сектор разполага с 6 легла. Оборудван е по последни стандарти с най-модерна техника за лечение на пациенти в критично състояние. Разполага с централна мониторна станция, с 24-часов запис на всички жизнени показатели – артериално налягане, честота на дишането, сатурация, ЕКГ и мн. др.; многофункционални електрически легла, всички диагностични и терапевтични възможности – както инвазивни, така и неинвазивни: ЕКГ, ЕхоКГ, включително трансезофагеална, добутамин стрес тест, прецизни лабораторни изследвания. Отделението има възможност за осъществяване на планово електрокардиоверсио за всички показани пациенти извън ритъм. Разполага и с възможности за тежка реанимация, оборудването за която включва апарат за командно дишане, монитори за инвазивно измерване на налягането, монитори за SwanGanz катетри, както и балонен контрапулсатор за механично лечение на кардиогенния шок.    Ангиографската зала в болницата се конкурира само с най-добрите световни примери. Изградена, консултирана и оборудвана по световни стандарти, тя осигурява най-добрите условия за работа на кардиолозите и необходимите удобства за пациента. Аудио и видео връзката със специално изграденa мултимедийна зала допринася за качественото обучение на млади специалисти. Пациентите имат възможност за видео наблюдение на извършваните им манипулации в реално време. Залите са с централна автоматична климатизация, обезшумени и с изключително приятна атмосфера. Международните екипи от интервенционални кардиолози са не само най-елитните в страната, но и едни от най-добрите в Европа и се грижат за безупречното изпълнение на инвазивните и диагностични лечебни процедури в нашите болници.    Лабораторията е с 24-часов режим на работа. Освен рутинните изследвания, в нея може да се определя и сърдечносъдов риск по последните научни доказателства – чрез изследване на съотношенията ApoA1/ApoB, високочувствителен C-реактивен протеин(hsCRP), NT-proBNP и др.    Болницата разполага със собствена флота от напълно оборудвани модерни реанимобили, които могат да транспортират и най-тежко болните пациенти в режим 24/7. Реанимобилите са снабдени с пълен набор медицински газове, апарати за кислород, вакуум, ЕКГ-апарати и дефибрилатори. В проект е оборудване на спешните отделения и реанимобилите с възможност за предаване на данни по GSM мрежата, директно до интензивните кардиологични отделения.",,д-р Анюта Иванова | д-р Валентин Великов | д-р Десислава Петрова | д-р Елена Велчева | д-р Олга Янева | д-р Синела Тончева,https://www.credoweb.bg/page/19548/sbalk-pleven
УСБАЛО Проф. Бойчо Бойчев,Hospital,"България, София, 1000, бул. Никола Петков № 56",,,,0,0,,,,https://www.credoweb.bg/page/20120/usbalo-prof-boycho-boychev
Ню Лайф МЦ за репродуктивно здраве,Medical center,"България, Пловдив, 4000, бул. Македония 2В",,,,0,0,,,,https://www.credoweb.bg/page/21725/nyu-layf-mts-za-reproduktivno-zdrave
FiHealth,Medical center,"България, София, 1000, ул. Проф. Александър Фол 2",http://www.fihealth.bg/,,,0,0,,,,https://www.credoweb.bg/page/19788/fihealth
HBO Medical Support Center,Medical center,"България, Стара Загора, 6000, бул. Ген.Столетов 2",HBO Center,,,0,0,,,,https://www.credoweb.bg/page/49159/hbo-medical-support-center
Център за превенция на захарния диабет тип 2 и усложненията му,Hospital,"България, София, 1000, ул. Св. Георги Софийски 1",,,,0,0,,,,https://www.credoweb.bg/page/27670/tsentar-za-preventsiya-na-zaharniya-diabet-tip-2-i-uslozhneniyata-mu
МЦ Кисьови,Medical center,"България, Варна, 9000, ул. Габрово 43А",,,,0,0,,,,https://www.credoweb.bg/page/21655/mts-kisyovi
"МЦ ""За детето"" - Варна",Medical center,"България, Варна, 9000, гр Варна ул. Мир №33",www.zadeteto-varna.com,,,0,0,,,,https://www.credoweb.bg/page/44132/mts-za-deteto-varna
Viofor терапевтичен център,Hospital,"България, Варна, 9000, ул. Зора 8",www.viofor.bg,,,0,0,,,,https://www.credoweb.bg/page/50352/viofor-terapevtichen-tsentar
“Специализирана болница за активно лечение по детски болести – проф. д-р Иван Митев“ – София,Hospital,"България, София, 1000, бул. Акад. Иван Евстатиев Гешов 11",http://www.detskabolnica.com/,,,0,0,,,,https://www.credoweb.bg/page/19689/spetsializirana-bolnitsa-za-aktivno-lechenie-po-detski-bolesti-prof-d-r-ivan-mitev-sofiya
ДКЦ 1,Hospital,"България, Плевен, 5800, ул. Панега 28",,,,0,0,,,,https://www.credoweb.bg/page/19560/dkts-1
Медицински център Д-р Стайков,Medical center,"България, Бургас, 8000, ул. Транспортна 33",Разберете повече,,,0,0,,,,https://www.credoweb.bg/page/58923/meditsinski-tsentar-d-r-staykov
Клиника по нефрология,Hospital,"България, София, 1000, ул. Бяло море 8",,,,0,0,,,,https://www.credoweb.bg/page/23848/klinika-po-nefrologiya
"Derma Vita - клинична, естетична и лазерна дерматология",Medical center,"България, София, 1000, ул. Акад. Иван Буреш №8",dermavita.bg,,,0,0,,,,https://www.credoweb.bg/page/49557/derma-vita-klinichna-estetichna-i-lazerna-dermatologiya
"Очна клиника ""Трошев""",Hospital,"България, Стара Загора, 6000, бул. ""Митрополит Методий Кусев"" № 61",www.troshev.bg,,,0,0,,,,https://www.credoweb.bg/page/34435/ochna-klinika-troshev
Консултативен център за хармонично здраве „Хела“,Hospital,"България, София, 1000, кв. Редута, ул. „Блага Димитрова” 16",http://hela-bg.net/,,,0,0,,,,https://www.credoweb.bg/page/29224/konsultativen-tsentar-za-harmonichno-zdrave-hela
Дентална клиника Бушкалова (Мегадент § МДЦ Естетика),Dental clinic,"България, Стара Загора, 6000, ул. Антон Марчин 51 (вход от север)",Научете още,,,0,0,,,,https://www.credoweb.bg/page/34094/dentalna-klinika-bushkalova-megadent-mdts-estetika
Център за диагностика и лечение на множествена склероза,Medical center,"България, Плевен, 5800, бул. Васил Априлов № 15",,,,0,0,,,,https://www.credoweb.bg/page/60563/tsentar-za-diagnostika-i-lechenie-na-mnozhestvena-skleroza
МЦ Аргомедика,Medical center,"България, София, 1000, Стара планина 23",,,,0,0,,,,https://www.credoweb.bg/page/69461/mts-argomedika
"Медицински център ""Имани""",Medical center,"България, София, 1000, бул. ""Александър Пушкин"" 116",https://imani.care/,,,0,0,,,,https://www.credoweb.bg/page/96875/meditsinski-tsentar-imani
Пансанус,Medical center,"България, София, 1303, Одрин 95",,,,0,0,"21 години опит в медико- денталните грижи    Екипът ни от извършва комлексна диагностика и лечение като обръща специално персонално внимание и грижа към всеки от Вас до пълното му възстановяване .  Специализиран екип от лекари отговарят за: ултразвуковата диагностика, ендоскопските изследвания в гастроентерологията; също така: диетологията, ехокардиографията с функционална диагностика и естетичната медицина.  Екипът от дентални лекари се грижи за Вашата красива усмивка. Извършва се лечение в областта на: ортодонтията- снемаема и фиксирана техника посредством брекети, алайнери, миофункционални апарати; зъбна имплантология, пародонтална лазер- терапия с високоенергиен диоден лазер, както и естетична, протетична и детска стоматология.",,,https://www.credoweb.bg/page/120802/pansanus
Клиника по Кардиохирургия,Hospital,"България, Варна, 9000, бул. Христо Смирненски 1",,,,0,0,,,,https://www.credoweb.bg/page/27308/klinika-po-kardiohirurgiya
Клиника по гастроентерология,Hospital,"България, София, 1000, ул. Бяло море 8",,,,0,0,,,,https://www.credoweb.bg/page/24580/klinika-po-gastroenterologiya
"Хоспис ""Св. Никола Мирликийски"" - гр. Попово",Hospital,"България, Попово (Попово), 7800, жк Русаля (кв. Запад), МБАЛ Попово, Западно крило, ет. 1",https://hospis-popovo.info,,,0,0,"Предлагаме денонощна грижа за пациенти в тежко състояние, с хронични заболявания, заболявания в последен стадий, след операция и при възстановяване от тежки травми.    Към хосписа функционира и Дом за пълнолетни лица с деменция, който също приема възрастни от цялата страна с различни форми на деменция като болест на Алцхаймер, съдова деменция, деменция с придружаваща множествена склероза и др.    Приемаме пациенти от близките общини Търговище, Разград, Шумен, Русе, Велико Търново, Добрич, Варна, както и от останалите части на страната. Съдействаме с организирането на специализиран транспорт. Поощряваме поддържането на контакт с близките чрез видео връзка, чрез престой на близък в стаята на пациента, внасяне на мебели от дома на пациента, чести свиждания и т.н.    За подробности и актуални цени, моля, посетете сайта ни hospis-popovo.info .",,,https://www.credoweb.bg/page/96805/hospis-sv-nikola-mirlikiyski-gr-popovo
"МБАЛ ""Св.София"" - Отделение по физиотерапия и следоперативна рехабилитация",Clinic,"България, София, 1618, бул. България 104",,,,0,0,,,,https://www.credoweb.bg/page/103065/mbal-svsofiya-otdelenie-po-fizioterapiya-i-sledoperativna-rehabilitatsiya
"Медицински център ""МЕНТАЛКЕЪР"" ООД",Medical center,"България, Пловдив, 4004, бул. ""Александър Стамболийски"" 107, етаж 2",,,,0,0,,,,https://www.credoweb.bg/page/118664/meditsinski-tsentar-mentalkear-ood
"Център за зрение ""Проф. Групчева""",Medical center,"България, Варна, 9000, ул. Евлоги Георгиев 4",www.grupcheva.eu,,,0,0,,,проф. Христина Групчева,https://www.credoweb.bg/page/31421/tsentar-za-zrenie-prof-grupcheva
"Медицински Център ""Д-р Стоян Стоянов""",Medical center,"България, Стара Загора, 6000, ул. “Ген. Столетов” 1 /срещу Спешен център на Окръжна болница/",http://www.ginekolog-stz.com/,,,0,0,,,,https://www.credoweb.bg/page/103281/meditsinski-tsentar-d-r-stoyan-stoyanov
Бъбречен център,Hospital,"България, Варна, 9000, ул. Братя Шкорпил 6",kidneycenterbg.com/,,,0,0,,,,https://www.credoweb.bg/page/74832/babrechen-tsentar
Медицински институт на МВР,Hospital,"България, София, 1000, бул. Ген. Михаил Д. Скобелев 79",,,,0,0,,,,https://www.credoweb.bg/page/19699/meditsinski-institut-na-mvr
МЦ Медкрос,Medical center,"България, София, 1000, ул. Зайчар 134",www.mcmedcross.com,,,0,0,,,,https://www.credoweb.bg/page/26533/mts-medkros
Национална специализирана болница за активно лечение на хематологични заболявания - НСБАЛХЗ,Hospital,"България, София, 1000, Пловдивско поле 6",https://hematology.bg/,,,0,0,"Стационарният блок включва Клиниката по хематология с три отделения и обособени направления в тях. Клиниката по хематология е единствената клинична структура в България, която отговаря в пълен обем на медицински стандарт „Клинична хематология” за ІІІ ниво на компетентност        Стационарният блок включва Клиниката по хематология с три отделения и обособени направления в тях.    Клиниката по хематология към СБАЛХЗ е единствената клинична структура в България, която отговаря в пълен обем, както на минималните, така и на допълнителните изисквания на медицински стандарт „Клинична хематология” за ІІІ ниво на компетентност.    Тя е водеща структура с над 65-годишна история в национален мащаб по отношение на лечението на кръвните заболявания. Разполага с модерна клинична база, представена от пълен спектър звена за консултация и лечение на хематологично болни с използването на:    хемотерапия  конвенционална и високодозова химиотерапия  таргетно-ориентирано лечение  миелоаблативни режими    Наличието и функционирането на трансплантационен център в СБАЛХЗ-ЕАД представлява значителен скок в клиничната хематология, с което клиниката получава напълно завършен по Ервопейските стандарти облик.     Стационарният блок съсредоточава болни от цялата страна, които получават необходимата консултация в специализираните клинични комисии по лимфоми, левкемии и трансплантации на ХСК. Създадени са условия за прилагане и изпитване на нови лечебни препарати при съответните законови правила.    През четири годишния период 2009-2012 год. след преобразуването на болницата се очертават няколко основни тенденции. На първо място СБАЛХЗ-ЕАД затвърди позициите си на наистина национален диагностично-лечебен център, в който са концентрирани и решават своите терапевтични проблеми най-тежко болните пациенти с онкохематологични и немалигнени хематологични заболявания. Това ясно се вижда от структурата на заболеваемоста, която подлежи на диагностично уточняване и терапевтично манипулиране в Клиниката по хематология.",Отделение по клинична хематология,,https://www.credoweb.bg/page/20061/natsionalna-spetsializirana-bolnitsa-za-aktivno-lechenie-na-hematologichni-zabolyavaniya-nsbalhz
Клиника по офталмология,Clinic,"България, София, 1000, София",,,,0,0,,,,https://www.credoweb.bg/page/63139/klinika-po-oftalmologiya
МБАЛ - Белене,Hospital,"България, Белене, 5930, ул. Гео Милев 47",,,,0,0,,,,https://www.credoweb.bg/page/19531/mbal-belene
АГ център Live,Medical center,"България, Стара Загора, 6000, ул. ""Св. Княз Борис"" 87",agcenterlive.com,,,0,0,,,,https://www.credoweb.bg/page/20044/ag-tsentar-live
Клиника по диализно лечение,Hospital,"България, София, 1000, ул. ""Св. Георги Софийски"" № 1",,,,0,0,,,,https://www.credoweb.bg/page/20897/klinika-po-dializno-lechenie
Клиника по акушерство и гинекология,Hospital,"България, Плевен, 5800, ул.Ген. Владимр Вазов 91",,,,0,0,,,,https://www.credoweb.bg/page/26200/klinika-po-akusherstvo-i-ginekologiya
Боуен Център,Medical center,"България, София, 1000, ж.к. 'Бъкстон' /Манастирски ливади/ ул. 'Българска легия' № 28, ет. 1, ап. 5",http://www.bowencenter.bg/,,,0,0,,,,https://www.credoweb.bg/page/36043/bouen-tsentar
Вита Простата Център,Hospital,"България, София, 1000, ул. Драговица 9",КЪМ ОБУЧЕНИЕТО,+35929604950,,0,0,"Сред най-динамично развиващите се отделения в МБАЛ Вита е Отделението по Урология и съответно Вита Простата Центърът като част от него.    Освен с изключителни специалисти, Вита Простата Център може да се похвали с комплексен подход и множество възможности за лечение на простатните заболявания.            Сред най-динамично развиващите се отделения в МБАЛ Вита е Отделението по Урология и съответно Вита Простата Центърът като част от него. Освен с изключителни специалисти, Вита Простата Център може да се похвали с комплексен подход и множество възможности за лечение на простатните заболявания.    Методи за лечение на простатата във Вита Простата Център    Вита Простата Център разполага с всички класически съвременни ендоскопски методи за лечение на заболявания на простатата.    1. Оперативно лечение на Доброкачествената Простатна Хиперплазия (Аденом на простатата)    Трансуретрална монополярна резекция на простатата – ТУР на простата  Трансуретрална биполярна резекция на простатата – ТУРбипо на простатата  Трансуретрална лазерна инцизия на простатата – ТУЛИ на простата  Трансуретрална лазерна вапоризация на простатата – ТУЛАВ на простата  Трансуретрална лазерна резекция на простатата – ТУЛАР на простата          2. Оперативно лечение на карцином на простатата    Лапароскопска радикална простатектомия – Ендоскопска Екстраперитонеална Радикална Простатектомия – ЕЕРПЕ",,,https://www.credoweb.bg/page/20029/vita-prostata-tsentar
МЦ Хармония,Medical center,"България, София, 1000, ж.к. Младост-1, бул. Цариградско шосе, бл. 125",http://harmonia-medical.com/,,,0,0,"Заповядайте в Медицински център “Хармония” за професионално медицинско обслужване в приятна атмосфера за добро здраве сега и в бъдеще!        Медицински Център Хармония ООД е създаден през 2005 година с цел да предложи качествени медицински услуги в район Младост на град София. Центърът е регистриран и работи, както с Националната Здравноосигурителна Каса (НЗОК), Частни застрахователи, а така също и с платени приеми при лекари-специалисти. Разположен е в собствена площ, кабинетите му са модерно изпълнени и оборудвани с най-съвременната техника.      КАБИНЕТИ НА ВАШЕ РАЗПОЛОЖЕНИЕ:    ФИЗИОТЕРАПИЯ И РЕХАБИЛИТАЦИЯ  ВЪТРЕШНИ БОЛЕСТИ (ВКЛ. ЕХОГРАФСКИ ИЗСЛЕДВАНИЯ)  КАРДИОЛОГИЯ И РЕВМАТОЛОГИЯ  ОЧНИ БОЛЕСТИ  НЕВРОЛОГИЯ  ГИНЕКОЛОГИЯ (ВКЛ. ЕХОГРАФСКИ ИЗСЛЕДВАНИЯ)  УШИ - НОС - ГЪРЛО (УНГ)  ЕНДОКРИНОЛОГИЯ  ОБРАЗНА ДИАГНОСТИКА  ФИЗИОТЕРАПИЯ / КИНЕЗИТЕРАПИЯ    КАКВО ПЕЧЕЛЯТ ПАЦИЕНТИТЕ НА МЕДИЦИНСКИ ЦЕНТЪР ХАРМОНИЯ?    1. Специализация в двете области „Физиотерапия и рехабилитация” и „Вътрешни болести” позволява да работим задълбочено в тези насоки. Целта е пълно удовлетворяване на нуждите на нашите пациенти от подходящо лечение.    2. Наличието на лекари и консултанти от почти всички други области на здравеопазването позволява бързо и точно, на едно и също място, без загуба на време и нерви да се постави правилната диагноза и да бъде проведено навременно и точно лечение.    3. Високо качество на предлаганите медицински услуги, гарантирано от доказания професионализъм на персонала и съвременната апаратура.    4. Профилактика на социално-значимите заболявания, както и специализирани консултации със съответните водещи специалисти.    Заповядайте в Медицински център “Хармония” за професионално медицинско обслужване в приятна атмосфера за добро здраве сега и в бъдеще!    В началото на 2010 г. МЕДИЦИНСКИ ЦЕНТЪР ХАРМОНИЯ получи от Министерството на здравеопазването отлична акредитационна оценка за максимален срок от 5 години за цялостна дейност на лечебното заведение!      ВОДЕЩИ ПРИНЦИПИ :    1.Безкомпромисното качеството на медицинската услуга    2.Личната грижа и отношение към всеки пациент    3.Вникване в неговите проблеми, страхове и претеснения    4.Уважение към неговото време и заетост          ДЕЙНОСТИ :    1. Физиотерапия и рехабилитация на травматични и следтравматични състояния    2. Ехография на коремни органи    3. Ехография на на гинекологични органи    4. Електрокардиография    5. Профилактични прегледи      ФОРМИТЕ НА ОБСЛУЖВАНЕ НА ПАЦИЕНТИТЕ СА:    1. Прегледи и консултации по направления от личен лекар    2. Платени прегледи    3. Домашни посещения          За нашия екип отношението към пациента е най-важно, а именно :    1. Провеждаме внимателни изследвания на възникналите оплаквания    2. Проследяваме причините довели до тях    3. Обръщаме лично отношение на всеки пациент, а именно :    Вникваме в неговите проблеми и страхове  Уважаваме неговото време и заетост    4. Безкомпромисно качество на медицинската услуга      За подробна информация, моля посетете нашата интернет страница: http://harmonia-medical.com",,"д-р Добрияна Шишманова, дм | д-р Ева Маринова",https://www.credoweb.bg/page/19964/mts-harmoniya
Алфамедика,Medical center,"България, София, 1000, бул. Свети Наум 14 А, партер",http://alfamedika.com/,,,0,0,,,,https://www.credoweb.bg/page/29209/alfamedika
МЦ Репробиомед,Medical center,"България, София, 1000, ул. Бойчо Огнянов 28",http://reprobiomed.eu/index.html,,,0,0,,,,https://www.credoweb.bg/page/19738/mts-reprobiomed
"Отделение по Офталмология, Токуда Болница София",Hospital,"България, София, 1000, бул. Никола Й. Вапцаров 51 Б",,,,0,0,,,,https://www.credoweb.bg/page/22253/otdelenie-po-oftalmologiya-tokuda-bolnitsa-sofiya
Клиника по детски болести и детска кардиология - НКБ,Hospital,"България, София, 1000, ул. Коньовица 65",,,,0,0,,,,https://www.credoweb.bg/page/22655/klinika-po-detski-bolesti-i-detska-kardiologiya-nkb
СБАЛ Св. Анна,Clinic,"България, Пловдив, 4000, бул. Александър Стамболийски 31",http://sveta-anna.com/,,,0,0,,,,https://www.credoweb.bg/page/60991/sbal-sv-anna
Урохелт,Medical center,"България, Пазарджик, 4400, ул. Опълченска 14 /срещу входа на парк Острова/",http://urohealth-clinic.com,,,0,0,,,,https://www.credoweb.bg/page/70329/urohelt
Sofia Physio Center,Clinic,"България, София, 1618, бул ""Братя Бъкстон"" 71, кв. Манастирски ливади",Запази час онлайн!,,,0,0,,,Йордан Костадинов Илиев | Цветелин Янков Ангелов,https://www.credoweb.bg/page/129482/sofia-physio-center
Клиника по кардиология,Hospital,"България, София, 1000, ул. Бяло море №8",http://www.isul.eu/Kliniki/k_kardiologia/za_klinikata.htm,,,0,0,,,,https://www.credoweb.bg/page/19974/klinika-po-kardiologiya
Втора МБАЛ,Hospital,"България, София, 1000, бул. Христо Ботев 120",http://www.vtorambal.com,,,0,0,"Нашата мисия е постоянно да повишаваме качеството на здравните услуги, извършвани от Втора многопрофилна болница за активно лечение - София, както и да осигуряваме висококвалифицирано медицинско обслужване на нашите пациенти.        Втора МБАЛ извършва висококачествена консултативно-диагностична дейност и болнично лечение. Екипът на болницата винаги се е стремял да внедрява иновативни методи и технологии за диагностика и лечение.    Основният ни приоритет е да запазим позицията на болницата като водещо лечебно заведение в областите кардиология и акушеро-гинекология.    Бъдещето на болницата е в утвърждаването й като най-голямата база за лечение на всички профили от детски заболявания, включително и неврологични заболявания. Стремежът ни е Втора МБАЛ да се превърне в предпочитано място за раждане, за гинекологично и онкогинекологично болни, както и като база за лечение съдови неврологични заболявания.","Медико - диагностични лаборатории | Акушеро - гинекологична клиника | Вътрешна клиника | Кардиологична клиника | Отделение по неврология, интензивно лечение, физикална и рехабилитационна медицина и функционална диагностика на нервната система с ЕЕГ, ЕМГ, Невросонология и невроотология | Педиатрична клиника",Д-р Анна Симеонова Стойнова-Венкова | д-р Анна Ковачева Стоянова | Д-р Анна Аргирова | д-р Валя Авджиева | д-р Величка Опаранова | д-р Галина Йонова | Д-р Георги Василев Тодоров | Д-р Деяна Еджиева | Д-р Димитър Нотев | Д-р Ели Рангелова | д-р Ивайло Неновски | д-р Ивайло Петров,https://www.credoweb.bg/page/19715/vtora-mbal
Foot Clinic By Dr Stamatov,Clinic,"България, Пловдив, 4000, ул Тунджа 2",Пишете сега,,,0,0,,,,https://www.credoweb.bg/page/101045/foot-clinic-by-dr-stamatov
Дентален център Несебър Дент,Dental clinic,"България, Несебър, 8230, кв.Черно море 2",,,,0,0,,,,https://www.credoweb.bg/page/129292/dentalen-tsentar-nesebar-dent
Нов Дерма център Хил клиник,Medical center,"България, София, 1000, ул. Христо Матов 29",,,,0,0,,,,https://www.credoweb.bg/page/160869/nov-derma-tsentar-hil-klinik
МЦ Уромед,Medical center,"България, Плевен, 5800, ул. Дойран 104",www.uromed21.com,,,0,0,,,,https://www.credoweb.bg/page/20076/mts-uromed
I-во очно отделение (по глаукома и катаракта),Hospital,"България, София, 1000, ул. Св. Георги Софийски 1",http://alexandrovska.com/display.php?bg/%D1%81%D1%82%D1%80%D1%83%D0%BA%D1%82%D1%83%D1%80%D0%B0-%D0%BE%D1%87%D0%BD%D0%B8-%D0%B1%D0%BE%D0%BB%D0%B5%D1%81%D1%82%D0%B8,+35929230234,,0,0,"Първо очно отделение на Клиниката по очни болести в Александровска болница е специализирано в лечението на глаукома, катаракта, хирургия на очните придатъци.        Първо очно отделение на Клиниката по очни болести в Александровска болница е специализирано в лечението на глаукома, катаракта, хирургия на очните придатъци. Работи се по Клинични пътеки 131, 133, 138 и 139.    При съмнение и дори при вече поставена на друго място диагноза, пациентът може да дойде първо на преглед в приемния глаукомен кабинет в Александровска болница, след предварително записване на тел. 02 9230 583. В случай, че се нуждае от лечение в болницата, на него веднага ще му бъде издадено Направление №7 за хоспитализация. На място се извършва и диспансеризацията, така че всичко да бъде максимално удобно за пациентите.    Заболяването е изключително коварно – при глаукома човек няма никакви оплаквания и тревожни симптоми. Важна роля играят наследствените фактори. Затова ако имате близък роднина със заболяването, добре е да започнете с профилактиката навреме. Очното налягане трябва да се мери редовно най-късно след 40 г. Лечението е с медикаменти, с лазер или хирургиюно лечение.    Катарактата е друго често срещано заболяване, обусловено най-вече от напредналата възраст. Всичко, което е достъпно като лечение в ЕС, се прави и в Първо очно отделение на Александровска болница. Лечението е оперативно. Самата оперативна интервенция се поема от здравната каса, но не и консумативът – вътреочната леща.    В Първо очно отделение на пациентите се предлагат всички видове лещи, регистрирани за употреба в България. Изборът за най-подходящата за съответния пациент леща се прави съвместно от лекар и пациент.    Катарактата и глаукомата са свързани – едното заболяване не изключва другото, посочва д-р Костова. Особено при възрастните зад катарактата може да се крие и глаукома и обратното, подчертава тя. Обстойният очен преглед при пациенти с катаракта и изключването на съпътстваща очна патология е абсолютно задължително.    1. Пневмотонометър – служи за безконтактно измерване на очното налягане    2. Селективен лазер – намира приложение при селективната лазерна трабекулопластика за лечение на глаукома    3. Оптичен кохерентен томограф – намира приложение за ранната диагностика на широка гама очни заболявания – глаукома, заболявания на ретината, хориоидея.",,,https://www.credoweb.bg/page/24237/i-vo-ochno-otdelenie-po-glaukoma-i-katarakta
СБАЛ Полимед ООД,Hospital,"България, София, 1000, ул. Брегалница 47",www.polimedad.com,,,0,0,,,,https://www.credoweb.bg/page/36658/sbal-polimed-ood
МЦ Хелиос,Medical center,"България, Варна, 9000, бул. Цар Освободител 100",,,,0,0,,,,https://www.credoweb.bg/page/19352/mts-helios
Клиника по ендокринология и болести на обмяната,Hospital,"България, София, 1000, ул. Св. Георги Софийски 3",,,,0,0,,,,https://www.credoweb.bg/page/28022/klinika-po-endokrinologiya-i-bolesti-na-obmyanata
МЦ АмериМед,Medical center,"България, София, 1000, бул. Ал. Малинов 80А",Към Facebook,,,0,0,,,,https://www.credoweb.bg/page/37107/mts-amerimed
"Лаборатория ""Клинична Патология и Цитология""",Laboratory,"България, София, 1000, ул. Михалаки Ташев 2",https://www.facebook.com/Лаб-Клинична-патология-и-Цитология-ІАГ-Св-София-1623362854549182/?ref=aymt_homepage_panel,,,0,0,,,,https://www.credoweb.bg/page/35164/laboratoriya-klinichna-patologiya-i-tsitologiya
Лаборатория Рамус,Laboratory,"България, София, 1000, ул.""Ангиста"" 2-4",http://ramuslab.com/,,,0,0,,,,https://www.credoweb.bg/page/33992/laboratoriya-ramus
МЦ Пирогов,Medical center,"България, София, 1000, бул. Ген. Едуард И. Тотлебен 21",http://www.pirogov.eu/module/med_centre/med_centre.php,,,0,0,"​Медицински център ""Пирогов"" се намира в комплекса на уникалната едноименна болница и приема пациенти с направления от личния лекар.        Центърът разполага с отлично подготвени лекари от всички специалности, които са кадри на УМБАЛСМ ""Н.И.Пирогов"".    В медицинския център се осъществяват изследвания по договор с НЗОК /направление 4 за медико-диагностична дейност/, работи се с талони от лични лекари и специалисти, със здравно-осигурителни фондове, партньори на МЦ ""Пирогов"". Сключват се договори с фирми за обсужване на техните служители. Провеждат се профилактични прегледи.    Медицинския център разполага с кабинети по:    Образна диагностика    Рентгенови изследвания:    всички видове конвенционални рентгенови изследвания /рентгенографии/ - гръден кош, костна система, меки тъкани и др.  контрастни изследвания на стомашно-чревния тракт, пикочоотделителната суистема, фистлографии.  Изследванитя се провеждат с нови модерни дигитални рентгеноскопични и рентгенографични апарати на фирма Siemens с минимално лъчево натоварване на пациента.    Ултразвукови изследвания /ехографии/:    коремни ограни,  малък таз,  щитовидна жлеза,  повърхностни структури /лимфни възли и др./,  млечни жлези и др.  компютърнотомографски изследвания /скенер/:  изследвания на всички области - глава, тяло и крайници. Изследват се всички системи. Мозъчни и периферни ангиографии.  Извършват се 3D /триизмерни/ реконструкции. Апаратът е последен модел мултидетекторен компютърен томограф на Siemens.    Ушни, носни и гърлени болести (УНГ)    В кабинета се извършват:    Безболезнен преглед и диагностика на УНГ болести  Диагностика и терапия при комплицирани и интердисциплинарни случаи  Вземане на гърлен и носен секрет за микробиологично изследване  Назначаване на рентъгенови внимки и КАТ-образна диагностика  Изследване на слуха /аудиометрия/ и слухопротезиране  Малки и средни оперативни интервенции, неизискващи обща анестезия    Очни болести    Извършват се следните специализирани дейности:    Авторефрактометрия/компютърно излседване на зрителна острота/;  апланационна тонометрия /безнонтактно измерване на очно налягане /;  Дигитално изследване на очното дъно с фундус камера;  Пахиметрия /измерване дебелината на очната роговица /;  Вземане на очен секрет за микробиологично изследване;  Извършване на малки и средни оперативни интервенции;  Диагностика и терапия на комлицирани офталмологични заболявания /керато- конюнктивити, увеити, иридоциклити, глаукома, посттраматични очни усложнения/.          Общопрактикуващи лекари    Дейността им включва:    Записване на пациенти за пациентската им листа;  Прегледи на самонасочили се пациенти;  Измерване на кръвно налягане;  Измерване на кръвна захар с глюкомер;  Електрокардиограми;  Издаване на медицинска документация и медицински свидетелства;  Домашни визити.    Център за лечение на рани:    Центърът за лечение на рани към Медицински център ""Пирогов"" е открит през м. декември 2010г. В него се извършват консултации на пациенти с остри и трудно заздравяващи рани от водещи специалисти в областта на съдовата, гнойно-септичната и пластична хирургия, травматологията, ендокринологията и дерматологията. В него се използват съвременни превръзки за лечение на рани, както и иновативната вакумна терапия. За трудно подвижни пациети центъра осигурява консултации и превръзки със специалисти в домашни условия. Той е част от центровете за лечение на рани у нас, които са изградени от Българска асоциация за раните (БАР).    Асоциацията е създадена през 2008г. Тя е продължение на Българска асоциация за лечение на раните създадена от проф. Георги Златарски през 1998 г. През 2009 г. БАР става асоциаиран член към Европейската асоциация за лечение на раните. Председател на асоциацията е проф. Владислав Христов. Той е и началник на Втора хирургична клиника към УМБАЛСМ „Н. И. Пирогов”.    Целите на асоциацията сa:    Осигуряване на адекватна по достъпност количество и качество здравно обслужване на пациенти с остри и хронични (трудно заздравяващи) рани.  Обучение на медицински специалисти.  Изграждане на центрове за лечение на рани в големите областни градове.    Ежегодно обучението на специалисти в областта на лечението на трудно заздравяващи остри и хронични рани се провежда посредством модули като част от Европейската академия за лечение на рани, съобразени с протоколите на Европейската асоциация в тази насока.",,,https://www.credoweb.bg/page/27667/mts-pirogov
Клиника Неврохирургия,Hospital,"България, София, 1000, ул. Св. Георги Софийски 3",,,,0,0,,,,https://www.credoweb.bg/page/36003/klinika-nevrohirurgiya
МЦ Пентаграм,Medical center,"България, София, 1000, ул. Враня 109-111",www.pentagram2012.com,,,0,0,,,,https://www.credoweb.bg/page/20003/mts-pentagram
Болница Тракия - Център,Hospital,"България, Стара Загора, 6000, бул. Патриарх Евтимий 84",www.trakiahospital.com,,,0,0,,,,https://www.credoweb.bg/page/19846/bolnitsa-trakiya-tsentar
ІV МБАЛ - София ЕАД,Hospital,"България, София, 1000, бул. Македония 36",http://www.4mbal.bg/,,,0,0,,,,https://www.credoweb.bg/page/19709/v-mbal-sofiya-ead
ДКЦ I - Св. Клементина,Hospital,"България, Варна, 9000, бул. Съборни 40",,,,0,0,,,,https://www.credoweb.bg/page/19345/dkts-i-sv-klementina
СБАЛББ Св. София,Hospital,"България, София, 1000, бул. Акад. Ив. Гешов 19",http://sbalbb-sofia.com/,,,0,0,,,,https://www.credoweb.bg/page/19688/sbalbb-sv-sofiya
ДКЦ Ритъм ТР ООД,Hospital,"България, Стара Загора, 6000, ул. Васил Априлов 12 а",www.ritambolnica.com,,,0,0,,,,https://www.credoweb.bg/page/19854/dkts-ritam-tr-ood
"Медицински център ""Трета поликлиника""",Medical center,"България, Стара Загора, 6000, бул. ""Патриарх Евтимий"" 86",www.trakiahospital.com,,,0,0,,,,https://www.credoweb.bg/page/20007/meditsinski-tsentar-treta-poliklinika
Клиника по урология,Hospital,"България, Пловдив, 4000, бул. България 234",http://www.mbal.net,,,0,0,,,,https://www.credoweb.bg/page/20074/klinika-po-urologiya
Клиника по физиотерапия и рехабилитация,Hospital,"България, София, 1000, ул. ""Св. Георги Софийски"" № 3",http://www.vma.bg/bg/mbal-sofiya/terapevtichni-kliniki/fizioterapiya/,,,0,0,,,,https://www.credoweb.bg/page/31585/klinika-po-fizioterapiya-i-rehabilitatsiya
Клиника по ортопедия и травматология,Hospital,"България, София, 1000, ул. Димитър Моллов 1",,,,0,0,,,,https://www.credoweb.bg/page/27220/klinika-po-ortopediya-i-travmatologiya
Ин витро център Стефанов,Medical center,"България, Стара Загора, 6000, ул. „Света Троица“ 152. До западния вход на църквата ""Света Троица""",http://stefanovbg.com/bg/,,,0,0,,,,https://www.credoweb.bg/page/23923/in-vitro-tsentar-stefanov
I МБАЛ София,Hospital,"България, София, 1000, бул. Патриарх Евтимий № 37",http://1mbal.com,,,0,0,,,,https://www.credoweb.bg/page/19948/i-mbal-sofiya
Отделение по Урология,Hospital,"България, София, 1000, бул. Никола Й. Вапцаров 51 Б",,,,0,0,,,,https://www.credoweb.bg/page/22252/otdelenie-po-urologiya
МБАЛ - Медицински комплекс Берое,Hospital,"България, Стара Загора, 6000, ул. Герасим Папазчев № 1",МК Берое,,,0,0,,,,https://www.credoweb.bg/page/20016/mbal-meditsinski-kompleks-beroe
МБАЛ комплекс Св.Иван Рилски,Hospital,"България, Пловдив, 4000, бул. Васил Левски 144",,,,0,0,,Отделение по урология,,https://www.credoweb.bg/page/19584/mbal-kompleks-svivan-rilski
ДКЦ Ел Масри,Hospital,"България, Бургас, 8000, к-с Лазур, бл. 158",,+359884541012,,0,0,"Диагностично консултативен център „Ел Масри” е първото частно здравно заведение открито в град Бургас през 1990 г. Благодарение на доверието на нашите пациенти вече 26 години „Ел Масри” е еталон на професионализъм и качество в медицината за града и областта.        От началота на 2016 година ДКЦ Ел Масри е разположен в 6 етажна нова сграда с модерен архитектурен дизайн, предназначена единствено за медицински цели. Обема и капацитета на здравното заведение са значително увеличени в полза на нашите пациенти.    Диагностично консултативен център „Ел Масри” предлага медицински услуги в акушерство и гинекология, вътрешни болести, нервни болести, очни болести, УНГ- болести, кардиология, функционална диагностика, образна диагностика и лаборатория. Здравното заведение разполага със стационар за краткосрочно наблюдение и лечение на пациенти с модерно обзаведени болнични стаи със самостоятелен санитарен възел, както и специално оборудвани стаи за интензивно наблюдение. ДКЦ „Ел Масри” има сключен договор с НЗОК и всички здравно осигурени имат безплатен достъп до медицинските услуги, които предлага здравното заведение.    Ще ни откриете на адрес гр. Бургак, к-с Лазур бл. 158    тел. 056/ 84 47 37, 0884 541012    На разположение на нашите клиенти са още следните звена:    Служба по трудова медицина „Ел Масри” регистрирана с Удостоверение № 205 от 16.05.2008 г.  Акредитирана лаборатория за контрол на факторите на работната среда /Орган за контрол от вид С „Ел Масри”/  Психологическа лаборатория за подбор на водачи на МПС  Хотелски комплекс „Галина Палас”",,д-р Веселин Димитров | д-р Лъчезар Атанасов Атанасов | д-р Мирослав Моров | Д-р Михаил Анастасов Читаков | д-р Мурат Чобан,https://www.credoweb.bg/page/19319/dkts-el-masri
ДКЦ 2,Hospital,"България, Плевен, 5800, ул. Сан Стефано 1",http://www.dkc2-pleven.com,,,0,0,,,,https://www.credoweb.bg/page/19561/dkts-2
"УМБАЛ ""Еврохоспитал""",Hospital,"България, Пловдив, 4000, Коматевско шосе 79",www.eurohospital.bg,,,0,0,,,,https://www.credoweb.bg/page/20611/umbal-evrohospital
Кабинет по дигитална рентгенография,Hospital,"България, Стара Загора, 6000, бул. Руски 56",,,,0,0,,,,https://www.credoweb.bg/page/25092/kabinet-po-digitalna-rentgenografiya
Клиника по урология,Hospital,"България, София, 1000, ул. Св. Георги Софийски № 1",,,,0,0,,,,https://www.credoweb.bg/page/28497/klinika-po-urologiya
ДЕНТАЛЕН РЕНТГЕНОВ КАБИНЕТ СИТИ,Laboratory,"България, Стара Загора, 6000, Цар Симеон Велики 112",http://dentalcitystz.alo.bg,,,0,0,,,,https://www.credoweb.bg/page/73944/dentalen-rentgenov-kabinet-siti
"""ДКЦ I - Стара Загора"" ЕООД",Hospital,"Bulgaria, Stara Zagora, 6000, бул. Руски 62",,,,0,0,,,,https://www.credoweb.bg/page/19850/dkts-i-stara-zagora-eood
"МЦ ""Доц. д-р Борислав Кючуков, дм""",Hospital,"България, София, 1000, ул. Ами Буе 84, етаж 3",http://femtolasik-sofia.eu/,,,0,0,,,,https://www.credoweb.bg/page/31548/mts-dots-d-r-borislav-kyuchukov-dm
Отделение по гастроентерология и клинична хепатология,Clinic,"България, Плевен, 5800, ул. „Г. Кочев” №8 А",www.umbalpleven.com,,,0,0,,,,https://www.credoweb.bg/page/97054/otdelenie-po-gastroenterologiya-i-klinichna-hepatologiya
МБАЛ - Гулянци,Hospital,"България, Гулянци, 5960, ул. Васил Левски 34",http://mbal-gulyantsi.ovo.bg/,,,0,0,,,,https://www.credoweb.bg/page/19533/mbal-gulyantsi
Клиника по неврохирургия,Hospital,"България, Плевен, 5800, бул. Георги Кочев 8А",,,,0,0,,,,https://www.credoweb.bg/page/20179/klinika-po-nevrohirurgiya
Център за психично здраве- гр.Пловдив,Hospital,"България, Пловдив, 4000, бул. Пещерско шосе №68",http://cpz-plovdiv.com/,,,0,0,,,,https://www.credoweb.bg/page/91912/tsentar-za-psihichno-zdrave-grplovdiv
"Медицински Център ""СанаМедик""",Medical center,"България, Варна, 9000, ул. София № 5",http://www.mc-sanamedic.com/,,,0,0,,,,https://www.credoweb.bg/page/94403/meditsinski-tsentar-sanamedik
"Диализен Център ""НефроЛайф""",Hospital,"България, Бургас, 8000, ул.Транспортна(зад МОЛ Плаза)",https://nephrolife.bg/,,,0,0,,,,https://www.credoweb.bg/page/117842/dializen-tsentar-nefrolayf
ДКЦ 6 -Пловдив,Hospital,"България, Пловдив, 4000, ул. Любен Каравелов 5",http://dkc6.com,,,0,0,,,,https://www.credoweb.bg/page/19608/dkts-6-plovdiv
ДКЦ Аджибадем Сити Клиник,Hospital,"България, София, 1000, ул. Околовръстен път 127",https://www.acibademcityclinic.bg/,,,0,0,,,,https://www.credoweb.bg/page/20057/dkts-adzhibadem-siti-klinik
Клиника по хематология,Hospital,"България, Варна, 9000, бул. Христо Смирненски № 1",,,,0,0,,,,https://www.credoweb.bg/page/20110/klinika-po-hematologiya
Св. Йоан Рилски - Асеновград,Hospital,"България, Асеновград, 4230, ул. Тракия 17",,,,0,0,,,,https://www.credoweb.bg/page/25548/sv-yoan-rilski-asenovgrad
Медико-дентален център Артес,Medical center,"България, София, 1000, жк. Дружба 2, бл.302, вх.Г, партер",http://mdcartes.com/,,,0,0,,,,https://www.credoweb.bg/page/25674/mediko-dentalen-tsentar-artes
Център за протезиране АЛЕГРО,Laboratory,"България, София, 1186, ул. Стар Лозенски Път 52",Свържете се с нас,,,0,0,,,,https://www.credoweb.bg/page/100238/tsentar-za-protezirane-alegro
Дентална клиника ConsumDent,Hospital,"България, София, 1000, ул. Дамян Груев 6",www.consumdent.com,,,0,0,,,,https://www.credoweb.bg/page/19982/dentalna-klinika-consumdent
Медико-дентален център Medicare Varna,Dental clinic,"България, Варна, 9002, ул. “Проф. Марин Дринов” 40",https://www.medicare-varna.com/,,,0,0,,,,https://www.credoweb.bg/page/165038/mediko-dentalen-tsentar-medicare-varna
СБАЛББ,Hospital,"България, Троян, 5600, ул. Васил Левски 253",http://sbalbb-troyan.com/,,,0,0,,,,https://www.credoweb.bg/page/19491/sbalbb
КОЦ Враца ЕООД,Hospital,"България, Враца, 3000, бул. 2-ри юни 68",www.onko-vratsa.bg,,,0,0,,,,https://www.credoweb.bg/page/20077/kots-vratsa-eood
МОБАЛ Д-р Стефан Черкезов АД,Hospital,"България, Велико Търново, 5000, ул. Ниш 1",http://www.mobaltarnovo.com/,,,0,0,,,,https://www.credoweb.bg/page/20162/mobal-d-r-stefan-cherkezov-ad
"Координатор медицински дейности към УМБАЛ "" Св. Иван Рилски"" ЕАД",Hospital,"България, София, 1000, бул. Акад. Иван Евстатиев Гешов 15",,,,0,0,,,,https://www.credoweb.bg/page/24772/koordinator-meditsinski-deynosti-kam-umbal-sv-ivan-rilski-ead
Клиника по диабетология,Hospital,"България, София, 1000, ул. Здраве № 2",http://www.usbale.com,,,0,0,,,,https://www.credoweb.bg/page/29939/klinika-po-diabetologiya
"Медицински Център ""ХинКоМед"" ЕООД",Medical center,"България, Плевен, 5800, гр. Плевен ул. "" П. Р. Славейков"" 59 ет. 2",http://hinkomed.com/,,,0,0,,,,https://www.credoweb.bg/page/29981/meditsinski-tsentar-hinkomed-eood
Катедра по инфекциозни болести към МУ София,Hospital,"България, София, 1000, бул. Акад. Иван Гешов 17",http://medfac.mu-sofia.com/kibptm/?q=node/131,,,0,0,,,,https://www.credoweb.bg/page/21406/katedra-po-infektsiozni-bolesti-kam-mu-sofiya
Клиника по тиреоидни и метаболитни костни заболявания,Hospital,"България, София, 1000, ул. Здраве 2 ет. 13",http://www.usbale.com/str_Tireoidni.htm,,,0,0,,,,https://www.credoweb.bg/page/29706/klinika-po-tireoidni-i-metabolitni-kostni-zabolyavaniya
"Клиника по кардиология - УМБАЛСМ ""Пирогов""",Hospital,"България, София, 1000, бул. Ген. Едуард И. Тотлебен 21",http://www.pirogov.eu/,,,0,0,,,,https://www.credoweb.bg/page/29510/klinika-po-kardiologiya-umbalsm-pirogov
МЦ Санита,Medical center,"България, Варна, 9000, ж.к. Младост N:163",www.sanita-plus.com,,,0,0,,,,https://www.credoweb.bg/page/21774/mts-sanita
АГ Весела,Hospital,"България, Пловдив, 4000, ул. Весела 5",,,,0,0,,,,https://www.credoweb.bg/page/21922/ag-vesela
Отделение по Нуклеарна медицина,Clinic,"България, Пловдив, 4000, бул. ""Пещерско шосе"" №66",,,,0,0,,,,https://www.credoweb.bg/page/60075/otdelenie-po-nuklearna-meditsina
МБАЛ - Хасково,Hospital,"България, Хасково, 6300, бул. Съединение 49",,,,0,0,,,,https://www.credoweb.bg/page/19905/mbal-haskovo
СБАЛ Йоан Павел,Hospital,"България, София, 1000, бул. Столетов 67А",http://joan-pavel.blogspot.com,,,0,0,,,,https://www.credoweb.bg/page/21985/sbal-yoan-pavel
Клиника по Гастроентерология - Аджибадем Сити Клиник Болница Токуда,Clinic,"България, София, 1407, бул. ""Никола Й. Вапцаров"" 51Б, кв. ""Хладилника""",https://www.tokudabolnica.bg,,,0,0,,,,https://www.credoweb.bg/page/96606/klinika-po-gastroenterologiya-adzhibadem-siti-klinik-bolnitsa-tokuda
МБАЛ Д-р Маджуров,Hospital,"България, Бургас, 8000, жк Зорница с/у бл.15",http://www.madzhurov.com,,,0,0,,,,https://www.credoweb.bg/page/20046/mbal-d-r-madzhurov
Клиника по инфекции,Hospital,"България, Стара Загора, 6000, ул. Ген. Столетов 2",,,,0,0,,,,https://www.credoweb.bg/page/20131/klinika-po-infektsii
НСБАЛХЗ – Консултативно-диагностичен блок,Hospital,"България, София, 1000, ул. Пловдивско поле 6",https://hematology.bg/,,,0,0,,,,https://www.credoweb.bg/page/20079/nsbalhz-konsultativno-diagnostichen-blok
Ахилес 2000 МДЛ,,"Stara Zagora, 
бул. Руски 56",МДЛ АХИЛЕС 2000,,,0,0,,,,https://www.credoweb.bg/page/20014/ahiles-2000-mdl/structures/25062/kabinet-po-osteoporoza-dexa
Ахилес 2000 МДЛ,,"Stara Zagora, 
бул. Руски 56",МДЛ АХИЛЕС 2000,,,0,0,,,,https://www.credoweb.bg/page/20014/ahiles-2000-mdl/structures/25082/mamografski-kabinet
"""АИППМПДМ ""Богосдент"" ЕООД",Hospital,"България, Варна, 9000, кв.Аспарухово, ул.""Народни будители""5, ет.4, к-т 417",,,,0,0,Това ще бъде страница за здравето на нашите зъби.,,,https://www.credoweb.bg/page/43888/aippmpdm-bogosdent-eood
Кабинет по детска ендокринология и детски болести д-р Рени Колева,Hospital,"България, Стара Загора, 6000, бул.Руски 62",,,,0,0,,,,https://www.credoweb.bg/page/35251/kabinet-po-detska-endokrinologiya-i-detski-bolesti-d-r-reni-koleva
МБАЛ Люлин,Hospital,"България, София, 1000, ул. Петър Дертлиев 81",http://lyulinhospital.com/,,,0,0,,,,https://www.credoweb.bg/page/19783/mbal-lyulin
МЦ ІІІ - Бургас,Medical center,"България, Бургас, 8000, жк. Меден Рудник, зона А, УП - 1, кв. 11",http://hospital-medicalcenter3bs.com/contact.php,,,0,0,,,,https://www.credoweb.bg/page/19317/mts-burgas
МБАЛ Св. София - Клиника по ортопедия и травматология,Hospital,"България, София, 1000, бул. България 104",http://www.mbal-sofia.com/bg/pages/otdelenie-po-ortopediya-i-travmatologiya,,,0,0,,,,https://www.credoweb.bg/page/19989/mbal-sv-sofiya-klinika-po-ortopediya-i-travmatologiya
КОЦ - Русе,Hospital,"България, Русе, 7000, ул. Независимост 2",http://kocruse.com/,+35982819911,,0,0,"КОЦ Русе е основан през 1952 г. като диспансер за онкологични заболявания, а от 2010 г. става комплексен онкологичен център.    Основна задача на специализираното лечебно заведение е активно да издирва, диагностицира, регистрира, лекува и наблюдава пациенти с предракови и ракови заболявания.    То обслужва основно областите Русе, Разград и Силистра, но приема и пациенти от цялата страна.            КОЦ Русе е основан през 1952 г. като диспансер за онкологични заболявания, а от 2010 г. става комплексен онкологичен център.    Основна задача на специализираното лечебно заведение е активно да издирва, диагностицира, регистрира, лекува и наблюдава пациенти с предракови и ракови заболявания.    То обслужва основно областите Русе, Разград и Силистра, но приема и пациенти от цялата страна.    Управител на онкологичния център е д-р Камен Кожухаров.    Персоналът на лечебното заведение е 183 души, от които 41 лекари, 93 сестри, 32 санитари и 10 души висш немедицински персонал.    На диспансерно наблюдение се водят около 16 000 пациенти. Ежегодно се регистрират около 2000 нови болни. Броят им нараства, което кореспондира с демографското застаряване на населението и увеличаване на рисковите фактори.    В структурата на специализираното лечебно заведение влизат Диагностично-консултативен блок, стационар и болнична аптека.    КОЦ Русе разполага с модерно отделение по клинична патология, мамографска апаратура, извършва радиоизотопна диагностика, включително радиоимунология, в структурата му действат също така клинична лаборатория, консултативно-диагностични кабинети.    В отделението по лъчелечение вече работят линеен ускорител, нов рентгенов апарат за повърхностна рентгенова терапия и нов 20-срезов скенер, закупени по програмата за регионално развитие на общините.    КОЦ Русе е един от малкото онкологични центрове у нас, в които работи отделение по палиативни грижи. То разполага с 30 места за настаняване, а в него работят трима лекари, 8 медицински сестри и 6 санитари.",Стационар | Диагностично-консултативен блок | Клинико-диагностични структури,Д-р Александър Трифонов Йовчев | Д-р Антоанета Димитрова | д-р Атанас Парапанов | д-р Валерий Йорданов | д-р Владимир Сърталански | Д-р Галена Донева | д-р Галина Петрова | д-р Димитрина Станева | д-р Евгений Назъров | Д-р Елена Ладева | Д-р Ирина Радева | д-р Камен Кожухаров,https://www.credoweb.bg/page/19649/kots-ruse
ДКЦ 18,Hospital,"България, София, 1000, ул. Емануил Васкидович 51",,,,0,0,,,,https://www.credoweb.bg/page/19754/dkts-18
Естетична стоматология Д-р Н. Чакъров,Dental clinic,"България, Стара Загора, 6000, бул. Руски 55",www.dr-chakarov.com,,,0,0,,,,https://www.credoweb.bg/page/24770/estetichna-stomatologiya-d-r-n-chakarov
„Медицински център - Русе” ЕООД,Medical center,"България, Русе, 7000, ул. Независимост 2",,,,0,0,,,,https://www.credoweb.bg/page/33734/meditsinski-tsentar-ruse-eood
Клиника по Кардиология,Hospital,"България, София, 1000, бул. Никола Й. Вапцаров 51 Б",http://www.tokudabolnica.bg/bg/cardiology,,,0,0,"Клиниката по Кардиология на Токуда Болница София работи 24 часа в денонощието, 365 дни в годината. Денонощните висококвалифицирани екипи осигуряват и гарантират бърза ефективна намеса при пациенти с остри симптоми на сърдечно заболяване.        24/7 Денонощна помощ    Клиниката по Кардиология на Токуда Болница София работи 24 часа в денонощието, 365 дни в годината. Денонощните висококвалифицирани екипи осигуряват и гарантират бърза ефективна намеса при пациенти с остри симптоми на сърдечно заболяване, която отговоря напълно на съвременните критерии за ранна реваскуларизация (бързо възстановяване на кръвообращението при увредения участък).    Стационарно лечение    линиката се намира на шести етаж на японската болница и разполага с 41 легла. Благодарение на висококвалифицирания персонал, съвременното оборудване и добрата колаборация с всички структури на Токуда в Клиниката по Кардиология се извършват всички диагностични, инвазивни и терапевтични процедури за навременно диагностициране и съвременно лечение на сърдечно-съдовите заболявания, като:    Остър миокарден инфаркт  Остър коронарен синдром  Артериална хипертония  Резистентна хипертония  Патология на периферните артерии - включително стеснения на сънните и бъбречните артерии, артерио - венозни малформации  Хронични и тотални оклузии  Стенози и запушвания на каротидни артерии  Клапни заболявания  Перикардити  Ритъмно - проводни нарушения  Остра и хронична сърдечна недостатъчност    Апаратура    Клиниката разполага с три ангиографски лаборатории с модерно оборудване, чрез които успешно се извършват планови и спешни интервенции при сърдечно-съдови заболявания. Последната открита лаборатория представлява най-модерната технологична апаратура за инвазивна диагностика и лечение на заболявания на коронарните съдове в страната. С нейните възможности и професионализма на екипа, Клиниката по Кардиология в Токуда е готова за прилагане на най-съвременните методи в интервенционалната кардиология на европейско ниво.    Диагностичните кабинети и функционалния сектор разполагат с последно поколение ехографски апарати, велоергометър, бягаща пътечка, Холтер ЕКГ монитор, Доплеров сонограф и др.    При необходимост Клиниката взаимодейства със специалисти по образна диагностика, вкл. за изполаване на скенер, ядрено-магнитен резонанс и др.    Авангардни интервенционални процедури    Освен популярните процедури, възможностите за лечение включват много авангардни нови методи с доказан успех. В някои от тях екипът вече има сериозен опит:    Коронарни интервенции  Бифуркации  Стволови стенози  Хронични оклузии (екипът разполага с водещи специалисти с много голям опит)  Периферни интервенции  Каротидно стентиране  Ендопротезиране на аорта  Ангиопластика на периферни, висцерални и ренални артерии  Ротаблация  Затваряне на A-V фистули с койл  Ендомиокардна биопсия  Емболизация на съдови малформации - напр. при тумори от съдов произход  Поставяне на филтър на v. cava inferior при БТЕ и др.",,,https://www.credoweb.bg/page/22256/klinika-po-kardiologiya
МЕДИЦИНСКИ ЦЕНТЪР МОРСКА МЕДИЦИНА ТРАНСМЕД,Medical center,"България, Варна, 9000, площад Славейков 1",www.maritime-med.com,,,0,0,,,,https://www.credoweb.bg/page/45150/meditsinski-tsentar-morska-meditsina-transmed
ДКЦ 29,Hospital,"България, София, 1000, ул. Георги Измирлиев 8",,,,0,0,,,,https://www.credoweb.bg/page/19743/dkts-29
Клиника по съдова хирургия и ангиология - НКБ,Hospital,"България, София, 1000, ул. Коньовица 65",,,,0,0,,,,https://www.credoweb.bg/page/23974/klinika-po-sadova-hirurgiya-i-angiologiya-nkb
Баланс клиник,Medical center,"България, София, 1000, ул.Чипровци 12",Отоневрологична клиника,,,0,0,,,,https://www.credoweb.bg/page/57253/balans-klinik
Клиника по гастроентерология и хепатология - Аджибадем Сити Клиник Младост,Clinic,"България, София, 1784, бул. Цариградско шосе 66А",https://www.acibademcityclinic.bg/,,,0,0,,,,https://www.credoweb.bg/page/96610/klinika-po-gastroenterologiya-i-hepatologiya-adzhibadem-siti-klinik-mladost
ДКЦ 7,Hospital,"България, София, 1000, бул. Княгиня Мария Луиза 191",,,,0,0,,,,https://www.credoweb.bg/page/19705/dkts-7
Клиника по токсикология,Hospital,"България, София, 1000, бул. Ген. Едуард И. Тотлебен 21",http://www.pirogov.eu/module/toxicology/toxicology.php,,,0,0,,,,https://www.credoweb.bg/page/21207/klinika-po-toksikologiya
Клиника по образна диагностика,Hospital,"България, София, 1000, ул. Св. Георги Софийски 1",,,,0,0,,,,https://www.credoweb.bg/page/23900/klinika-po-obrazna-diagnostika
МЦ Плюс - Варна,Medical center,"България, Варна, 9000, ул. Раковски 23",www.plusbg.com,,,0,0,,,,https://www.credoweb.bg/page/19376/mts-plyus-varna
МЦ Св. Врач и Св. Св. Козма и Дамян,Medical center,"България, София, 1000, ул. Димитър Манов 17",,,,0,0,,,,https://www.credoweb.bg/page/19747/mts-sv-vrach-i-sv-sv-kozma-i-damyan
Клиника по ортопедия и травматология,Hospital,"България, Плевен, 5800, бул. Русe 79",,,,0,0,,,,https://www.credoweb.bg/page/20170/klinika-po-ortopediya-i-travmatologiya
Клиника по нефрология и диализа,Hospital,"България, Плевен, 5800, бул. Георги Кочев 8А",,,,0,0,,,,https://www.credoweb.bg/page/20171/klinika-po-nefrologiya-i-dializa
Клиника по урология,Hospital,"България, Варна, 9000, бул. Цар Освободител 100",http://svetaanna-varna.com/Page/1.6.11/Урология?expand=1,,,0,0,,,,https://www.credoweb.bg/page/22147/klinika-po-urologiya
МЦ Прайм Клиник,Medical center,"България, Бургас, 8000, жк Изгрев, бл. 27А",http://www.haemorrhoid-banding.com,,,0,0,,,,https://www.credoweb.bg/page/23395/mts-praym-klinik
УМБАЛ Св. Иван Рилски,,"Sofia, 
бул. Акад. Иван Евстатиев Гешов 15",,,,0,0,,,,https://www.credoweb.bg/page/19690/umbal-sv-ivan-rilski/structures/28758/klinika-po-revmatologiya
МЦ Medical Arts,Medical center,"България, София, 1000, гр. София 1618, кв. Овча купел, ул. Боряна 24А",http://www.medical-arts.bg/,,,0,0,,,,https://www.credoweb.bg/page/29262/mts-medical-arts
МЦ Феникс 87,Medical center,"България, София, 1000, бул. Възкресение 9",https://www.facebook.com/mcFenix87/photos_stream?tab=photos,,,0,0,,,,https://www.credoweb.bg/page/20808/mts-feniks-87
Клиника по пластично-възстановителна и естетична хирургия,Hospital,"България, София, 1000, ул. Св. Георги Софийски 1",www.plasticsurgery.a.bg,,,0,0,,,,https://www.credoweb.bg/page/20815/klinika-po-plastichno-vazstanovitelna-i-estetichna-hirurgiya
Евромедик България,Hospital,"България, София, 1000, ул. Златенрог 20, ет. 4, офис 3",http://www.euromedic.bg,,,0,0,,,,https://www.credoweb.bg/page/20174/evromedik-balgariya
МЦ Калимат,Medical center,"България, София, 1000, жк Борово, ул. Ястребец 11",http://www.kalimatmc.com/,,,0,0,,,,https://www.credoweb.bg/page/24495/mts-kalimat
УСБАЛ по Онкология ЕАД,,"Sofia, 
ул. Пловдивско поле 6",,,,0,0,,,,https://www.credoweb.bg/page/23774/usbal-po-onkologiya-ead/structures/26670/lachelechenie
Клиника по обща и клинична патология,Hospital,"България, София, 1000, ул. Св. Георги Софийски 1",http://alexandrovska.com/display.php?bg/%D0%BA%D0%BB%D0%B8%D0%BD%D0%B8%D0%BA%D0%B0-%D0%BE%D0%B1%D1%89%D0%B0-%D0%B8-%D0%BA%D0%BB%D0%B8%D0%BD%D0%B8%D1%87%D0%BD%D0%B0-%D0%BF%D0%B0%D1%82%D0%BE%D0%BB%D0%BE%D0%B3%D0%B8%D1%8F,,,0,0,,,,https://www.credoweb.bg/page/25753/klinika-po-obshta-i-klinichna-patologiya
Отделение по Гастроентерология - УМБАЛ Александровска,Clinic,"България, София, 1431, ул. „Георги Софийски“ 1",www.alexandrovska.com,,,0,0,,,,https://www.credoweb.bg/page/96617/otdelenie-po-gastroenterologiya-umbal-aleksandrovska
ДКЦ Авис Медика,Hospital,"България, Плевен, 5800, ул. Коста Хаджипакев 7",www.avismedica.com,,,0,0,,,,https://www.credoweb.bg/page/19559/dkts-avis-medika
МЦ Полимед,Medical center,"България, София, 1000, ул. Брегалница 47",,,,0,0,,,,https://www.credoweb.bg/page/19739/mts-polimed
СБАЛОЗ - София Област,Hospital,"България, София, 1000, бул. Столетов 67",http://www.odozs.med-bg.info/,,,0,0,"Болницата осъществява дейността си като самостоятелно лечебно заведение от 1968 г. В настоящата сграда (бившата"" Климентинска болница"") функционира от 1971 г. Вече над 30 години, болницата обслужва с комплексна онкологична дейност населението на Софийска, Пернишка и Кюстендилска области.              Предмет на дейност:    1. Диагностика и лечение на онкологични заболявания.    2. Диагностика и консултации, поискани от лекар или лекар по дентална медицина от други лечебни заведения;    3. Диспансеризация;    4. Клинични изпитвания на лекарства и медицинска апаратура съгласно действащото в страната законодателство;    5. Учебна и научна дейност.    по следните медицински специалности: Медицинска онкология; Хирургия, Акушерство и гинекология; Вътрешни болести; Кожни и венерически болести; Образна диагностика; Клинична лаборатория; Обща и клинична патология; Лъчелечение; Урология; Кардиология; Анестезиология и интензивно лечение.    Лечебната дейност се осъществява в следните структури, както следва:    1. Отделение по медицинска онкология     2. Отделение по онкологична хирургия    3. Отделение по онкологична гинекология    4. Отделение по образна диагностика    5. Отделение по клинична патология    6. Клинична лаборатория    7. Отделение по анастезия и интензивно лечение (ОАИЛ)    ЛЕЧЕБНОТО ЗАВЕДЕНИЕ Е С МЕЖДУОБЛАСТНИ ФУНКЦИИ ЗА НАСЕЛЕНИЕТО НА СОФИЙСКА, ПЕРНИШКА, КЮСТЕНДИЛСКА И ОБЛАСТИ",,д-р Анна Иванова Иванова | д-р Ванина Консулова | д-р Диана Йорданова Недялкова | д-р Кръстю Веселинов Тихчев | д-р Милен Милев | д-р Пламен Иванов | д-р Цветан Георгиев,https://www.credoweb.bg/page/19714/sbaloz-sofiya-oblast
"Очен глаукомен център ""Св.Мина""",Medical center,"България, Плевен, 5800, ул. Братя Миладинови 28",,,,0,0,,,,https://www.credoweb.bg/page/21905/ochen-glaukomen-tsentar-svmina
МЦ Козма и Дамян,Medical center,"България, Пловдив, 4000, ЖК ""Тракия"", бул.""Освобождение"" 79",http://kozmadamian.com/,,,0,0,,,Д-р Деян Тодоров | д-р Рангел Дмитров | д-р Стоян Марков дм,https://www.credoweb.bg/page/35467/mts-kozma-i-damyan
"Медицински център ""Павел баня"" - Д-р Гечеви",Medical center,"България, Павел баня, 6155, Ген. Столетов 12",www.mc-pavelbania.com,,,0,0,,,,https://www.credoweb.bg/page/36313/meditsinski-tsentar-pavel-banya-d-r-gechevi
Първа психиатрична клиника - МБАЛНП Свети Наум,Clinic,"България, София, 1000, ул. Любен Русев 1",,,,0,0,,,,https://www.credoweb.bg/page/68866/parva-psihiatrichna-klinika-mbalnp-sveti-naum
Дентален център,Dental clinic,"България, София, 1000, София",,,,0,0,,,,https://www.credoweb.bg/page/84351/dentalen-tsentar
ДМСГД-Стара Загора,Hospital,"България, Стара Загора, 6000, ул. ""Каменец"" 53",https://www.dmsgd-sz.com/,,,0,0,,,,https://www.credoweb.bg/page/99400/dmsgd-stara-zagora
Инвитро клиника Adella Fertility,Medical center,"България, София, 1113, ул. Тинтява 15 Г",Посетете нашия уебсайт,,,0,0,,,,https://www.credoweb.bg/page/117968/invitro-klinika-adella-fertility
МЦ 1 - Долни Дъбник,Medical center,"България, Долни Дъбник, 5870, ул. Христо Янчев 67",,,,0,0,,,,https://www.credoweb.bg/page/21544/mts-1-dolni-dabnik
МДЦ Медива,Hospital,"България, София, 1000, Люлин VI, бул. Дж. Неру 33, бл. 668 Б",http://www.medivabg.com/,,,0,0,,,,https://www.credoweb.bg/page/20167/mdts-mediva
Клиника по ревматология,Clinic,"България, София, 1000, ул. „Димитър Моллов“№ 1, база Запад",https://sveta-anna.eu/,,,0,0,"Клиниката по ревматология е най-новата структура в състава на УМБАЛ „Света Анна“ София, разкрита на 01.11.2024 година – Деня на народните будители. Тя надгражда съществуваща дейност по ревматология, благодарение на включването на екип от най-добрите български ревматолози от Клиниката по ревматология на УМБАЛ „Свети Иван Рилски“ София.      В Клиниката се осъществява дейност по ревматология с най-високото III – то ниво на компетентност. Дейността на клиниката се осъществява в координация и взаимодействие с останалите специализираните клиники на УМБАЛ “Света Анна”, предлагайки индивидуален и комплексен подход към всеки пациент. Прилагат се всички съвременни методи за лабораторна, образна, функционална и инвазивна диагностика.      В Клиниката по ревматология се провежда обучение на студенти по медицина и здравни грижи и лекари-специализанти по специалност Ревматология.",,,https://www.credoweb.bg/page/166606/klinika-po-revmatologiya
ДКЦ ІІ Бургас,Hospital,"България, Бургас, 8000, бул. Демокрация 94",http://dkc2burgas.com,,,0,0,,,,https://www.credoweb.bg/page/19311/dkts-burgas
МБАЛ - Ардино,Hospital,"България, Ардино, 6750, ул. София 14",,,,0,0,,,,https://www.credoweb.bg/page/19465/mbal-ardino
ДКЦ 8,Hospital,"България, София, 1000, бул. Христо Силянов 77",,,,0,0,,,,https://www.credoweb.bg/page/19717/dkts-8
МЦ Родопи,Medical center,"България, Пловдив, 4000, бул. Христо Ботев 47А",,,,0,0,,,,https://www.credoweb.bg/page/20183/mts-rodopi
Клиника по съдова хирургия,Hospital,"България, Стара Загора, 6000, ул. Ген. Столетов 2",,,,0,0,,,,https://www.credoweb.bg/page/20069/klinika-po-sadova-hirurgiya
ВиА Медика,Medical center,"България, София, 1000, ул. Феликс Каниц №14-16",http://www.via-medica.com,,,0,0,,,,https://www.credoweb.bg/page/20100/via-medika
МЦ Фи Хелт,Medical center,"България, Пловдив, 4000, бул. България 4",,,,0,0,,,,https://www.credoweb.bg/page/26992/mts-fi-helt
ЗДРАВНО-КОНСУЛТАТИВЕН ЦЕНТЪР ЗА МАЙЧИНО И ДЕТСКО ЗДРАВЕ-МБАЛ ХАСКОВО,Medical center,"България, Хасково, 6300, Акушеро-гинекологично отделение към МБАЛ -Хасково ет.1",ЦЕНТЪР ЗА МАЙЧИНО И ДЕТСКО ЗДРАВЕ-МБАЛ ХАСКОВО В него ще се осигурява комплексно обслужване на деца,,,0,0,,,,https://www.credoweb.bg/page/38344/zdravno-konsultativen-tsentar-za-maychino-i-detsko-zdrave-mbal-haskovo
МЦ Марковс,Medical center,"България, София, 1404, Бадемова гора 20",https://markovs.bg/,,,0,0,,,,https://www.credoweb.bg/page/129515/mts-markovs
"Отделение по гастроентерология - УМБАЛ ""проф. д-р Стоян Киркович""",Clinic,"България, Стара Загора, 6000, ул.''Генерал Столетов'' 2",www.umbal-kirkovich.org,,,0,0,"Отделение по Гастроентерология има 20 легла и отговаря на III– то ниво на компетентност на медицинския стандарт по гастроентерология, Наредба № 49 и ЗЛЗ, за което има издадено удостоверение от РЗИ, гр. Стара Загора.    Гастроентерологично отделение е едно от водещите отделения в областта на гастроентерологията в България. То осъществява диагностика и лечение на остри, обострени и хронични заболявания на храносмилателната система, с комплицирано протичане и с извършване при необходимост на следните процедури:         диагностика и лечение на основни и по- редки нозологични единици при заболявания на жлъчната система, в хепатологичта и гастроентерологията, чрез използване на патоморфологични, клинико- лабораторни и инструментални изследвания  абдоминална доплерова ехография  инвазивни процедири под ултразвуков контрол  интервенционална горна и долна гастроинтестинална ендоскопия  перкутанна чернодробна биопсия  диагностика за определяне стадия на онкологични заболявания в гастроентерологията  долекуване на диагностицирани от структура с по- високо ниво на компетентност на заболявания в областта на гастроинтестиналния тракт  други диагностично- лечебни дейности  консултативни дейности.    Обслужват се пациенти планово и по спешност предимно от региона на Югоизточна България. В отделението се извършва обучение на студенти от Медицински факултет при Тракийски университет и е база за следдипломно обучение на лекари- специалисти.    В отделението работят 3-ма лекари – със специалност гастроентерология, 1- алергология и 4 очакващи зачисление за Гастроентеролози.    Отделението по гастроентерология разполага с най- съвременната апаратура за диагностика и лечение:         видео ендоскопска: за горна и долна ендоскопия / гастроскоп, фибродуоденоскоп / за долна ендоскопия колоноскоп ректороманоскоп, сигмоидоскоп / ; за специализирана интервенционална ендоскопия;  абдоминална ехография – среден клас с възможност за дву- или триизмерно изображение и Доплерова система.  аспирационни помпи, апаратура за дезинфекция, архивиращи устройства.    Лекарите които работят с апаратурата имат необходимите сертификати.    В отделението можете да получите професионална помощ при следните важни гастроентерологични заболявания, като например язвите / на стомаха, на дванадесетопръстника , гастрити, възпаление на хранопровода, тумори на стомашно- чревния тракт, болестни състояния на черния дроб като цироза на черния дроб и хепатит, заболявания на червата като възпалителните чревни заболявания, възпаления на жлъчната система. Една по- голяма група заболявания са т.нар. нарушения на храносмилането / диспепсия /.    Експертна комисия за скъпоструващо лечение на хронични вирусни хепатити.    Отделението поддържа постоянен научно- практически обмен и контакти с останалите Гастроентерологични отделения в страната, ВМА и водещи европейски отделения.",,,https://www.credoweb.bg/page/97051/otdelenie-po-gastroenterologiya-umbal-prof-d-r-stoyan-kirkovich
Очен Медицински Център Хасково,Medical center,"България, Хасково, 6300, ул. Георги Кирков №24",www.omc.bg,,,0,0,,,,https://www.credoweb.bg/page/34297/ochen-meditsinski-tsentar-haskovo
Отделение по хемодиализа,Hospital,"България, София, 1000, бул. Ген. Николай Г. Столетов 67А",http://www.5mbal-sofia.com,+35929268259,,0,0,"Центърът разполага с : 8 диализни поста,за лечение на пациенти с краен стадий на хронична бъбречна недостатъчност ,с периодично амбулаторно хемодиализно лечение.; 1 диализен пост за спешно хемодиализно лечение на пациенти с остра бъбречна недостатъчност ОБН,ОХБН и интоксикация.        Извършва преддиализно обучение,наблюдение и подготовка за диализно лечение на пациенти в преддиализен стадий на ХБН.Извършва се и лечение на пациенти,провеждащи постоянна амбулаторна перитонеална диализа при ХБН.    Отделението работи при трисменен режим на работа.    Структура:    8 диализни поста  преддиализен кабинет.",,,https://www.credoweb.bg/page/31964/otdelenie-po-hemodializa
Клиника по дерматология - ВМА,Clinic,"България, София, 1000, ул. ""Св. Георги Софийски"" №3",http://www.vma.bg/bg/mbal-sofiya/terapevtichni-kliniki/dermatologiya/,,,0,0,,,,https://www.credoweb.bg/page/73565/klinika-po-dermatologiya-vma
ДКЦ 2,Hospital,"България, Сливен, 8800, ул. Стефан Караджа 2",ДКЦ 2,,,0,0,"ДКЦ 2 Сливен ЕООД предлага висококачествени медицински услуги.        ДКЦ 2 Сливен предлага висококачествени медицински услуги. Центърът разполага с клинична лаборатория - високоспециализирана дейност – хормони на щитовидната жлеза, полови хормони, тумор маркери, гликиран хемоглобин, микроалбуминурия. Рентген - високоспециализирана дейност - ехография на млечна жлеза, ехография на щитовидна жлеза, а от 01.07.2013г.-мамография на млечна жлеза.         ДКЦ 2 Сливен разполага със следните кабинети:    Физиотерапия  Хирургия  Неврология  АГ / високоспециализирана дейност - колпоскопия  Кардиология /високоспециализирана дейност - ехокардиография, доплерсонография и ЕКГ холтер мониториране/  Урология  Нефрология  Очни болести  Педиатрия  Паразитология  Пулмология  УНГ, с аудиометрия  Психиатрия  Онкология  Клинична хематология  Кожни и венерически болести    За нуждите на пациентите е оформен кабинет за здравни книжки – проби за Манту, паразитологично изследване, при желание от пациента и заключение.    В ДКЦ 2 Сливен ЕООД заседава Обща ЛКК всеки вторник и четвъртък от 14.30-15.00 ч., както и специализирана ЛКК по АГ –вторник, сряда и четвъртък от 13.30-13.30 ч.    Работно време:         Понеделник – 07:30 – 18:30  Вторник – 07:30 – 18:30  Сряда – 07:30 – 18:30  Четвъртък – 07:30 – 18:30  Петък – 07:30 – 18:30  Събота – Почивен ден  Неделя – Почивен ден    Сливен, ул.Стефан Караджа-2  Телефони: /централа/                  611 900 /централа/, 611 933 Регистратура  Тел./факс Управител         662 784  Администрация                  662 836         СПЕЦИАЛИСТИ:     Д-р Даниела Манилова -  клинична лаборатория - работи високоспециализирана дейност -  изследване на хормони на щитовидната жлеза,полови,тумор маркери,гликиран хемоглобин,микроалбуминурия    Кабинет 59 , тел.611 911 раб.време 7:30-19:00    Д-р Златина Бонева - рентген - ехография на млечна жлеза, ехография на щитовидна жлеза , мамография на двете млечни жлези    Кабинет 77    тел.611 910  раб.време 8:00-17:00    Д-р Юлия Савова - физиотерапия -  лазертерапия при ставни заболявания и трудно зарастващи рани    Кабинет 99 тел. 611 912 и 612 914 раб.време 8:00-17:00    Д-р Емил Руманецов - хирург     Кабинет 42 тел. 611 924 раб.време 14:00-18:00    Д-р Любомил Бояджиев  - хирург      Кабинет 74А тел. 611 923 раб.време 8:00-16:00    Д-р Ирина Райнова - невролог - работи високоспециализирана дейност ЕМГ    Кабинет 43 тел.611 916 раб.време- ежедневно, по график    Д-р Ралица Лукова -  невролог     Кабинет 83 тел.611 919 раб.време ежедневно по график    Д-р Донка Миланова -  невролог    Кабинет 83 тел.611 919 раб.време ежедневно по график    Д-р Георги Илиев -  АГ - колпоскопия,прицелна биопсия,ехография на млечна жлеза    Кабинет 92А тел. 611 930 раб.време 8:00- 17:00    Д-р Бианка Тинева - АГ- колпоскопия,прицелна биопсия,ехография на млечна жлеза    Кабинет 92 тел. 611 929 раб.време 8:00-17:00    Д-р Силвия Сюлемезова -  кардиолог -ехокардиография, доплерсонография, ЕКГ Холтер мониториране     Кабинет 56 тел. 611 934 раб.време 14:00-18:00    Д-р Петър Пенчев - кардиолог- ехокардиография, доплерсонография, ЕКГ Холтер мониториране    Кабинет 42А тел.611 932 раб.време 8:00 - 16:00    Д-р Иван Иванов - уролог     Кабинет 88А тел.611 931 раб.време ежедневно по график    Д-р Георги Костов - нефролог тел.611 926    раб.време-понеделник,вторник и четвъртък 14:00 - 18:00    Д-р Динка Симеонова - очни болести    Кабинет 93 тел.611 926 раб.време 7:30-13:30    Д-р Димитринка Георгиева - педиатър     Кабинет 93 тел.611 960 раб.време 8:00-16:00    Д-р Маргарита Добрева - паразитолог     Кабинет 84 тел.611 922 раб.време 7:30-16:00    Д-р Петьо Петков - пулмолог    Кабинет 82 тел.611 915 раб.време 14:00-17:30    Д-р Иван Стайков - УНГ    Кабинет 88 тел.611 921 раб.време 8:00-16:00    Д-р Десислава Савова  - психиатър    тел.611 915 раб.време понеделник,сряда и петък 14:00-16:00    Д-р Динка Данчева - дерматолог-криотерапия/лазертерапия при доброкачествени кожни тумори    кабинет 54А тел.611 973 раб.време 8:30-12:30    Д-р Цветан Данчев - гастроентеролог    Кабинет 88 тел.611 908 раб.време 14:00-18:00    Д-р Богдан Сотиров - ортопед    Кабинет 62 тел.611 917 раб.време 14:00-17:00    Д-р Светослав Савов - ортопед    Кабинет 62 тел.611 917 раб.време 14:00-17:00    В ДКЦ2 Сливен ЕООД заседава Обща ЛКК всеки вторник и четвъртък от 14:30-15:30ч и специализирана ЛКК АГ - понеделник,вторник,сряда и четвъртък от 13:30-14:30ч.    В ДКЦ2 Сливен ЕООД е оформен кабинет за здравни книжки - проби Манту,паразитологично изследване,заключение.",,,https://www.credoweb.bg/page/19675/dkts-2
Транспортен диагностично-консултативен център - ТДКЦ,Hospital,"България, Бургас, 8000, ул. Иван Вазов 5",,,,0,0,,,,https://www.credoweb.bg/page/19325/transporten-diagnostichno-konsultativen-tsentar-tdkts
МБАЛ Уро Медикс,Hospital,"България, Пловдив, 4000, ул. Колхида - продължение (Транспортна болница), ет.2 и 3",https://www.facebook.com/uromedix.bg,,,0,0,,,,https://www.credoweb.bg/page/19612/mbal-uro-mediks
МЦ Св. Анна-2012 (2),Medical center,"България, Стара Загора, 6000, бул. М. Кусев 37",http://mc-sv-anna2012.com/,,,0,0,,,,https://www.credoweb.bg/page/19866/mts-sv-anna-2012-2
Медико-диагностична лаборатория Алфа 2000,Laboratory,"България, Плевен, 5800, гр.Плевен, ул. Георги Бенковски 60",,,,0,0,,,,https://www.credoweb.bg/page/21907/mediko-diagnostichna-laboratoriya-alfa-2000
Стоматологично студио Венелинов,Medical center,"България, Варна, 9000, кв. Чайка, бл. 200, ет.2",http://www.venelinov.com,,,0,0,,,,https://www.credoweb.bg/page/22793/stomatologichno-studio-venelinov
"СХБАЛ ""Професор Темелков""",Hospital,"България, Варна, 9000, ул. Алеко Константинов 5",www.temelkov.com,,,0,0,,,,https://www.credoweb.bg/page/31837/shbal-profesor-temelkov
ИППМПДМ - Мутафов Дент ЕООД,Hospital,"България, Бургас, 8000, ул. Ванче Михайлов 1",http://www.hospital-stgeorge.org/cabinetsbg/20,,,0,0,,,,https://www.credoweb.bg/page/55841/ippmpdm-mutafov-dent-eood
AGLEA DERMA,Medical center,"България, Пловдив, 4000, Белград 2",Научете повече,,,0,0,,,,https://www.credoweb.bg/page/96884/aglea-derma
Медицински център ХИПОКРЕНА,Medical center,"България, Севлиево, 5400, ул. Никола Петков 70А",www.hipokrena.com,,,0,0,,,,https://www.credoweb.bg/page/106397/meditsinski-tsentar-hipokrena
ДКЦ 28,Hospital,"България, София, 1000, ул. Илия Бешков 1",,,,0,0,,,,https://www.credoweb.bg/page/19759/dkts-28
МЦ 1,Medical center,"България, Стара Загора, 6000, ул. Цар Иван Шишман 41",,,,0,0,,,,https://www.credoweb.bg/page/19876/mts-1
Дентален център О.СЕМ – Стара Загора,Dental clinic,"България, Стара Загора, 6000, ул. Сава Силов 80",https://osemdental.com/,,,0,0,"О.СЕМ е денталната клиника за Вас и Вашето семейство с най-модерното оборудване и дентален рентген на място. Нашата амбиция е да предложим висококачествена и достъпна дентална грижа за всички наши пациенти. Ние сме професионалисти с честно отношение към пациентите си - лекуваме ви, както бихме лекували себе си.",,,https://www.credoweb.bg/page/158146/dentalen-tsentar-osem-stara-zagora
ДКЦ 3,Hospital,"България, Плевен, 5800, жк. Сторгозия",,,,0,0,,,,https://www.credoweb.bg/page/19958/dkts-3
ДКЦ Св. Панталеймон,Hospital,"България, Плевен, 5800, Плевен, ул.""Трите бора"" № 24 и ул. „Хан Крум” №2",,,,0,0,,,,https://www.credoweb.bg/page/20115/dkts-sv-pantaleymon
МЦ АЛФА МЕДИК,Medical center,"България, Силистра, 7500, ул. Москва №71, партер",,,,0,0,,,,https://www.credoweb.bg/page/20152/mts-alfa-medik
"МЦ ""Селена-Л""",Medical center,"България, Стара Загора, 6000, ул. Отец Паисий 139",www.stm-expert.com,,,0,0,,,,https://www.credoweb.bg/page/25252/mts-selena-l
МЦ 1 - Бургас,Medical center,"България, Бургас, 8000, ул. Хан Крум 28",,,,0,0,,,,https://www.credoweb.bg/page/19326/mts-1-burgas
Специализирана болница за рехабилитация - Павел Баня,Hospital,"България, Павел баня, 6155, бл.Освобождение 2",http://www.lechebnizavedenia.com/special/gradove/recl/Pavel%20bania.html,,,0,0,,,,https://www.credoweb.bg/page/35916/spetsializirana-bolnitsa-za-rehabilitatsiya-pavel-banya
ДКЦ 24,Hospital,"България, София, 1000, ул. Ген. Никола Жеков 3",,,,0,0,,,,https://www.credoweb.bg/page/19742/dkts-24
ДКЦ І Бургас,Hospital,"България, Бургас, 8000, бул. Стефан Стамболов 73",http://www.dkc1burgas.com,,,0,0,,,,https://www.credoweb.bg/page/19313/dkts-burgas
МБАЛ Авис Медика,Hospital,"България, Плевен, 5800, парк ""Кайлъка""",www.avismedica.com,,,0,0,,,,https://www.credoweb.bg/page/19546/mbal-avis-medika
МБАЛ Д-р Димитър Павлович,Hospital,"България, Свищов, 5250, ул. Петър Ангелов 18",http://www.mbal-svishtov.bg/,,,0,0,,,,https://www.credoweb.bg/page/19407/mbal-d-r-dimitar-pavlovich
Спешно отделение,Hospital,"България, Плевен, 5800, ул. Георги Кочев 8 А",http://www.umbalpleven.com/er,,,0,0,,,,https://www.credoweb.bg/page/20067/speshno-otdelenie
Национална специализирана болница за физикална терапия и рехабилитация,Hospital,"България, София, 1000, Бул. “Овча купел” № 2В",Към сайта,,,0,0,,,,https://www.credoweb.bg/page/31414/natsionalna-spetsializirana-bolnitsa-za-fizikalna-terapiya-i-rehabilitatsiya
УМБАЛ МЕДИКА РУСЕ ООД,Hospital,"България, Русе, 7000, ул. Рига № 35",МБАЛ,,,0,0,,,,https://www.credoweb.bg/page/57612/umbal-medika-ruse-ood
МЦ Д-р Маджуров,Medical center,"България, Бургас, 8000, ж.к. Зорница, срещу бл.15",http://www.madzhurov.com,,,0,0,,,,https://www.credoweb.bg/page/20049/mts-d-r-madzhurov
Клиника по акушерство и гинекология,Hospital,"България, София, 1000, ул. Димитър Моллов №1",http://www.sveta-anna.eu,,,0,0,,,,https://www.credoweb.bg/page/29857/klinika-po-akusherstvo-i-ginekologiya
ДКЦ 5 Пловдив,Hospital,"България, Пловдив, 4000, ул. Съединение 42",,,,0,0,,,,https://www.credoweb.bg/page/19616/dkts-5-plovdiv
МЦ Хера,Medical center,"България, Велико Търново, 5000, ул. Марно поле 21",,,,0,0,,,,https://www.credoweb.bg/page/33230/mts-hera
Acibadem City Clinic УМБАЛ Витоша,Hospital,"България, София, 1415, ул. Константин Помянов 1",https://acibademcityclinic.bg/cardio/,,,0,0,,,,https://www.credoweb.bg/page/166174/acibadem-city-clinic-umbal-vitosha
ДКЦ - Плевен,Hospital,"България, Плевен, 5800, ул. Георги Кочев 8 а",http://www.dkcpleven.com/,,,0,0,,,,https://www.credoweb.bg/page/19553/dkts-pleven
ДКЦ Поликлиника Казанлък ЕООД,Hospital,"България, Казанлък, 6100, ул. Стара Планина 12",,,,0,0,,,,https://www.credoweb.bg/page/19835/dkts-poliklinika-kazanlak-eood
МБАЛ - Свиленград,Hospital,"България, Свиленград, 6500, ул. Сан Стефано №1",http://mbalsvilengrad.com,,,0,0,,,,https://www.credoweb.bg/page/19897/mbal-svilengrad
Лабораторен център Европа - Хасково,Laboratory,"България, Хасково, 6300, бул. България 73А",http://www.mceurope.bg,,,0,0,,,,https://www.credoweb.bg/page/25839/laboratoren-tsentar-evropa-haskovo
Център за превенция на захарния диабет тип 2 и усложненията му,Medical center,"България, София, 1000, ул. Св. Георги Софийски 1",,,,0,0,"Новият превантивен център е единственото място в България, където могат да се уловят ранните промени и увреждания, които са резултат от високата захар        Центърът е единственото място в България, където могат да се уловят ранните промени и увреждания, които са резултат от високата захар, още преди разгръщането на болестта диабет. Той разполага с най-модерна апаратура за ранна диагностика, за преценка на съдовите промени в различните етапи на атерослеротичния процес, на ендотелната дисфункция, автономната и соматична невропатия, промените в ретината и др.    По данни на Българско дружество по ендокринология, захарен диабет тип 2 (ЗД2) у нас имат 7,63% от населението ≥ 20 г. От тях 3/4 са диагностицирани, а ¼ имат заболяването, но не знаят това. С предиабет (кръвни захари между нормата и диабета) са 3,7% от населението ≥ 20 г. Диабетните усложнения са тези, които водят до инвалидизация и намаляват продължителносттта на живота. Те започват и се развиват безсимптомно още преди да бъде поставена диагнозата диабет, а много често стават причина за откриването на заболяването.     От диабетна ретинопатия страдат 21% от пациентите още в момента на поставяне на диагнозата ЗД2. Тя е водеща причина за слепота при хората на възраст 40–74 години. Диабетна нефропатия имат 18% от пациентите в момента на диагностициране на диабета. Тя е водеща причина за терминална хронична бъбречна недостатъчност. Диабетна невропатия е. налице е при 12% от пациентите при поставяне на диагнозата ЗД2. Тя е най-честото диабетно усложнение, засягащо приблизително 70% от пациентите, водеща причина за нетравматични ампутации на долен крайник. Сърдечно-съдовите заболявания са причина за фатален край при 75% от хората със ЗД2. Много по-чести са артериалната хипертония, дислипидемията (нарушен мастен профил), исхемичната болест на сърцето, мозъчно-съдовата болест.    Работата на центъра е насочена към превенция на хора в предиабетно състояние, които отговарят на критериите за включване в европейската програма за превенция. По нея има около 200 места и включените получават всички инструкции и изследвания безплатно в продължение на 3 г., каза директорът на центъра проф. Здравко Каменов.    В  хода на проекта ще бъдат диагностицирани също затлъстяване, артериална хипертония, дислипидемия и други рискови фактори и заболявания, свързани с метаболитния синдром. След широкомащабна скринингова дейност ще бъдат идентифицирани най-високо-рисковите  за развитие на ЗД2 пациенти и те ще бъдат включени в 3-годишна програма за профилактика, базирана на промяна в стила на живот и хранене и приложение на медикаменти.    Предстои да бъде разкрит и кабинет за диагностика и лечение на диабетно стъпало със специализирана манипулационна за обработка на диабетните рани. Съдовите промени при диабетното стъпало ще бъдат обект на диагностични и терапевтични процедури в разкрития в клиниката по кардиология в болницата център за вътресъдови интервенционални процедури с оглед подобряване на кръвоснабдяването. В диагностично-терапевтичния процес ще участват невролози, хирурзи и други специалисти на най-високо ниво, с които УМБАЛ „Александровска” разполага. Освен за лежащо-болните, кабинетът ще обслужва и амбулаторни пациенти.",,,https://www.credoweb.bg/page/27625/tsentar-za-preventsiya-na-zaharniya-diabet-tip-2-i-uslozhneniyata-mu
"Медицински център ""Победа"" - Варна",Medical center,"България, Варна, 9000, ул. Академик Андрей Сахаров 27",www.mcpobeda.com,,,0,0,,,,https://www.credoweb.bg/page/49733/meditsinski-tsentar-pobeda-varna
"САГБАЛ ""Ева""",Hospital,"България, Сливен, 8800, бул. ""Панайот Хитов"" 117",САГБАЛ ЕВА,,,0,0,,,,https://www.credoweb.bg/page/50418/sagbal-eva
Детски очен център Изгрев,Medical center,"България, Варна, 9000, ул. Балчик 3-5",http://www.kidseyesizgrev.com/k/izgrev.aspx,,,0,0,,,,https://www.credoweb.bg/page/20148/detski-ochen-tsentar-izgrev
МЦ за специализирана медицинска помощ – НКБ,Medical center,"България, София, 1000, ул. Коньовица 65",http://hearthospital.bg/mcunkb,,,0,0,,,,https://www.credoweb.bg/page/20127/mts-za-spetsializirana-meditsinska-pomosht-nkb
ДКЦ 1 - База 2,Hospital,"България, Габрово, 5300, ул. Антим I, 3",,,,0,0,,,,https://www.credoweb.bg/page/19440/dkts-1-baza-2
Клиника по гастроентерология - ВМА,Clinic,"България, София, 1606, ул. „св. Георги Софийски“ 3",www.vma.bg,,,0,0,,,,https://www.credoweb.bg/page/96648/klinika-po-gastroenterologiya-vma
МБАЛ Хаджи Димитър,Hospital,"България, Сливен, 8800, ул. Димитър Пехливанов 5",,,,0,0,,,,https://www.credoweb.bg/page/19673/mbal-hadzhi-dimitar
МЦ Св. Пантелеймон,Medical center,"България, Стара Загора, 6000, ул. Петко Р. Славейков 58",www.st-panteleymon.com,,,0,0,,,,https://www.credoweb.bg/page/19867/mts-sv-panteleymon
МЦ Детски болести,Medical center,"България, София, 1000, ул. Найден Геров 2",http://www.mcdc-sofia.eu/,,,0,0,,,,https://www.credoweb.bg/page/20119/mts-detski-bolesti
Онкологичен и лъчетерапевтичен център Света Марина,Hospital,"България, Варна, 9000, бул. Христо Смирненски №1",,,,0,0,,,,https://www.credoweb.bg/page/20126/onkologichen-i-lacheterapevtichen-tsentar-sveta-marina
Оптика Визус,Hospital,"България, Плевен, 5800, гр. Плевен, бул. Данаил Попов 15 /между М-тел и аптека Супернова/",,,,0,0,,,,https://www.credoweb.bg/page/21867/optika-vizus
МЕТА ПЕРФЕКТ - Консултативен център,,"Stara Zagora, 
ул. Г.С.Раковски 105, етаж 0",http://www.metaperfekt.com,,,0,0,,,,https://www.credoweb.bg/page/24720/meta-perfekt-konsultativen-tsentar/structures/24731/kabinet-vatreshni-bolesti-i-obshta-meditsina
МЕТА ПЕРФЕКТ - Консултативен център,,"Stara Zagora, 
ул. Г.С.Раковски 105, етаж 0",http://www.metaperfekt.com,,,0,0,,,,https://www.credoweb.bg/page/24720/meta-perfekt-konsultativen-tsentar/structures/24732/kabinet-higiena-tehnologiya-i-kontrol-na-hranitelni-produkti-hrani-hranene-i-dietetika
МЕТА ПЕРФЕКТ - Консултативен център,,"Stara Zagora, 
ул. Г.С.Раковски 105, етаж 0",http://www.metaperfekt.com,,,0,0,,,,https://www.credoweb.bg/page/24720/meta-perfekt-konsultativen-tsentar/structures/24733/kabinet-bezopastnost-na-hranite
МЦ 1,,"Stara Zagora, 
ул. Цар Иван Шишман 41",,,,0,0,,,,https://www.credoweb.bg/page/19876/mts-1/structures/24751/kabinet-ochni-bolesti
МЦ 1,,"Stara Zagora, 
ул. Цар Иван Шишман 41",,,,0,0,,,,https://www.credoweb.bg/page/19876/mts-1/structures/24761/kabinet-endokrinologiya
"МЦ ""Селена-Л""",,"Stara Zagora, 
ул. Отец Паисий 139",www.stm-expert.com,,,0,0,,,,https://www.credoweb.bg/page/25252/mts-selena-l/structures/25280/kabinet-klinichna-laboratoriya
"МЦ ""Селена-Л""",,"Stara Zagora, 
ул. Отец Паисий 139",www.stm-expert.com,,,0,0,,,,https://www.credoweb.bg/page/25252/mts-selena-l/structures/25281/imunologichna-laboratoriya
Очен медицински център Виста,,"Stara Zagora, 
ул. Стефан Караджа 88",eyecentervista.com,,,0,0,,,,https://www.credoweb.bg/page/24768/ochen-meditsinski-tsentar-vista/structures/25479/lechenie-na-zabolyavaniya
"АГ болница ""Св. Лазар""",Hospital,"България, София, 1000, бул. Симеоновско шосе 4а",http://st.lazar-hospital.com/bg/,+359888581810,info@st.lazar-hospital.com,0,0,"Болница ""Св. Лазар"" е посветена на женското здраве – от помощта при проблемно зачеване, през професионална грижа по време на бременността, до най-съкровения миг – посрещането на новия живот        Болница ""Св.Лазар"" е посветена на женското здраве – от помощта при проблемно зачеване, през професионална грижа по време на бременността, до най-съкровения миг – посрещането на новия живот. Основната стратегия залегнала в дейността ни е да предоставяме висококачествени грижи за жените, разчитайки на най-модерните съвременни технологии в оборудването и възможно най-квалифицирания екип от специалисти, лекари, акушерки и медицински сестри.    Философията, от която се ръководим винаги, е осигуряването на пълна информация за състоянието на пациентите. За разрешаването на важни диагностични и терапевтични проблеми допринася както оборудването с нова и най-съвременна техника, така и високоспециализирания и компетентен екип, с който болницата разполага.    Основните показатели на акушерската помощ в болница “Св.Лазар” - София, са сравними с тези в най-добрите болнични заведения от този род в индустриално развитите страни.    Един от най-важните показатели за нивото на акушерската и неонатологична помощ в едно здравно заведение е Перинаталната детска смъртност (ПДС). Той се изчислява на 1000 живородени деца и представлява броя починали деца в периода от 28-ма гестационна седмица до 168-мия час след раждането. Стойността му в “Св. Лазар” е едва 1,1% за 10-годишен период (2 случая, проследявани извън болницата и загинали вътрематочно преди постъпването им в лечебното заведение) при 12,3% ежегодно за страната. Особено показателна в тази насока е и интранаталната детска смъртност (броят загинали деца по време на самото раждане) като съставна част от ПДС. В болница “Св. Лазар”, за целия период на нейната дейност, този показател е 0%. Друг важен показател е майчината смъртност. Това е смъртността на пациентки, преминали през болничното заведение и починали във връзка с усложнения на бременността или раждането. При нас този показател също е 0%.",,"д-р Янита Иванова Антонова | д-р Божидар Налбански | д-р Валентин Лачев | д-р Валентин Николов, дмн | Грета Николаева Кралева | д-р Даниела Гълъбова | д-р Маргарита Бранкова | д-р Светлана Божинова | ак. Емилия Казълова",https://www.credoweb.bg/page/25870/ag-bolnitsa-sv-lazar
СТ ДЕНТ,Hospital,"България, Пловдив, 4000, ул. Радецки 3",,,,0,0,,,,https://www.credoweb.bg/page/29162/st-dent
УМБАЛ Царица Йоанна - ИСУЛ,,"Sofia, 
ул. Бяло море 8",http://www.isul.eu/index.htm,,,0,0,,,,https://www.credoweb.bg/page/19740/umbal-tsaritsa-yoanna-isul/structures/31807/klinika-po-ochni-bolesti
Военномедицинска академия,,"Sofia, 
ул. Св. Георги Софийски 3",www.vma.bg,,,0,0,,,,https://www.credoweb.bg/page/19791/voennomeditsinska-akademiya/structures/32197/klinika-po-obshta-urologiya
Тъканна банка Биорегенерация,Hospital,"България, София, 1000, ул. Блага вест №3, ет. 5, офис 3",www.bioregeneration.bg,,,0,0,,,,https://www.credoweb.bg/page/26512/takanna-banka-bioregeneratsiya
УМБАЛ Лозенец,Hospital,"България, София, 1000, ул. Козяк № 1",,,,0,0,,,,https://www.credoweb.bg/page/19287/umbal-lozenets
СОБАЛ Визус,Hospital,"България, София, 1000, ул. Миле Попйорданов 18",www.visusbg.com,,,0,0,"Специализирана очна болница за активно лечение ""Визус"" е създадена през 1998 г. в гр. София.        Специализирана очна болница за активно лечение ""Визус""          Предмет на дейност са диагностика, лечение и хирургия на очни заболявания, като приоритет имат заболяванията в детска възраст - ретинопарията на недоносените, страбизъм (Кривогледство); амблиопия (Мързеливо око); дакриоцистит на новороденото (Запушени слъзни пътища); глаукома; катаракта (перде); възпалителни заболявания и др.    В СОБАЛ ""Визус"" работят екип от високо квалифицирани специалисти с дългогодишен стаж в детската офталмология и анестезиология.  СОБАЛ ""Визус"" разполага със съвременна апаратура за ранна диагностика и лечение на детските очни заболявания, катаракта и глаукома.  През 2008 г. СОБАЛ ""Визус"" е акредитирана за максималния срок от пет години с максималната оценка пет звезди.    Работи с НЗОК, ДЗИ - Здравно осигуряване и Програма FiHealth    Оперативни дни - всеки ден, включително и събота.  Болницата е оборудвана със съвременна високо технологична апаратура.  Висококвалифицирана медицинска помощ.  Внимателно обслужване и комфортна обстановка.  Болницата е оборудвана с луксозно мебелирани болнични стаи, всяка със самостоятелен санитарен възел.  Паркинг за по-голямо удобство на пациентите.",,д-р Албена Симеонова | Доц. Виолета Чернодринска | д-р Стела Дикова | д-р Стефан Драгоев,https://www.credoweb.bg/page/25560/sobal-vizus
ДКЦ Св. Георги Победоносец,Hospital,"България, Бургас, 8000, ул. Ванче Михайлов 1",http://www.hospital-stgeorge.org,,,0,0,,,,https://www.credoweb.bg/page/19320/dkts-sv-georgi-pobedonosets
МБАЛ Павликени,Hospital,"България, Павликени, 5200, ул. Васил Петлешков 2",,,,0,0,,,,https://www.credoweb.bg/page/19401/mbal-pavlikeni
МБАЛ - Луковит,Hospital,"България, Луковит, 5770, ул. Княз Борис I №52",,,,0,0,,,,https://www.credoweb.bg/page/19487/mbal-lukovit
МЦ Превенция 2000,Medical center,"България, Стара Загора, 6000, бул. Руски 56",,,,0,0,,,,https://www.credoweb.bg/page/19848/mts-preventsiya-2000
МЦ ЕДИ - медицина и образование,Medical center,"България, София, 1000, ж.к. Красно село, ул. Лерин No.3 , партер",,,,0,0,,,,https://www.credoweb.bg/page/19997/mts-edi-meditsina-i-obrazovanie
МЦ Здраве за всеки - Люлин,Medical center,"България, София, 1000, Бул. Европа №31",http://zdravezavseki.com,,,0,0,,,,https://www.credoweb.bg/page/19985/mts-zdrave-za-vseki-lyulin
ТДКЦ,Hospital,"България, Стара Загора, 6000, ул. Герасим Папазчев 16",http://tdkc.blogspot.com/,,,0,0,,,,https://www.credoweb.bg/page/19860/tdkts
УМБАЛ Св. Марина - Варна,,"Varna, 
бул. Христо Смирненски 1",www.svetamarina.com,,,0,0,,,,https://www.credoweb.bg/page/19347/umbal-sv-marina-varna/structures/20105/klinika-po-endokrinologiya
МЦ І Асеновград ЕООД,Medical center,"България, Асеновград, 4230, ул. Ал. Стамболийски 28",,,,0,0,,,,https://www.credoweb.bg/page/21151/mts-asenovgrad-eood
Дентален център 1 - Бургас,Dental clinic,"България, Бургас, 8000, ул. Александровска 120",http://www.dentalcentre-bs.bg/,,,0,0,,,,https://www.credoweb.bg/page/21546/dentalen-tsentar-1-burgas
Денонощен медицински център Дар,Medical center,"България, Стара Загора, 6000, бул. Ген. Столетов 27",,,,0,0,,,,https://www.credoweb.bg/page/23837/denonoshten-meditsinski-tsentar-dar
Очен медицински център Виста,Medical center,"България, Стара Загора, 6000, ул. Стефан Караджа 88",eyecentervista.com,,,0,0,,,,https://www.credoweb.bg/page/24768/ochen-meditsinski-tsentar-vista
Военномедицинска академия,,"Sofia, 
ул. Св. Георги Софийски 3",www.vma.bg,,,0,0,,,,https://www.credoweb.bg/page/19791/voennomeditsinska-akademiya/structures/32305/otdelenie-dializno-lechenie
Военномедицинска академия,,"Sofia, 
ул. Св. Георги Софийски 3",www.vma.bg,,,0,0,,,,https://www.credoweb.bg/page/19791/voennomeditsinska-akademiya/structures/32304/otdelenie-po-nefrologiya
"Национална служба трудова медицина ""Корпора-Мед"" ООД",Medical center,"България, Стара Загора, 6000, бул. „Свети Патриарх Евтимий“ 97",http://korporamed.eu/stm/,,,0,0,,,,https://www.credoweb.bg/page/34148/natsionalna-sluzhba-trudova-meditsina-korpora-med-ood
"Център за холистична медицина ""Харизма-мед""",Medical center,"България, София, 1000, кв. Лозенец; ул.Якубица 5",http://harizma-med.com/,,,0,0,,,,https://www.credoweb.bg/page/43603/tsentar-za-holistichna-meditsina-harizma-med
Център за психология и психотерапия ГЕНЕЗИС,Hospital,"България, София, 1000, Бул. Евлоги и Христо Георгиеви 69А",www.psiholog-eu.com,,,0,0,,,,https://www.credoweb.bg/page/43894/tsentar-za-psihologiya-i-psihoterapiya-genezis
МЦ София 2000,Medical center,"България, София, 1000, бул. Княгиня Мария Луиза 92",http://www.mc-sofia2000.com/,,,0,0,,,,https://www.credoweb.bg/page/47409/mts-sofiya-2000
ДКЦ 25,Hospital,"България, София, 1000, ул. Свето преображение 20",,,,0,0,,,,https://www.credoweb.bg/page/19793/dkts-25
ДКЦ 25 - София ЕООД,Hospital,"България, София, 1000, ж.к. Младост 3 , ул. Свето преображение № 20",,,,0,0,,,,https://www.credoweb.bg/page/19288/dkts-25-sofiya-eood
Поликлиника Централ,Medical center,"България, Сливен, 8800, ул. Георги Икономов 16",Поликлиника Централ,,,0,0,,,,https://www.credoweb.bg/page/19672/poliklinika-tsentral
"Клиника по гастроентерология - УМБАЛ ""Свети Иван Рилски""",Clinic,"България, София, 1431, бул. „Aкадемик Иван Евстратиев Гешов“ 15",https://rilski.com,,,0,0,,,,https://www.credoweb.bg/page/96615/klinika-po-gastroenterologiya-umbal-sveti-ivan-rilski
МБАЛ Плевен ВМА,,"Pleven, 
бул. Г.Кочев № 6",http://www.vma.bg/bg/bolnichni-bazi/mnogoprofilna-bolnitsa-za-aktivno-lechenie-pleven/,,,0,0,,,,https://www.credoweb.bg/page/20053/mbal-pleven-vma/structures/21421/otdelenie-po-nervni-bolesti
УМБАЛСМ Пирогов,,"Sofia, 
бул. Ген. Едуард И. Тотлебен 21",http://www.pirogov.eu/,,,0,0,,,,https://www.credoweb.bg/page/19698/umbalsm-pirogov/structures/29801/otdelenie-po-fizikalna-i-rehabilitatsionna-meditsina
УМБАЛ Каспела,Hospital,"България, Пловдив, 4000, ул. София 64",,,,0,0,,,,https://www.credoweb.bg/page/19613/umbal-kaspela
МЦ Валем,Medical center,"България, Варна, 9000, ул. Отец Паисий 4",http://valem.dir.bg/,,,0,0,,,,https://www.credoweb.bg/page/19374/mts-valem
МБАЛ Св. Иван Рилски,Hospital,"България, Горна Оряховица, 5100, ул. Отец Паисий 72",,,,0,0,,,,https://www.credoweb.bg/page/19398/mbal-sv-ivan-rilski
СБАЛК Медика Кор,Hospital,"България, Русе, 7000, ул. Рига №35",,,,0,0,,,,https://www.credoweb.bg/page/19650/sbalk-medika-kor
Вива Клиник,Medical center,"България, Несебър, 8230, Слънчев бряг 8240",www.vivaclinic.bg,,,0,0,,,,https://www.credoweb.bg/page/20030/viva-klinik
МЦ Карилаб ДНК,Medical center,"България, София, 1000, ул. Мур 60",http://www.karilab.com/index.php,,,0,0,,,,https://www.credoweb.bg/page/20001/mts-karilab-dnk
МЦ Св. Лука,Medical center,"България, Стара Загора, 6000, ул. Стефан Караджа 88",http://www.mcsvluka.com/,,,0,0,,,,https://www.credoweb.bg/page/19872/mts-sv-luka
"МЦ за репродуктивна медицина ""Радост""",Medical center,"България, Варна, 9000, ул. Константин Доганов 48",http://ivfradost.bg/,,,0,0,,,,https://www.credoweb.bg/page/21700/mts-za-reproduktivna-meditsina-radost
МОБАЛ Д-р Стефан Черкезов АД,,"Veliko Tarnovo, 
ул. Ниш 1",http://www.mobaltarnovo.com/,,,0,0,,,,https://www.credoweb.bg/page/20162/mobal-d-r-stefan-cherkezov-ad/structures/22924/infektsiozno-otdelenie
СБАЛДОХЗ-София,Hospital,"България, София, 1000, ул. Бяло море № 8",http://www.sbaldohz.com/,,,0,0,,,,https://www.credoweb.bg/page/23266/sbaldohz-sofiya
ДКЦ Сърце и здраве,Hospital,"България, София, 1000, ул. Люботрън 17",,,,0,0,,,,https://www.credoweb.bg/page/26498/dkts-sartse-i-zdrave
Eigeneinrichtung der KVSA,Hospital,"България, Дупница, 29664, Hagenstraße 1",,,,0,0,,,,https://www.credoweb.bg/page/33726/eigeneinrichtung-der-kvsa
"Диализен център ""Виа Диал""",Medical center,"България, Стара Загора, 6000, ул.Армейска"" 13",,,,0,0,,,,https://www.credoweb.bg/page/36975/dializen-tsentar-via-dial
УМБАЛСМ Пирогов,,"Sofia, 
бул. Ген. Едуард И. Тотлебен 21",http://www.pirogov.eu/,,,0,0,,,,https://www.credoweb.bg/page/19698/umbalsm-pirogov/structures/41759/klinika-po-gnoyno-septichna-hirurgiya
"""Медико-Диагностична лаборатория Валжан"" ЕООД",Laboratory,"България, Стара Загора, 6000, бул. “Цар Симеон Велики” 84, ет. 1, ап. 1",МДЛ ВАЛЖАН,,,0,0,,,,https://www.credoweb.bg/page/49635/mediko-diagnostichna-laboratoriya-valzhan-eood
Институт по редки болести,Hospital,"България, Пловдив, 4000, ж.к.“Тракия“, ул. „Маестро Г. Атанасов“ 22 (до бл.176А)",http://medical.raredis.org/,,,0,0,,,,https://www.credoweb.bg/page/50560/institut-po-redki-bolesti
Трета поликлиника,Medical center,"България, Хасково, 6300, ул.Рила 9",,,,0,0,,,,https://www.credoweb.bg/page/36770/treta-poliklinika
УМБАЛСМ Пирогов,,"Sofia, 
бул. Ген. Едуард И. Тотлебен 21",http://www.pirogov.eu/,,,0,0,,,,https://www.credoweb.bg/page/19698/umbalsm-pirogov/structures/21563/klinika-po-izgaryaniya-i-plastichna-hirurgiya
МЦ АВИЦЕНА,Medical center,"България, София, 1000, квартал Стрелбище, пк 1408, улица ""Орехова гора'' 17Б",http://www.mc-avicena.com/,,,0,0,,,,https://www.credoweb.bg/page/20009/mts-avitsena
Hill Clinic,,"Sofia, 
бул. Александър С. Пушкин 71",http://hillclinic.com/,,,0,0,,,,https://www.credoweb.bg/page/20775/hill-clinic/structures/20779/ung
МБАЛ Св. Панталеймон,,"Pleven, 
ул. Трите бора 24",http://svetipantaleimon.com,,,0,0,,,,https://www.credoweb.bg/page/19562/mbal-sv-pantaleymon/structures/22642/otdelenie-po-fizikalna-i-rehabilitatsionna-meditsina
УМБАЛ Царица Йоанна - ИСУЛ,,"Sofia, 
ул. Бяло море 8",http://www.isul.eu/index.htm,,,0,0,,,,https://www.credoweb.bg/page/19740/umbal-tsaritsa-yoanna-isul/structures/23167/laboratoriya-po-mikrobiologiya-i-virusologiya
МБАЛ Люлин,,"Sofia, 
ул. Петър Дертлиев 81",http://lyulinhospital.com/,,,0,0,,,,https://www.credoweb.bg/page/19783/mbal-lyulin/structures/26583/otdelenie-po-nevrologiya-mbal-lyulin
"Дентално студио ""Д-р Цекови""",Medical center,"България, София, 1000, Бул. Черни връх №70",,,,0,0,,,,https://www.credoweb.bg/page/21332/dentalno-studio-d-r-tsekovi
МБАЛ - Добрич,Hospital,"България, Добрич, 9300, ул. Панайот Хитов 24",http://www.mbal-dobrich.com/,,,0,0,,,,https://www.credoweb.bg/page/19462/mbal-dobrich
МЦ Медищит,Medical center,"България, Стара Загора, 6000, ул. Св. Княз Борис 15",www.medishtit.com,,,0,0,,,,https://www.credoweb.bg/page/19870/mts-medishtit
ДКЦ ВМА,Hospital,"България, София, 1000, ул. Св. Георги Софийски 3",,,,0,0,,,,https://www.credoweb.bg/page/19792/dkts-vma
Дентален Център I,Medical center,"България, Плевен, 5800, бул. Русе 1",,,,0,0,,,,https://www.credoweb.bg/page/19543/dentalen-tsentar-i
МЦ Хелиос,Medical center,"България, Варна, 9000, ул. Илинден 1",,,,0,0,,,д-р Мариана Профирова | д-р Станимира Петрова,https://www.credoweb.bg/page/19367/mts-helios
ДКЦ 17,Hospital,"България, София, 1000, бул. Евлоги и Христо Георгиеви 108",,,,0,0,,,,https://www.credoweb.bg/page/19703/dkts-17
МЦ Св. Анна-2012,Medical center,"България, Стара Загора, 6000, бул. Руски 39",mc-sv-anna2012.com,,,0,0,,,,https://www.credoweb.bg/page/19847/mts-sv-anna-2012
МЦ Свети Димитър,Medical center,"България, София, 1000, кв. Бояна, ул. Кумата 8",http://www.svdimitar-medcenter.com/contacts.html,,,0,0,,,,https://www.credoweb.bg/page/20019/mts-sveti-dimitar
МЦ НиаМед,Medical center,"България, Стара Загора, 6000, ул. Стефан Стамболов 29",www.niamed.com,,,0,0,,,,https://www.credoweb.bg/page/20023/mts-niamed
"Клиника ""ЕвроДерма""",Hospital,"България, София, 1000, бул. Пенчо Славейков 4, ет.2, офис 3",www.euroderma-clinic.com,,,0,0,,,,https://www.credoweb.bg/page/20034/klinika-evroderma
МЦ Медикус Плюс,Medical center,"България, Русе, 7000, площад Възрожденски 6, ет.2",,,,0,0,,,,https://www.credoweb.bg/page/20036/mts-medikus-plyus
МБАЛ Св. София,,"Sofia, 
бул. България 104",www.mbal-sofia.com,,,0,0,,,,https://www.credoweb.bg/page/19696/mbal-sv-sofiya/structures/19991/mbal-sv-sofiya-otdelenie-po-vatreshni-bolesti
МБАЛ Св. София,,"Sofia, 
бул. България 104",www.mbal-sofia.com,,,0,0,,,,https://www.credoweb.bg/page/19696/mbal-sv-sofiya/structures/19992/mbal-sv-sofiya-otdelenie-po-obshta-i-sadova-hirurgiya
МБАЛ Св. София,,"Sofia, 
бул. България 104",www.mbal-sofia.com,,,0,0,,,,https://www.credoweb.bg/page/19696/mbal-sv-sofiya/structures/19993/mbal-sv-sofiya-otdelenie-po-nevrologiya
"МБАЛ ""Д-р Хр. Стамболски""",Hospital,"България, Казанлък, 6100, ул. Старозагорска 16","МБАЛ ""Христо Стамболски""",,,0,0,,,,https://www.credoweb.bg/page/19999/mbal-d-r-hr-stambolski
МЦ MedicOne,Medical center,"България, София, 1000, жил. група Южен парк, бл. 124",http://www.medicone.bg/,,,0,0,,,,https://www.credoweb.bg/page/20004/mts-medicone
МЦ Д-р Диана Костова,Medical center,"България, София, 1000, ул. Алдомировска 13, ап. 1 (на ъгъла на ул. Враня)",www.dianakostova.com,,,0,0,,,,https://www.credoweb.bg/page/20013/mts-d-r-diana-kostova
Военномедицинска академия,,"Sofia, 
ул. Св. Георги Софийски 3",www.vma.bg,,,0,0,,,,https://www.credoweb.bg/page/19791/voennomeditsinska-akademiya/structures/20017/nauchno-prilozhen-tsentar-za-voenna-epidemiologiya-i-higiena-vma
МБАЛ Св. София,,"Sofia, 
бул. България 104",www.mbal-sofia.com,,,0,0,,,,https://www.credoweb.bg/page/19696/mbal-sv-sofiya/structures/19988/mbal-sv-sofiya-klinika-po-akusherstvo-i-ginekologiya
СМДЛОД Медискан,Hospital,"България, Стара Загора, 6000, бул. ""Ген. Столетов"" № 0, ет. 2",euromedic.bg,,,0,0,,,,https://www.credoweb.bg/page/20058/smdlod-mediskan
МЦ Ависта,Medical center,"България, Стара Загора, 6000, ул. Ген. Столетов 107",,,,0,0,,,,https://www.credoweb.bg/page/19855/mts-avista
МЦ Здраве М,Medical center,"България, Стара Загора, 6000, ул. Цар Калоян 6 а",,,,0,0,,,,https://www.credoweb.bg/page/19878/mts-zdrave-m
"Медицински център ""Д-р Николай Тошев"" ЕООД Чирпан",Hospital,"България, Чирпан, 6200, ул. Пейо Крачолов Яворов 19",,,,0,0,"Центърът работи по договор с НЗОК.        В МЦ се издават всички видове медицински документи:    за работа в страната и чужбина  за брак  за здравни книжки  за любителски и професионални шофьорски книжки  за детски заведения  за ловци    Цени : по 7 лв. за специалист ; по 5 лв. за кожен лекар, изследване на кръв и Васерман",,д-р Минка Еремиева,https://www.credoweb.bg/page/19881/meditsinski-tsentar-d-r-nikolay-toshev-eood-chirpan
МЕДИЦИНСКИ ЦЕНТЪР I ХАРМАНЛИ,Hospital,"България, Харманли, 6450, ул. Васил Левски 66",,,,0,0,,,,https://www.credoweb.bg/page/19901/meditsinski-tsentar-i-harmanli
МЦ Приморско,Medical center,"България, Приморско, 8180, гр. Приморско, ул.Ропотамо № 25",,,,0,0,,,,https://www.credoweb.bg/page/20181/mts-primorsko
УМБАЛ Св. Марина - Варна,,"Varna, 
бул. Христо Смирненски 1",www.svetamarina.com,,,0,0,,,,https://www.credoweb.bg/page/19347/umbal-sv-marina-varna/structures/20107/klinika-po-urologiya
Галатея - Естетична пластична хирургия,Medical center,"България, София, 1000, ул. Маестро Кънев 4 (в сградата на МБАЛ Здравето)",http://www.skerlev.com/,,,0,0,,,,https://www.credoweb.bg/page/20112/galateya-estetichna-plastichna-hirurgiya
АГ МЦ Св. Валентин,Medical center,"България, Пловдив, 4000, ул. Д-р Г. М. Димитров 38",,,,0,0,,,,https://www.credoweb.bg/page/20085/ag-mts-sv-valentin
УМБАЛСМ Пирогов,,"Sofia, 
бул. Ген. Едуард И. Тотлебен 21",http://www.pirogov.eu/,,,0,0,,,,https://www.credoweb.bg/page/19698/umbalsm-pirogov/structures/21048/hirurgiya-na-novorodenoto-i-karmacheto
Клиника по образна диагностика,Hospital,"България, София, 1000, бул. Ген. Едуард И. Тотлебен 21",,,,0,0,,,,https://www.credoweb.bg/page/21483/klinika-po-obrazna-diagnostika
"УМБАЛ ""Д-р Георги Странски""",,"Pleven, 
ул. Георги Кочев 8 а",http://www.umbalpleven.com,,,0,0,,,,https://www.credoweb.bg/page/19555/umbal-d-r-g-stranski/structures/21340/klinika-po-endokrinologiya
УМБАЛСМ Пирогов,,"Sofia, 
бул. Ген. Едуард И. Тотлебен 21",http://www.pirogov.eu/,,,0,0,,,,https://www.credoweb.bg/page/19698/umbalsm-pirogov/structures/21569/izgaryaniya-i-plastichna-hirurgiya
Болница Тракия - Парк,,"Stara Zagora, 
ул. Дунав №1, над стадион Берое, до парк Аязмото",Тракия,,,0,0,,,,https://www.credoweb.bg/page/20156/bolnitsa-trakiya-park/structures/21837/ortopediya-i-travmatologiya
Болница Тракия - Парк,,"Stara Zagora, 
ул. Дунав №1, над стадион Берое, до парк Аязмото",Тракия,,,0,0,,,,https://www.credoweb.bg/page/20156/bolnitsa-trakiya-park/structures/21839/nevrologiya
Болница Тракия - Парк,,"Stara Zagora, 
ул. Дунав №1, над стадион Берое, до парк Аязмото",Тракия,,,0,0,,,,https://www.credoweb.bg/page/20156/bolnitsa-trakiya-park/structures/21840/ung
МБАЛ Плевен ВМА,,"Pleven, 
бул. Г.Кочев № 6",http://www.vma.bg/bg/bolnichni-bazi/mnogoprofilna-bolnitsa-za-aktivno-lechenie-pleven/,,,0,0,,,,https://www.credoweb.bg/page/20053/mbal-pleven-vma/structures/21938/otdelenie-ochni-bolesti
МОБАЛ Д-р Стефан Черкезов АД,,"Veliko Tarnovo, 
ул. Ниш 1",http://www.mobaltarnovo.com/,,,0,0,,,,https://www.credoweb.bg/page/20162/mobal-d-r-stefan-cherkezov-ad/structures/22622/parvo-otdelenie-po-vatreshni-bolesti
МБАЛНП Свети Наум,,"Sofia, 
ул. Д-р Любен Русев 1",http://www.svnaum.com/,,,0,0,,,,https://www.credoweb.bg/page/19750/mbalnp-sveti-naum/structures/22895/klinika-po-nevrodegenerativni-i-periferno-nervni-zabolyavaniya
CONFIDENT DENTAL CLINIC,Hospital,"България, София, 1000, ул. Ангел Кънчев №5",http://www.confident.bg/,,,0,0,,,,https://www.credoweb.bg/page/23005/confident-dental-clinic
"УМБАЛ ""Д-р Георги Странски""",,"Pleven, 
ул. Георги Кочев 8 а",http://www.umbalpleven.com,,,0,0,,,,https://www.credoweb.bg/page/19555/umbal-d-r-g-stranski/structures/23548/klinika-po-hematologiya
Клиника по очни болести,Hospital,"България, София, 1000, ул. Св. Георги Софийски 1",,,,0,0,,,,https://www.credoweb.bg/page/24236/klinika-po-ochni-bolesti
Медицински център Лора,,"Sofia, 
ул. Позитано 10",http://www.loramed.com/,,,0,0,,,,https://www.credoweb.bg/page/19787/meditsinski-tsentar-lora/structures/24419/mts-lora-gotse-delchev
Клиника по акушерство и гинекология,Hospital,"България, Стара Загора, 6000, ул. Ген. Столетов 2",,,,0,0,,,,https://www.credoweb.bg/page/24258/klinika-po-akusherstvo-i-ginekologiya
Първа детска консултативна клиника,Hospital,"България, София, 1000, бул. България 51А",,,,0,0,,,,https://www.credoweb.bg/page/24496/parva-detska-konsultativna-klinika
УМБАЛ Царица Йоанна - ИСУЛ,,"Sofia, 
ул. Бяло море 8",http://www.isul.eu/index.htm,,,0,0,,,,https://www.credoweb.bg/page/19740/umbal-tsaritsa-yoanna-isul/structures/24644/klinika-po-nevrologiya
31 Медицински център Нови Искър,Medical center,"България, Нови Искър, 1280, ул. Искърско дефиле 121",,,,0,0,,,,https://www.credoweb.bg/page/25081/31-meditsinski-tsentar-novi-iskar
УМБАЛ Св. Иван Рилски,,"Sofia, 
бул. Акад. Иван Евстатиев Гешов 15",,,,0,0,,,,https://www.credoweb.bg/page/19690/umbal-sv-ivan-rilski/structures/25084/klinika-po-profesionalni-zabolyavaniya
СБНАЛ Св.Лазар - гр. Казанлък,Hospital,"България, Казанлък, 6100, ул."" Доктор Баев"" 15 /зад кино Искра/",,,,0,0,"Специализира неврологична болница Св. Лазар, разполага с 30 неврологични легла, 8 стаи със самостоятелен санитарен възел, интензивен сектор с 2 легла. В болницата работят 6-лекари, 7- медицински сестри и 3-санитари.      В Болницата се лекуват :    нарушения в кръвоснабдяването на мозъка (т.н. мозъчен инсулт)  *всички видове засягане на периферна нервна система - дискови хернии, радикулити, плексити, невралгии и други подобни  * главоболие във всички негови форми и причини, световъртеж, причинен от различини заболявания  * епилепсия (диагностициране и лечение)  * изследване на кръвоснабдяването на мозъка с цел профилактика на неговите нарушения  Отделението по неврология разполага с най-съвременна диагностична апаратура:  * доплерова сонография за изследване на мозъчното кръвоснабдяване  * електромиография и електроневронография за установяване на увреждането на нервникоренчета,периферни нерви и мускули  * електроенцефалография - диагностика при всички видове нарушаване на съзнанието, както и проследяване на лечението на пациенти с епилепсия и подобни пристъпи",,д-р Гергина Димитрова,https://www.credoweb.bg/page/25217/sbnal-svlazar-gr-kazanlak
СМДЛ - Д-р Бистра Тошкина,Laboratory,"България, Бургас, 8000, ул. Лермонтов 33А",http://www.cmdltoshkina.com/,,,0,0,Медико-диагностична лаборатория на д-р Тошкина предлага лабораторни изследвания на базата на направления за клиниколабораторна диагностика.    Направление на клиниколабораторна диагностика  Хематологична диагностика  Биохимични изследвания  Ензимна диагностика  Микроелементи и олигоелементи  Диагностика на урина  Кръвосъсиране  Наркотични вещества  Хуморален имунен отговор  Серологична диагностика  Автоимунитет  Имунохематологична диагностика  Микробиология  Имуногенетика  Клетъчен имунитет  Диагностика за алергия  Изследвания за диабет  Друга специализирана диагностика  Туморни маркери  Изследване на хламидии  Паразитна диагностика  Диагностика на остеопороза  Хормонална диагностика,,д-р Бистра Тошкина,https://www.credoweb.bg/page/25519/smdl-d-r-bistra-toshkina
Медико-Диагностична Лаборатория по цито-хистопатология “Хипократ”,Laboratory,"България, Бургас, 8000, ул. Цар Симеон I №60",,,,0,0,"Медико-Диагностична Лаборатория по цито-хистопатология “Хипократ” е съвременно оборудвана лаборатория, в която се използва модерна апаратура и консумативи с най-високо качество. Нашата цел е всеки пациент да получи бързото качествно и коректно обслужване.        В Медико-Диагностична Лаборатория по цито-хистопатология “Хипократ” се извършват следните изследвания:    - Цитологични изследвания - влагалищни цитонамазки / ПАП - тест/    - Хистология    - Имунохистохимия    - Хистохимия    - Туморна и нетуморна диагностика",,,https://www.credoweb.bg/page/25523/mediko-diagnostichna-laboratoriya-po-tsito-histopatologiya-hipokrat
ДПБ - Севлиево,Hospital,"България, Севлиево, 5400, ул. Видима Nо 33",,,,0,0,,,,https://www.credoweb.bg/page/25708/dpb-sevlievo
МБАЛ Никопол,Hospital,"България, Никопол, 5940, ул. Александър Стамболийски 27",,,,0,0,,,,https://www.credoweb.bg/page/26343/mbal-nikopol
АМЦДП Св. Антоний,Medical center,"България, Варна, 9000, бул. Цар Освободител 150",http://mc-agvarna.com,,,0,0,,,,https://www.credoweb.bg/page/27536/amtsdp-sv-antoniy
Дентален Център Елирка Дент,Dental clinic,"България, София, 1000, Люлин - център, блок 789, вх А, (партерно ателие)",http://elirka.com http://vasilev-dent.com,,,0,0,,,,https://www.credoweb.bg/page/28094/dentalen-tsentar-elirka-dent
РЦТХ -Пловдив,Medical center,"България, Пловдив, 4000, бул. българия 234Б",http://www.rcth-plovdiv.com/,,,0,0,,,,https://www.credoweb.bg/page/28806/rtsth-plovdiv
I МБАЛ София,,"Sofia, 
бул. Патриарх Евтимий № 37",http://1mbal.com,,,0,0,,,,https://www.credoweb.bg/page/19948/i-mbal-sofiya/structures/32143/klinikata-po-endoskopska-i-obshta-hirurgiya
I МБАЛ София,,"Sofia, 
бул. Патриарх Евтимий № 37",http://1mbal.com,,,0,0,,,,https://www.credoweb.bg/page/19948/i-mbal-sofiya/structures/32198/klinika-po-vatreshni-bolesti
V МБАЛ,,"Sofia, 
бул. Ген. Николай Г. Столетов 67А",http://www.5mbal-sofia.com,,,0,0,,,,https://www.credoweb.bg/page/19700/v-mbal/structures/32693/otdelenie-po-pulmologiya
"„МЕДИЦИНСКИ ЦЕНТЪР -УШНО -НОСНО –ГЪРЛЕНИ БОЛЕСТИ „СВ. ГЕОРГИ СОФИЙСКИ"" ООД",Medical center,"България, София, 1000, ул. ""Георги Софийски"" № 3, Поликлиника на ВМА, каб 023, 027,203",www.ung-bg.net/,,,0,0,,,,https://www.credoweb.bg/page/35074/meditsinski-tsentar-ushno-nosno-garleni-bolesti-sv-georgi-sofiyski-ood
Репро Инова,Laboratory,"България, София, 1000, бул. Гоце Делчев 46",http://reproinova.com/,,,0,0,,,,https://www.credoweb.bg/page/35877/repro-inova
"Ревматологичен център ""Света Ирина""",Medical center,"България, София, 1000, кв. Полигона, бл. 43, вх.1, офис 2",,,,0,0,,,,https://www.credoweb.bg/page/36635/revmatologichen-tsentar-sveta-irina
СБАЛДБ Д-р Лисичкова,,"Varna, 
бул. ""Република"" 91, МК Младост, ет. 5, тяло Г",Лабораторни резултати,,,0,0,,,,https://www.credoweb.bg/page/19983/sbaldb-d-r-lisichkova/structures/37057/detska-nefrologiya-i-hemodializa
МБАЛ - Хасково,,"Haskovo, 
бул. Съединение 49",,,,0,0,,,,https://www.credoweb.bg/page/19905/mbal-haskovo/structures/37248/parvo-vatreshno-otdelenie-kam-mbal-haskovo
МБАЛ Люлин,,"Sofia, 
ул. Петър Дертлиев 81",http://lyulinhospital.com/,,,0,0,,,,https://www.credoweb.bg/page/19783/mbal-lyulin/structures/37599/otdelenie-po-ortopediya-i-travmatologiya-mbal-lyulin
"Дентална рентгенова лаборатория X-RAY""",Laboratory,"България, Пловдив, 4000, бул. ""Васил Априлов"" 14, ет.4",http://x-ray.bg/,,,0,0,"„X-RAY” са ново поколение дентални рентгенови лаборатории, оборудвани с най-съвременната апаратура за създаване на висококачествени стандартни, панорамни и 3D рентгенографии в лицево- челюстната област.      Държим на добрите резултати и доволните пациенти , ето защо Ви предлагаме:    - Комфорт и Качествено Обслужване   - Модерните ни кабинети разполагат с всички удобства, за да се чувстват пациентите ни приятно и комфортно.   - Освен уютна атмосфера, се стремим да осигурим отлично обслужване и качествени услуги.   - Работа с последно поколение апаратура   - За да предложим най- добрите условия, трябва да сме в крак с всички иновации в областта на денталната образна диагностика . Ето защо, непрекъснато инвестираме в съвременна техника.   - Разчитаме изцяло на нова генерация рентгенографски апарати, с които дозите на облъчване са сведени до минимум, а качество на дигиталния образ е в пъти по- добро, в сравнение с обикновения рентгенов филм. Модерната апаратура, с която работим позволява многократно увеличение на образа, за оптимално бърза и прецизна диагностика.   - Висококвалифициран екип   - Всеки един член от екипа ни притежава нужната квалификация, за да осигури максимално качествено обслужване и безопасност на нашите пациенти.   - Стремим се към самоусъвършенстване, поради което екипът ни редовно посещава обучения и семинари и многократно е отличаван за своята компетентност, находчивост и модерни методи на работа.    Широк спектър от услуги    Работим с над 40 диагностични програми, което ни позволява максимално бързо и точно да извършим всички видове специализирани рентгенови изследвания на зъбите, челюстите и други части на главата:   - Сегментна рентгенография   - Ортопантомография   - 3D графии   - Синуси   - Снимка на черепа   - Телерентгенография   - ТМС   - Профилна графия на черепа   - Диагностициране на кариес    Лесен достъп    Осигуряваме виртуален акаунт, чрез който Вие и Вашият зъболекар имате бърз достъп до снимките по всяко едно време, без да се налага да ги носите със себе си. Това става с парола и потребителско име, които получавате при направата на снимката. Не се колебайте да ни потърсите при нужда от рентгенови изследвания с максимална точност и високо качество на цифровите изображения. Заповядайте в нашите изцяло дигитални рентгенови центрове в Пловдив и Пазарджик - гарантираме бързо и професионално обслужване от прецизен и отзивчив екип!",,Андрей Караджов | г-н Георги Ламбрев | Петър Стоянов,https://www.credoweb.bg/page/42237/dentalna-rentgenova-laboratoriya-x-ray
Уни Хоспитал,,"Panagyurishte, 
 ул. Георги Бенковски № 100",http://www.unihospitalbg.com/,,,0,0,,,,https://www.credoweb.bg/page/46217/uni-hospital/structures/48719/otdelenie-po-pediatriya-uni-hospital
Клиника по гастроентерология - МВР,Clinic,"България, София, 1606, бул. „Ген. Скобелев“ 79",www.mvr.bg,,,0,0,,,,https://www.credoweb.bg/page/96655/klinika-po-gastroenterologiya-mvr
МЦ Младост,Medical center,"България, Варна, 9000, бул. Република 15",,,,0,0,,,,https://www.credoweb.bg/page/19341/mts-mladost
МБАЛ комплекс Св.Иван Рилски,,"Plovdiv, 
бул. Васил Левски 144",,,,0,0,,,,https://www.credoweb.bg/page/19584/mbal-kompleks-svivan-rilski/structures/22007/otdelenie-po-urologiya
МБАЛНП Свети Наум,,"Sofia, 
ул. Д-р Любен Русев 1",http://www.svnaum.com/,,,0,0,,,,https://www.credoweb.bg/page/19750/mbalnp-sveti-naum/structures/22894/klinika-za-intenzivno-lechenie-na-nervni-bolesti
Втора МБАЛ,,"Sofia, 
бул. Христо Ботев 120",http://www.vtorambal.com,,,0,0,,,,https://www.credoweb.bg/page/19715/mbal/structures/33659/otdelenie-po-nevrologiya-intenzivno-lechenie-fizikalna-i-rehabilitatsionna-meditsina-i-funktsionalna-diagnostika-na-nervnata-sistema-s-eeg-emg-nevrosonologiya-i-nevrootologiya
"СМДЛ ""Здраве-99"" ООД",Laboratory,"България, Русе, 7000, ул.""Видин"" 21",www.ruse.cibalab.com,,,0,0,,,,https://www.credoweb.bg/page/41999/smdl-zdrave-99-ood
ДКЦ 3,Hospital,"България, Варна, 9000, бул. Константин и Фружин",,,,0,0,,,,https://www.credoweb.bg/page/19340/dkts-3
УМБАЛ Александровска,,"Sofia, 
ул. Св. Георги Софийски 1",http://alexandrovska.com/display.php?bg,,,0,0,,,,https://www.credoweb.bg/page/19790/umbal-aleksandrovska/structures/21530/klinika-po-koremna-hirurgiya
Военномедицинска академия,,"Sofia, 
ул. Св. Георги Софийски 3",www.vma.bg,,,0,0,,,,https://www.credoweb.bg/page/19791/voennomeditsinska-akademiya/structures/22483/klinika-po-belodrobni-bolesti
Медицински център 1 - Айтос,Medical center,"България, Айтос, 8500, ул. Гарова 3",,,,0,0,"""МЕДИЦИНСКИ ЦЕНТЪР I - АЙТОС"" ЕООД е здравно заведение за специализирана извънболнична медицинска помощ , което работи по Договор със РЗОК и други здравно-осигурителни фондове, както и на свободен прием.        ""МЕДИЦИНСКИ ЦЕНТЪР I - АЙТОС"" ЕООД е здравно заведение за специализирана извънболнична медицинска помощ , което работи по Договор със РЗОК и други здравно-осигурителни фондове, както и на свободен прием.    Разполагаме с висококвалифицирани специалисти със следните специалности:    Д-р Емил Куцаров-кардиолог;Д-р Станка Илиева и Д-р Мария Димитрова -АГ;Д-р Стефан Симеонов-невролог;Д-р Веселина Пенчева-Лазарова-специалист УНГ; Д-р Светлана Иванова-дермато-венеролог;Д-р Мехмед Хаджимехмед-хирург; Д-р Светла Михова и Д-р Анелия Еленкова-Георгиева-педиатри;Д-р Красимира Балева-офталмолог.    Извършват се издаване на всички видове медицински свидетелства- за шофьори, за граждански брак, за освобождаване на ученици от физкултура, освидетелстване на временна нетрудоспособност от ЛКК, подготовка и представяне на ТЕЛК за % инвалидност на лицата с трайна нетрудоспособност.    Извършват се амбулаторно ""малки хирургични интервенции"", всякакъв вид манипулации.    На територията на Мед.център работят девет общо-практикуващи лекари",,,https://www.credoweb.bg/page/19305/meditsinski-tsentar-1-aytos
МЦ - Долна Митрополия,Medical center,"България, Долна Митрополия, 5855, ул. Христо Ботев 42",,,,0,0,Здравното обслужване в община Долна Митрополия се извършва от - „Медицински център I – Долна Митрополия” ЕООД - с общински обхват.        Специализираната медицинска помощ се осъществява от квалифицирани медицински кадри. Общината е отдала под наем кабинети на общо практикуващи лекари. Доболничната помощ се осигурява от общопрактикуващи лекари. Лекарските практики са разпределени по населените места на общината по следния начин:,,,https://www.credoweb.bg/page/19536/mts-dolna-mitropoliya
МЦ Сано,Medical center,"България, Стара Загора, 6000, бул. Патриарх Евтимий 154",http://mc-sano.net/,,,0,0,,,,https://www.credoweb.bg/page/19844/mts-sano
ДКЦ 2 София,Hospital,"България, София, 1000, ул. Хан Крум 1",,,,0,0,"“ДКЦ ІІ – София” ЕООД се намира в центъра на Столицата с адрес – ул. “Хан Крум” №1. Лечебното заведение разполага с 13 кабинета и една манипулационна. ДКЦ ІІ София разполага и със сектор “Образна диагностика”, извършващ рентгенологична и ултразвукова диагностика, и клинична лаборатория.        В лечебното заведение работят следните специалисти:     Лечебното заведение работи със следните договорни партньори:    НЗОК  Договори със ЗОК:    - “ДЗИ животозастраховане”    - “Евроинс – здравно осигуряване ЗЕАД” АД    - ЗОК “ Надежда”    - “Булстрат здраве”    - ЗОК “Фи Хелт” АД    - ОЗОК “Здравно застраховане”    - “ЗАД България” АД    - “Токуда здравно застраховане” ЕАД    - ЗК Уника България    - Застрахователен фонд ""Доверие""    - Застрахователно дружество ""Евроинс""    - ЗОИ    Договори за профилактични прегледи    Лечебното заведение работи с платени пациенти. Извършва се дейност по клинични изпитвания на лекарства по договори.",,д-р Анелия Апостолова | Боряна Нестова | д-р Габриела Матеева | д-р Евгения Витанова | д-р Росица Карамихова | д-р Юлияна Иванова,https://www.credoweb.bg/page/19797/dkts-2-sofiya
Служба трудова медицина ГЕО-КАМ,Hospital,"България, Стара Загора, 6000, ул.П.Р.Славейков № 58",www.st-panteleymon.com,,,0,0,"Служба трудова медицина ""ГЕО-КАМ"" ООД с първоначална регистрация в МЗ: N: 120/2000 година. И последна пререгистрация с N: 084-2/2009 година, с договори за обслужване с над 300 фирми. Предварителните и периодичните медицински прегледи на работещите в обслужваните от СТМ фирми се извършват от медицинските екипи на ""Медицински център Св. Пантелеймон"".            Дейности и услуги    Консултиране и разработване на документи по здравословни и безопасни условия на труд.    Оценка на риска за здравето и безопасността на работещите.    Здравно наблюдение.    Организиране и провеждане на периодични профилактични прегледи на работниците и служителите - по Договор с МЦ""Свети Пантелеймон"".    Обучение по безопасност и здраве при работа.    Обучение на представителите на комитетите и групите по условия на труд.",,д-р Светлана Нонева,https://www.credoweb.bg/page/20021/sluzhba-trudova-meditsina-geo-kam
МЦ Орфей,Medical center,"България, Стара Загора, 6000, ул. Орфей 4",mcorpheus.org,,,0,0,"Медицински Център ""ОРФЕЙ"" е специализирано лечебно заведение за извънболнична медицинска помощ, създадено през месец Април 2013 година.    Центърът осъществява пълния обем извънболнична медицинска помощ в редица високоспециализирани и тясно профилирани дейности, изискващи специална апаратура и висока квалификация.            Медицински Център ""ОРФЕЙ"" е специализирано лечебно заведение за извънболнична медицинска помощ, създадено през месец Април 2013 година.    Центърът осъществява пълния обем извънболнична медицинска помощ в редица високоспециализирани и тясно профилирани дейности, изискващи специална апаратура и висока квалификация.    Нашата основна цел е да посрещнем високите нужди на нашите пациенти и да отговорим на тях с най-съвременните методи на диагностика и лечение, като по този начин се погрижим адекватно за тяхното здраве.    Областите, в които предлагаме специализирана медицинска помощ са следните:    Кардиология    Ревматология    Едокринология и болести на обмяната    Нефрология    Хематология    Гастроентерология    Ортопедия          Медицински център ""Орфей"" извършва следните специализирани дейности:    Медицински прегледи  Профилактични прегледи  Ехокардиография (ЕхоКГ)  24 часово проследяване на АКН (Холтер)  Ехография на коремни органи  Ехография на малки и големи стави  Ехография на щитовидна жлеза  Ехография на гърди    В Медицински Център ""Орфей"" работят висококвалифицирани лекари с дългогодишен професионален стаж и сериозен практически опит.    кардиолог- Д-р Владимир Желев - специалист по кардиология и вътрешни болести.  ревматолог- Д-р Силвия Желева - специалист по ревматология и вътрешни болести.  нефролог- Д-р Веселин Христозов - специалист по нефрология и вътрешни болести.  хематолог- Д-р Веска Иванова - специалист по хематология и вътрешни болести.  ендокринолог- Д-р Емилена Вучкова - специалист по ендокринология и вътрешни болести.  гастроентеролог- Д-р Димитър Димитров - специалист по гастроентерология и вътрешни болести.",,д-р Владимир Желев | Д-р Веска Иванова | д-р Димитър Димитров | д-р Емилена Вучкова | д-р Силвия Желева,https://www.credoweb.bg/page/20039/mts-orfey
МБАЛ Св. София,,"Sofia, 
бул. България 104",www.mbal-sofia.com,,,0,0,,,,https://www.credoweb.bg/page/19696/mbal-sv-sofiya/structures/19990/mbal-sv-sofiya-klinika-po-oftalmologiya
МБАЛ Св. София,,"Sofia, 
бул. България 104",www.mbal-sofia.com,,,0,0,,,,https://www.credoweb.bg/page/19696/mbal-sv-sofiya/structures/19995/mbal-sv-sofiya-otdelenie-po-fizioterapiya
УМБАЛ Св. Иван Рилски,,"Sofia, 
бул. Акад. Иван Евстатиев Гешов 15",,,,0,0,,,,https://www.credoweb.bg/page/19690/umbal-sv-ivan-rilski/structures/19996/laboratoriya-za-virusna-diagnostika
I МБАЛ София,,"Sofia, 
бул. Патриарх Евтимий № 37",http://1mbal.com,,,0,0,,,,https://www.credoweb.bg/page/19948/i-mbal-sofiya/structures/20002/otdelenie-po-urologiya
Jewel skin clinic,Hospital,"България, София, 1000, бул. Арсеналски 125",http://www.jewelskin-clinic.com,,,0,0,,,,https://www.credoweb.bg/page/20005/jewel-skin-clinic
УМБАЛ Св. Иван Рилски,,"Sofia, 
бул. Акад. Иван Евстатиев Гешов 15",,,,0,0,,,,https://www.credoweb.bg/page/19690/umbal-sv-ivan-rilski/structures/19979/otdelenie-po-obrazna-diagnostika
СМДЛОД Медискан,Hospital,"България, Стара Загора, 6000, бул. Княз Ал. Батенберг № 28",www.euromedic.bg,,,0,0,,,,https://www.credoweb.bg/page/20059/smdlod-mediskan
Козметично-соларно студио Диви,Medical center,"България, Плевен, 5800, ул. Васил Левски 174, ет.2",https://www.facebook.com/pages/%D0%9A%D0%BE%D0%B7%D0%BC%D0%B5%D1%82%D0%B8%D1%87%D0%BD%D0%BE-%D1%81%D0%BE%D0%BB%D0%B0%D1%80%D0%BD%D0%BE-%D1%81%D1%82%D1%83%D0%B4%D0%B8%D0%BE-%D0%94%D0%B8%D0%B2%D0%B8/102366249832531?fref=ts,,,0,0,,,,https://www.credoweb.bg/page/20116/kozmetichno-solarno-studio-divi
Дентален център Биодент,Dental clinic,"България, Елин Пелин, 2100, ул. Кирил и Методий 1",http://www.biodent.bg/,,,0,0,,,,https://www.credoweb.bg/page/20125/dentalen-tsentar-biodent
МЦ Екзакта Медика,Medical center,"България, Плевен, 5800, ул. Тодор Каблешков 35",http://www.exacta-medica.com/,,,0,0,,,,https://www.credoweb.bg/page/20071/mts-ekzakta-medika
УМБАЛ Царица Йоанна - ИСУЛ,,"Sofia, 
ул. Бяло море 8",http://www.isul.eu/index.htm,,,0,0,,,,https://www.credoweb.bg/page/19740/umbal-tsaritsa-yoanna-isul/structures/20080/klinika-po-meditsinska-onkologiya
Лазер център - Пловдив,Hospital,"България, Пловдив, 4000, бул. Руски №117А",http://www.lazercentar.com,,,0,0,"Търсите ли по-добро решение за премахване на нежеланите косми? Лазер Център предлага безопасна, комфортна, ефективна и трайна лазерна епилация.          Лазер Център е първият, който предлага само лазерна епилация.  Използваме последен модел немска медицинска лазерна апаратура, одобрена и сертифицирана от FDA /Food and Drug Administration/ - USA и MDD /Medical Device Directive/ - EU. Лазерните ни системи са специализирани основно за лазерна епилация.  Процедурите се извършват само от доктори, сертифицирани за работа с лазерни системи.  Проучваме и използваме най-добрите практики в бранша - лазерни системи, методи на работа, техники на извършване на процедурите и други",,,https://www.credoweb.bg/page/20142/lazer-tsentar-plovdiv
МЦ Лайф Хоспитал,Medical center,"България, Бургас, 8000, ж.к. Изгрев, бул. Димитър Димов, панорамен път",http://www.lifehospitalbg.com,,,0,0,,,,https://www.credoweb.bg/page/20146/mts-layf-hospital
МБАЛ Сердика,,"Sofia, 
ул. Дамян Груев 6",http://www.mbalserdika.com,,,0,0,,,,https://www.credoweb.bg/page/19744/mbal-serdika/structures/20323/otdelenie-hirurgiya
МБАЛ Сердика,,"Sofia, 
ул. Дамян Груев 6",http://www.mbalserdika.com,,,0,0,,,,https://www.credoweb.bg/page/19744/mbal-serdika/structures/20324/otdelenie-ung-i-hirurgiya-na-glava-i-shiya
МБАЛ Сердика,,"Sofia, 
ул. Дамян Груев 6",http://www.mbalserdika.com,,,0,0,,,,https://www.credoweb.bg/page/19744/mbal-serdika/structures/20325/otdelenie-obrazna-diagnostika
МБАЛ Сердика,,"Sofia, 
ул. Дамян Груев 6",http://www.mbalserdika.com,,,0,0,,,,https://www.credoweb.bg/page/19744/mbal-serdika/structures/20326/otdelenie-anesteziya-i-intenzivno-lechenie
МБАЛ Сердика,,"Sofia, 
ул. Дамян Груев 6",http://www.mbalserdika.com,,,0,0,,,,https://www.credoweb.bg/page/19744/mbal-serdika/structures/20327/otdelenie-ortopediya-i-travmatologiya
МБАЛ Сердика,,"Sofia, 
ул. Дамян Груев 6",http://www.mbalserdika.com,,,0,0,,,,https://www.credoweb.bg/page/19744/mbal-serdika/structures/20328/otdelenie-akusherstvo-i-ginekologiya
"Медицински център ""Трета поликлиника""",,"Stara Zagora, 
бул. ""Патриарх Евтимий"" 86",www.trakiahospital.com,,,0,0,,,,https://www.credoweb.bg/page/20007/meditsinski-tsentar-treta-poliklinika/structures/20448/kabinet-ushni-nosni-i-garleni-bolesti
"Медицински център ""Трета поликлиника""",,"Stara Zagora, 
бул. ""Патриарх Евтимий"" 86",www.trakiahospital.com,,,0,0,,,,https://www.credoweb.bg/page/20007/meditsinski-tsentar-treta-poliklinika/structures/20453/kabinet-hirurgichni-bolesti
"Медицински център ""Трета поликлиника""",,"Stara Zagora, 
бул. ""Патриарх Евтимий"" 86",www.trakiahospital.com,,,0,0,,,,https://www.credoweb.bg/page/20007/meditsinski-tsentar-treta-poliklinika/structures/20455/kabinet-ortopediya-i-travmatologiya
"Медицински център ""Трета поликлиника""",,"Stara Zagora, 
бул. ""Патриарх Евтимий"" 86",www.trakiahospital.com,,,0,0,,,,https://www.credoweb.bg/page/20007/meditsinski-tsentar-treta-poliklinika/structures/20510/kabinet-akusherstvo-i-ginekologiya
I МБАЛ София,,"Sofia, 
бул. Патриарх Евтимий № 37",http://1mbal.com,,,0,0,,,,https://www.credoweb.bg/page/19948/i-mbal-sofiya/structures/20640/otdelenie-po-gastroenterologiya
"УМБАЛ ""Д-р Георги Странски""",,"Pleven, 
ул. Георги Кочев 8 а",http://www.umbalpleven.com,,,0,0,,,,https://www.credoweb.bg/page/19555/umbal-d-r-g-stranski/structures/20700/otdelenie-po-oralna-hirurgiya
МБАЛ Плевен ВМА,,"Pleven, 
бул. Г.Кочев № 6",http://www.vma.bg/bg/bolnichni-bazi/mnogoprofilna-bolnitsa-za-aktivno-lechenie-pleven/,,,0,0,,,,https://www.credoweb.bg/page/20053/mbal-pleven-vma/structures/20831/operatsionno-i-hirurgichno-otdelenie
Hill Clinic,,"Sofia, 
бул. Александър С. Пушкин 71",http://hillclinic.com/,,,0,0,,,,https://www.credoweb.bg/page/20775/hill-clinic/structures/20778/urologiya
Hill Clinic,,"Sofia, 
бул. Александър С. Пушкин 71",http://hillclinic.com/,,,0,0,,,,https://www.credoweb.bg/page/20775/hill-clinic/structures/20780/dietologiya-i-ednokrinologiya
УМБАЛСМ Пирогов,,"Sofia, 
бул. Ген. Едуард И. Тотлебен 21",http://www.pirogov.eu/,,,0,0,,,,https://www.credoweb.bg/page/19698/umbalsm-pirogov/structures/21047/detska-koremna-hirurgiya
УМБАЛСМ Пирогов,,"Sofia, 
бул. Ген. Едуард И. Тотлебен 21",http://www.pirogov.eu/,,,0,0,,,,https://www.credoweb.bg/page/19698/umbalsm-pirogov/structures/21049/detska-gradna-hirurgiya
УМБАЛСМ Пирогов,,"Sofia, 
бул. Ген. Едуард И. Тотлебен 21",http://www.pirogov.eu/,,,0,0,,,,https://www.credoweb.bg/page/19698/umbalsm-pirogov/structures/21050/detska-anesteziologiya
УМБАЛСМ Пирогов,,"Sofia, 
бул. Ген. Едуард И. Тотлебен 21",http://www.pirogov.eu/,,,0,0,,,,https://www.credoweb.bg/page/19698/umbalsm-pirogov/structures/21054/detska-reanimatsiya
УМБАЛСМ Пирогов,,"Sofia, 
бул. Ген. Едуард И. Тотлебен 21",http://www.pirogov.eu/,,,0,0,,,,https://www.credoweb.bg/page/19698/umbalsm-pirogov/structures/21209/chetvarta-hirurgichna-klinika
УМБАЛ Св. Иван Рилски,,"Sofia, 
бул. Акад. Иван Евстатиев Гешов 15",,,,0,0,,,,https://www.credoweb.bg/page/19690/umbal-sv-ivan-rilski/structures/21210/klinika-po-nervni-bolesti
"УМБАЛ ""Д-р Георги Странски""",,"Pleven, 
ул. Георги Кочев 8 а",http://www.umbalpleven.com,,,0,0,,,,https://www.credoweb.bg/page/19555/umbal-d-r-g-stranski/structures/21317/klinika-po-alergologiya
УМБАЛ Александровска,,"Sofia, 
ул. Св. Георги Софийски 1",http://alexandrovska.com/display.php?bg,,,0,0,,,,https://www.credoweb.bg/page/19790/umbal-aleksandrovska/structures/21554/otdelenie-po-vistseralna-hirurgiya
УМБАЛ Александровска,,"Sofia, 
ул. Св. Георги Софийски 1",http://alexandrovska.com/display.php?bg,,,0,0,,,,https://www.credoweb.bg/page/19790/umbal-aleksandrovska/structures/21560/napravlenie-po-hirurgiya-na-gastrointestinalniya-trakt
УМБАЛ Александровска,,"Sofia, 
ул. Св. Георги Софийски 1",http://alexandrovska.com/display.php?bg,,,0,0,,,,https://www.credoweb.bg/page/19790/umbal-aleksandrovska/structures/21561/operatsionen-blok
УМБАЛСМ Пирогов,,"Sofia, 
бул. Ген. Едуард И. Тотлебен 21",http://www.pirogov.eu/,,,0,0,,,,https://www.credoweb.bg/page/19698/umbalsm-pirogov/structures/21570/anesteziologiya-i-intenzivno-lechenie
Евромедик България,,"Sofia, 
ул. Златенрог 20, ет. 4, офис 3",http://www.euromedic.bg,,,0,0,,,,https://www.credoweb.bg/page/20174/evromedik-balgariya/structures/21579/evromedik-diagnostiks-aleksandar-zhendov
Евромедик България,,"Sofia, 
ул. Златенрог 20, ет. 4, офис 3",http://www.euromedic.bg,,,0,0,,,,https://www.credoweb.bg/page/20174/evromedik-balgariya/structures/21580/evromedik-diagnostiks-onkologichna-bolnitsa
Евромедик България,,"Sofia, 
ул. Златенрог 20, ет. 4, офис 3",http://www.euromedic.bg,,,0,0,,,,https://www.credoweb.bg/page/20174/evromedik-balgariya/structures/21581/evromedik-diagnostiks-mbal-doverie
Евромедик България,,"Sofia, 
ул. Златенрог 20, ет. 4, офис 3",http://www.euromedic.bg,,,0,0,,,,https://www.credoweb.bg/page/20174/evromedik-balgariya/structures/21589/evromedik-balgariya-mdl-pleven
Болница Тракия - Парк,,"Stara Zagora, 
ул. Дунав №1, над стадион Берое, до парк Аязмото",Тракия,,,0,0,,,,https://www.credoweb.bg/page/20156/bolnitsa-trakiya-park/structures/21780/hirurgiya
Болница Тракия - Парк,,"Stara Zagora, 
ул. Дунав №1, над стадион Берое, до парк Аязмото",Тракия,,,0,0,,,,https://www.credoweb.bg/page/20156/bolnitsa-trakiya-park/structures/21834/speshno-priemno-otdelenie
Болница Тракия - Парк,,"Stara Zagora, 
ул. Дунав №1, над стадион Берое, до парк Аязмото",Тракия,,,0,0,,,,https://www.credoweb.bg/page/20156/bolnitsa-trakiya-park/structures/21836/kardiologiya-s-invaziven-sektor
Болница Тракия - Парк,,"Stara Zagora, 
ул. Дунав №1, над стадион Берое, до парк Аязмото",Тракия,,,0,0,,,,https://www.credoweb.bg/page/20156/bolnitsa-trakiya-park/structures/21838/sadova-hirurgiya
Болница Тракия - Парк,,"Stara Zagora, 
ул. Дунав №1, над стадион Берое, до парк Аязмото",Тракия,,,0,0,,,,https://www.credoweb.bg/page/20156/bolnitsa-trakiya-park/structures/21841/fizioterapiya-i-rehabilitatsiya
Болница Тракия - Парк,,"Stara Zagora, 
ул. Дунав №1, над стадион Берое, до парк Аязмото",Тракия,,,0,0,,,,https://www.credoweb.bg/page/20156/bolnitsa-trakiya-park/structures/21842/pediatriya
Болница Тракия - Парк,,"Stara Zagora, 
ул. Дунав №1, над стадион Берое, до парк Аязмото",Тракия,,,0,0,,,,https://www.credoweb.bg/page/20156/bolnitsa-trakiya-park/structures/21843/anesteziya-i-intenzivno-lechenie
Болница Тракия - Парк,,"Stara Zagora, 
ул. Дунав №1, над стадион Берое, до парк Аязмото",Тракия,,,0,0,,,,https://www.credoweb.bg/page/20156/bolnitsa-trakiya-park/structures/21844/obrazna-diagnostika
Болница Тракия - Център,,"Stara Zagora, 
бул. Патриарх Евтимий 84",www.trakiahospital.com,,,0,0,,,,https://www.credoweb.bg/page/19846/bolnitsa-trakiya-tsentar/structures/21845/akusherstvo-i-ginekologiya
Болница Тракия - Център,,"Stara Zagora, 
бул. Патриарх Евтимий 84",www.trakiahospital.com,,,0,0,,,,https://www.credoweb.bg/page/19846/bolnitsa-trakiya-tsentar/structures/21846/neonatologiya
Болница Тракия - Център,,"Stara Zagora, 
бул. Патриарх Евтимий 84",www.trakiahospital.com,,,0,0,,,,https://www.credoweb.bg/page/19846/bolnitsa-trakiya-tsentar/structures/21847/hirurgiya
Болница Тракия - Център,,"Stara Zagora, 
бул. Патриарх Евтимий 84",www.trakiahospital.com,,,0,0,,,,https://www.credoweb.bg/page/19846/bolnitsa-trakiya-tsentar/structures/21848/urologiya
Болница Тракия - Център,,"Stara Zagora, 
бул. Патриарх Евтимий 84",www.trakiahospital.com,,,0,0,,,,https://www.credoweb.bg/page/19846/bolnitsa-trakiya-tsentar/structures/21849/gastroenterologiya
Болница Тракия - Център,,"Stara Zagora, 
бул. Патриарх Евтимий 84",www.trakiahospital.com,,,0,0,,,,https://www.credoweb.bg/page/19846/bolnitsa-trakiya-tsentar/structures/21850/ochni-bolesti
Болница Тракия - Център,,"Stara Zagora, 
бул. Патриарх Евтимий 84",www.trakiahospital.com,,,0,0,,,,https://www.credoweb.bg/page/19846/bolnitsa-trakiya-tsentar/structures/21852/obrazna-diagnostika
Болница Тракия - Център,,"Stara Zagora, 
бул. Патриарх Евтимий 84",www.trakiahospital.com,,,0,0,,,,https://www.credoweb.bg/page/19846/bolnitsa-trakiya-tsentar/structures/21890/virusologichnata-laboratoriya
Болница Тракия - Център,,"Stara Zagora, 
бул. Патриарх Евтимий 84",www.trakiahospital.com,,,0,0,,,,https://www.credoweb.bg/page/19846/bolnitsa-trakiya-tsentar/structures/21892/klinichna-laboratoriya
Болница Тракия - Център,,"Stara Zagora, 
бул. Патриарх Евтимий 84",www.trakiahospital.com,,,0,0,,,,https://www.credoweb.bg/page/19846/bolnitsa-trakiya-tsentar/structures/21893/patohistologichna-laboratoriya
МБАЛНП Свети Наум,,"Sofia, 
ул. Д-р Любен Русев 1",http://www.svnaum.com/,,,0,0,,,,https://www.credoweb.bg/page/19750/mbalnp-sveti-naum/structures/22528/klinika-po-nervni-bolesti-za-detsa
МБАЛ Плевен ВМА,,"Pleven, 
бул. Г.Кочев № 6",http://www.vma.bg/bg/bolnichni-bazi/mnogoprofilna-bolnitsa-za-aktivno-lechenie-pleven/,,,0,0,,,,https://www.credoweb.bg/page/20053/mbal-pleven-vma/structures/22076/otdelenie-po-fizikalna-terapiya-i-rehabilitatsiya
МБАЛ Плевен ВМА,,"Pleven, 
бул. Г.Кочев № 6",http://www.vma.bg/bg/bolnichni-bazi/mnogoprofilna-bolnitsa-za-aktivno-lechenie-pleven/,,,0,0,,,,https://www.credoweb.bg/page/20053/mbal-pleven-vma/structures/22077/otdelenie-po-obrazna-diagnostika
МОБАЛ Д-р Стефан Черкезов АД,,"Veliko Tarnovo, 
ул. Ниш 1",http://www.mobaltarnovo.com/,,,0,0,,,,https://www.credoweb.bg/page/20162/mobal-d-r-stefan-cherkezov-ad/structures/22623/vtoro-otdelenie-po-vatreshni-bolesti
МБАЛ Св. Панталеймон,,"Pleven, 
ул. Трите бора 24",http://svetipantaleimon.com,,,0,0,,,,https://www.credoweb.bg/page/19562/mbal-sv-pantaleymon/structures/22702/otdelenie-po-gastroenterologiya
СБРНК - Хисаря,Hospital,"България, Хисаря, 4180, ул. Гурко 2",http://www.rehabilitation.bg/bg-filiali-hisarya.php,,,0,0,,,,https://www.credoweb.bg/page/22736/sbrnk-hisarya
МБАЛНП Свети Наум,,"Sofia, 
ул. Д-р Любен Русев 1",http://www.svnaum.com/,,,0,0,,,,https://www.credoweb.bg/page/19750/mbalnp-sveti-naum/structures/22738/klinika-po-nervni-bolesti-za-paroksizmalni-sastoyaniya
МБАЛНП Свети Наум,,"Sofia, 
ул. Д-р Любен Русев 1",http://www.svnaum.com/,,,0,0,,,,https://www.credoweb.bg/page/19750/mbalnp-sveti-naum/structures/22740/vtora-psihiatrichna-klinika
"Медицински комплекс ""Д-р Щерев""",,"Sofia, 
кв. Разсадника, ул. Христо Благоев, 25-31",http://shterevhospital.com/,,,0,0,,,,https://www.credoweb.bg/page/20045/meditsinski-kompleks-d-r-shterev/structures/22744/asistirana-reproduktsiya
"Медицински комплекс ""Д-р Щерев""",,"Sofia, 
кв. Разсадника, ул. Христо Благоев, 25-31",http://shterevhospital.com/,,,0,0,,,,https://www.credoweb.bg/page/20045/meditsinski-kompleks-d-r-shterev/structures/22760/akusherstvo-i-ginekologiya
"Медицински комплекс ""Д-р Щерев""",,"Sofia, 
кв. Разсадника, ул. Христо Благоев, 25-31",http://shterevhospital.com/,,,0,0,,,,https://www.credoweb.bg/page/20045/meditsinski-kompleks-d-r-shterev/structures/22761/meditsinski-tsentar-spetsializirani-kabineti
МБАЛНП Свети Наум,,"Sofia, 
ул. Д-р Любен Русев 1",http://www.svnaum.com/,,,0,0,,,,https://www.credoweb.bg/page/19750/mbalnp-sveti-naum/structures/22728/klinika-po-nervni-bolesti-za-dvigatelni-narusheniya
МОБАЛ Д-р Стефан Черкезов АД,,"Veliko Tarnovo, 
ул. Ниш 1",http://www.mobaltarnovo.com/,,,0,0,,,,https://www.credoweb.bg/page/20162/mobal-d-r-stefan-cherkezov-ad/structures/22917/otdelenie-po-pediatriya
МОБАЛ Д-р Стефан Черкезов АД,,"Veliko Tarnovo, 
ул. Ниш 1",http://www.mobaltarnovo.com/,,,0,0,,,,https://www.credoweb.bg/page/20162/mobal-d-r-stefan-cherkezov-ad/structures/22918/otdelenie-po-gastroenterologiya
МОБАЛ Д-р Стефан Черкезов АД,,"Veliko Tarnovo, 
ул. Ниш 1",http://www.mobaltarnovo.com/,,,0,0,,,,https://www.credoweb.bg/page/20162/mobal-d-r-stefan-cherkezov-ad/structures/22919/otdelenie-po-nefrologiya-i-dializno-lechenie
МОБАЛ Д-р Стефан Черкезов АД,,"Veliko Tarnovo, 
ул. Ниш 1",http://www.mobaltarnovo.com/,,,0,0,,,,https://www.credoweb.bg/page/20162/mobal-d-r-stefan-cherkezov-ad/structures/22922/nevrologichno-otdelenie
МОБАЛ Д-р Стефан Черкезов АД,,"Veliko Tarnovo, 
ул. Ниш 1",http://www.mobaltarnovo.com/,,,0,0,,,,https://www.credoweb.bg/page/20162/mobal-d-r-stefan-cherkezov-ad/structures/22926/otdelenie-za-anestiziologiya-i-intenzivno-lechenie
МОБАЛ Д-р Стефан Черкезов АД,,"Veliko Tarnovo, 
ул. Ниш 1",http://www.mobaltarnovo.com/,,,0,0,,,,https://www.credoweb.bg/page/20162/mobal-d-r-stefan-cherkezov-ad/structures/22927/parvo-hirurgichno-otdelenie
МБАЛ Асеновград,,"Asenovgrad, 
ул. Александър Стамболийски 28",http://mbal-asenovgrad.com/,,,0,0,,,,https://www.credoweb.bg/page/19568/mbal-asenovgrad/structures/23279/otdelenie-po-hemodializa
УМБАЛСМ Пирогов,,"Sofia, 
бул. Ген. Едуард И. Тотлебен 21",http://www.pirogov.eu/,,,0,0,,,,https://www.credoweb.bg/page/19698/umbalsm-pirogov/structures/23388/parva-hirurgichna-klinika
МБАЛ - Медицински комплекс Берое,,"Stara Zagora, 
ул. Герасим Папазчев № 1",МК Берое,,,0,0,,,,https://www.credoweb.bg/page/20016/mbal-meditsinski-kompleks-beroe/structures/23541/otdelenie-po-nervni-bolesti
МЦ Звезда,Medical center,"България, Плевен, 5800, Пл. Свобода № 2",,,,0,0,,,,https://www.credoweb.bg/page/23547/mts-zvezda
УМБАЛ Царица Йоанна - ИСУЛ,,"Sofia, 
ул. Бяло море 8",http://www.isul.eu/index.htm,,,0,0,,,,https://www.credoweb.bg/page/19740/umbal-tsaritsa-yoanna-isul/structures/23697/klinika-po-fizikalna-i-rehabilitatsionna-meditsina
МБАЛ Асеновград,,"Asenovgrad, 
ул. Александър Стамболийски 28",http://mbal-asenovgrad.com/,,,0,0,,,,https://www.credoweb.bg/page/19568/mbal-asenovgrad/structures/23669/mikrobiologichna-laboratoriya
УМБАЛ Проф. д-р Стоян Киркович,,"Stara Zagora, 
ул. Ген. Столетов 2",http://www.mbal-kirkovich.org/,,,0,0,,,,https://www.credoweb.bg/page/19856/umbal-prof-d-r-stoyan-kirkovich/structures/23738/klinika-po-nevrohirurgiya
УМБАЛ Александровска,,"Sofia, 
ул. Св. Георги Софийски 1",http://alexandrovska.com/display.php?bg,,,0,0,,,,https://www.credoweb.bg/page/19790/umbal-aleksandrovska/structures/23920/klinika-po-kozhni-i-venericheski-bolesti
Национална кардиологична болница,,"Sofia, 
ул. Коньовица 65",http://hearthospital.bg/,,,0,0,,,,https://www.credoweb.bg/page/19768/natsionalna-kardiologichna-bolnitsa/structures/23976/klinika-po-nevrologiya-nkb
Национална кардиологична болница,,"Sofia, 
ул. Коньовица 65",http://hearthospital.bg/,,,0,0,,,,https://www.credoweb.bg/page/19768/natsionalna-kardiologichna-bolnitsa/structures/23930/klinika-po-kardiologiya-i-speshna-meditsina-nkb
УМБАЛ Царица Йоанна - ИСУЛ,,"Sofia, 
ул. Бяло море 8",http://www.isul.eu/index.htm,,,0,0,,,,https://www.credoweb.bg/page/19740/umbal-tsaritsa-yoanna-isul/structures/24187/diagnostichno-konsultativen-blok
МЦ Адара,Medical center,"България, Стара Загора, 6000, бул. Цар Симеон Велики №25",https://www.facebook.com/adaramc.starazagora http://adaramc.com/stara-zagora/,+359894591875,,0,0,"При нас може да получите изчерпателна информация и съвети за услугите, които предлагаме за подобряване на външния вид , красотата и здравето на нашите пациенти. Екип от висококвалифицирани специалисти постига възможно най-добри резултати, осигурявайки максимална сигурност за пациента.        Предлагаме комбинация от високоефективни неоперативни методи, като мезотерапия, стягане на отпусната кожа и скулптуриране на тялото.    Лекари дерматолози изготвят програми индивидуално, за всеки отделен пациент, комбиниращи най-подходящите терапии за оформяне на лицевия контур, премахване на двойна брадичка, освежаване на текстурата на кожата и заличаване на бръчки.    Лазерни терапии и фототерапии:    Лазерна епилация Alma Lasers SHR  Фототерапии с Omnilux PDT  Премахване на напукани капиляри и вени    Козметична дерматология:    Ботокс  Оформяне на устни  Мезотерапия за подмладяване и хидратация  Плазмолифтинг",,Людмила Маринова,https://www.credoweb.bg/page/24361/mts-adara
Национална кардиологична болница,,"Sofia, 
ул. Коньовица 65",http://hearthospital.bg/,,,0,0,,,,https://www.credoweb.bg/page/19768/natsionalna-kardiologichna-bolnitsa/structures/24396/otdelenie-po-hemodializa-i-plazmofereza-nkb
Национална кардиологична болница,,"Sofia, 
ул. Коньовица 65",http://hearthospital.bg/,,,0,0,,,,https://www.credoweb.bg/page/19768/natsionalna-kardiologichna-bolnitsa/structures/24416/otdelenie-po-patoanatomiya-i-tsitomorfologichna-diagnostika-nkb
УМБАЛ Царица Йоанна - ИСУЛ,,"Sofia, 
ул. Бяло море 8",http://www.isul.eu/index.htm,,,0,0,,,,https://www.credoweb.bg/page/19740/umbal-tsaritsa-yoanna-isul/structures/24629/sektor-po-audiologiya
УМБАЛ Царица Йоанна - ИСУЛ,,"Sofia, 
ул. Бяло море 8",http://www.isul.eu/index.htm,,,0,0,,,,https://www.credoweb.bg/page/19740/umbal-tsaritsa-yoanna-isul/structures/24643/klinika-po-nevrohirurgiya
МЦ Репромед,Medical center,"България, Плевен, 5800, ул. Васил Априлов 14",http://repromed-bg.com/,,,0,0,,,,https://www.credoweb.bg/page/25583/mts-repromed
Дентален център Ескада Дент,Medical center,"България, Бургас, 8000, жк Лазур, бл. 160, вх.А, ет.I",http://www.escadadent.com,,,0,0,"Когато създавахме Дентален център „Ескада Дент”, ние мислехме за хората с особени изисквания към качеството и комфорта. Основната цел на центъра е да отговори на нуждата от професионално лечение на пациентите.        Предлагаме на своите пациенти отлично обслужване, което може да удовлетвори най-високите изисквания.    Центърът е оборудван със съвременна, високотехнологична и утвърдена апаратура, която е гаранция за безопасност от заразяване, минимално инвазивна работа, безболезненост и добри резултати.    Затова, когато ни посещавате Вие и Вашето семейство – може да бъдете уверени, че здравето на Вашите зъби ще бъде в сигурни ръце.          НАШИТЕ  ПРИНЦИПИ :    На първо място сте Вие - Нашите Пациенти!    Никакви компромиси с качеството на лечение!    Нашата цел и нашата реклама е Вашата щастлива усмивка!          УСЛУГИ :    - Диагностика    - Хигиена и Профилактика    - Терапевтично лечение    - Протетична стоматология    - Хирургична стоматология    - Детска стоматология    - Естетична стоматология    - Пародонтология    - Имплантология    - Избелване    - Лазерно лечение          РАБОТНО  ВРЕМЕ :    Понеделник  - 09:00 - 18:00    Вторник          - 09:00 - 18:00    Сряда             - 09:00 - 18:00    Четвъртък     - 09:00 - 18:00    Петък             - 09:00 - 18:00          Събота и Неделя - с предварително записване",,д-р Боян Марков | д-р Владислав Кънев | д-р Мартин Драганов,https://www.credoweb.bg/page/26009/dentalen-tsentar-eskada-dent
УМБАЛ Бургас АД,,"Burgas, 
бул. Стефан Стамболов 73",http://www.mbalburgas.com/bg,,,0,0,,,,https://www.credoweb.bg/page/19314/umbal-burgas-ad/structures/26104/mbal-burgas-parvo-otdelenie-po-obshta-hirurgiya
УМБАЛ Бургас АД,,"Burgas, 
бул. Стефан Стамболов 73",http://www.mbalburgas.com/bg,,,0,0,,,,https://www.credoweb.bg/page/19314/umbal-burgas-ad/structures/26105/mbal-burgas-otdelenie-po-sadova-hirurgiya
"УМБАЛ ""Д-р Георги Странски""",,"Pleven, 
ул. Георги Кочев 8 а",http://www.umbalpleven.com,,,0,0,,,,https://www.credoweb.bg/page/19555/umbal-d-r-g-stranski/structures/26044/otdelenie-po-obshta-i-klinichna-patologiya
МБАЛ Никопол,,"Nikopol, 
ул. Александър Стамболийски 27",,,,0,0,,,,https://www.credoweb.bg/page/26343/mbal-nikopol/structures/26349/otdelenie-po-akusherstvo-i-ginekologiya
МБАЛ Никопол,,"Nikopol, 
ул. Александър Стамболийски 27",,,,0,0,,,,https://www.credoweb.bg/page/26343/mbal-nikopol/structures/26351/otdelenie-po-vatreshni-bolesti
МБАЛ Никопол,,"Nikopol, 
ул. Александър Стамболийски 27",,,,0,0,,,,https://www.credoweb.bg/page/26343/mbal-nikopol/structures/26352/otdelenie-po-obrazna-diagnostika
МБАЛ Никопол,,"Nikopol, 
ул. Александър Стамболийски 27",,,,0,0,,,,https://www.credoweb.bg/page/26343/mbal-nikopol/structures/26353/mediko-diagnostichni-laboratorii
МБАЛ Никопол,,"Nikopol, 
ул. Александър Стамболийски 27",,,,0,0,,,,https://www.credoweb.bg/page/26343/mbal-nikopol/structures/26354/otdelenie-po-detski-bolesti
Женски консултативен център Геримед,Medical center,"България, София, 1000, ул. Георги С. Раковски 52",http://gerimed.net/,,,0,0,"​Геримед е медицински център създаден през 2006 година. Нашият богат опит гарантира осигуряването на професионално медицинско обслужване.        Геримед е медицински център създаден през 2006 година. Нашият богат опит гарантира осигуряването на професионално медицинско обслужване.    Високата квалификация и опитът на лекарите работещи в ""Геримед"" съчетани с модерната диагностична апаратура, оправдават съвременните изисквания за високо качество на медицинските услуги и добрата медицинска практика.    Доверявайки ни се, Вие се грижите за Вашето здраве!    тел.: 02/983 44 39 – за записване на час  моб. 0888 930 942 – Иво Гергов  моб. 0889 624 972 – Валери Гергов",,д-р Валери Гергов | д-р Иво Гергов,https://www.credoweb.bg/page/26518/zhenski-konsultativen-tsentar-gerimed
МБАЛ Д-р Атанас Дафовски,,"Kardzhali, 
бул. Беломорски 53",http://www.hospital-kj.com/,,,0,0,,,,https://www.credoweb.bg/page/19468/mbal-d-r-atanas-dafovski/structures/26913/gastroenterologichno-otdelenie
УМБАЛ Бургас АД,,"Burgas, 
бул. Стефан Стамболов 73",http://www.mbalburgas.com/bg,,,0,0,,,,https://www.credoweb.bg/page/19314/umbal-burgas-ad/structures/26723/mbal-burgas-otdelenie-za-dolekuvane-i-prodalzhitelno-lechenie
МЦ Медик консулт,Medical center,"България, Русе, 7000, ул. Воден 6",,,,0,0,,,,https://www.credoweb.bg/page/26747/mts-medik-konsult
МБАЛ Д-р Атанас Дафовски,,"Kardzhali, 
бул. Беломорски 53",http://www.hospital-kj.com/,,,0,0,,,,https://www.credoweb.bg/page/19468/mbal-d-r-atanas-dafovski/structures/26916/endokrinologichno-otdelenie
МБАЛ Д-р Атанас Дафовски,,"Kardzhali, 
бул. Беломорски 53",http://www.hospital-kj.com/,,,0,0,,,,https://www.credoweb.bg/page/19468/mbal-d-r-atanas-dafovski/structures/26946/molekulyarno-genetichna-laboratoriya
УМБАЛ Св. Марина - Варна,,"Varna, 
бул. Христо Смирненски 1",www.svetamarina.com,,,0,0,,,,https://www.credoweb.bg/page/19347/umbal-sv-marina-varna/structures/27301/klinika-po-lachelechenie
СМДЛ Дигора,Laboratory,"България, Пловдив, 4000, ул. Македония 6, в сградата на заведение EXTREEM",http://zabni-snimki.zona.bg/,,,0,0,,,,https://www.credoweb.bg/page/27315/smdl-digora
УМБАЛСМ Пирогов,,"Sofia, 
бул. Ген. Едуард И. Тотлебен 21",http://www.pirogov.eu/,,,0,0,,,,https://www.credoweb.bg/page/19698/umbalsm-pirogov/structures/29646/klinika-po-vatreshni-bolesti
Клиника по неврохирургия,Hospital,"България, София, 1000, бул. Ген. Едуард И. Тотлебен 21",,,,0,0,,,,https://www.credoweb.bg/page/29668/klinika-po-nevrohirurgiya
УМБАЛ Св. Марина - Варна,,"Varna, 
бул. Христо Смирненски 1",www.svetamarina.com,,,0,0,,,,https://www.credoweb.bg/page/19347/umbal-sv-marina-varna/structures/27708/klinika-po-revmatologiya
МБАЛНП Свети Наум,,"Sofia, 
ул. Д-р Любен Русев 1",http://www.svnaum.com/,,,0,0,,,,https://www.credoweb.bg/page/19750/mbalnp-sveti-naum/structures/27648/parva-psihiatrichna-klinika
УМБАЛСМ Пирогов,,"Sofia, 
бул. Ген. Едуард И. Тотлебен 21",http://www.pirogov.eu/,,,0,0,,,,https://www.credoweb.bg/page/19698/umbalsm-pirogov/structures/30160/ii-a-travmatologichna-klinika
ІV МБАЛ - София ЕАД,,"Sofia, 
бул. Македония 36",http://www.4mbal.bg/,,,0,0,,,,https://www.credoweb.bg/page/19709/v-mbal-sofiya-ead/structures/31913/hirurgichno-otdelenie
ІV МБАЛ - София ЕАД,,"Sofia, 
бул. Македония 36",http://www.4mbal.bg/,,,0,0,,,,https://www.credoweb.bg/page/19709/v-mbal-sofiya-ead/structures/31914/urologichno-otdelenie
ІV МБАЛ - София ЕАД,,"Sofia, 
бул. Македония 36",http://www.4mbal.bg/,,,0,0,,,,https://www.credoweb.bg/page/19709/v-mbal-sofiya-ead/structures/31915/otdelenie-za-anesteziologiya-i-intezivno-lechenie
ІV МБАЛ - София ЕАД,,"Sofia, 
бул. Македония 36",http://www.4mbal.bg/,,,0,0,,,,https://www.credoweb.bg/page/19709/v-mbal-sofiya-ead/structures/31916/parvo-vatreshno-otdelenie
I МБАЛ София,,"Sofia, 
бул. Патриарх Евтимий № 37",http://1mbal.com,,,0,0,,,,https://www.credoweb.bg/page/19948/i-mbal-sofiya/structures/32131/klinika-po-nervni-bolesti
I МБАЛ София,,"Sofia, 
бул. Патриарх Евтимий № 37",http://1mbal.com,,,0,0,,,,https://www.credoweb.bg/page/19948/i-mbal-sofiya/structures/32135/otdelenie-po-neonatologiya
I МБАЛ София,,"Sofia, 
бул. Патриарх Евтимий № 37",http://1mbal.com,,,0,0,,,,https://www.credoweb.bg/page/19948/i-mbal-sofiya/structures/32136/otdelenie-po-ochni-bolesti
ІV МБАЛ - София ЕАД,,"Sofia, 
бул. Македония 36",http://www.4mbal.bg/,,,0,0,,,,https://www.credoweb.bg/page/19709/v-mbal-sofiya-ead/structures/32030/otdelenie-po-obrazna-diagnostika
ІV МБАЛ - София ЕАД,,"Sofia, 
бул. Македония 36",http://www.4mbal.bg/,,,0,0,,,,https://www.credoweb.bg/page/19709/v-mbal-sofiya-ead/structures/32021/klinichna-laboratoriya
ІV МБАЛ - София ЕАД,,"Sofia, 
бул. Македония 36",http://www.4mbal.bg/,,,0,0,,,,https://www.credoweb.bg/page/19709/v-mbal-sofiya-ead/structures/32022/mikrobiologichna-laboratoriya
V МБАЛ,,"Sofia, 
бул. Ген. Николай Г. Столетов 67А",http://www.5mbal-sofia.com,,,0,0,,,,https://www.credoweb.bg/page/19700/v-mbal/structures/32381/detsko-otdelenie
V МБАЛ,,"Sofia, 
бул. Ген. Николай Г. Столетов 67А",http://www.5mbal-sofia.com,,,0,0,,,,https://www.credoweb.bg/page/19700/v-mbal/structures/32382/otorinolaringologichno-otdelenie
V МБАЛ,,"Sofia, 
бул. Ген. Николай Г. Столетов 67А",http://www.5mbal-sofia.com,,,0,0,,,,https://www.credoweb.bg/page/19700/v-mbal/structures/32392/ochno-otdelenie
V МБАЛ,,"Sofia, 
бул. Ген. Николай Г. Столетов 67А",http://www.5mbal-sofia.com,,,0,0,,,,https://www.credoweb.bg/page/19700/v-mbal/structures/32394/otdelenie-po-obrazna-diagnostika
V МБАЛ,,"Sofia, 
бул. Ген. Николай Г. Столетов 67А",http://www.5mbal-sofia.com,,,0,0,,,,https://www.credoweb.bg/page/19700/v-mbal/structures/32532/klinichna-laboratoriya-v-mbal
V МБАЛ,,"Sofia, 
бул. Ген. Николай Г. Столетов 67А",http://www.5mbal-sofia.com,,,0,0,,,,https://www.credoweb.bg/page/19700/v-mbal/structures/32533/mikrobiologichna-laboratoriya-v-mbal
V МБАЛ,,"Sofia, 
бул. Ген. Николай Г. Столетов 67А",http://www.5mbal-sofia.com,,,0,0,,,,https://www.credoweb.bg/page/19700/v-mbal/structures/32663/oail-otdelenie-po-anesteziologiya-i-intenzivno-lechenie
V МБАЛ,,"Sofia, 
бул. Ген. Николай Г. Столетов 67А",http://www.5mbal-sofia.com,,,0,0,,,,https://www.credoweb.bg/page/19700/v-mbal/structures/32853/parvo-hirurgichno-otdelenie
V МБАЛ,,"Sofia, 
бул. Ген. Николай Г. Столетов 67А",http://www.5mbal-sofia.com,,,0,0,,,,https://www.credoweb.bg/page/19700/v-mbal/structures/32854/vtoro-hirurgichno-otdelenie
V МБАЛ,,"Sofia, 
бул. Ген. Николай Г. Столетов 67А",http://www.5mbal-sofia.com,,,0,0,,,,https://www.credoweb.bg/page/19700/v-mbal/structures/32890/otdelenie-po-gastroenterologiya-v-mbal
Втора МБАЛ,,"Sofia, 
бул. Христо Ботев 120",http://www.vtorambal.com,,,0,0,,,,https://www.credoweb.bg/page/19715/mbal/structures/33653/mediko-diagnostichni-laboratorii
Втора МБАЛ,,"Sofia, 
бул. Христо Ботев 120",http://www.vtorambal.com,,,0,0,,,,https://www.credoweb.bg/page/19715/mbal/structures/33654/akushero-ginekologichna-klinika
Втора МБАЛ,,"Sofia, 
бул. Христо Ботев 120",http://www.vtorambal.com,,,0,0,,,,https://www.credoweb.bg/page/19715/mbal/structures/33656/vatreshna-klinika
Втора МБАЛ,,"Sofia, 
бул. Христо Ботев 120",http://www.vtorambal.com,,,0,0,,,,https://www.credoweb.bg/page/19715/mbal/structures/33658/kardiologichna-klinika
Втора МБАЛ,,"Sofia, 
бул. Христо Ботев 120",http://www.vtorambal.com,,,0,0,,,,https://www.credoweb.bg/page/19715/mbal/structures/33673/pediatrichna-klinika
"СБАЛ по инфекциозни и паразитни болести ""Проф. Ив. Киров""",,"Sofia, 
София, бул. Акад. Иван Евстатиев Гешов 17",http://www.sbalipb.bg/,,,0,0,,,,https://www.credoweb.bg/page/33630/sbal-po-infektsiozni-i-parazitni-bolesti-prof-iv-kirov/structures/33852/parva-klinika
"СБАЛ по инфекциозни и паразитни болести ""Проф. Ив. Киров""",,"Sofia, 
София, бул. Акад. Иван Евстатиев Гешов 17",http://www.sbalipb.bg/,,,0,0,,,,https://www.credoweb.bg/page/33630/sbal-po-infektsiozni-i-parazitni-bolesti-prof-iv-kirov/structures/33853/vtora-klinika-otdelenie-chrevni-infektsii-virusni-hepatiti-paraziten-sektor-i-otdelenie-za-imunosupresirani-bolni
"АСМП""Алергология и клинична имунология""",Hospital,"България, Стара Загора, 6000, бул.""Славянски"" №19 вх.0 ап.28",https://yakovliev.wordpress.com/,+35942600066,yakovliev@abv.bg,0,0,"Всички видове тестувания Определяне на чувствителност към козметика, антибиотици, професионални алергени, миещи препарати и др.        АСМП""Алергология и клинична имунология""    Всички видове тестувания  Определяне на чувствителност към козметика, антибиотици, професионални алергени, миещи препарати и др.  Извършва тестувания с упойки, зъбни анестетици и материали за зъбни протези и медикаменти за локално зъболечение  Подготовка за операции и предоперативно тестуване  Подготовка за имунизации на деца и възрастни  Изготвяне на индивидуален лечебен план на пациента  Изследване на клетъчен имунитет и блокиращи антитела  Експресно изследване на кръвна захар, холестерол и триглицериди  Провеждане на имунотерапия и контрол  Лечебни, диагностични и профилактични инхалации с професионален инхалатор  Изследване на носен секрет за еозинофили  Диференциално броене на еозинофили и кръвни елементи  Контрол и терапия на бронхиална астма при деца и възрастни  Пикфлоуметрия  Ринофлоуметрия  Спирометрия",,"д-р Пламен Яковлиев, дм",https://www.credoweb.bg/page/34266/asmpalergologiya-i-klinichna-imunologiya
"Детски кабинет ""Здравко""",Hospital,"България, Стара Загора, 6000, ул. ""Поп Минчо Кънчев"" № 137",,,,0,0,"Консултации и лечение на деца от 0 до 18 години        Детски кабинет ""Здравко""    1. Работи със здравната каса  2. Консултации и лечение на деца от 0 до 18 години  3. Консултации и лечение на деца с неврологични заболявания  4. Детска консултация и оценка на физическото и невропсихическо развитие  5. Ехография на коремни органи  6. Ехография на централна нервна система(трансфонтанелна ехография) на деца до една година  7. Инхалаторно лечение (при необходимост)",,,https://www.credoweb.bg/page/35132/detski-kabinet-zdravko
Военномедицинска академия,,"Sofia, 
ул. Св. Георги Софийски 3",www.vma.bg,,,0,0,,,,https://www.credoweb.bg/page/19791/voennomeditsinska-akademiya/structures/35622/klinika-po-dermatologiya
МБАЛ - Медицински комплекс Берое,,"Stara Zagora, 
ул. Герасим Папазчев № 1",МК Берое,,,0,0,,,,https://www.credoweb.bg/page/20016/mbal-meditsinski-kompleks-beroe/structures/35980/otdelenie-po-anesteziologiya-i-intenzivno-lechenie-kam-mk
МБАЛ - Медицински комплекс Берое,,"Stara Zagora, 
ул. Герасим Папазчев № 1",МК Берое,,,0,0,,,,https://www.credoweb.bg/page/20016/mbal-meditsinski-kompleks-beroe/structures/35981/obrazna-diagnostika-kam-mkberoe
МБАЛ - Медицински комплекс Берое,,"Stara Zagora, 
ул. Герасим Папазчев № 1",МК Берое,,,0,0,,,,https://www.credoweb.bg/page/20016/mbal-meditsinski-kompleks-beroe/structures/35984/fizioterapiya-kam-mkberoe
МБАЛ - Медицински комплекс Берое,,"Stara Zagora, 
ул. Герасим Папазчев № 1",МК Берое,,,0,0,,,,https://www.credoweb.bg/page/20016/mbal-meditsinski-kompleks-beroe/structures/35985/meditsinski-tsentar-kam-mkberoe
МБАЛ - Медицински комплекс Берое,,"Stara Zagora, 
ул. Герасим Папазчев № 1",МК Берое,,,0,0,,,,https://www.credoweb.bg/page/20016/mbal-meditsinski-kompleks-beroe/structures/35986/kardiologichen-kabinet-kam-mkberoe
МБАЛ - Медицински комплекс Берое,,"Stara Zagora, 
ул. Герасим Папазчев № 1",МК Берое,,,0,0,,,,https://www.credoweb.bg/page/20016/mbal-meditsinski-kompleks-beroe/structures/35989/urologichen-kabinet-kam-mkberoe
МБАЛ - Медицински комплекс Берое,,"Stara Zagora, 
ул. Герасим Папазчев № 1",МК Берое,,,0,0,,,,https://www.credoweb.bg/page/20016/mbal-meditsinski-kompleks-beroe/structures/35993/gastroenterologichen-kabinet-kam-mk-beroe
МБАЛ - Медицински комплекс Берое,,"Stara Zagora, 
ул. Герасим Папазчев № 1",МК Берое,,,0,0,,,,https://www.credoweb.bg/page/20016/mbal-meditsinski-kompleks-beroe/structures/35976/hirurgichno-otdelenie-kam-mk-beroe
МБАЛ - Медицински комплекс Берое,,"Stara Zagora, 
ул. Герасим Папазчев № 1",МК Берое,,,0,0,,,,https://www.credoweb.bg/page/20016/mbal-meditsinski-kompleks-beroe/structures/35977/urologiya-kam-mk-beroe
МБАЛ - Медицински комплекс Берое,,"Stara Zagora, 
ул. Герасим Папазчев № 1",МК Берое,,,0,0,,,,https://www.credoweb.bg/page/20016/mbal-meditsinski-kompleks-beroe/structures/35978/ortopedichno-otdelenie-kam-mkberoe
МБАЛ - Медицински комплекс Берое,,"Stara Zagora, 
ул. Герасим Папазчев № 1",МК Берое,,,0,0,,,,https://www.credoweb.bg/page/20016/mbal-meditsinski-kompleks-beroe/structures/35979/kardiologichno-otdelenie-kam-mk
МДЛ Д-р.Шомов ЕООД,Laboratory,"България, Стара Загора, 6000, ул.Отец Паисий 46",,,,0,0,"Патохистологични и цитологични изследвания        В ""МДЛ Д-р.Шомов"" се извършват патохистологични изследвания на биопсични материали от всички видове тъкани, ендоскопски биопсии,консултация на готови хистологични препарати.    Извършват се цитологични изследвания на гинекологични намазки и намазки от кожни лезии и лаважни течности.     Работи по договор с НЗОК.    Работно време:    понеделник - петък    15:00 -  18:30",,,https://www.credoweb.bg/page/36529/mdl-d-rshomov-eood
МБАЛ - Хасково,,"Haskovo, 
бул. Съединение 49",,,,0,0,,,,https://www.credoweb.bg/page/19905/mbal-haskovo/structures/37252/otdelenie-za-patologichna-bremennost-i-rodilno-otdelenie
МБАЛ - Хасково,,"Haskovo, 
бул. Съединение 49",,,,0,0,,,,https://www.credoweb.bg/page/19905/mbal-haskovo/structures/37255/pediatrichno-otdelenie-kam-mbal-haskovo
МБАЛ - Хасково,,"Haskovo, 
бул. Съединение 49",,,,0,0,,,,https://www.credoweb.bg/page/19905/mbal-haskovo/structures/37256/hirurgichno-otdelenie-kam-mbal-haskovo
МБАЛ - Хасково,,"Haskovo, 
бул. Съединение 49",,,,0,0,,,,https://www.credoweb.bg/page/19905/mbal-haskovo/structures/37257/speshno-otdelenie-kam-mbal-haskovo
МБАЛ Люлин,,"Sofia, 
ул. Петър Дертлиев 81",http://lyulinhospital.com/,,,0,0,,,,https://www.credoweb.bg/page/19783/mbal-lyulin/structures/37593/otdelenie-po-revmatologiya-mbal-lyulin
МБАЛ Люлин,,"Sofia, 
ул. Петър Дертлиев 81",http://lyulinhospital.com/,,,0,0,,,,https://www.credoweb.bg/page/19783/mbal-lyulin/structures/37601/otdelenie-po-akusherstvo-i-ginekologiya-mbal-lyulin
МБАЛ Люлин,,"Sofia, 
ул. Петър Дертлиев 81",http://lyulinhospital.com/,,,0,0,,,,https://www.credoweb.bg/page/19783/mbal-lyulin/structures/37606/otdelenie-po-fizioterapiya-mbal-lyulin
"Дентално студио ""VITADENT""",Dental clinic,"България, Пловдив, 4000, ул.""Карловска""16",https://vitadent.alle.bg/,,,0,0,,,д-р Хари Ховагимян,https://www.credoweb.bg/page/41381/dentalno-studio-vitadent
"МБАЛ ""Д-р Хр. Стамболски""",,"Kazanlak, 
ул. Старозагорска 16","МБАЛ ""Христо Стамболски""",,,0,0,,,,https://www.credoweb.bg/page/19999/mbal-d-r-hr-stambolski/structures/45010/otdelenie-po-ortopediya-i-travmatologiya-kam-mbal-hristo-stambolski
МЦ София 2000,,"Sofia, 
бул. Княгиня Мария Луиза 92",http://www.mc-sofia2000.com/,,,0,0,,,,https://www.credoweb.bg/page/47409/mts-sofiya-2000/structures/47417/ag-i-asistirana-reproduktsiya
МЦ София 2000,,"Sofia, 
бул. Княгиня Мария Луиза 92",http://www.mc-sofia2000.com/,,,0,0,,,,https://www.credoweb.bg/page/47409/mts-sofiya-2000/structures/47419/diagnostichno-lecheben-tsentar
УМБАЛ Александровска,,"Sofia, 
ул. Св. Георги Софийски 1",http://alexandrovska.com/display.php?bg,,,0,0,,,,https://www.credoweb.bg/page/19790/umbal-aleksandrovska/structures/47555/klinika-po-kardiologiya-prof-konstantin-chilov
Военномедицинска академия,,"Sofia, 
ул. Св. Георги Софийски 3",www.vma.bg,,,0,0,,,,https://www.credoweb.bg/page/19791/voennomeditsinska-akademiya/structures/50030/klinika-po-oftalmologiya
Дентален център VI,Dental clinic,"България, София, 1000, ул. Иван Вазов 5",http://www.dentalencenter6.com/,,,0,0,,,,https://www.credoweb.bg/page/50106/dentalen-tsentar-vi
"Клиника по гастроентерология - УМБАЛ ""Св. Марина""",Clinic,"България, Варна, 9000, ул.”Хр.Смирненски” 1",www.svetamarina.com,,,0,0,"Клиниката по гастроентерология и нефрология е основана през 1973 г.    През 1976 г. се обособява самостоятелна Клиника по гастроентерология към обединената Катедра по вътрешни болести с ръководител проф. д-р Константин Койчев. През 1977 - 1994 г. ръководител на Клиниката по гастроентерология е проф. д-р Г. Върбанов, а през периода 1995-2016 г. – проф. д-р Искрен Коцев. От 2016 г. ръководител на клиниката е доц. д-р Милко Божидаров Мирчев, д.м.    Клиниката разполага с отделение с 2 стаи за интензивно обслужване на болни и 11 болнични стаи, консултативен кабинет, манипулационна, два ендоскопски кабинета, два кабинета за ултразвуково изследване, конферентна зала с видеовръзка с ендоскопските кабинети, лекарски кабинети.              Услуги:         Диагностична горна и долна ендоскопия, дуоденоскопия, амбулаторна рН-метрия, балонна дилатация, ендоскопска полипектомия, склерозиране и лигиране на варици, ендоскопска хемостаза при спешни ситуации.  Съвместно с КООХ извършване на ендоскопска ретроградна холангиопанкреатография (ERCP) с екстракция на конкременти и поставяне на протези, както и ендоскопски ултразвук (EUS).  Конвенционална ехография, контрастно-усилен ултразвук (КУУЗ),  чернодробна биопсия (ЧБ), FibroScan, изследване на PCR за HBV DNA, HCV RNA и HDV RNA, вирусни маркери за хепатит В, В+D и С, изследване на анти-глиадинови и анти-тъканна трансглутаминаза Аg, изследване на авто-антитела при автоимунен хепатит.    Диагностична дейност:    Болести на ГИТ, черния дроб и жлъчно-панкреасната система по КП № 68, 69, 70, 71, 72, 73, 74, 75, 76         Терапевтична дейност:    Лечение на ГЕРБ, рефлуксен езофагит, язвена болест, мотилитетни заболявани на хранопровода, хроничен гастрит, инфекция с НР, възпалителни болести на червата – язвен колит и болест на Крон, микроскопски колит, пострадиационен колит, исхемичен колит, дразнимо дебело черво, чревна и стомашна полипоза, глутенова ентеропатия, холецистити, холангити, панкреатити – остри и хронични, хронични вирусни и невирусни хепатити, болест на Уилсън, НАСХ, АСХ, чернодробна цироза и нейните усложнения,,неопластични болести на храносмилателната система и др.         Апаратура:         Ехографи, включително и с хармонизиращо устройство за извършване на контрасто-усилен ултразвук, видеоендоскопи за диагностична и терапевтична горна и долна ендоскопия, дуоденоскопия за извършване на ERCP, апаратура за EUS, набор игли за перкутанна чернодробна биопсия по техниката на Менгини и ТRU-CUT и ТАБ, апаратура за 24-часова рН-метрия",,,https://www.credoweb.bg/page/96650/klinika-po-gastroenterologiya-umbal-sv-marina
Regina Life Clinic,Clinic,"България, София, 1715, София, ул. „Околовръстен път“ 251А, сграда Ring Tower, eт. 12",https://www.reginalife.clinic/,,,0,0,"Медицински център Regina Life Clinic e първата частна специализирана клиника с метаболитна насоченост в София, която предлага цялостно обслужване при доказани специалисти спрямо индивидуалните нужди и цели на пациентите по пътя към по-здравословен и балансиран начин на живот. Клиниката предлага диагностично-консултативна, профилактична, учебна и научна дейност с прилагане на съвременни медицински методи, които се извършват на една локация за максимален комфорт. Сред широката гама от услуги на Regina Life Clinic са консултации с ендокринолог, кардиолог, ортопед, онколог, гастроентеролог, клиничен диетолог и психолог, лабораторни изследвания и специализирани тестове за телесен състав, бързо ефикасни интравенозни терапии и енергизиращи шотове, изготвяне на хранителни режими, включително за хора с хронични заболяване или професионални спортисти, анти-ейджинг и слим-фит програми, както и обучение на студенти и следдипломно обучение на медицински специалисти.    Повече информация може да откриете на: www.reginalife.clinic",,,https://www.credoweb.bg/page/146152/regina-life-clinic
МБАЛ Югозападна Болница,Hospital,"България, Сандански, 2800, Паркова Зона",https://mbalsandanski.com/,,,0,0,,,,https://www.credoweb.bg/page/93920/mbal-yugozapadna-bolnitsa
УМБАЛСМ Пирогов,,"Sofia, 
бул. Ген. Едуард И. Тотлебен 21",http://www.pirogov.eu/,,,0,0,,,,https://www.credoweb.bg/page/19698/umbalsm-pirogov/structures/24231/vtora-hirurgichna-klinika
Медицински рехабилитационен комплекс ФИЗИОВИТА,Medical center,"България, Стара Загора, 6000, ул.""Св.Отец Паисий"" 59",,+359888609464,,0,0,"Физикална медицина и физиотерапия, мануална терапия, лазертерапия, акупунктура        МРК ""ФИЗИОВИТА"" разполага с квалифициран персонал и съвременна апаратура за лечение на редица заболявания :    заболявания на опорно-двигателния апарат (артрити, артрози, заболявания на гръбначния стълб и др.)  заболявания на периферната нервна система ( плексити, радикулити, дископатия и др.)  възпалителни и алергични заболявания на горните дихателни пътища (ринити, синуити, бронхити)  заболявания на пикочо-половата сдистема в хроничен стадий (аднексити, простатити)  заболявания на сърдечно-съдовата система, обменни заболявания и др.    МРК ""ФИЗИОВИТА"" работи :    по договори :    РЗОК,  ОЗОФ ""Доверие"" АД, ЗОК ""България- Здраве""           свободен прием, абонамент    Предлага:    Физиотерапевтични услуги за деца и възрастни    кинезитерапия и масаж    Процедури с лечебна кал и луга    Лазертерапия    Мануална терапия    акупунктура    Вега тест    Биоскенер",,,https://www.credoweb.bg/page/35286/meditsinski-rehabilitatsionen-kompleks-fiziovita
V МБАЛ,,"Sofia, 
бул. Ген. Николай Г. Столетов 67А",http://www.5mbal-sofia.com,,,0,0,,,,https://www.credoweb.bg/page/19700/v-mbal/structures/31959/ginekologichno-otdelenie
V МБАЛ,,"Sofia, 
бул. Ген. Николай Г. Столетов 67А",http://www.5mbal-sofia.com,,,0,0,,,,https://www.credoweb.bg/page/19700/v-mbal/structures/31962/urologichno-otdelenie
ДКЦ 14,Hospital,"България, София, 1000, ул. Д-р Стефан Сарафов 7",,,,0,0,,,,https://www.credoweb.bg/page/19751/dkts-14
ДКЦ 23,Hospital,"България, София, 1000, ул. Клисура 20",,,,0,0,,,д-р Мария Саздова,https://www.credoweb.bg/page/19764/dkts-23
Поликлиника Бургас,Hospital,"България, Бургас, 8000, бул. Стефан Стамболов 132",,,,0,0,,,,https://www.credoweb.bg/page/20051/poliklinika-burgas
МЦ Окулус,Medical center,"България, Плевен, 5800, ул. Патриарх Евтимий 5",www.oculus-mc.com,,,0,0,"В медицински център ""Окулус"" се осъществява:    авторефрактометрия /компютърно изследване на зрителната острота/;   компютърна периметрия;  безконтактна тонометрия /измерване на вътреочното налягане/;  пахиметрия /измерване дебелината на роговицата/;  оглед с Голдман;  ОСТ /очен скенер/;  флуоресцеинова ангиография /цветна снимка на очното дъно/;  автофлуоресценция.  Модерна очна хирургия  катаракта (вътрешно перде с ултразвук)  глаукома (с лазер или хирургично)  операция на роговица и конюктива (вътрешно перде)",Очен кабинет | Операционен блок,"Д-р Велизар Тодоров | д-р Весела Иванчева, дм | Д-р Юлия Тодорова",https://www.credoweb.bg/page/20072/mts-okulus
ДКЦ 30,Hospital,"България, София, 1000, ж.к. Обеля ІІ, ул. 108",,,,0,0,,,,https://www.credoweb.bg/page/21074/dkts-30
МЦ Д-р Гунев,Medical center,"България, София, 1000, бул. Пенчо Славейков 33",,,,0,0,,,,https://www.credoweb.bg/page/26591/mts-d-r-gunev
МЦ Ситимед,Hospital,"България, Русе, 7000, Русе",,,,0,0,,,,https://www.credoweb.bg/page/31557/mts-sitimed
МЦ Уроелит,Hospital,"България, София, 1000, София",,,,0,0,,,,https://www.credoweb.bg/page/32191/mts-uroelit
Дежурни кабинети - Стара Загора,Medical center,"България, Стара Загора, 6000, ул.""Княз Александър Батемберг"" 19",,,,0,0,Старозагорско сдружение на общопрактикуващите лекари - денонощни кабинети,,,https://www.credoweb.bg/page/35408/dezhurni-kabineti-stara-zagora
"МЦ ""Д-р Г.В.Миркович""",Hospital,"България, Сливен, 8800, ул.Христо Ботев 1",МЦ Д-р Миркович,,,0,0,"МЦ ""Д-р Г.В.Миркович"" ЕООД е здравно лечебно заведение за извънболнична медицинска помощ.        МЦ ""Д-р Г.В.Миркович"" ЕООД е създаден през 2001г. с решение на Борда на директорите на МБАЛ ""Д-р Иван Селимински"" АД- Сливен.    МЦ ""Д-р Г.В.Миркович"" ЕООД е здравно лечебно заведение за извънболнична медицинска помощ.    В медицинския център работи екип от високо специализирани професионалисти от всички области на медицината:  вътрешни болести, пулмология, ендокринология, гастроентерология, кардиология , неврология, педиатрия, хирургия, урология, акушерство и гинекология, офталмология, оториноларингология, неврохирургия, физиотерапия, клинична лаборатория, рентгенология и др.    В центъра се извършват широка гама лабораторни, апаратни и инструментални изследвания, като за тази цел функционират специализирани кабинети.         ИЗБЕРЕТЕ САМО НАЙ-ДОБРОТО И СИГУРНО ЗА ВАШЕТО ЗДРАВЕ!    ДОВЕРЕТЕ СЕ на високия професонализъм на нашите консултанти, които Ви осигуряват точна диагностика с модерна техника, съвременни методи на лечение и схеми за профилактика и наблюдение.    ВАШЕТО ЗДРАВЕ Е ВЪВ ВАШИТЕ РЪЦЕ!    СПИСЪК НА ЛЕКАРИТЕ РАБОТЕЩИ В    МЦ ""Д-Р ГЕОРГИ ВЪЛКОВ МИРКОВИЧ"" ЕООД СЛИВЕН    1. Д-р Георги Желев Георгиев - Вътрешни болести - 044 611800    2. Д-р Таня Димитрова Сейкова/Пашева - Акушерство и гинекология - 044 611808    3. Д-р Ангел Стоянов Митков - Акушерство и гинекология - 044 611808    4. Д-р Красимир Николов Господинов - Акушерство и гинекология - 044 625206    5. Д-р Димитър Велчев Димитров - Ендокринология и обмяна на веществата - 044 611729    6. Д-р Йовка Стойчева Стойчева - Вътрешни болести и Кардиология - 044 611768    7. Д-р Дина Димитрова Кемалова - Неврология - 044 625206    8. Д-р Красимир Николов Господинов - Онкология - 044 625206    9. Д-р Живко Стоянов Терзиев - УНГ болести - 044 611845    10. Д-р Димитър Русчев Димитров - Очни болести - 044 611737    11. Д-р Люба Николай Бъчварова - Детски болести - 044 611796    12. Д-р Росица Михайлова Райнова - Детски болести - 044 611796    13. Д-р Таня Павлинова Праматарова  - Детски болести - 044 611766    14. Д-р Апостол Вълканов Апостолов - Психиатрия - 044 625206    15. Д-р Щилиян Андреев Андреев - Хирургия - 044 611844    16. Д-р Георги Иванов Димитров - Хирургия - 044 611844    17. Д-р Петър Павлов Петров - Урология - 044 625206    18. Д-р Йордан Йорданов Йорданов - Неврохирургия - 044 625206    19. Д-р Веселин Петров Василев - Физиотерапия и рехабилитационна медицина - 044 611836    20. Д-р Галина Иванова Бакърджиева - Клинична лаборатория - 044 611772    21. Д-р Мирчо Христов Попов - Рентгенология - 044 611842    22. Д-р Димитър Иванов Калев - Рентгенология - Котел    23. Клинична лаборатория Котел           ЛКК          1. Акушерогинекологична -Д-р Пашева, Д-р Митков    2. Ендокринологична ЛКК -Д-р Димитров, Д-р Илиева    3. Педиатрична -Д-р Бъчварова, Д-р Райнова    4. Обща -Д-р Георгиев, Д-р Кемалова, Д-р Андреев         Специализирани ЛКК за помощни средства     1. Ортопедична -Д-р Хрисантов, Д-р Сотиров    2. Неврологична -Д-р Кемалова, Д-р Бояджиева    3. Хирургична -Д-р Коларов, Д-р Павлов           Работното време на лекарите всеки ден е различно съобразено с графика в отделението където работят.За графика на лекарите може да се осведомите на регистратурата - тел. 62 52 06 или 611797    Срещу заплащане в МЦ ""Д-р Г.В.Миркович"" ЕООД всяка сряда преглеждат съдови хирурзи от гр.Стара Загора - Доц.Димитър Петков, Антон Елкин, Иван Тенев.    Веднъж месечно ни посещава и очен лекар от гр.Варна - Д-р Янислав Косев.    В МЦ ""Д-р Г.В.Миркович"" ЕООД се осъществява неотложна помощ – всяка вечер от 19.30 до 7.30 и през почивните дни денонощно. Обслужват се пациентите на 65 лични лекари.    Тел. 611796 / 625206 / 0886 543969    1. Д-р Александър Драгански    2. Д-р Ангелина Гъркова    3. Д-р Анна Камекова    4. Д-р Атанас Райов    5. Д-р Бекриеви - ГППИМП    6. Д-р Божидар Генов    7. Д-р Божидар Кирилов    8. Д-р Бойка Колева    9. Д-р Венелина Велева    10. Д-р Венера Тодорова    11. Д-р Веселин Лазаров    12. Д-р Владимир Нестеров    13. Д-р Галина Богданова    14. Д-р Галина Георгиева    15. Д-р Галина Стоянова    16. Д-р Галя Костова - ""Терамедикс""    17. Д-р Георги Натев    18. Д-р Данчо Димитров    19. Д-р Детелина Василева    20. Д-р Диана Георгиева    21. Д-р Диана Драганска    22. Д-р Диана Костадинова    23. Д-р Димитър Стойчев    24. Д-р Добринка Клисарова    25. Д-р Дора Димитрова    26. Д-р Евгени Тенчев    27. Д-р Елина Милкова    28. Д-р Елка Нинова    29. Д-р Емил Енчев    30. Д-р Емилиян Петров    31. Д-р Жени Ванкова    32. Д-р Здравко Златев    33. Д-р Златина Милева    34. Д-р Иванов/Неделчева    35. Д-р Иванова и Д-р Ходжев    36. Д-р Ивелина Тодорова    37. Д-р Илко Тодоров    38. Д-р Камелия Донева    39. Д-р Кинче Топалова    40. Д-р Кирил Кинчев    41. Д-р Кирилови - ГППИМП    42. Д-р Красимир Крайчев    43. Д-р Лиляна Шишкова    44. Д-р Маринка Кашинска    45. Д-р Мария Господинова    46. Д-р Мария Христова    47. Д-р Милка Георгиева    48. Д-р Михаил Сяров    49. Д-р Моника Тонева    50. Д-р Назар Мохамед    51. Д-р Наташа Петкова    52. Д-р Невена Георгиева    53. Д-р Нели Гацева    54. Д-р Николай Бакърджиев    55. Д-р Пепа Божидарова    56. Д-р Росица Иванова    57. Д-р Росица Маринова    58. Д-р Румяна Славчева    59. Д-р Светла Златева    60. Д-р Славка Иванова    61. Д-р Снежана Илиева    62. Д-р Станка Тенева    63. Д-р Тодорка Стоева    64. Д-р Цветанка Жечева    65. Д-р Диан Колев",,д-р Катя Гаджалова | д-р Николай Бакърджиев | д-р Роза Георгиева Бобева,https://www.credoweb.bg/page/50481/mts-d-r-gvmirkovich
"""Д-р Николай Гечев - АИПСМППДНХ"" ЕООД",Hospital,"България, Пловдив, 4000, гр. Пловдив, ул. ""Кавала"" 20, етаж 7, кабинет 4",http://www.credoweb.bg/quot-d-r-nikolay-gechev-aipsmppdnh-quot-eood-inst-56585.html,,,0,0,,,,https://www.credoweb.bg/page/56585/d-r-nikolay-gechev-aipsmppdnh-eood
МУ-Варна-Център по източна медицина,Medical center,"България, Варна, 9000, Бул. Цар Освободител №84",,+359889930960,,0,0,,,,https://www.credoweb.bg/page/61468/mu-varna-tsentar-po-iztochna-meditsina
Мешков Дентал /Meshkov Dental/,Dental clinic,"България, Пловдив, 4000, бул. Освобождение №59",,,,0,0,,,,https://www.credoweb.bg/page/74527/meshkov-dental-meshkov-dental
Клиника по вътрешни болести и хепатогастроентерология,Clinic,"България, София, 1797, бул. „Доктор Г. М. Димитров“ 16",www.hospitalsofiamed.bg,,,0,0,"Клиниката по Вътрешни болести и хепатогастроентерология е разположена на 4-ти етаж в УМБАЛ ""Софиямед"".         Сертифицирана е като клиника с III-то, най-високо ниво на компетентност.    Условията за лечението на пациенти са много комфортни като за тях полага грижи опитен колектив от лекари и медицински персонал. Клиниката разполага с 38 легла разпределени в стаи с 2,3 и 4 легла.     В клиниката  се извършват всички основни диагностични и терапевтични методи в областта на гастроентерологията, вътрешните болести и хепатологията. Разполага със съвременна ендоскопска апаратура, както и последно поколение ехографска апаратура за извършване на контрастна ехография, както и елестография.          Ехографската система е произведена през 2016г. и е на марката GENERAL ELECTRIC- втора генерация на модел LOGIC S8. Благодарение на нея специалиститте могат да преценяват степента на чернодробното увреждане при пациенти, излекувани от хронична инфекция с вирус на хепатит С. Апаратурата позволява и проследяване на пациенти с хроничен хепатит, чернодробна фиброза, стеатохепатит, чернодробна стеатоза.",,,https://www.credoweb.bg/page/96647/klinika-po-vatreshni-bolesti-i-hepatogastroenterologiya
"Клиника по гастроентерология - УМБАЛ ""Каспела""",Clinic,"България, Пловдив, 4000, ул.''София'' 64 Блок 3, ет. 5 и 6",www.kaspela.com,,,0,0,"Клиниката по гастроентерология разполага с последно поколение видео-ендоскопска апаратура от марката „Olympus”, както и най-висок клас на ехографите Aloka, Toshiba и Siemens, което позволява провеждане на най-високо ниво на качествени гастроентерологични диагностични и терапевтични процедури. Класирана е на I-во място сред останалите гастроентерологични звена в Южна България по критерии на НЗОК. В клиниката широко се използват методите контрастно-усилена ехография и ERCP, което се провежда в специална зала, изолирана с олово и оборудвана с дигитален мобилен рентгенов апарат тип “С” рамо на италианския производител BMI Biomedical. Целият ни екип от специалисти са участвали във всички необходими ендоскопски и ехографски курсове за издаване на сертификат към медицински университети в страната и притежават най-високото III ниво на компетентност за извършваните процедури. Част от лекарите са провели дългосрочно индивидуално обучение в Западна Европа и имат богат опит в провеждането на уникалните за региона ендоскопска ехография и еластография. Специалисти от клиниката са членове на най-престижните европейски гастроентерологични сдружения и ежегодно посещават европейски конгреси на EASL, UEG и EGEUS. За измиване и дезинфекция на ендоскопската апаратура се използва автоматизирана система на френската фирма Soluscope, чрез оригинални френски дезинфекциращи препарати, което гарантира чистота на апаратурата и спокойствие на пациентите, по отношение на безопасността за инфектиране при всяко едно изследване.    Множество чуждестранни и български студенти, както и стажант-лекари, провеждат ежедневно обучение върду богатата палитра от заболявания и усвояват коректните диагностични и терапевтични подходи.       Извършвани ендоскопски манипулации    Извършват се ендоскопски манипулации за:         изваждане на чуждо тяло и спиране на кървене от горния и долния стомашно-чревен тракт – ендоскопска хемостаза чрез инжекционни и термични методи  отстраняване на доброкачествени новообразувания на лигавицата (аденоми/полипи)  чрез полипектомия, аргон-плазмена коагулация и деструкция, мукозна резекция  отстраняване на доброкачествени или злокачествени новообразувания на лигавицата чрез ендоскопска субмукозна дисекция  поставяне на перкутанна ендоскопска гастро- или ентеростома за осигуряване на ентерално хранене с концентрирани хранителни субстанции при невъзможност за приемане на храна през устата  връзково лигиране на варици на хранопровода, стомаха, ректума или хемороиди за профилактика на кървене или спиране на кървене  балонна дилатация при доброкачествени и злокачествени стриктури/стеснения на хранопровода, дванадесетопръстника, дебелото черво – постоперативни, след изгаряне, Болест на Крон, рак и други  протезиране – поставяне на ендопротези при доброкачествени или злокачествени стриктури на стомашно-чревния тракт или чревни фистули  свързани с ERCP, интервенционални терапевтични и диагностични процедури на papilla Vateri, жлъчните пътища и панкреаса – визуализация на жлъчни пътища, папилосфинктеротомия, екстракция на конкременти, стентиране (пластмасови и саморазгъващи се метални протези)    При желание всички пациенти се консултират от специалист анестезиолог и при липса на противопоказания посочените процедури се извършват под анестезия без допълнително заплащане.    Извършвани манипулации под ехографски и рентгенов контрол  перкутанна биопсия за хистологичен анализ на огнищни и дифузни процеси в черен дроб, панкреас или при вътрекоремна маса с неизвестен произход, лимфни възли  биопсия посредством ехоендоскоп на патологично увеличени лимфни възли разположени в близост до хранопровода, стомаха и панкреаса  перкутанен дренаж на жлъчни пътища под рентгенов и ултразвуков контрол  дренаж на жлъчни пътища и панкреасни кисти чрез ехоендоскопски достъп  биопсия посредством ехоендоскоп на формации ангажиращи екстралуменно гастроинтестиналната тръба  чернодробна биопсия за стадиране на фиброзата при хронични вирусни хепатити  биопсия на панкреас и черен дроб при огнищни процеси за хистологичен анализ    Както ендоскопските, така и останалите процедури се извършват под обща анестезия при желание на пациента без допълнително заплащане.    Хронични вирусни хепатити    Създаден е център за скрининг и изследвания на пациенти с хронични вирусни хепатити. Провежда се целият обем диагностика за преценка на необходимостта от стартиране на противовирусно лечение, съгласно критериите на НЗОК. В клиниката е разкрита утвърдена от НЗОК комисия от лекари, за издаване на протокол за стартиране на безплатно за пациента противовирусно лечение при хронични вирусни хепатити В, С, D. Екип от специалисти е ангажиран с подготовката на документите за започване на лечение и проследяване на пациентите за периода на лечението, както и след това.    Хронични чревни възпалителни заболявания    Някои от специалистите ни са с изявен професионален интерес към болестта на Крон и улцерозен колит, с богат опит в диагностичен и терапевтичен аспект. Разкрита е комисия от лекари, която в съответствие с критерии на НЗОК, подготвя документите за стартиране на безплатно за пациента биологично лечение, както и проследява пациентите в хода на тяхната терапия.    Пациенти с наднормено тегло    Клиниката разполага със специално оборудвана ендоскопска зала, позволяваща провеждане на манипулации на пациенти с наднормено тегло до 400кг. Въведен е метод за поставяне на стомашен балон от най-ново поколение, който води до трайно намаление на теглото на пациентите. Подходящ е при всички пациенти с body mass index( BMI ) над 27.",,,https://www.credoweb.bg/page/96657/klinika-po-gastroenterologiya-umbal-kaspela
МЦ Хирон,Medical center,"България, Хасково, 6300, бул. Съединение 22-А",,,,0,0,,,д-р Митко Петков | д-р Нора Дочева | д-р Слава Хадживълчева,https://www.credoweb.bg/page/26078/mts-hiron
"Клиника по гастроентерология - УМБАЛ ""Св. Георги""",Clinic,"България, Пловдив, 4000, База 2 бул. ''Пещерско шосе'' 66 ет.9",www.unihosp.com,,,0,0,"ИСТОРИЯ:      Клиника по Гастроентерология и хепатология е създадена през 1993 г. С основаването завършва процеса на профилиране на Вътрешните клиники. Ръководител на клиниката от нейното създаване до 2002 г. е проф. д-р Иван Станчев, дмн. Понастоящем клиниката се ръководи от Николай Гогов Кръстев,дм,дмн.    МЕСТОПОЛОЖЕНИЕ:      Клиника по Гастроентерология е разположена в База 2 (Хирургиченблок), ет. 9 на УМБАЛ„Св. Георги"" ЕАД, с адрес - гр. Пловдив, бул. „Пещерскошосе"" №66.    ОСНОВНА ДЕЙНОСТ:      В Клиниката се извършват следните диагностични и терапевтични манипулации,специфични за хепатогастроентерология:         Гастроскопия, сполипектомия;  Колоноскопия, сполипектомия;  Абдоминалнаехография.  Констрастна ехография;  Перкутанна целенасочена чернодробна биопсия;  Връзково лигиране на варици на хранопровода;  Ендоскопска дилатация;  Пункция и дренаж ма чернодробни абцеси;    Обслужват се болни насочени към Клиниката отличните лекари и специалистите, с направление за хоспитализация.  Леглова база: 32 легла.    Клиника по Гастроентерология обслужва болни по следните клинични пътеки към НЗОК:         КП № 68 Диагностика и лечение на заболявания на горния гастроинтестиналния тракт;  КП № 69 Високоспециализирани интервенционални процедури при заболявания на гастроинтестиналния тракт;  КП № 70 Диагностика и лечение на болест на крон и улцерозен колит;  КП № 71 Диагностика и лечение на заболявания на тънкото и дебелото черво;  КП № 72 Ендоскопско и медикаментозно лечение при остро кървене от гастроинтестиналния тракт;  КП № 73 Високоспециализирани интервенционни процедури при заболявания на хепатобилиарната система (ХБС), панкреаса и перитонеума;  КП № 74 Диагностика и лечение на заболявания на хепатобилиарната система, панкреаса и перитонеума;  КП № 75 Диагностика и лечение на декомпенсирани чернодробни заболявания(цироза);  КП № 76 Диагностика и лечение на хронични чернодробни заболявания.",,,https://www.credoweb.bg/page/96652/klinika-po-gastroenterologiya-umbal-sv-georgi
InSpiro,Medical center,"България, София, 1000, ул. Петър Протич 4",https://inspiro.bg/,,,0,0,"Медицински център INSPIRO е специализиран в диагностиката, лечението и профилактиката на белодробни болести и нарушения на съня. Мисията на Медицински център INSPIRO е да се превърне във водещо лечебно заведение в България, предоставящо квалифицирана медицинска грижа от най-високо ниво, благодарение на нашия млад и опитен екип от доказани специалисти.         В медицински център INSPIRO работи опитен екип от пулмолози, както и специалисти по медицина на съня, сертифицирани от престижни европейски институции. Фокусът ни върху белодробното здраве и медицината на съня се допълва от свързани специалности, които ни позволяват да предоставим комплексна услуга на нашите пациенти. В нашия екип можете да намерите и кардиолог, алерголог, детски пулмолог, педиатър, УНГ специалист, невролог и много други.",,,https://www.credoweb.bg/page/163668/inspiro
ДКЦ 22,Hospital,"България, София, 1000, ул. Николай Коперник 9",,,,0,0,,,д-р Албена Шумкова | д-р Александър Кирков | д-р Алида Димитрова | д-р Антоанела Константинова | д-р Антоанета Антонова | Д-р Венета Доровска | Д-р Десислава Лазарова | д-р Живка Загорова | д-р Здравка Карамфилова | д-р Калин Бутилов | д-р Любомир Бутилов | д-р Мадлена Портарска,https://www.credoweb.bg/page/19779/dkts-22
УМБАЛ Бургас АД,,"Burgas, 
бул. Стефан Стамболов 73",http://www.mbalburgas.com/bg,,,0,0,,,,https://www.credoweb.bg/page/19314/umbal-burgas-ad/structures/20093/mbal-burgas-otdelenie-po-ortopediya-i-travmatologiya
K&K Laser Dent,Dental clinic,"България, Пловдив, 4000, ул. Емил де Лавеле 11",http://laserdent-bg.com/,+359879320879,,0,0,"Дентален кабинет K & K Dent е създаден 1992 година в град Пловдив и съчетава качествата на традициите и иновациите в денталната медицина. Преди 5 години практиката прибавя към името си ЛАЗЕРЕН, тъй като е първата в град Пловдив, която въвежда най-новата технология в стоматологията- високоенергиен воден лазер, който осигурява на пациента по-високо ниво на стоматологични услуги. Екипът на K & K Laser Dent е съчетан от специалисти в различни области на стоматологията, които работят заедно в името на своята философия:",,"д-р Благовеста Янева, дм | д-р Николче Атанасов",https://www.credoweb.bg/page/33874/kk-laser-dent
Diamond Dental Clinic Plovdiv,Hospital,"България, Пловдив, 4000, ул. ""Славееви гори"" 41А",https://www.facebook.com/DrGeorgieva.Diamond.Dental.Clinic.Plovdiv,,,0,0,,,,https://www.credoweb.bg/page/41722/diamond-dental-clinic-plovdiv
"МЦ ""Д-р Демирева""",Medical center,"България, Стамболийски (Стамболийски), 4210, Хотел и бизнес център ""Тракия"" ет. 2",http://www.janetademireva.com/,,,0,0,,,,https://www.credoweb.bg/page/46951/mts-d-r-demireva
Дентална Практика АВИ ДЕНТ,Dental clinic,"България, Пловдив, 4000, ул. Карловска 24",www.avi-dent.com,,,0,0,,,д-р Иво Георгиев Цветков,https://www.credoweb.bg/page/54620/dentalna-praktika-avi-dent
Диагностично Консултативен Център - 2,Hospital,"България, 7000, гр. Русе, ул. „Рига"" 35",ДКЦ 2,,rd.dudev@gmail.com,0,0,,,,https://www.credoweb.bg/page/57962/diagnostichno-konsultativen-tsentar-2
Хот Спрингс,Medical center,"България, Баня (Разлог), 2778, ул. Втора 43",www.hotsprings-spa.com,+359888337337,medical@hotsprings-spa.com,0,0,"ОПОРНО-ДВИГАТЕЛЕН АПАРАТ         лечение и профилактика на:    • Дистрофични дегенеративни заболявания     на ставите       полиартроза, гонартроза, коксартроза, спондилоартроза    • Възпалителни заболявания на ставите       моно- и полиартрити, равмотоиден, псориатичен и подагрозен артрит    • Увреждания на междупрешленните дискове       дискови хернии, радикулопатии, дорзалгии    • Спондилопатии и дорзопатии       анкилозиращ спондилит, спондилоза, остеохондрит, кифоза, сколиоза    • Състояния след ендопротезиране на стави       (тазобедрена и колянна)    • Вродени луксации на тазобедрена става    • Травматични увреждания на костно-ставния апарат       навяхване, изкълчване, счупване    • Болести на меките тъкани и контрактури от       кожно-мускулен произход       травматични и възпалителни увреждания на мускули, сухожилия;       лигаментарен апарат – миозит, синовит, тендосиновит, бурсит;    • Болест на Бехтерев         Лечебната програма включва:    БЕЗПЛАТЕН първичен лекарски преглед и    по 4 броя медицински терапии НА ДЕН:    • по 1 бр. високотехнологична физиотерапия    • по 1 бр. класическа физиотерапия    • по 1 бр. Кинезитерапия  • по 1 бр. хидротерапия/пелоидотерапия         ПЕРИФЕРНА НЕРВНА    СИСТЕМА         лечение и профилактика на:    • Неврити    • Радикулити    • Плексити    • Парези и парализи    • Увреждания на периферните        нерви       възпалителни / дистрофични / травматични         Лечебната програма включва:    БЕЗПЛАТЕН първичен лекарски преглед и    по 4 броя медицински терапии НА ДЕН:    • по 1 бр. високотехнологична физиотерапия    • по 1 бр. класическа физиотерапия    • по 1 бр. кинезитерапия    • по 1 бр. хидротерапия/пелоидотерапия         ДИХАТЕЛНА СИСТЕМА         лечение и профилактика на:    • Фарингити / ларингити / ринити / синуити       хронични, неспецифични и алергични заболявания       на горните дихателни пътища    • Бронхиална астма    • Бронхит    • Хронично-обструктивна     белодробна болест    • Състояния след пневмония              Лечебната програма включва:    БЕЗПЛАТЕН първичен лекарски преглед и    по 4 броя медицински терапии НА ДЕН:    • по 1 бр. инхалация    • по 1 бр. класическа физиотерапия    • по 1 бр. кинезитерапия    • по 1 бр. хидротерапия/пелоидотерапия    + Tеренолечение              За всички лечебни програми:    По лекарска преценка и според състоянието на пациента процедурите    могат да бъдат заменени с други от заложените в медицинските терапии.    По лекарска преценка лечебният процес може да се допълни с:         • парна баня    • сауна    • минерални басейни    • питейно приложение на минерална вода",,,https://www.credoweb.bg/page/76274/hot-springs
AestheLine,Clinic,"България, София, 1700, ул. Йордан Йосифов 1А",www.aestheline.com,,,0,0,,,,https://www.credoweb.bg/page/87559/aestheline
МЦ Вежен Медикал,Medical center,"България, София, 1000, ул. ""Вежен"" 6",,,,0,0,,,,https://www.credoweb.bg/page/89483/mts-vezhen-medikal
СМДЛ Диагностик Експерт ЕООД,Laboratory,"България, Бургас, 8000, к-с Славейков, Сан Сити (бл.126)",,,,0,0,,,,https://www.credoweb.bg/page/107176/smdl-diagnostik-ekspert-eood
Да Винчи Клиник ООД,Dental clinic,"България, София, 1700, ул. Проф. Саздо Иванов 6",www.davinciclinic-bg.com,,,0,0,,,,https://www.credoweb.bg/page/121111/da-vinchi-klinik-ood
Урологичен център-Др Кънчев ЕООД,Medical center,"България, Бургас, 8000, к-с Славейков бл. 153",,,,0,0,,,,https://www.credoweb.bg/page/132771/urologichen-tsentar-dr-kanchev-eood
"Очна клиника ""Света Петка""",Clinic,"България, Варна, 9000, ул. Проф. д-р Георги Георгиев 4",Към сайта,,,0,0,"Очна клиника ""Света Петка"" -гр. Варна е открита официално на 5 май 2000г. Основател на клиниката е доц. д-р Тошо Митов, д.м.         Клиниката разполага с 12 кабинета, които са оборудвани с най-съвременна апаратура за изследване, диагностика и лечение на очни заболявания. Разположени са на два етажа, всеки с отделна регистратура и обслужващ персонал. За удобството на пациентите са предвидени две просторни зали за изчакване, както и добре оборудвана оптика с богат избор на очила и аксесоари, намираща се в същата сграда. Помислили сме и за най-малките. Обособили сме уютен детски кът, в който децата да играят и така посещението им в Клиниката да бъде приятно, … а защо не и забавно!?    На третия етаж са разположени четири операционни зали. Хирургията в офталмологията изисква супер модерна техника – микроскопи, лазери и ултразвукови машини.         В Очна клиника „Света Петка” се извършват всички видове очни операции на старческо перде, глаукома, операции на ретината и стъкловидното тяло, кератопластика, пластични и естетични процедури.         Една от залите е снабдена с последно поколение лазери за корекция на късогледство, далекогледство и астигматизъм. За Вас работят VISX S4 IR и SCHWIND AMARIS.         На четвъртия етаж се намира модерен стационар, осигуряващ спокоен и комфортен престой на пациентите, за които се изисква постоперативно пряко наблюдение.    Клиниката е база за обучение на офталмолози и разполага със собствена библиотека и зала за обучение. Стремежът ни е да поставим в услуга на пациентите си, както най-актуалната офталмологична техника, така и високо квалифицирани специалисти, които са винаги в крак с новостите в науката и световната практиката.         Към днешна дата клиниката разполага с още 5 медицински центъра в гр.Варна и страната.",Очен медицински център Лазарекс - Пловдив | Очен медицински център Света Петка - Добрич | Очен медицински център Света Петка - Шумен | Очен медицински център Света Петка - Варна | Очен медицински център Света Петка - Велико Търново,,https://www.credoweb.bg/page/155562/ochna-klinika-sveta-petka
"Очен медицински център ""Лазерекс"" - Пловдив",Medical center,"България, Пловдив, 4000, ул. Колхида – продължение, Транспортна болница, ет.3",,,,0,0,"Центърът работи с Националната здравноoсигурителна каса.    Пълна диагностика и лечение на всички очни заболявания.    Медицински услуги – преглед от специалист.    Лазерна корекция на късогледство, далекогледство и астигматизъм,    Cross linking и лазерна корекция (комбинирана процедура).",,,https://www.credoweb.bg/page/155566/ochen-meditsinski-tsentar-lazereks-plovdiv
"Очен медицински център ""Света Петка"" - Шумен",Medical center,"България, Шумен, 9700, ул.Цар Иван Александър 110А",,,,0,0,,,,https://www.credoweb.bg/page/155569/ochen-meditsinski-tsentar-sveta-petka-shumen
Очен медицински център Света Петка - Добрич,Medical center,"България, Добрич, 9300, ул.Кап. Димитър Списаревски 23 (на ъгъла с ул. Георги Кирков)",,+35958 594 531,,0,0,Центърът работи с Националната здравноoсигурителна каса.    Пълна диагностика и лечение на всички очни заболявания.    Медицински услуги – преглед от специалист.,,Д-р Ева Ервантян,https://www.credoweb.bg/page/155573/ochen-meditsinski-tsentar-sveta-petka-dobrich
Дентален център О.СЕМ – Цар Симеон,Dental clinic,"България, Бургас, 8000, ул. Цар Симеон I, №12",https://osemdental.com/,,,0,0,,,,https://www.credoweb.bg/page/158138/dentalen-tsentar-osem-tsar-simeon
Дентален център О.СЕМ – Изгрев,Dental clinic,"България, Бургас, 8008, бул. „Никола Петков“ 126",https://osemdental.com/,+359877,burgas@osemdental.com,0,0,"О.СЕМ е верига от дентални центрове в Бургас, създадена като символ на иновативните, достъпни и ориентирани към пациента дентални услуги. Фокусиран в намирането на комплексни решения и индивидуален подход, съобразени с медицинските нужди, възрастта и личността на всеки пациент, дентален център О.СЕМ е клиниката за Вас и за цялото Ви семейство. Дентален център О.СЕМ Изгрев се намира на бул. Никола Петков 126 (близо до кръговото на хотел Мираж, срещу Макдоналдс, от страната на кв. Изгрев). Помещава се в самостоятелна сграда, с интериор, съчетаващ функционалност, модерен дизайн и уют. Освен пеша или с автомобил, до удобната ни локация може да стигнете с множество линии на градския транспорт (Б1, Б11, 6).",,,https://www.credoweb.bg/page/158145/dentalen-tsentar-osem-izgrev
Ортопедичен център Кинов,Medical center,"България, София, 1527, бул. Княз Дондуков 135, вх. 2 ет. 2",,,,0,0,,,,https://www.credoweb.bg/page/166934/ortopedichen-tsentar-kinov
Дентален център О.СЕМ - София,Dental clinic,"България, София, 1202, ул. Георги Бенковски 49",https://osemdental.com/,87,,0,0,"О.СЕМ е денталната клиника за Вас и Вашето семейство. Разполага с модерното оборудване и дентален рентген на място. Нашата амбиция е да предложим висококачествена и достъпна дентална грижа за всички наши пациенти. Ние сме професионалисти с честно отношение към пациентите си - лекуваме ви, както бихме лекували себе си.",,,https://www.credoweb.bg/page/158709/dentalen-tsentar-osem-sofiya
Лилия Трихология,Hospital,"България, София, 1000, ул. Епископ Протоген бл. 44",,,,0,0,,,,https://www.credoweb.bg/page/162435/liliya-trihologiya
Д-р Снежана Христова - Дентален кабинет,Hospital,"България, Силистра, 7500, бул. Македония 61",,,,0,0,"Д-р Снежана Христова е тесен специалист по поставяне на зъбни импланти. Преминала двугодишен цикъл на обучение към Международна имплантологична фондация със седалище Мюнхен и с много опит, д-р Христова е зъболекарят, на който със сигурност можете да се доверите.",,,https://www.credoweb.bg/page/32850/d-r-snezhana-hristova-dentalen-kabinet
ДКЦ 15,Hospital,"България, София, 1000, ул. Никола Габровски 20",,,,0,0,,,,https://www.credoweb.bg/page/19777/dkts-15
МЦ Мазалат,Medical center,"България, Казанлък, 6100, ул. л. Кабакчиев 4",,,,0,0,,,,https://www.credoweb.bg/page/19833/mts-mazalat
МБАЛ Самоков,Hospital,"България, Самоков, 2000, ул. Македония 49",,,,0,0,,,,https://www.credoweb.bg/page/19821/mbal-samokov
Транспортна болница,Hospital,"България, Горна Оряховица, 5100, ул. Съединение 13",,,,0,0,,,,https://www.credoweb.bg/page/20089/transportna-bolnitsa
МЦ Breast Unit - ВМА,Medical center,"България, София, 1000, ул. Св. Георги Софийски № 3",http://breastunit.bg,,,0,0,,,,https://www.credoweb.bg/page/20095/mts-breast-unit-vma
УМБАЛ Софиямед,,"Sofia, 
бул. Г. М. Димитров 16",http://hospitalsofiamed.bg/,,,0,0,,,,https://www.credoweb.bg/page/19697/umbal-sofiyamed/structures/20310/otdelenie-po-kardiologiya-i-invazivna-kardiologiya
МЦ 1,,"Stara Zagora, 
ул. Цар Иван Шишман 41",,,,0,0,,,,https://www.credoweb.bg/page/19876/mts-1/structures/24759/kabinet-ortopediya-i-travmatologiya
МБАЛ Еврохоспитал,Hospital,"България, Варна, 9000, кв. Виница, ул. Найден Райков 2А",,,,0,0,,,,https://www.credoweb.bg/page/25453/mbal-evrohospital
FiHealth,,"Sofia, 
ул. Проф. Александър Фол 2",http://www.fihealth.bg/,,,0,0,,,,https://www.credoweb.bg/page/19788/fihealth/structures/31031/fihealth-detski-tsentar-sloncho
Лаборатория за изследване на съня,Laboratory,"България, Пловдив, 4000, бул. ""В. Априлов"" 15А",www.sleepapnea-bg.info,,,0,0,"Информация за заболяванията на съня и възможностите на лабораторията за диагностика и терапия. Акцентът е върху обструктивната сънна апнея, централната сънна апнея при сърдечна недостатъчност, безсънието, синдрома на неспокойните крака и нарколепсията.",,,https://www.credoweb.bg/page/32800/laboratoriya-za-izsledvane-na-sanya
Педиатричен кабинет-Д-р Сурчева,Hospital,"България, Стара Загора, 6000, ул.""Ген.Столетов""25",,,,0,0,Извършват се прегледи на деца от 0 до 18г Ехография на коремни органи .При необходимост лечение на обструкции чрез провежздане на инхалации.Провежда се детска консултация на кърмачета.Обучение за правилно захранване на кърмачето.,,,https://www.credoweb.bg/page/35023/pediatrichen-kabinet-d-r-surcheva
СБАЛДБ Д-р Лисичкова,,"Varna, 
бул. ""Република"" 91, МК Младост, ет. 5, тяло Г",Лабораторни резултати,,,0,0,,,,https://www.credoweb.bg/page/19983/sbaldb-d-r-lisichkova/structures/37055/mnogoprofilno-detsko-otdelenie
СБАЛДБ Д-р Лисичкова,,"Varna, 
бул. ""Република"" 91, МК Младост, ет. 5, тяло Г",Лабораторни резултати,,,0,0,,,,https://www.credoweb.bg/page/19983/sbaldb-d-r-lisichkova/structures/37058/intenzivno-otdelenie
МБАЛ Люлин,,"Sofia, 
ул. Петър Дертлиев 81",http://lyulinhospital.com/,,,0,0,,,,https://www.credoweb.bg/page/19783/mbal-lyulin/structures/37604/otdelenie-po-vatreshni-bolesti-mbal-lyulin
Медико Дентален Център Ортогин ООД,Medical center,"България, София, 1000, ул. ""Белмекен"" 2А",www.orthogyn.com,,,0,0,"МДЦ Ортогин е специализиран в областта на феталната медицина (биохимичен скрининг, фетална морфология, фетална ехокардиография, неинвазивни ДНК тестове, хорион биопсия, амниоцентеза), акушерство (проследяване на високорискова бременност, имунология на бременността, женска консултация) и гинекология.",,"Доц. Петър Игнатов, дм",https://www.credoweb.bg/page/42035/mediko-dentalen-tsentar-ortogin-ood
Кабинет УНГ,Hospital,"България, София, 1000, Ж.К. Дървеница, улица Стефан Илиев, блок 17, ВХОД А, ап 2 , звънец 2 , этаж първи.",Facebook Страница,,,0,0,"Професор Д-р. Анжелика Димитрова , провежда консултации и амбулаторно лечение, профилактични и лечебни прегледи на уши, нос и гърло, консервативно лечение на хронични тонзилити (сливици) и аденоиди,лечение на алергични ринити(сенна хрема), миене на уши, всички видове лечебно диагностични процедури.",,Д-р Йохан Яхубян | Д-р Хасан Хаджиев,https://www.credoweb.bg/page/42440/kabinet-ung
"Дентална клиника ""Буная""",Dental clinic,"България, София, 1000, ул. ""Васил Друмев"" № 4",www.bunaya.eu,+3598466642,info@bunaya.eu,0,0,"Стоматологична клиника ""БУНАЯ"" е създадена с основната цел да отговори на нуждата от професионално лечение на пациентите. Това, което Ви предлагаме не е ""комплексно обслужване"" от един стоматолог. Работата в екип е основната цел на практиката ни.",,,https://www.credoweb.bg/page/45344/dentalna-klinika-bunaya
ТУБ диспансер,Hospital,"България, София, 1000, ул. Кирил и Методи 78",,,,0,0,,,,https://www.credoweb.bg/page/19763/tub-dispanser
Стоматологична Практика д-р Петя Бодичева,Hospital,"България, Варна, 9000, Ген. Колев 66 ет. 1",www.bodicheva-dent.com,,,0,0,"Д-р Бодичева е млад специалист, който непрекъснато се интересува от новостите в стоматологията. Мисията на д-р Бодичева е да осигури качествено и безболезнено лечение на цялото семейство. В кабинета Ви очаква елегантна обстановка, прецизна работа и индивидуален подход към всеки пациент!",,,https://www.credoweb.bg/page/41140/stomatologichna-praktika-d-r-petya-bodicheva
МЦ ІІ Бургас,Medical center,"България, Бургас, 8000, к-с Славейков (до 9-то ОДЗ), пк 120",,,,0,0,,,,https://www.credoweb.bg/page/19976/mts-burgas
МЦ Аура,Medical center,"България, Велико Търново, 5000, ул. Марно поле 21",,,,0,0,,,"д-р Георги Баръмов | д-р Даниела Василева Пурчева | Д-р Иво Тодоров Найденов, дм | Д-р Мая Петкова Пирева | д-р Мирелла Иванова Богданова",https://www.credoweb.bg/page/19388/mts-aura
МБАЛ Рахила Ангелова,Hospital,"България, Перник, 2300, ул. Брезник 2",,,,0,0,,,,https://www.credoweb.bg/page/19526/mbal-rahila-angelova
ДКЦ 2,Hospital,"България, Добрич, 9300, бул. 25-ти Септември 68",,,,0,0,,,,https://www.credoweb.bg/page/19458/dkts-2
МЦ Южен полъх,Medical center,"България, Пловдив, 4000, ул. Александър Стамболийски 107",,,,0,0,,,,https://www.credoweb.bg/page/19594/mts-yuzhen-polah
МЦ Кристал,Medical center,"България, София, 1000, ул. Осогово 55",,,,0,0,,,,https://www.credoweb.bg/page/19781/mts-kristal
Медико-диагностична лаборатория MDL - ООД,Hospital,"България, Бургас, 8000, бул. Стефан Стамболов 73",,,,0,0,"Медико-диагностична лаборатория”МДЛ-ООД”гр. Бургас е самостоятелно лечебно заведение регистрирано по ЗЛЗ през м.юни 2000г.            Лабораторията е пряк наследник на бившата микробиологична лаборатория в бургаската болница. Създадена е преди 40 години от доцент Пенка Сотирова бивш ръководител на катедра по микробиолгия и вирусология МУ Ст.Загора.    От 2000-та година лабораторията извършва изследвания на почти всички разпространени в България инфекциозни болести –микробиологични, паразитологични и вирусологични. Всяка година се разширява спектъра на изследванията и се усъвършенствуват методиките.    Лабораторията обслужва болнични и доболнични пациенти. Работи с НЗОК.Извършва профилактични изследвания за медицински документи. Издава документи за извършване на изследвания с доброволни застрахователни фондове. Сключва договори с други лечебни заведения за извършване на изследвания.    Разработена е система за извършване на изследвания от врата до врата. Има възможност и за извършване на колективни изследвания. Резултатите от изследванията могат да се получават по електронната поща.    Заявки за извършване на изследвания за здравни книжки по места и получаване на резултатите лично могат да се правят на страницата на лабораторията.",,,https://www.credoweb.bg/page/20032/mediko-diagnostichna-laboratoriya-mdl-ood
УМБАЛ Бургас АД,,"Burgas, 
бул. Стефан Стамболов 73",http://www.mbalburgas.com/bg,,,0,0,,,,https://www.credoweb.bg/page/19314/umbal-burgas-ad/structures/20040/mbal-burgas-otdelenie-po-urologiya
Здравна Къща Несебър,Hospital,"България, Несебър, 8230, ул. Иван Вазов 11",,,,0,0,,,,https://www.credoweb.bg/page/20047/zdravna-kashta-nesebar
МБАЛ Хигия ООД,Hospital,"България, Хасково, 6300, ул. Стефан Стамболов 2",,,,0,0,,Отделение по ренгенология,,https://www.credoweb.bg/page/20136/mbal-higiya-ood
МЦ Св. Пантелеймон,,"Stara Zagora, 
ул. Петко Р. Славейков 58",www.st-panteleymon.com,,,0,0,,,,https://www.credoweb.bg/page/19867/mts-sv-panteleymon/structures/20381/kabinet-po-fizikalna-terapiya-i-kineziterapiya
ДКЦ Ритъм ТР ООД,,"Stara Zagora, 
ул. Васил Априлов 12 а",www.ritambolnica.com,,,0,0,,,,https://www.credoweb.bg/page/19854/dkts-ritam-2010/structures/20390/kabinet-po-hirurgiya
ДКЦ Ритъм ТР ООД,,"Stara Zagora, 
ул. Васил Априлов 12 а",www.ritambolnica.com,,,0,0,,,,https://www.credoweb.bg/page/19854/dkts-ritam-2010/structures/20391/endokrinologichen-kabinet
ДКЦ Ритъм ТР ООД,,"Stara Zagora, 
ул. Васил Априлов 12 а",www.ritambolnica.com,,,0,0,,,,https://www.credoweb.bg/page/19854/dkts-ritam-2010/structures/20392/belodroben-kabinet
ДКЦ Ритъм ТР ООД,,"Stara Zagora, 
ул. Васил Априлов 12 а",www.ritambolnica.com,,,0,0,,,,https://www.credoweb.bg/page/19854/dkts-ritam-2010/structures/20393/nevrologichen-kabinet
ДКЦ Ритъм ТР ООД,,"Stara Zagora, 
ул. Васил Априлов 12 а",www.ritambolnica.com,,,0,0,,,,https://www.credoweb.bg/page/19854/dkts-ritam-2010/structures/20394/kabinet-po-ochni-bolesti
ДКЦ Ритъм ТР ООД,,"Stara Zagora, 
ул. Васил Априлов 12 а",www.ritambolnica.com,,,0,0,,,,https://www.credoweb.bg/page/19854/dkts-ritam-2010/structures/20396/funktsionalen-kabinet
ДКЦ Ритъм ТР ООД,,"Stara Zagora, 
ул. Васил Априлов 12 а",www.ritambolnica.com,,,0,0,,,,https://www.credoweb.bg/page/19854/dkts-ritam-2010/structures/20397/klinichna-laboratoriya
ДКЦ Ритъм ТР ООД,,"Stara Zagora, 
ул. Васил Априлов 12 а",www.ritambolnica.com,,,0,0,,,,https://www.credoweb.bg/page/19854/dkts-ritam-2010/structures/20398/obrazna-diagnostika
"Медицински център ""Д-р Хайвазов""",,"Sofia, 
бул. Цариградско шосе №131, етаж 7",http://medicine-bg.com/,,,0,0,,,,https://www.credoweb.bg/page/20043/mts-d-r-hayvazov/structures/20399/ortopediya-i-travmatologiya
"Медицински център ""Д-р Хайвазов""",,"Sofia, 
бул. Цариградско шосе №131, етаж 7",http://medicine-bg.com/,,,0,0,,,,https://www.credoweb.bg/page/20043/mts-d-r-hayvazov/structures/20400/oftalmologiya
УМБАЛ Софиямед,,"Sofia, 
бул. Г. М. Димитров 16",http://hospitalsofiamed.bg/,,,0,0,,,,https://www.credoweb.bg/page/19697/umbal-sofiyamed/structures/20309/otdelenie-po-ushno-nosno-garleni-bolesti
ДКЦ Асцендент,,"Sofia, 
ул. Бачо Киро 47",http://www.ascendent.bg/,,,0,0,,,,https://www.credoweb.bg/page/19736/dkts-astsendent/structures/20313/mamologiya
УМБАЛ Софиямед,,"Sofia, 
бул. Г. М. Димитров 16",http://hospitalsofiamed.bg/,,,0,0,,,,https://www.credoweb.bg/page/19697/umbal-sofiyamed/structures/20314/otdelenie-po-revmatologiya
УМБАЛ Софиямед,,"Sofia, 
бул. Г. М. Димитров 16",http://hospitalsofiamed.bg/,,,0,0,,,,https://www.credoweb.bg/page/19697/umbal-sofiyamed/structures/20315/otdelenie-po-nevrohirurgiya
ДКЦ Ритъм ТР ООД,,"Stara Zagora, 
ул. Васил Априлов 12 а",www.ritambolnica.com,,,0,0,,,,https://www.credoweb.bg/page/19854/dkts-ritam-2010/structures/20316/kabinet-vatreshni-bolesti
ДКЦ Асцендент,,"Sofia, 
ул. Бачо Киро 47",http://www.ascendent.bg/,,,0,0,,,,https://www.credoweb.bg/page/19736/dkts-astsendent/structures/20318/kabinet-po-endokrinologiya
ДКЦ Асцендент,,"Sofia, 
ул. Бачо Киро 47",http://www.ascendent.bg/,,,0,0,,,,https://www.credoweb.bg/page/19736/dkts-astsendent/structures/20319/kabinet-po-kardiologiya
ДКЦ Асцендент,,"Sofia, 
ул. Бачо Киро 47",http://www.ascendent.bg/,,,0,0,,,,https://www.credoweb.bg/page/19736/dkts-astsendent/structures/20320/ag-kabinet
ДКЦ Асцендент,,"Sofia, 
ул. Бачо Киро 47",http://www.ascendent.bg/,,,0,0,,,,https://www.credoweb.bg/page/19736/dkts-astsendent/structures/20321/zhenska-konsultatsiya
Аджибадем Сити Клиник Сърдечно-съдов център,,"Sofia, 
ул. Околовръстен път 127",www.acibademcityclinic.bg,,,0,0,,,,https://www.credoweb.bg/page/19946/adzhibadem-siti-klinik-sardechno-sadov-tsentar/structures/20406/vatreshni-bolesti
Аджибадем Сити Клиник Сърдечно-съдов център,,"Sofia, 
ул. Околовръстен път 127",www.acibademcityclinic.bg,,,0,0,,,,https://www.credoweb.bg/page/19946/adzhibadem-siti-klinik-sardechno-sadov-tsentar/structures/20410/obrazna-diagnostika
МЦ ОФТА-НЕВРО,,"Sofia, 
жк. Дианабад, ул. Апостол Карамитев 7",,,,0,0,,,,https://www.credoweb.bg/page/20042/mts-ofta-nevro/structures/20411/kabinet-po-oftalmologiya
МЦ 1 - Пловдив,,"Plovdiv, 
бул.Васил Априлов 20",http://medcenter-1.com,,,0,0,,,,https://www.credoweb.bg/page/20068/mts-1-plovdiv/structures/20421/otdelenie-po-ochni-bolesti
МЦ 1 - Пловдив,,"Plovdiv, 
бул.Васил Априлов 20",http://medcenter-1.com,,,0,0,,,,https://www.credoweb.bg/page/20068/mts-1-plovdiv/structures/20424/otdelenie-po-kozhni-bolesti
МЦ 1 - Пловдив,,"Plovdiv, 
бул.Васил Априлов 20",http://medcenter-1.com,,,0,0,,,,https://www.credoweb.bg/page/20068/mts-1-plovdiv/structures/20427/otdelenie-po-ginekologiya
МЦ 1 - Пловдив,,"Plovdiv, 
бул.Васил Априлов 20",http://medcenter-1.com,,,0,0,,,,https://www.credoweb.bg/page/20068/mts-1-plovdiv/structures/20429/otdelenie-po-hirurgiya
Военномедицинска академия,,"Sofia, 
ул. Св. Георги Софийски 3",www.vma.bg,,,0,0,,,,https://www.credoweb.bg/page/19791/voennomeditsinska-akademiya/structures/20360/nptsveh-struktura-i-personal
МЦ Св. Пантелеймон,,"Stara Zagora, 
ул. Петко Р. Славейков 58",www.st-panteleymon.com,,,0,0,,,,https://www.credoweb.bg/page/19867/mts-sv-panteleymon/structures/20374/kabinet-po-ung
МЦ Св. Пантелеймон,,"Stara Zagora, 
ул. Петко Р. Славейков 58",www.st-panteleymon.com,,,0,0,,,,https://www.credoweb.bg/page/19867/mts-sv-panteleymon/structures/20375/kabinet-po-kardiologiya
МЦ Св. Пантелеймон,,"Stara Zagora, 
ул. Петко Р. Славейков 58",www.st-panteleymon.com,,,0,0,,,,https://www.credoweb.bg/page/19867/mts-sv-panteleymon/structures/20378/kabinet-po-hirurgiya-i-detska-hirurgiya
МЦ Св. Пантелеймон,,"Stara Zagora, 
ул. Петко Р. Славейков 58",www.st-panteleymon.com,,,0,0,,,,https://www.credoweb.bg/page/19867/mts-sv-panteleymon/structures/20380/kabinet-po-ochni-bolesti
Отделениe по вътрешни болести,Hospital,България,,,,0,0,"Основните дейности на Първа гинекология са:     комплексна диагностика и лечение на раковите и предраковите заболявания на женските гинеталии  диагностика и лечение на доброкачествените тумори на женската полова система  диагностика и лечение на статичните заболявания на женските полови органи  диагностика и лечение на уро-гинекологичните заболявания  осъществяване на научно-практическа и научно-приложна дейност  лечение на уринарна инконтиненция на жената със съвременни методи / TVT Segure /  всички видове лапароскопски и ендоскопски операции  асистирана репродукция - нов обновен център, разполагащ със съвременна апаратура",,,https://www.credoweb.bg/page/20333/otdelenie-po-vatreshni-bolesti
МЦ Здраве за всеки - Младост,,"Sofia, 
жк Младост-1 бл.54, ул. Йерусалим",http://zdravezavseki.com,,,0,0,,,,https://www.credoweb.bg/page/19981/mts-zdrave-za-vseki-mladost/structures/20335/kabinet-po-kineziterapiya
МЦ Здраве за всеки - Люлин,,"Sofia, 
Бул. Европа №31",http://zdravezavseki.com,,,0,0,,,,https://www.credoweb.bg/page/19985/mts-zdrave-za-vseki-lyulin/structures/20342/kabinet-po-kineziterapiya
МЦ Здраве за всеки - Младост,,"Sofia, 
жк Младост-1 бл.54, ул. Йерусалим",http://zdravezavseki.com,,,0,0,,,,https://www.credoweb.bg/page/19981/mts-zdrave-za-vseki-mladost/structures/20343/kabinet-po-fizioterapiya
МЦ Здраве за всеки - Люлин,,"Sofia, 
Бул. Европа №31",http://zdravezavseki.com,,,0,0,,,,https://www.credoweb.bg/page/19985/mts-zdrave-za-vseki-lyulin/structures/20346/kabinet-po-fizioterapiya
МЦ 1 - Пловдив,,"Plovdiv, 
бул.Васил Априлов 20",http://medcenter-1.com,,,0,0,,,,https://www.credoweb.bg/page/20068/mts-1-plovdiv/structures/20434/otdelenie-po-urologiya
МЦ 1 - Пловдив,,"Plovdiv, 
бул.Васил Априлов 20",http://medcenter-1.com,,,0,0,,,,https://www.credoweb.bg/page/20068/mts-1-plovdiv/structures/20437/otdelenie-ushi-nos-i-garlo
МЦ 1 - Пловдив,,"Plovdiv, 
бул.Васил Априлов 20",http://medcenter-1.com,,,0,0,,,,https://www.credoweb.bg/page/20068/mts-1-plovdiv/structures/20441/otdelenie-po-gastroenterologiya
МЦ Окулус,,"Pleven, 
ул. Патриарх Евтимий 5",www.oculus-mc.com,,,0,0,,,,https://www.credoweb.bg/page/20072/mts-okulus/structures/20445/ochen-kabinet
МЦ Окулус,,"Pleven, 
ул. Патриарх Евтимий 5",www.oculus-mc.com,,,0,0,,,,https://www.credoweb.bg/page/20072/mts-okulus/structures/20446/operatsionen-blok
"Медицински център ""Трета поликлиника""",,"Stara Zagora, 
бул. ""Патриарх Евтимий"" 86",www.trakiahospital.com,,,0,0,,,,https://www.credoweb.bg/page/20007/meditsinski-tsentar-treta-poliklinika/structures/20447/kabinet-ochni-bolesti
"Медицински център ""Трета поликлиника""",,"Stara Zagora, 
бул. ""Патриарх Евтимий"" 86",www.trakiahospital.com,,,0,0,,,,https://www.credoweb.bg/page/20007/meditsinski-tsentar-treta-poliklinika/structures/20449/kabinet-urologiya-i-nefrologiya
"Медицински център ""Трета поликлиника""",,"Stara Zagora, 
бул. ""Патриарх Евтимий"" 86",www.trakiahospital.com,,,0,0,,,,https://www.credoweb.bg/page/20007/meditsinski-tsentar-treta-poliklinika/structures/20450/kabinet-nervni-bolesti
"Медицински център ""Трета поликлиника""",,"Stara Zagora, 
бул. ""Патриарх Евтимий"" 86",www.trakiahospital.com,,,0,0,,,,https://www.credoweb.bg/page/20007/meditsinski-tsentar-treta-poliklinika/structures/20451/kabinet-za-psihichno-zdrave
"Медицински център ""Трета поликлиника""",,"Stara Zagora, 
бул. ""Патриарх Евтимий"" 86",www.trakiahospital.com,,,0,0,,,,https://www.credoweb.bg/page/20007/meditsinski-tsentar-treta-poliklinika/structures/20452/kabinet-belodrobni-bolesti
"Медицински център ""Трета поликлиника""",,"Stara Zagora, 
бул. ""Патриарх Евтимий"" 86",www.trakiahospital.com,,,0,0,,,,https://www.credoweb.bg/page/20007/meditsinski-tsentar-treta-poliklinika/structures/20454/kabinet-sadova-hirurgiya
"Медицински център ""Трета поликлиника""",,"Stara Zagora, 
бул. ""Патриарх Евтимий"" 86",www.trakiahospital.com,,,0,0,,,,https://www.credoweb.bg/page/20007/meditsinski-tsentar-treta-poliklinika/structures/20456/kabinet-sardechno-sadovi-bolesti
"Медицински център ""Трета поликлиника""",,"Stara Zagora, 
бул. ""Патриарх Евтимий"" 86",www.trakiahospital.com,,,0,0,,,,https://www.credoweb.bg/page/20007/meditsinski-tsentar-treta-poliklinika/structures/20457/kabinet-endokrinologiya-i-revmatologiya
МБАЛ Бургасмед,,"Burgas, 
кв. Меден Рудник, зона А, кв. 11",,,,0,0,,,,https://www.credoweb.bg/page/20048/mbal-burgasmed/structures/20465/otdelenie-akusherstvo-i-ginekologiya
МБАЛ Бургасмед,,"Burgas, 
кв. Меден Рудник, зона А, кв. 11",,,,0,0,,,,https://www.credoweb.bg/page/20048/mbal-burgasmed/structures/20471/otdelenie-neonatologiya
МБАЛ Бургасмед,,"Burgas, 
кв. Меден Рудник, зона А, кв. 11",,,,0,0,,,,https://www.credoweb.bg/page/20048/mbal-burgasmed/structures/20474/otdelenie-obrazna-diagnostika-rentgen-kat-yamr-mamograf-ehograf
"Медицински център ""Трета поликлиника""",,"Stara Zagora, 
бул. ""Патриарх Евтимий"" 86",www.trakiahospital.com,,,0,0,,,,https://www.credoweb.bg/page/20007/meditsinski-tsentar-treta-poliklinika/structures/20511/kabinet-gastroenterologiya
МЦ Света София,,"Burgas, 
ул. Възраждане 13",http://www.saintsofia.com,,,0,0,,,,https://www.credoweb.bg/page/19321/mts-sveta-sofiya/structures/20484/kabinet-gastroenterologiya
Акушеро-гинекологично отделение,Hospital,България,,,,0,0,,,,https://www.credoweb.bg/page/21705/akushero-ginekologichno-otdelenie
Отделение по гастроентерология,Hospital,"България, Пловдив, 4000, бул. България 234",,,,0,0,,,,https://www.credoweb.bg/page/21910/otdelenie-po-gastroenterologiya
"УМБАЛ ""Д-р Георги Странски""",,"Pleven, 
ул. Георги Кочев 8 а",http://www.umbalpleven.com,,,0,0,,,,https://www.credoweb.bg/page/19555/umbal-d-r-g-stranski/structures/23121/klinika-po-obrazna-diagnostika
УМБАЛ Св. Георги - База 1,,"Plovdiv, 
бул. В. Априлов 15",,,,0,0,,,,https://www.credoweb.bg/page/20060/umbal-sv-georgi-baza-1/structures/23263/meditsinska-onkologiya
МЦ 1,,"Stara Zagora, 
ул. Цар Иван Шишман 41",,,,0,0,,,,https://www.credoweb.bg/page/19876/mts-1/structures/24749/kabinet-hirurgiya
МЦ 1,,"Stara Zagora, 
ул. Цар Иван Шишман 41",,,,0,0,,,,https://www.credoweb.bg/page/19876/mts-1/structures/24752/kabinet-sportna-meditsina
МЦ 1,,"Stara Zagora, 
ул. Цар Иван Шишман 41",,,,0,0,,,,https://www.credoweb.bg/page/19876/mts-1/structures/24753/kabinet-psihiatriya
МЦ 1,,"Stara Zagora, 
ул. Цар Иван Шишман 41",,,,0,0,,,,https://www.credoweb.bg/page/19876/mts-1/structures/24754/kabinet-nefrologiya
МЦ 1,,"Stara Zagora, 
ул. Цар Иван Шишман 41",,,,0,0,,,,https://www.credoweb.bg/page/19876/mts-1/structures/24755/kabinet-akushersvo-i-ginekologiya
МЦ 1,,"Stara Zagora, 
ул. Цар Иван Шишман 41",,,,0,0,,,,https://www.credoweb.bg/page/19876/mts-1/structures/24756/kabinet-kardiologiya
МЦ 1,,"Stara Zagora, 
ул. Цар Иван Шишман 41",,,,0,0,,,,https://www.credoweb.bg/page/19876/mts-1/structures/24757/kabinet-vatreshni-bolesti
МЦ 1,,"Stara Zagora, 
ул. Цар Иван Шишман 41",,,,0,0,,,,https://www.credoweb.bg/page/19876/mts-1/structures/24758/kabinet-fizioterapiya
МЦ 1,,"Stara Zagora, 
ул. Цар Иван Шишман 41",,,,0,0,,,,https://www.credoweb.bg/page/19876/mts-1/structures/24763/kabinet-nevrologiya
УМБАЛ Св. Иван Рилски,,"Sofia, 
бул. Акад. Иван Евстатиев Гешов 15",,,,0,0,,,,https://www.credoweb.bg/page/19690/umbal-sv-ivan-rilski/structures/24771/klinika-po-terapiya-na-vatreshnite-bolesti-nefrologiya-i-dializa
УСБАЛ по Онкология ЕАД,,"Sofia, 
ул. Пловдивско поле 6",,,,0,0,,,,https://www.credoweb.bg/page/23774/usbal-po-onkologiya-ead/structures/26673/kabinet-meditsinska-psihologiya
Дерма ЕЛИТ - клиника за естетична медицина,Hospital,"България, София, 1000, ул. Дукатска планина 18",www.dermaellite-bg.com,,,0,0,,,,https://www.credoweb.bg/page/29757/derma-elit-klinika-za-estetichna-meditsina
Стоматологичен кабинет Ремедия Дент,Hospital,"България, София, 1000, бул. Цариградско Шосе бл. 104",http://www.mitreva.eu/,,,0,0,,,,https://www.credoweb.bg/page/30709/stomatologichen-kabinet-remediya-dent
FiHealth,,"Sofia, 
ул. Проф. Александър Фол 2",http://www.fihealth.bg/,,,0,0,,,,https://www.credoweb.bg/page/19788/fihealth/structures/31030/meditsinski-tsentar-fihealth-plovdiv
Медико Диагностична Лаборатория - СИДС ЛАБ ООД,Laboratory,"България, Бургас, 8000, ул. Александровска №120",,,,0,0,,,д-р Светла Станчева,https://www.credoweb.bg/page/31617/mediko-diagnostichna-laboratoriya-sids-lab-ood
М и С Дент АГППМПДМ,Hospital,"България, Червен бряг, 5980, с. Чомаковци, Здравна служба",,,,0,0,В стоматологичният кабинет работят д-р М. Петрова и д-р С. Христов,,,https://www.credoweb.bg/page/33060/m-i-s-dent-agppmpdm
Център за лечение на рани от съдов произход,Medical center,"България, Стара Загора, 6000, 6000 Стара Загора бул. ""Патр. Евтимий"" 84-86",http://www.centarzarani.com/index.html,,,0,0,,,,https://www.credoweb.bg/page/34061/tsentar-za-lechenie-na-rani-ot-sadov-proizhod
Практика Белодробно Здраве,Hospital,"България, Враца, 3000, ул.""Екзарх Йосиф""№79",http://www.belodrobno-zdrave.com/,,,0,0,,,,https://www.credoweb.bg/page/35094/praktika-belodrobno-zdrave
Специализирана болница за рехабилитация - Павел Баня,,"Pavel banya, 
бл.Освобождение 2",http://www.lechebnizavedenia.com/special/gradove/recl/Pavel%20bania.html,,,0,0,,,,https://www.credoweb.bg/page/35916/spetsializirana-bolnitsa-za-rehabilitatsiya-pavel-banya/structures/35919/dkb
Специализирана болница за рехабилитация - Павел Баня,,"Pavel banya, 
бл.Освобождение 2",http://www.lechebnizavedenia.com/special/gradove/recl/Pavel%20bania.html,,,0,0,,,,https://www.credoweb.bg/page/35916/spetsializirana-bolnitsa-za-rehabilitatsiya-pavel-banya/structures/35920/parvo-rehabilitatsionno-otdelenie
Специализирана болница за рехабилитация - Павел Баня,,"Pavel banya, 
бл.Освобождение 2",http://www.lechebnizavedenia.com/special/gradove/recl/Pavel%20bania.html,,,0,0,,,,https://www.credoweb.bg/page/35916/spetsializirana-bolnitsa-za-rehabilitatsiya-pavel-banya/structures/35921/vtoro-rehabilitatsionno-otdelenie
МБАЛ - Медицински комплекс Берое,,"Stara Zagora, 
ул. Герасим Папазчев № 1",МК Берое,,,0,0,,,,https://www.credoweb.bg/page/20016/mbal-meditsinski-kompleks-beroe/structures/35987/ortopedichen-kabinet-kam-mkberoe
МБАЛ - Медицински комплекс Берое,,"Stara Zagora, 
ул. Герасим Папазчев № 1",МК Берое,,,0,0,,,,https://www.credoweb.bg/page/20016/mbal-meditsinski-kompleks-beroe/structures/35990/nevrologichen-kabinet-kam-mk-beroe
МБАЛ - Медицински комплекс Берое,,"Stara Zagora, 
ул. Герасим Папазчев № 1",МК Берое,,,0,0,,,,https://www.credoweb.bg/page/20016/mbal-meditsinski-kompleks-beroe/structures/35975/otdelenie-po-vatreshni-bolesti-kam-mk-beroe
Специализирана болница за рехабилитация - Павел Баня,,"Pavel banya, 
бл.Освобождение 2",http://www.lechebnizavedenia.com/special/gradove/recl/Pavel%20bania.html,,,0,0,,,,https://www.credoweb.bg/page/35916/spetsializirana-bolnitsa-za-rehabilitatsiya-pavel-banya/structures/35922/fizioterapiya
"МЦ ""Астери-Мед""",Medical center,"България, Свети Влас, 8256, Свети Влас",www.astery-med.bg,,,0,0,,,,https://www.credoweb.bg/page/36507/mts-asteri-med
Vanity Zone Sofia,Hospital,"България, София, 1000, Мегапарк, бул.Цариградско шосе 115Г",Научете повече,,,0,0,"Vanity Zone е център за естетични процедури и лазерна епилация, където можете да се възползвате от неоперативен лазерен лифтинг, безболезнена и трайна лазерна епилация, антицелулитни и стягащи процедури за тяло и терапии за подмладяване и поддържане на чиста, гладка и сияйна кожа.",,,https://www.credoweb.bg/page/36960/vanity-zone-sofia
МБАЛ - Хасково,,"Haskovo, 
бул. Съединение 49",,,,0,0,,,,https://www.credoweb.bg/page/19905/mbal-haskovo/structures/37249/vtoro-vatreshno-otdelenie-kam-mbal-haskovo
МБАЛ - Хасково,,"Haskovo, 
бул. Съединение 49",,,,0,0,,,,https://www.credoweb.bg/page/19905/mbal-haskovo/structures/37259/ortopedo-travmatologichno-otdelenie-kam-mbal-haskovo
МБАЛ - Хасково,,"Haskovo, 
бул. Съединение 49",,,,0,0,,,,https://www.credoweb.bg/page/19905/mbal-haskovo/structures/37260/urologiya-kam-mbal-haskovo
МБАЛ - Хасково,,"Haskovo, 
бул. Съединение 49",,,,0,0,,,,https://www.credoweb.bg/page/19905/mbal-haskovo/structures/37267/ung-otdelenie-kam-mbal-haskovo
МБАЛ - Хасково,,"Haskovo, 
бул. Съединение 49",,,,0,0,,,,https://www.credoweb.bg/page/19905/mbal-haskovo/structures/37271/klinichna-laboratoriya-kam-mbal-haskovo
МБАЛ - Хасково,,"Haskovo, 
бул. Съединение 49",,,,0,0,,,,https://www.credoweb.bg/page/19905/mbal-haskovo/structures/37272/otdelenie-po-hemodializa-kam-mbal-haskovo
МБАЛ - Хасково,,"Haskovo, 
бул. Съединение 49",,,,0,0,,,,https://www.credoweb.bg/page/19905/mbal-haskovo/structures/37273/sadebna-meditsina-kam-mbal-haskovo
МБАЛ - Хасково,,"Haskovo, 
бул. Съединение 49",,,,0,0,,,,https://www.credoweb.bg/page/19905/mbal-haskovo/structures/37275/otdelenie-po-transfuzionna-hematologiya-kam-mbal-haskovo
МБАЛ - Хасково,,"Haskovo, 
бул. Съединение 49",,,,0,0,,,,https://www.credoweb.bg/page/19905/mbal-haskovo/structures/37277/otdelenie-po-klinichna-patologiya-pri-mbal-haskovo
МБАЛ - Хасково,,"Haskovo, 
бул. Съединение 49",,,,0,0,,,,https://www.credoweb.bg/page/19905/mbal-haskovo/structures/37278/mikrobiologichna-laboratoriya-mbal-haskovo
МБАЛ - Хасково,,"Haskovo, 
бул. Съединение 49",,,,0,0,,,,https://www.credoweb.bg/page/19905/mbal-haskovo/structures/37280/otdelenie-po-funktsionalna-diagnostika-kam-mbal-haskovo
МБАЛ - Хасково,,"Haskovo, 
бул. Съединение 49",,,,0,0,,,,https://www.credoweb.bg/page/19905/mbal-haskovo/structures/37281/nevrohirurgiya
АСИМП по АГ-ИП,Hospital,"България, София, 1000, София,ул.""Доспат"" 40 ,ет.1 ,ап. 5.Вход от ул. ""Христо Станчев""",http://superdoc.bg/lekar/d-r-katya-venkova-820/,+35928524715,k.venkova@mail.bg,0,0,https://drvenkova.wordpress.com/,,,https://www.credoweb.bg/page/37531/asimp-po-ag-ip
Център за Психично и Социално Израстване,Medical center,"България, Варна, 9000, бул. ""Вл. Варненчик""16",http://dobrinkatoteva.com/,,,0,0,"Семейни,индивидуални консултации, психотерапия, хипноза, хипнотерапия, групова терапия, тренинги.",,,https://www.credoweb.bg/page/37964/tsentar-za-psihichno-i-sotsialno-izrastvane
"Дентална рентгенова лаборатория ""X-RAY""",Laboratory,"България, Пазарджик, 4400, ул. ""Свети Иван Рилски"" 4, ет. 1",http://x-ray.bg/,,,0,0,,,,https://www.credoweb.bg/page/43972/dentalna-rentgenova-laboratoriya-x-ray
Дентико,Dental clinic,"България, Варна, 9000, ул.Вяра 1, Дом Младост, ет.2",Дентална клиника Дентико,+359883309486,dentikobg@gmail.com,0,0,Стоматология на най-високо ниво. Тук работи изключителен екип от специалисти и дентални асистенти.,,,https://www.credoweb.bg/page/44179/dentiko
"Рехабилитационен център ""Свети Наум""",Medical center,"България, София, 1000, 1574, кв. Слатина, ул. Теменуга №1",www.centersvetinaum.com,,,0,0,"Професионалната насоченост на нашия център е възстановяване след настъпили проблеми в областта на ортопедията, травматологията, неврологията, гръбначни изкривявания и при всички дегенеративни изменения вследствие на претърпяна злополука или възрастови промени, както и профилактика на здравето.",,,https://www.credoweb.bg/page/45159/rehabilitatsionen-tsentar-sveti-naum
"Лазерен център ""Finn Beam""",Medical center,"България, Пловдив, 4000, ул. Белград 12",http://www.finnbeam.com/,,,0,0,,,,https://www.credoweb.bg/page/46220/lazeren-tsentar-finn-beam
ДКЦ 3,,"Pleven, 
жк. Сторгозия",,,,0,0,,,,https://www.credoweb.bg/page/19958/dkts-3/structures/46072/otdelenie-po-obrazna-diagnostika
ДКЦ 3,,"Pleven, 
жк. Сторгозия",,,,0,0,,,,https://www.credoweb.bg/page/19958/dkts-3/structures/46075/otdelenie-po-fizioterapiya-i-rehabilitatsiya
"МБАЛ ""Д-р Хр. Стамболски""",,"Kazanlak, 
ул. Старозагорска 16","МБАЛ ""Христо Стамболски""",,,0,0,,,,https://www.credoweb.bg/page/19999/mbal-d-r-hr-stambolski/structures/44998/otdelenie-po-vatreshni-bolesti-kam-mbal-hristo-stambolski
"МБАЛ ""Д-р Хр. Стамболски""",,"Kazanlak, 
ул. Старозагорска 16","МБАЛ ""Христо Стамболски""",,,0,0,,,,https://www.credoweb.bg/page/19999/mbal-d-r-hr-stambolski/structures/45002/otdelenie-po-gastoenterologiya-kam-mbal-hristo-stambolski
"МБАЛ ""Д-р Хр. Стамболски""",,"Kazanlak, 
ул. Старозагорска 16","МБАЛ ""Христо Стамболски""",,,0,0,,,,https://www.credoweb.bg/page/19999/mbal-d-r-hr-stambolski/structures/45008/otdelenie-po-hirurgiya-kam-mbalhristo-stambolski
"УМБАЛ ""КАНЕВ"" АД",,"Ruse, 
ул. Независимост 2",Официална Фейсбук страница на УМБАЛ-Русе,,,0,0,,,,https://www.credoweb.bg/page/19648/umbal-ruse/structures/45343/otdelenie-po-obshta-gnoyno-septichna-detska-i-ednodnevna-hirurgiya
"УМБАЛ ""КАНЕВ"" АД",,"Ruse, 
ул. Независимост 2",Официална Фейсбук страница на УМБАЛ-Русе,,,0,0,,,,https://www.credoweb.bg/page/19648/umbal-ruse/structures/45280/otdelenie-po-ung-bolesti
Уни Хоспитал,,"Panagyurishte, 
 ул. Георги Бенковски № 100",http://www.unihospitalbg.com/,,,0,0,,,,https://www.credoweb.bg/page/46217/uni-hospital/structures/48720/otdelenie-po-fizikalna-i-rehabilitatsionna-meditsina-uni-hospital
Първа частна АГ клиника - Шумен,Medical center,"България, Шумен, 9700, ул. Цар Осводител 130",agclinic-sh.eu,,,0,0,,,,https://www.credoweb.bg/page/50662/parva-chastna-ag-klinika-shumen
"МБАЛ ""Света Анна"" - Варна",Hospital,"България, Варна, 9000, бул. Цар Освободител 100",,,,0,0,,,,https://www.credoweb.bg/page/86851/mbal-sveta-anna-varna
"МБАЛ ""Проф. Д-р Параскев Стоянов"" АД – Ловеч",,"Lovech, 
ул. Д-р Съйко Съев 27",www.mbal-lovech.com,,,0,0,,,,https://www.credoweb.bg/page/19485/mbal-prof-d-r-paraskev-stoyanov-ad-lovech/structures/23746/otdelenie-po-nervni-bolesti
"МБАЛ ""Проф. Д-р Параскев Стоянов"" АД – Ловеч",,"Lovech, 
ул. Д-р Съйко Съев 27",www.mbal-lovech.com,,,0,0,,,,https://www.credoweb.bg/page/19485/mbal-prof-d-r-paraskev-stoyanov-ad-lovech/structures/23748/otdelenie-po-hirurgiya
"Дерматологичен център ""Д-р Милена Неделчева""",Hospital,"България, Стара Загора, 6000, ул.Димитър Наумов 32 , партер",http://mnedelcheva-bg.com/,,,0,0,,,г-жа Дияна Шкодрова,https://www.credoweb.bg/page/36019/dermatologichen-tsentar-d-r-milena-nedelcheva
МБАЛ Св. Богородица,Hospital,"България, София, 1000, ул. Тракия 46",http://www.hospitalbg.com/,,,0,0,,,,https://www.credoweb.bg/page/19943/mbal-sv-bogoroditsa
МБАЛ - Поморие,Hospital,"България, Поморие, 8200, ул. Проф. Парашкев Стоянов 1",,,,0,0,,,,https://www.credoweb.bg/page/19331/mbal-pomorie
ДКЦ V Света Екатерина,Hospital,"България, Варна, 9000, ул. Св. Сава 2",http://www.dkc5varna.com,,,0,0,,,,https://www.credoweb.bg/page/19377/dkts-v-sveta-ekaterina
МЦ Хипократ - Н,Medical center,"България, Пловдив, 4000, бул. България 61",,,,0,0,,,,https://www.credoweb.bg/page/19580/mts-hipokrat-n
МВР поликлиника,Hospital,"България, Пловдив, 4000, ул. Княз Богороди",,,,0,0,,,,https://www.credoweb.bg/page/19606/mvr-poliklinika
МБАЛ Д-р Ив.Селимински - Сливен,Hospital,"България, Сливен, 8800, бул. Христо Ботев 2","МБАЛ ""Д-р Иван Селимински""",,,0,0,,,,https://www.credoweb.bg/page/19670/mbal-d-r-ivseliminski-sliven
ДКЦ 20,Hospital,"България, София, 1000, бул. Ген. Стефан Тошев 15",,,,0,0,,,,https://www.credoweb.bg/page/19701/dkts-20
МЦ Фемина,Medical center,"България, София, 1000, ул. Дунав 47",,,,0,0,,,,https://www.credoweb.bg/page/19753/mts-femina
ДКЦ 26,Hospital,"България, София, 1000, ул. Атанас Стратиев 17",,,,0,0,,,,https://www.credoweb.bg/page/19733/dkts-26
МБАЛ Здраве,Hospital,"България, Пазарджик, 4400, ул. Константин Величков №50",,,,0,0,,,,https://www.credoweb.bg/page/19966/mbal-zdrave
ДКЦ Св. Лука- Диабетен център,Hospital,"България, София, 1000, София, бул. Евл. Георгиев 108",,,,0,0,,,,https://www.credoweb.bg/page/20091/dkts-sv-luka-diabeten-tsentar
МЦ Европейска здравна грижа - Бургас,Medical center,"България, Бургас, 8000, ул. Мария Луиза 27",,,,0,0,,,,https://www.credoweb.bg/page/24597/mts-evropeyska-zdravna-grizha-burgas
МЦ Исул,Medical center,"България, София, 1000, жк Хаджи Димитър, ул. Макгахан, бл.54",,,,0,0,,,д-р Димо Добрев Балдаранов,https://www.credoweb.bg/page/27716/mts-isul
Комплексен онкологичен център–Бургас,Hospital,"България, Бургас, 8000, „КОЦ-Бургас“ ЕООД е със седалище гр. Бургас и адрес на управление гр. Бургас, бул. „Демокрация“ № 86. Пощенски адрес: 8000 Бургас, пощ. кутия 63 Адрес за кореспонденция: гр. Бургас, бул. „Ст. Стамболов“ № 73 – Хирургичен корпус на „МБАЛ Бургас“ АД, ет. 7",http://onkobs.bg,,,0,0,,,,https://www.credoweb.bg/page/31021/kompleksen-onkologichen-tsentar-burgas
"МЕДИЦИНСКИ ЦЕНТЪР БЕРБАТОВ ЕООД, гр.Ямбол",Medical center,"България, Ямбол, 8600, ул.""Бели дрин""9 зад спирката на блок Гигант",,,georgievablaga@gmail.com,0,0,,,,https://www.credoweb.bg/page/65808/meditsinski-tsentar-berbatov-eood-gryambol
ДКЦ 4,Hospital,"България, Пловдив, 4000, ул. Гергана 7",,,,0,0,,,,https://www.credoweb.bg/page/19602/dkts-4
ВМА Пловдив,Hospital,"България, Пловдив, 4000, бул. Христо Ботев 81",,,,0,0,,,,https://www.credoweb.bg/page/19591/vma-plovdiv
МБАЛ - Севлиево,Hospital,"България, Севлиево, 5400, ул. Стефан Пешев 147",,,,0,0,,Вътрешно отделение - МБАЛ Севлиево | АГ-отделение | Отделение по хемодиализа - МБАЛ,д-р Анелия Василева | Д-р Анелия Толева | д-р Антоанета Стоянова | Даниела Стоянова | д-р Деньо Дешев | Детелина Сомлева | д-р Емил Матеев | д-р Ерол Даскалов | Мариан Марков | д-р Марияна Григорова | д-р Николай Ненчев | д-р Николина Цанева _ Йорданова,https://www.credoweb.bg/page/19452/mbal-sevlievo
ДКЦ 7,Hospital,"България, Пловдив, 4000, ул. Тодор Александров 16",,,,0,0,,,,https://www.credoweb.bg/page/19617/dkts-7
МЦ Медик,Medical center,"България, София, 1000, ул. Никола Мушанов 80 бл. 41",,,,0,0,,,д-р Василка Васева | д-р Кръстю Петкпв Стефанов | д-р Любомира Любенова,https://www.credoweb.bg/page/19778/mts-medik
МБАЛ проф. Александър Герчев,Hospital,"България, Етрополе, 2180, ул. Бригадирска 1",,,,0,0,,,,https://www.credoweb.bg/page/19814/mbal-prof-aleksandar-gerchev
ДКЦ 19,Hospital,"България, София, 1000, ул. Мизия 16",,,,0,0,,,,https://www.credoweb.bg/page/19774/dkts-19
МЦ Европейска здравна грижа,Medical center,"България, Стара Загора, 6000, кв. Три чучура - юг, ул.Д.Подвързачов 1",,,,0,0,,,,https://www.credoweb.bg/page/23542/mts-evropeyska-zdravna-grizha
"Специализирана болница за рехабилитация ""Стайков и фамилия""",Hospital,"България, Бургас, 8000, к.к. Слънчев бряг",,,,0,0,,,,https://www.credoweb.bg/page/25180/spetsializirana-bolnitsa-za-rehabilitatsiya-staykov-i-familiya
Спортсклиник Еуровита,Hospital,"България, София, 1000, ул. Околовръстен път 72",,,,0,0,,,,https://www.credoweb.bg/page/26489/sportsklinik-eurovita
МЦ Новум,Medical center,"България, София, 1000, ул. Родопски извор 26, жк Красно село",,,,0,0,,,,https://www.credoweb.bg/page/26382/mts-novum
Военномедицинска академия,,"Sofia, 
ул. Св. Георги Софийски 3",www.vma.bg,,,0,0,,,,https://www.credoweb.bg/page/19791/voennomeditsinska-akademiya/structures/27178/klinika-po-ortopediya-i-travmatologiya
МЦ Медика 2005,Medical center,"България, Видин, 3700, ул. Бдин 12-3",,,,0,0,,,,https://www.credoweb.bg/page/27580/mts-medika-2005
МБАЛ Кърджали,Hospital,"България, Кърджали, 6600, бул. Тракия 19",,,,0,0,,,,https://www.credoweb.bg/page/27996/mbal-kardzhali
"Кардиоцентър ""Филипови""",Medical center,"България, Пловдив, 4000, бул. 6-ти Септември 112 А, етаж 2",,,,0,0,,,,https://www.credoweb.bg/page/28081/kardiotsentar-filipovi
МБАЛ Пирдоп,Hospital,"България, Пирдоп, 2070, ул. Бенковски 24",,,,0,0,,,,https://www.credoweb.bg/page/28187/mbal-pirdop
ГМППНДМП Медика М 2000,Hospital,"България, София, 1000, ж.к. Левски В, бл.9а",,,,0,0,"Кабинет на общопрактикуващ лекар в групова практика в София,квартал Левски",,,https://www.credoweb.bg/page/29028/gmppndmp-medika-m-2000
МЦ Светлина,Medical center,"България, София, 1000, бул. М. Луиза 191",,,,0,0,,,"д-р Анна Делева | д-р Мариела Облашка, дм",https://www.credoweb.bg/page/27680/mts-svetlina
МЦ - Зорница бл.58,Medical center,"България, Бургас, 8000, жк Зорница бл.58",,,,0,0,,,д-р Весела Петкова | д-р Златина Радева | д-р Иванка Ковачева | д-р Нина Добрева | д-р Стефан Миринчев | д-р Таня Мартинова | д-р Хрипсиме Каспарян,https://www.credoweb.bg/page/20041/mts-zornitsa-bl58
ДКЦ Св. Марина,Hospital,"България, Варна, 9000, бул. Христо Смирненски 1",,,,0,0,,,,https://www.credoweb.bg/page/19346/dkts-sv-marina
СБАЛАГ Майчин дом,,"Sofia, 
ул. Здраве 2",office@maichindom.com,,,0,0,,,,https://www.credoweb.bg/page/19756/sbalag-maychin-dom/structures/47762/sbalag-maychin-dom
УСБАЛ по Онкология ЕАД,,"Sofia, 
ул. Пловдивско поле 6",,,,0,0,,,,https://www.credoweb.bg/page/23774/usbal-po-onkologiya-ead/structures/26672/telk
МЦ Аспарухово,Medical center,"България, Варна, 9000, ул. Народни будители 5",,,,0,0,,,,https://www.credoweb.bg/page/19372/mts-asparuhovo
ДКЦ 1,Hospital,"България, Габрово, 5300, ул. Христо Смирненски 35",,,,0,0,,,д-р Дора Чернева | Нели Велева | Д-р Пламен Панов,https://www.credoweb.bg/page/19448/dkts-1
Многопрофилна транспортна болница Пловдив,Hospital,"България, Пловдив, 4000, ул. Продължение Колхида",,,,0,0,,,,https://www.credoweb.bg/page/19611/mnogoprofilna-transportna-bolnitsa-plovdiv
ДКЦ 2,Hospital,"България, Русе, 7000, ул. Рига 35",,,,0,0,,,,https://www.credoweb.bg/page/19651/dkts-2
"МЦ ""Свети Иван Рилски"" - Тутракан",Medical center,"България, Тутракан, 7600, ул. Трансмариска 69",http://invitro-tutrakan.bg/,,,0,0,,,,https://www.credoweb.bg/page/19659/mts-sveti-ivan-rilski-tutrakan
МЦ Ескулап В,Medical center,"България, Казанлък, 6100, ул. Ген. Скобелев 16",,,,0,0,,,,https://www.credoweb.bg/page/19832/mts-eskulap-v
МБАЛ-Ботевград ЕООД,Hospital,"България, Ботевград, 2140, ул. Божко Божилов 1",,,,0,0,,,,https://www.credoweb.bg/page/19807/mbal-botevgrad-eood
ПСАГБАЛ Св. София,Hospital,"България, София, 1000, ул. Миxaлaки Ташев 2",http://www.1agb.com,,,0,0,,,,https://www.credoweb.bg/page/19773/psagbal-sv-sofiya
МЦ Младост,Medical center,"България, София, 1000, жк Младост 1, бл. 37 Б",,,,0,0,,,,https://www.credoweb.bg/page/19947/mts-mladost
МБАЛ - Шумен,Hospital,"България, Шумен, 9700, ул. Васил Априлов 63",,,,0,0,,,,https://www.credoweb.bg/page/19926/mbal-shumen
УМБАЛ Св. Марина - Варна,,"Varna, 
бул. Христо Смирненски 1",www.svetamarina.com,,,0,0,,,,https://www.credoweb.bg/page/19347/umbal-sv-marina-varna/structures/20108/klinika-po-nefrologiya
МЦ Галилео,Medical center,"България, Плевен, 5800, у. Дойран 65",http://mc-galileo.com,,,0,0,,,,https://www.credoweb.bg/page/20124/mts-galileo
Аджибадем Сити Клиник Сърдечно-съдов център,,"Sofia, 
ул. Околовръстен път 127",www.acibademcityclinic.bg,,,0,0,,,,https://www.credoweb.bg/page/19946/adzhibadem-siti-klinik-sardechno-sadov-tsentar/structures/20407/sadova-hirurgiya
Аджибадем Сити Клиник Сърдечно-съдов център,,"Sofia, 
ул. Околовръстен път 127",www.acibademcityclinic.bg,,,0,0,,,,https://www.credoweb.bg/page/19946/adzhibadem-siti-klinik-sardechno-sadov-tsentar/structures/20409/anesteziologiya-i-intenzivno-lechenie
МЦ Св. Лука,,"Stara Zagora, 
ул. Стефан Караджа 88",http://www.mcsvluka.com/,,,0,0,,,,https://www.credoweb.bg/page/19872/mts-sv-luka/structures/20367/kabinet-po-psihiatriya-semeyna-psihoterapiya
МЦ Св. Лука,,"Stara Zagora, 
ул. Стефан Караджа 88",http://www.mcsvluka.com/,,,0,0,,,,https://www.credoweb.bg/page/19872/mts-sv-luka/structures/20370/apteka-nadezhda
"СБАЛОЗ ""Д-р Марко Антонов Марков"" - Варна",,"Varna, 
бул. Цар Освободител 100",http://varnaoncology.org,,,0,0,,,,https://www.credoweb.bg/page/19354/sbaloz-d-r-marko-antonov-markov-varna/structures/20444/statsionaren-blok
МБАЛНП Свети Наум,,"Sofia, 
ул. Д-р Любен Русев 1",http://www.svnaum.com/,,,0,0,,,,https://www.credoweb.bg/page/19750/mbalnp-sveti-naum/structures/21459/klinika-po-nevrorehabilitatsiya
Комплексен онкологичен център - Шумен,Hospital,"България, Шумен, 9700, ул. Васил Априлов 63",,,,0,0,,,,https://www.credoweb.bg/page/22325/kompleksen-onkologichen-tsentar-shumen
Център за физиотерапия Physio House,Hospital,"България, София, 1000, Лозенец, ул. Златовръх 53",http://physiohouse.webnode.com/,,,0,0,,,,https://www.credoweb.bg/page/24100/tsentar-za-fizioterapiya-physio-house
DentaFace,Dental clinic,"България, Стара Загора, 6000, Цар Симеон Велики 158, ет. 2, офис 7, 6000 Stara Zagora, Bulgaria",,,,0,0,,,,https://www.credoweb.bg/page/24994/dentaface
МЦ Зрение,Medical center,"България, София, 1000, ул. Балша 5",,,,0,0,,,,https://www.credoweb.bg/page/25265/mts-zrenie
Медицински център Фама,Medical center,"България, Пловдив, 4000, ул. Кавала 20, ет. 8",,,,0,0,,,д-р Антон Тодоров | д-р Денка Минчева,https://www.credoweb.bg/page/25370/meditsinski-tsentar-fama
"УМБАЛ ""Пловдив""",,"Plovdiv, 
бул. България 234",http://www.mbal.net/main.php?module=content&cnt_id=1,,,0,0,,,,https://www.credoweb.bg/page/19579/umbal-plovdiv/structures/25496/otdelenie-po-obrazna-diagnostika
МЦ Аксаково,Medical center,"България, Аксаково, 9154, ул. Кап. Петко Войвода, 7",,,,0,0,,,,https://www.credoweb.bg/page/25609/mts-aksakovo
СБАЛ по белодробни болести,Hospital,"България, Габрово, 5300, кв. Дядо Дянко",,,,0,0,,,д-р Бранимира Пенкова | д-р Иво Станчев,https://www.credoweb.bg/page/25709/sbal-po-belodrobni-bolesti
МБАЛ Царица Йоана,Hospital,"България, Трявна, 5350, ул. Бреза №49",,,,0,0,,,,https://www.credoweb.bg/page/25715/mbal-tsaritsa-yoana
Медицински център София 2000,Medical center,"България, София, 1000, бул. Княгиня Мария Луиза 92",,,,0,0,,,,https://www.credoweb.bg/page/25912/meditsinski-tsentar-sofiya-2000
ДКЦ Борола,Hospital,"България, София, 1000, ул. Цар Симеон 52",,,,0,0,,,,https://www.credoweb.bg/page/25955/dkts-borola
Център за психично здраве - Русе,Medical center,"България, Русе, 7000, бул. Тутракан 20",,,,0,0,,,,https://www.credoweb.bg/page/26016/tsentar-za-psihichno-zdrave-ruse
МБАЛ Акта Медика,Hospital,"България, Севлиево, 5400, ул. Никола Петков 60",,,,0,0,,,,https://www.credoweb.bg/page/26196/mbal-akta-medika
Очна клиника Св. Петка,Hospital,"България, Варна, 9000, ул. Иван Драсов 12",,,,0,0,,,Д-р Мирослава Светославова Николова,https://www.credoweb.bg/page/26054/ochna-klinika-sv-petka
ТЕДМЕД-АПИМП д-р Георги Миндов,Medical center,"България, София, 1000, кв. Враждебна, ул.28, №3",,,,0,0,,,,https://www.credoweb.bg/page/26453/tedmed-apimp-d-r-georgi-mindov
МЦ Вяра,Medical center,"България, София, 1000, кв. Св. Троица, бл.349",,,,0,0,,,,https://www.credoweb.bg/page/26486/mts-vyara
МЦ УНИМЕД,Medical center,"България, Севлиево, 5400, ул. Никола Петков №30",,,,0,0,,,,https://www.credoweb.bg/page/26441/mts-unimed
МЦ Медика плюс,Medical center,"България, Велико Търново, 5000, ул. Сергей Румянцев №63",,,,0,0,,,,https://www.credoweb.bg/page/26562/mts-medika-plyus
МЦ Артро,Medical center,"България, София, 1000, бул. Цар Борис ІІІ №54",,,,0,0,,,д-р Анелия Бочева | д-р Людмила Конова,https://www.credoweb.bg/page/26581/mts-artro
ДКЦ Вита,Hospital,"България, София, 1000, ул. Драговица №9",,,,0,0,,,д-р Кристина Милкова | д-р Невяна Беличева | Д-р Розалия Анастасова,https://www.credoweb.bg/page/26832/dkts-vita
МЦ Медик консулт,Medical center,"България, Русе, 7000, ул. Независимост 2",,,,0,0,,,,https://www.credoweb.bg/page/26751/mts-medik-konsult
ДКЦ Уромед 2001,Hospital,"България, София, 1000, кв. Редута, ул. Погледец 9",,,,0,0,,,,https://www.credoweb.bg/page/27151/dkts-uromed-2001
МЦ - Ортопедия и травматология,Medical center,"България, Търговище, 7700, ул. Шипка 4",,,,0,0,,,,https://www.credoweb.bg/page/27181/mts-ortopediya-i-travmatologiya
МЦ Ортомедикс,Medical center,"България, Русе, 7000, ул. Независимост 2",,,,0,0,,,,https://www.credoweb.bg/page/27197/mts-ortomediks
МБАЛ Хигия,Hospital,"България, Пазарджик, 4400, ул. ""Св. Иван Рилски"" №3",,,,0,0,,,,https://www.credoweb.bg/page/27513/mbal-higiya
ЦСМП - филиал Белене,Medical center,"България, Белене, 5930, ул. Христо Ботев 1",,,,0,0,,,,https://www.credoweb.bg/page/27553/tssmp-filial-belene
Академика - Плевен,Hospital,"България, Плевен, 5800, бул. Русе № 1, ет.3, к-т 74 и 60",,,,0,0,,,,https://www.credoweb.bg/page/27579/akademika-pleven
"Медицински център ""Д-р Хайвазов""",,"Sofia, 
бул. Цариградско шосе №131, етаж 7",http://medicine-bg.com/,,,0,0,,,,https://www.credoweb.bg/page/20043/mts-d-r-hayvazov/structures/27813/kardiologiya
МЦ Солигена,Medical center,"България, Търговище, 7700, ул. Пирин 16",,,,0,0,,,Д-р Мариела Обретенова | д-р Радост Едрева,https://www.credoweb.bg/page/28039/mts-soligena
Кабинет за женска консултация /ГинАрт,Hospital,"България, София, 1000, бул. „Г. Софийски” 3; Поликлиника ВМА;",http://ginart-ag.com/jenska-konsultacia/,,,0,0,ГинАрт е високоспециализиран кабинет за женска консултация в София. Кабинетът е насочен към профилактика и лечение на всички акушеро-гинекологични заболявания.,,,https://www.credoweb.bg/page/35511/kabinet-za-zhenska-konsultatsiya-ginart
УМБАЛ Св. Марина - Варна,,"Varna, 
бул. Христо Смирненски 1",www.svetamarina.com,,,0,0,,,,https://www.credoweb.bg/page/19347/umbal-sv-marina-varna/structures/38579/klinika-po-nuklearna-meditsina-i-metabolitna-terapiya
ИППМП д-р Петър Иванов,Hospital,"България, Стара Загора, 6000, ул.""Христо Ботев"" 69 вх.В",,+35942603013,,0,0,Семеен лекар,,,https://www.credoweb.bg/page/38244/ippmp-d-r-petar-ivanov
Кожен Кабинет,Hospital,"България, Добрич, 9300, ул. Райко Цончев №8",Валенин Янев,+359887999887,,0,0,лекар кожни и венелогически болести,,,https://www.credoweb.bg/page/45506/kozhen-kabinet
Медикал Инвест Прима лаб,Laboratory,"България, Русе, 7000, ул. Църковна Независимост 1",,,,0,0,,,,https://www.credoweb.bg/page/56084/medikal-invest-prima-lab
Военна Болница,Hospital,"България, Сливен, 8800, ул. Александър С. Пушкин 2",,,,0,0,,,,https://www.credoweb.bg/page/19671/voenna-bolnitsa
ДКЦ 21,Hospital,"България, София, 1000, ул. Монтевидео 21",,,,0,0,,,д-р Детелина Савова | д-р Добрин Диков | д-р Златка Бозева | г-жа Кристина Филипова | д-р Тихомир Русев,https://www.credoweb.bg/page/19775/dkts-21
МЦ1 ЕООД,Medical center,"България, Сливница (Сливница), 2200, ул. Тодор Каблешков 6",,,,0,0,,,д-р Константина Кирова,https://www.credoweb.bg/page/26569/mts1-eood
ДКЦ,Hospital,"България, Костинброд, 2230, бул. Ломско шосе 35",,,,0,0,,,,https://www.credoweb.bg/page/19817/dkts
ДКЦ 10,Hospital,"България, София, 1000, бул. Александър Стамболийски 186",,,,0,0,,,,https://www.credoweb.bg/page/19695/dkts-10
ДКЦ 12,Hospital,"България, София, 1000, ул. Кореняк 17",,,,0,0,,,,https://www.credoweb.bg/page/19769/dkts-12
УМБАЛ Царица Йоанна - ИСУЛ,,"Sofia, 
ул. Бяло море 8",http://www.isul.eu/index.htm,,,0,0,,,,https://www.credoweb.bg/page/19740/umbal-tsaritsa-yoanna-isul/structures/23660/klinika-po-hirurgiya
УМБАЛ Царица Йоанна - ИСУЛ,,"Sofia, 
ул. Бяло море 8",http://www.isul.eu/index.htm,,,0,0,,,,https://www.credoweb.bg/page/19740/umbal-tsaritsa-yoanna-isul/structures/23875/klinika-po-ung-bolesti
СБАЛК Кардиолайф - Варна,Hospital,"България, Варна, 9000, бул. Република, МК „Младост“, бл. А, ет.1",,,,0,0,,,,https://www.credoweb.bg/page/19342/sbalk-kardiolayf-varna
МЦ Хипократ,Medical center,"България, Варна, 9000, бул. Сливница 196",,,,0,0,,,,https://www.credoweb.bg/page/19343/mts-hipokrat
МЦ Св. Анна,Medical center,"България, Варна, 9000, бул. Цар Освободител 100",,,,0,0,,,,https://www.credoweb.bg/page/19353/mts-sv-anna
РЦТХ-Плевен,Hospital,"България, Плевен, 5800, бул. Русе 36",,,,0,0,,,,https://www.credoweb.bg/page/19544/rtsth-pleven
МБАЛ,Hospital,"България, Червен бряг, 5980, ул. Яне Сандански 61",,,,0,0,,,,https://www.credoweb.bg/page/19566/mbal
МЦ Юг,Medical center,"България, Варна, 9000, ул. Любен Каравелов 26",,,,0,0,,,,https://www.credoweb.bg/page/19369/mts-yug
МЦ Филипополис,Medical center,"България, Пловдив, 4000, бул. Васил Априлов 9",,,,0,0,,,,https://www.credoweb.bg/page/19582/mts-filipopolis
МБАЛ Д р Тота Венкова,Hospital,"България, Габрово, 5300, ул. д-р Илиев Детския 1",,,,0,0,,,,https://www.credoweb.bg/page/19444/mbal-d-r-tota-venkova
МЦ Русе,Medical center,"България, Русе, 7000, ул. Александровска 97",,,,0,0,,,,https://www.credoweb.bg/page/19643/mts-ruse
"СХБАЛ ""Амброаз Паре""",Hospital,"България, Сливен, 8800, бул. Хаджи Димитър 68",,,,0,0,,,,https://www.credoweb.bg/page/19665/shbal-ambroaz-pare
ДКЦ 27,Hospital,"България, София, 1000, ул. Андрей Сахаров 1",,,,0,0,,,,https://www.credoweb.bg/page/19730/dkts-27
МЦ Княжево,Medical center,"България, София, 1000, жк. Княжево, ул. Дамяница, 2",,,,0,0,,,,https://www.credoweb.bg/page/19719/mts-knyazhevo
МЦ Казанлък,Medical center,"България, Казанлък, 6100, ул. Христо Ботев 78",,,,0,0,,,,https://www.credoweb.bg/page/19831/mts-kazanlak
МБАЛ Св. София,,"Sofia, 
бул. България 104",www.mbal-sofia.com,,,0,0,,,,https://www.credoweb.bg/page/19696/mbal-sv-sofiya/structures/19994/mbal-sv-sofiya-otdelenie-po-anesteziologiya-i-intenzivno-lechenie
МЦ Здравословен живот,Medical center,"България, София, 1000, ж.г. Южен Парк, бл. 44",http://www.zdravosloven.com/medicinski-tsentar/index.html,,,0,0,,,,https://www.credoweb.bg/page/20006/mts-zdravosloven-zhivot
АИППДП ДЕЛЯНА БОРИСОВА ЕООД,Dental clinic,"България, Плевен, 5800, ул.""Шипка"" №23",,,,0,0,,,,https://www.credoweb.bg/page/20063/aippdp-delyana-borisova-eood
ДКЦ Александровска,Hospital,"България, София, 1000, ул. Св. Георги Софийски № 1",,,,0,0,,,,https://www.credoweb.bg/page/19962/dkts-aleksandrovska
ДКЦ - Търговище,Hospital,"България, Търговище, 7700, бул. Сюрен",,,,0,0,,,,https://www.credoweb.bg/page/19885/dkts-targovishte
УМБАЛ Св. Марина - Варна,,"Varna, 
бул. Христо Смирненски 1",www.svetamarina.com,,,0,0,,,,https://www.credoweb.bg/page/19347/umbal-sv-marina-varna/structures/20111/klinika-po-detska-onkohematologiya
УМБАЛ Александровска,,"Sofia, 
ул. Св. Георги Софийски 1",http://alexandrovska.com/display.php?bg,,,0,0,,,,https://www.credoweb.bg/page/19790/umbal-aleksandrovska/structures/20128/klinika-po-klinichna-imunologiya
МЦ Сент Тома,Medical center,"България, София, 1000, бул. Цар Борис III 91",,,,0,0,,,д-р Йорданка Каменова Алексиева,https://www.credoweb.bg/page/20134/mts-sent-toma
"УМБАЛ ""Пловдив""",,"Plovdiv, 
бул. България 234",http://www.mbal.net/main.php?module=content&cnt_id=1,,,0,0,,,,https://www.credoweb.bg/page/19579/umbal-plovdiv/structures/20075/ago
УМБАЛ Св. Марина - Варна,,"Varna, 
бул. Христо Смирненски 1",www.svetamarina.com,,,0,0,,,,https://www.credoweb.bg/page/19347/umbal-sv-marina-varna/structures/20106/klinika-po-kardiologiya
МЦ Св. Пантелеймон,,"Stara Zagora, 
ул. Петко Р. Славейков 58",www.st-panteleymon.com,,,0,0,,,,https://www.credoweb.bg/page/19867/mts-sv-panteleymon/structures/20382/klinichna-laboratoriya
МЦ Леге Артис,,"Stara Zagora, 
ул. Цар Калоян 18",http://www.legeartisbg.com/,,,0,0,,,,https://www.credoweb.bg/page/19877/mts-lege-artis/structures/20389/dermatologiya
"Медицински център ""Д-р Хайвазов""",,"Sofia, 
бул. Цариградско шосе №131, етаж 7",http://medicine-bg.com/,,,0,0,,,,https://www.credoweb.bg/page/20043/mts-d-r-hayvazov/structures/20401/nevrologiya
Аджибадем Сити Клиник Сърдечно-съдов център,,"Sofia, 
ул. Околовръстен път 127",www.acibademcityclinic.bg,,,0,0,,,,https://www.credoweb.bg/page/19946/adzhibadem-siti-klinik-sardechno-sadov-tsentar/structures/20402/invazivna-kardiologiya
Аджибадем Сити Клиник Сърдечно-съдов център,,"Sofia, 
ул. Околовръстен път 127",www.acibademcityclinic.bg,,,0,0,,,,https://www.credoweb.bg/page/19946/adzhibadem-siti-klinik-sardechno-sadov-tsentar/structures/20403/ritamni-i-provodni-narusheniya-na-sartseto
Аджибадем Сити Клиник Сърдечно-съдов център,,"Sofia, 
ул. Околовръстен път 127",www.acibademcityclinic.bg,,,0,0,,,,https://www.credoweb.bg/page/19946/adzhibadem-siti-klinik-sardechno-sadov-tsentar/structures/20404/nevrologiya
Аджибадем Сити Клиник Сърдечно-съдов център,,"Sofia, 
ул. Околовръстен път 127",www.acibademcityclinic.bg,,,0,0,,,,https://www.credoweb.bg/page/19946/adzhibadem-siti-klinik-sardechno-sadov-tsentar/structures/20405/kardiohirurgiya
Аджибадем Сити Клиник Сърдечно-съдов център,,"Sofia, 
ул. Околовръстен път 127",www.acibademcityclinic.bg,,,0,0,,,,https://www.credoweb.bg/page/19946/adzhibadem-siti-klinik-sardechno-sadov-tsentar/structures/20408/angiologiya-i-flebologiya
МЦ ОФТА-НЕВРО,,"Sofia, 
жк. Дианабад, ул. Апостол Карамитев 7",,,,0,0,,,,https://www.credoweb.bg/page/20042/mts-ofta-nevro/structures/20412/kabinet-po-nevrologiya
МЦ ОФТА-НЕВРО,,"Sofia, 
жк. Дианабад, ул. Апостол Карамитев 7",,,,0,0,,,,https://www.credoweb.bg/page/20042/mts-ofta-nevro/structures/20413/kabinet-po-psihiatriya
НСБАЛХЗ – Консултативно-диагностичен блок,,"Sofia, 
ул. Пловдивско поле 6",https://hematology.bg/,,,0,0,,,,https://www.credoweb.bg/page/20079/nsbalhz-konsultativno-diagnostichen-blok/structures/20415/klinichna-laboratoriya
НСБАЛХЗ – Консултативно-диагностичен блок,,"Sofia, 
ул. Пловдивско поле 6",https://hematology.bg/,,,0,0,,,,https://www.credoweb.bg/page/20079/nsbalhz-konsultativno-diagnostichen-blok/structures/20416/laboratoriya-po-hematopatologiya-i-imunologiya
НСБАЛХЗ – Консултативно-диагностичен блок,,"Sofia, 
ул. Пловдивско поле 6",https://hematology.bg/,,,0,0,,,,https://www.credoweb.bg/page/20079/nsbalhz-konsultativno-diagnostichen-blok/structures/20417/laboratoriya-po-tsitogenetika-i-molekulyarna-biologiya
НСБАЛХЗ – Консултативно-диагностичен блок,,"Sofia, 
ул. Пловдивско поле 6",https://hematology.bg/,,,0,0,,,,https://www.credoweb.bg/page/20079/nsbalhz-konsultativno-diagnostichen-blok/structures/20418/laboratoriya-po-transfuzionna-hematologiya
НСБАЛХЗ – Консултативно-диагностичен блок,,"Sofia, 
ул. Пловдивско поле 6",https://hematology.bg/,,,0,0,,,,https://www.credoweb.bg/page/20079/nsbalhz-konsultativno-diagnostichen-blok/structures/20419/laboratoriya-po-nuklearno-meditsinska-diagnostika
НСБАЛХЗ – Консултативно-диагностичен блок,,"Sofia, 
ул. Пловдивско поле 6",https://hematology.bg/,,,0,0,,,,https://www.credoweb.bg/page/20079/nsbalhz-konsultativno-diagnostichen-blok/structures/20420/laboratoriya-po-mikrobiologiya
ДКЦ Асцендент,,"Sofia, 
ул. Бачо Киро 47",http://www.ascendent.bg/,,,0,0,,,,https://www.credoweb.bg/page/19736/dkts-astsendent/structures/20423/nevrologichen-kabinet
​Диетология и Еднокринология,Hospital,България,,,,0,0,,,,https://www.credoweb.bg/page/20425/dietologiya-i-ednokrinologiya
Национална специализирана болница за активно лечение на хематологични заболявания - НСБАЛХЗ,,"Sofia, 
Пловдивско поле 6",https://hematology.bg/,,,0,0,,,,https://www.credoweb.bg/page/20061/nsbalhz-statsionaren-blok/structures/20426/otdelenie-po-klinichna-hematologiya
МЦ ІІІ - Бургас,,"Burgas, 
жк. Меден Рудник, зона А, УП - 1, кв. 11",http://hospital-medicalcenter3bs.com/contact.php,,,0,0,,,,https://www.credoweb.bg/page/19317/mts-burgas/structures/20428/kardiologichen-kabinet
МЦ Св. Лука,,"Stara Zagora, 
ул. Стефан Караджа 88",http://www.mcsvluka.com/,,,0,0,,,,https://www.credoweb.bg/page/19872/mts-sv-luka/structures/20353/kabinet-po-sportna-meditsina
МЦ Св. Лука,,"Stara Zagora, 
ул. Стефан Караджа 88",http://www.mcsvluka.com/,,,0,0,,,,https://www.credoweb.bg/page/19872/mts-sv-luka/structures/20356/kabinet-po-hirurgiya
МЦ Св. Лука,,"Stara Zagora, 
ул. Стефан Караджа 88",http://www.mcsvluka.com/,,,0,0,,,,https://www.credoweb.bg/page/19872/mts-sv-luka/structures/20361/kabinet-po-ochni-bolesti-iztok-ochen-meditsinski-tsentar-vista
МЦ Св. Лука,,"Stara Zagora, 
ул. Стефан Караджа 88",http://www.mcsvluka.com/,,,0,0,,,,https://www.credoweb.bg/page/19872/mts-sv-luka/structures/20362/kabinet-po-ochni-bolesti-zapad
МЦ Св. Лука,,"Stara Zagora, 
ул. Стефан Караджа 88",http://www.mcsvluka.com/,,,0,0,,,,https://www.credoweb.bg/page/19872/mts-sv-luka/structures/20363/kabinet-po-kardiologiya
МЦ Св. Лука,,"Stara Zagora, 
ул. Стефан Караджа 88",http://www.mcsvluka.com/,,,0,0,,,,https://www.credoweb.bg/page/19872/mts-sv-luka/structures/20364/kabinet-po-belodrobni-bolesti
МЦ Св. Лука,,"Stara Zagora, 
ул. Стефан Караджа 88",http://www.mcsvluka.com/,,,0,0,,,,https://www.credoweb.bg/page/19872/mts-sv-luka/structures/20365/kabinet-po-gastroenterologiya
МЦ Св. Лука,,"Stara Zagora, 
ул. Стефан Караджа 88",http://www.mcsvluka.com/,,,0,0,,,,https://www.credoweb.bg/page/19872/mts-sv-luka/structures/20366/kabinet-po-nevrologiya
МЦ Св. Лука,,"Stara Zagora, 
ул. Стефан Караджа 88",http://www.mcsvluka.com/,,,0,0,,,,https://www.credoweb.bg/page/19872/mts-sv-luka/structures/20368/kabinet-po-fizioterapiya-i-rehabilitativna-meditsina
МЦ Св. Лука,,"Stara Zagora, 
ул. Стефан Караджа 88",http://www.mcsvluka.com/,,,0,0,,,,https://www.credoweb.bg/page/19872/mts-sv-luka/structures/20369/mikrobiologichna-laboratoriya
МЦ Св. Лука,,"Stara Zagora, 
ул. Стефан Караджа 88",http://www.mcsvluka.com/,,,0,0,,,,https://www.credoweb.bg/page/19872/mts-sv-luka/structures/20371/kabinet-po-ortopediya-i-travmatologiya
МЦ Св. Пантелеймон,,"Stara Zagora, 
ул. Петко Р. Славейков 58",www.st-panteleymon.com,,,0,0,,,,https://www.credoweb.bg/page/19867/mts-sv-panteleymon/structures/20376/kabinet-po-nevrologiya
МЦ Св. Пантелеймон,,"Stara Zagora, 
ул. Петко Р. Славейков 58",www.st-panteleymon.com,,,0,0,,,,https://www.credoweb.bg/page/19867/mts-sv-panteleymon/structures/20377/psihologichen-kabinet
МЦ Св. Пантелеймон,,"Stara Zagora, 
ул. Петко Р. Славейков 58",www.st-panteleymon.com,,,0,0,,,,https://www.credoweb.bg/page/19867/mts-sv-panteleymon/structures/20379/kabinet-po-pulmologiya
УМБАЛ Св. Иван Рилски,,"Sofia, 
бул. Акад. Иван Евстатиев Гешов 15",,,,0,0,,,,https://www.credoweb.bg/page/19690/umbal-sv-ivan-rilski/structures/20329/napravlenie-kompyutarna-i-magnitno-rezonansna-tomografiya
УМБАЛ Св. Иван Рилски,,"Sofia, 
бул. Акад. Иван Евстатиев Гешов 15",,,,0,0,,,,https://www.credoweb.bg/page/19690/umbal-sv-ivan-rilski/structures/20330/napravlenie-invazivna-obrazna-diagnostika-i-interventsionalna-rentgenologiya
МЦ Здраве за всеки - Младост,,"Sofia, 
жк Младост-1 бл.54, ул. Йерусалим",http://zdravezavseki.com,,,0,0,,,,https://www.credoweb.bg/page/19981/mts-zdrave-za-vseki-mladost/structures/20334/ung-kabinet
МЦ Здраве за всеки - Младост,,"Sofia, 
жк Младост-1 бл.54, ул. Йерусалим",http://zdravezavseki.com,,,0,0,,,,https://www.credoweb.bg/page/19981/mts-zdrave-za-vseki-mladost/structures/20336/kabinet-po-kardiologiya
МЦ Здраве за всеки - Младост,,"Sofia, 
жк Младост-1 бл.54, ул. Йерусалим",http://zdravezavseki.com,,,0,0,,,,https://www.credoweb.bg/page/19981/mts-zdrave-za-vseki-mladost/structures/20337/kabinet-po-vatreshni-bolesti
МЦ Здраве за всеки - Младост,,"Sofia, 
жк Младост-1 бл.54, ул. Йерусалим",http://zdravezavseki.com,,,0,0,,,,https://www.credoweb.bg/page/19981/mts-zdrave-za-vseki-mladost/structures/20338/kabinet-po-ortopediya
МЦ Здраве за всеки - Младост,,"Sofia, 
жк Младост-1 бл.54, ул. Йерусалим",http://zdravezavseki.com,,,0,0,,,,https://www.credoweb.bg/page/19981/mts-zdrave-za-vseki-mladost/structures/20339/kabinet-po-nevrologiya
МЦ Здраве за всеки - Люлин,,"Sofia, 
Бул. Европа №31",http://zdravezavseki.com,,,0,0,,,,https://www.credoweb.bg/page/19985/mts-zdrave-za-vseki-lyulin/structures/20340/kabinet-po-vatreshni-bolesti
МЦ Здраве за всеки - Люлин,,"Sofia, 
Бул. Европа №31",http://zdravezavseki.com,,,0,0,,,,https://www.credoweb.bg/page/19985/mts-zdrave-za-vseki-lyulin/structures/20341/ung-kabinet
МЦ Здраве за всеки - Люлин,,"Sofia, 
Бул. Европа №31",http://zdravezavseki.com,,,0,0,,,,https://www.credoweb.bg/page/19985/mts-zdrave-za-vseki-lyulin/structures/20347/kabinet-po-ortopediya
МЦ Здраве за всеки - Люлин,,"Sofia, 
Бул. Европа №31",http://zdravezavseki.com,,,0,0,,,,https://www.credoweb.bg/page/19985/mts-zdrave-za-vseki-lyulin/structures/20348/kabinet-po-nevrologiya
МЦ Здраве за всеки - Люлин,,"Sofia, 
Бул. Европа №31",http://zdravezavseki.com,,,0,0,,,,https://www.credoweb.bg/page/19985/mts-zdrave-za-vseki-lyulin/structures/20349/kabinet-po-kardiologiya
МЦ ІІІ - Бургас,,"Burgas, 
жк. Меден Рудник, зона А, УП - 1, кв. 11",http://hospital-medicalcenter3bs.com/contact.php,,,0,0,,,,https://www.credoweb.bg/page/19317/mts-burgas/structures/20431/ag-kabinet
МЦ ІІІ - Бургас,,"Burgas, 
жк. Меден Рудник, зона А, УП - 1, кв. 11",http://hospital-medicalcenter3bs.com/contact.php,,,0,0,,,,https://www.credoweb.bg/page/19317/mts-burgas/structures/20433/ochen-kabinet
КОЦ - Русе,,"Ruse, 
ул. Независимост 2",http://kocruse.com/,,,0,0,,,,https://www.credoweb.bg/page/19649/kots-ruse/structures/20435/statsionar
КОЦ - Русе,,"Ruse, 
ул. Независимост 2",http://kocruse.com/,,,0,0,,,,https://www.credoweb.bg/page/19649/kots-ruse/structures/20436/diagnostichno-konsultativen-blok
Урология,Hospital,България,,,,0,0,"Комплексни решения при лечението на:    Аденом на простатата със зелен лазер  Лазерно разбиване на всички видове камъни в бъбреците и пикочните пътища  Лапароскопска диагностика и безкръвни лапароскопски операции  Иноватно лечение с ботокс при свръхактивен пикочен мехур  Пролапс и изпускане на урина със слингови технологии  Простатит, цистит и уро инфекции  Реконструктивна и естетична урология",,,https://www.credoweb.bg/page/20439/urologiya
УНГ,Hospital,България,,,,0,0,Комплексни решения при лечение на:    Затруднено носно дишане  Диагностика и лечение на сънна апнея  Естетична и функционална корекция на носа  Лазерно лечение на образувания на ларинкса  Лазерна хирургия на гласа  Лазерно отстраняване на сливици и трета сливица  Лазерна хирургия на злокачествени тумори  Лазерна хирургия на стеснения на ларинкса  Премахване на полипи  Лечение на хроничен синузит и изкривена носна преграда,,,https://www.credoweb.bg/page/20440/ung
КОЦ - Русе,,"Ruse, 
ул. Независимост 2",http://kocruse.com/,,,0,0,,,,https://www.credoweb.bg/page/19649/kots-ruse/structures/20442/kliniko-diagnostichni-strukturi
"СБАЛОЗ ""Д-р Марко Антонов Марков"" - Варна",,"Varna, 
бул. Цар Освободител 100",http://varnaoncology.org,,,0,0,,,,https://www.credoweb.bg/page/19354/sbaloz-d-r-marko-antonov-markov-varna/structures/20443/diagnostichno-konsultativen-blok
МБАЛ Бургасмед,,"Burgas, 
кв. Меден Рудник, зона А, кв. 11",,,,0,0,,,,https://www.credoweb.bg/page/20048/mbal-burgasmed/structures/20466/otdelenie-kardiologichno-otdelenie-sas-sektor-invazivna-kardiologiya
МБАЛ Бургасмед,,"Burgas, 
кв. Меден Рудник, зона А, кв. 11",,,,0,0,,,,https://www.credoweb.bg/page/20048/mbal-burgasmed/structures/20468/otdelenie-hirurgiya
МБАЛ Бургасмед,,"Burgas, 
кв. Меден Рудник, зона А, кв. 11",,,,0,0,,,,https://www.credoweb.bg/page/20048/mbal-burgasmed/structures/20469/otdelenie-nevrohirurgiya
МБАЛ Бургасмед,,"Burgas, 
кв. Меден Рудник, зона А, кв. 11",,,,0,0,,,,https://www.credoweb.bg/page/20048/mbal-burgasmed/structures/20470/otdelenie-ung
МБАЛ Бургасмед,,"Burgas, 
кв. Меден Рудник, зона А, кв. 11",,,,0,0,,,,https://www.credoweb.bg/page/20048/mbal-burgasmed/structures/20472/otdelenie-nevrologiya
МБАЛ Бургасмед,,"Burgas, 
кв. Меден Рудник, зона А, кв. 11",,,,0,0,,,,https://www.credoweb.bg/page/20048/mbal-burgasmed/structures/20473/otdelenie-vatreshni-bolesti-s-gastroenterologiya-pulmologiya
МБАЛ Бургасмед,,"Burgas, 
кв. Меден Рудник, зона А, кв. 11",,,,0,0,,,,https://www.credoweb.bg/page/20048/mbal-burgasmed/structures/20475/otdelenie-obshta-i-klinichna-patologiya
МБАЛ Бургасмед,,"Burgas, 
кв. Меден Рудник, зона А, кв. 11",,,,0,0,,,,https://www.credoweb.bg/page/20048/mbal-burgasmed/structures/20476/klinichna-laboratoriya
МЦ Света София,,"Burgas, 
ул. Възраждане 13",http://www.saintsofia.com,,,0,0,,,,https://www.credoweb.bg/page/19321/mts-sveta-sofiya/structures/20478/kabinet-vatreshni-bolesti
МЦ Света София,,"Burgas, 
ул. Възраждане 13",http://www.saintsofia.com,,,0,0,,,,https://www.credoweb.bg/page/19321/mts-sveta-sofiya/structures/20479/kabinet-kardiologiya
МЦ Света София,,"Burgas, 
ул. Възраждане 13",http://www.saintsofia.com,,,0,0,,,,https://www.credoweb.bg/page/19321/mts-sveta-sofiya/structures/20480/kabinet-endokrinologiya
УМБАЛ Дева Мария,,"Burgas, 
кв. Ветрен, ул. Ал. Стамболийски",http://www.devamaria.com,,,0,0,,,,https://www.credoweb.bg/page/19318/umbal-deva-mariya/structures/20503/otdelenie-neonatologiya
УМБАЛ Дева Мария,,"Burgas, 
кв. Ветрен, ул. Ал. Стамболийски",http://www.devamaria.com,,,0,0,,,,https://www.credoweb.bg/page/19318/umbal-deva-mariya/structures/20504/otdelenie-ortopediya-i-travmatologiya
УМБАЛ Дева Мария,,"Burgas, 
кв. Ветрен, ул. Ал. Стамболийски",http://www.devamaria.com,,,0,0,,,,https://www.credoweb.bg/page/19318/umbal-deva-mariya/structures/20505/otdelenie-sadova-hirurgiya
УМБАЛ Дева Мария,,"Burgas, 
кв. Ветрен, ул. Ал. Стамболийски",http://www.devamaria.com,,,0,0,,,,https://www.credoweb.bg/page/19318/umbal-deva-mariya/structures/20506/urologichno-otdelenie
УМБАЛ Дева Мария,,"Burgas, 
кв. Ветрен, ул. Ал. Стамболийски",http://www.devamaria.com,,,0,0,,,,https://www.credoweb.bg/page/19318/umbal-deva-mariya/structures/20507/otdelenie-vatreshni-bolesti
УМБАЛ Дева Мария,,"Burgas, 
кв. Ветрен, ул. Ал. Стамболийски",http://www.devamaria.com,,,0,0,,,,https://www.credoweb.bg/page/19318/umbal-deva-mariya/structures/20508/otdelenie-nevrologiya
УМБАЛ Дева Мария,,"Burgas, 
кв. Ветрен, ул. Ал. Стамболийски",http://www.devamaria.com,,,0,0,,,,https://www.credoweb.bg/page/19318/umbal-deva-mariya/structures/20509/otdelenie-anesteziologiya-i-intenzivno-lechenie
УМБАЛ Дева Мария,,"Burgas, 
кв. Ветрен, ул. Ал. Стамболийски",http://www.devamaria.com,,,0,0,,,,https://www.credoweb.bg/page/19318/umbal-deva-mariya/structures/20512/otdelenie-hirurgiya
УМБАЛ Дева Мария,,"Burgas, 
кв. Ветрен, ул. Ал. Стамболийски",http://www.devamaria.com,,,0,0,,,,https://www.credoweb.bg/page/19318/umbal-deva-mariya/structures/20513/kardiologichno-otdelenie
УМБАЛ Дева Мария,,"Burgas, 
кв. Ветрен, ул. Ал. Стамболийски",http://www.devamaria.com,,,0,0,,,,https://www.credoweb.bg/page/19318/umbal-deva-mariya/structures/20514/otdelenie-obrazna-diagnostika
УМБАЛ Дева Мария,,"Burgas, 
кв. Ветрен, ул. Ал. Стамболийски",http://www.devamaria.com,,,0,0,,,,https://www.credoweb.bg/page/19318/umbal-deva-mariya/structures/20515/otdelenie-laboratoriya
МЦ Света София,,"Burgas, 
ул. Възраждане 13",http://www.saintsofia.com,,,0,0,,,,https://www.credoweb.bg/page/19321/mts-sveta-sofiya/structures/20481/kabinet-nevrologiya
МЦ Света София,,"Burgas, 
ул. Възраждане 13",http://www.saintsofia.com,,,0,0,,,,https://www.credoweb.bg/page/19321/mts-sveta-sofiya/structures/20483/kabinet-oftalmologiya
МЦ Света София,,"Burgas, 
ул. Възраждане 13",http://www.saintsofia.com,,,0,0,,,,https://www.credoweb.bg/page/19321/mts-sveta-sofiya/structures/20486/kabinet-ginekologiya
МЦ Света София,,"Burgas, 
ул. Възраждане 13",http://www.saintsofia.com,,,0,0,,,,https://www.credoweb.bg/page/19321/mts-sveta-sofiya/structures/20487/kabinet-pulmologiya
МЦ Света София,,"Burgas, 
ул. Възраждане 13",http://www.saintsofia.com,,,0,0,,,,https://www.credoweb.bg/page/19321/mts-sveta-sofiya/structures/20488/kabinet-hirurgiya
МЦ Света София,,"Burgas, 
ул. Възраждане 13",http://www.saintsofia.com,,,0,0,,,,https://www.credoweb.bg/page/19321/mts-sveta-sofiya/structures/20489/kabinet-urologiya
МЦ Света София,,"Burgas, 
ул. Възраждане 13",http://www.saintsofia.com,,,0,0,,,,https://www.credoweb.bg/page/19321/mts-sveta-sofiya/structures/20490/kabinet-dermatologiya
МЦ Света София,,"Burgas, 
ул. Възраждане 13",http://www.saintsofia.com,,,0,0,,,,https://www.credoweb.bg/page/19321/mts-sveta-sofiya/structures/20491/kabinet-ortopediya
МЦ Света София,,"Burgas, 
ул. Възраждане 13",http://www.saintsofia.com,,,0,0,,,,https://www.credoweb.bg/page/19321/mts-sveta-sofiya/structures/20492/kabinet-pediatriya
МЦ Света София,,"Burgas, 
ул. Възраждане 13",http://www.saintsofia.com,,,0,0,,,,https://www.credoweb.bg/page/19321/mts-sveta-sofiya/structures/20497/kabinet-obrazna-diagnostika
МЦ Света София,,"Burgas, 
ул. Възраждане 13",http://www.saintsofia.com,,,0,0,,,,https://www.credoweb.bg/page/19321/mts-sveta-sofiya/structures/20498/kabinet-sadova-hirurgiya
МЦ Света София,,"Burgas, 
ул. Възраждане 13",http://www.saintsofia.com,,,0,0,,,,https://www.credoweb.bg/page/19321/mts-sveta-sofiya/structures/20499/kabinet-infektsiozni-bolesti
МЦ Света София,,"Burgas, 
ул. Възраждане 13",http://www.saintsofia.com,,,0,0,,,,https://www.credoweb.bg/page/19321/mts-sveta-sofiya/structures/20500/kabinet-dietologiya
УМБАЛ Дева Мария,,"Burgas, 
кв. Ветрен, ул. Ал. Стамболийски",http://www.devamaria.com,,,0,0,,,,https://www.credoweb.bg/page/19318/umbal-deva-mariya/structures/20501/rodilno-otdelenie
УМБАЛ Дева Мария,,"Burgas, 
кв. Ветрен, ул. Ал. Стамболийски",http://www.devamaria.com,,,0,0,,,,https://www.credoweb.bg/page/19318/umbal-deva-mariya/structures/20502/otdelenie-ginekologiya-i-patologichna-bremennost
МЦ Марица,Medical center,"България, Пловдив, 4000, ул. Плевен 13",,,,0,0,,,,https://www.credoweb.bg/page/20737/mts-maritsa
УМБАЛ Св. Анна,,"Sofia, 
ул. Димитър Моллов 1",,,,0,0,,,,https://www.credoweb.bg/page/19748/umbal-sv-anna/structures/20740/klinika-po-nevrologiya
Хоспис Ин&Ян,Medical center,"България, Смядово, 9820, ул. Крайпътна 1",,,,0,0,,Клиника по нервни болести,,https://www.credoweb.bg/page/21231/hospis-inyan
Хоспис Ин&Ян,,"Smyadovo, 
ул. Крайпътна 1",,,,0,0,,,,https://www.credoweb.bg/page/21231/hospis-inyan/structures/21236/klinika-po-nervni-bolesti
УМБАЛСМ Пирогов,,"Sofia, 
бул. Ген. Едуард И. Тотлебен 21",http://www.pirogov.eu/,,,0,0,,,,https://www.credoweb.bg/page/19698/umbalsm-pirogov/structures/21448/klinika-po-detska-reanimatsiya-i-intenzivno-lechenie
МБАЛНП Свети Наум,,"Sofia, 
ул. Д-р Любен Русев 1",http://www.svnaum.com/,,,0,0,,,,https://www.credoweb.bg/page/19750/mbalnp-sveti-naum/structures/21460/otdelenie-po-fizikalna-terapiya
УМБАЛСМ Пирогов,,"Sofia, 
бул. Ген. Едуард И. Тотлебен 21",http://www.pirogov.eu/,,,0,0,,,,https://www.credoweb.bg/page/19698/umbalsm-pirogov/structures/21568/treta-hirurgichna-klinika
МБАЛ Св. Пантелеймон,,"Plovdiv, 
бул. Никола Вапцаров 9",,,,0,0,,,,https://www.credoweb.bg/page/19587/mbal-sv-panteleymon/structures/21708/speshno-otdelenie
Болница Тракия - Център,,"Stara Zagora, 
бул. Патриарх Евтимий 84",www.trakiahospital.com,,,0,0,,,,https://www.credoweb.bg/page/19846/bolnitsa-trakiya-tsentar/structures/21860/mikrobiologichna-laboratoriya
"УМБАЛ ""Пловдив""",,"Plovdiv, 
бул. България 234",http://www.mbal.net/main.php?module=content&cnt_id=1,,,0,0,,,,https://www.credoweb.bg/page/19579/umbal-plovdiv/structures/21923/otdelenie-po-pediatriya
Аджибадем Сити Клиник Бургас,,"Burgas, 
ул. Ст. Стамболов № 73",burgas@acibademcityclinic.bg,,,0,0,,,,https://www.credoweb.bg/page/20705/siti-klinik-burgas/structures/21990/mbal-burgas-otdelenie-po-kardiohirurgiya
"Медицински комплекс ""Доверие""",,"Sofia, 
ж.к. Овча купел 2, ул. Фридрих Грюнангер №2",www.mbal.doverie.bg,,,0,0,,,,https://www.credoweb.bg/page/19972/meditsinski-kompleks-doverie/structures/23829/otdelenie-po-ginekologiya
"Медицински комплекс ""Доверие""",,"Sofia, 
ж.к. Овча купел 2, ул. Фридрих Грюнангер №2",www.mbal.doverie.bg,,,0,0,,,,https://www.credoweb.bg/page/19972/meditsinski-kompleks-doverie/structures/23834/otdelenie-po-urologiya
"Медицински комплекс ""Доверие""",,"Sofia, 
ж.к. Овча купел 2, ул. Фридрих Грюнангер №2",www.mbal.doverie.bg,,,0,0,,,,https://www.credoweb.bg/page/19972/meditsinski-kompleks-doverie/structures/23836/otdelenie-po-gastroenterologiya
"Медицински комплекс ""Доверие""",,"Sofia, 
ж.к. Овча купел 2, ул. Фридрих Грюнангер №2",www.mbal.doverie.bg,,,0,0,,,,https://www.credoweb.bg/page/19972/meditsinski-kompleks-doverie/structures/23838/otdelenie-po-obshta-i-endoskopska-hirurgiya
"Медицински комплекс ""Доверие""",,"Sofia, 
ж.к. Овча купел 2, ул. Фридрих Грюнангер №2",www.mbal.doverie.bg,,,0,0,,,,https://www.credoweb.bg/page/19972/meditsinski-kompleks-doverie/structures/23839/otdelenie-po-fizikalna-i-rehabilitatsionna-meditsina
"Медицински комплекс ""Доверие""",,"Sofia, 
ж.к. Овча купел 2, ул. Фридрих Грюнангер №2",www.mbal.doverie.bg,,,0,0,,,,https://www.credoweb.bg/page/19972/meditsinski-kompleks-doverie/structures/23840/otdelenie-po-anesteziologiya-reanimatsiya-i-intenzivno-lechenie
"Медицински комплекс ""Доверие""",,"Sofia, 
ж.к. Овча купел 2, ул. Фридрих Грюнангер №2",www.mbal.doverie.bg,,,0,0,,,,https://www.credoweb.bg/page/19972/meditsinski-kompleks-doverie/structures/23841/otdelenie-po-ortopediya-i-travmatologiya
УМБАЛ Царица Йоанна - ИСУЛ,,"Sofia, 
ул. Бяло море 8",http://www.isul.eu/index.htm,,,0,0,,,,https://www.credoweb.bg/page/19740/umbal-tsaritsa-yoanna-isul/structures/23879/klinika-po-lachelechenie
"Медицински комплекс ""Доверие""",,"Sofia, 
ж.к. Овча купел 2, ул. Фридрих Грюнангер №2",www.mbal.doverie.bg,,,0,0,,,,https://www.credoweb.bg/page/19972/meditsinski-kompleks-doverie/structures/23842/otdelenie-po-nevrologiya
УМБАЛ Царица Йоанна - ИСУЛ,,"Sofia, 
ул. Бяло море 8",http://www.isul.eu/index.htm,,,0,0,,,,https://www.credoweb.bg/page/19740/umbal-tsaritsa-yoanna-isul/structures/24141/klinika-po-metabolitno-endokrinni-zabolyavaniya-i-dietetika
УМБАЛ Царица Йоанна - ИСУЛ,,"Sofia, 
ул. Бяло море 8",http://www.isul.eu/index.htm,,,0,0,,,,https://www.credoweb.bg/page/19740/umbal-tsaritsa-yoanna-isul/structures/23979/klinika-po-hemodializa
ББ Дентал,Hospital,"България, София, 1000, София",,,,0,0,,,,https://www.credoweb.bg/page/24080/bb-dental
Национална кардиологична болница,,"Sofia, 
ул. Коньовица 65",http://hearthospital.bg/,,,0,0,,,,https://www.credoweb.bg/page/19768/natsionalna-kardiologichna-bolnitsa/structures/23973/klinika-po-kardiohirurgiya-nkb
УМБАЛ Св. Марина - Варна,,"Varna, 
бул. Христо Смирненски 1",www.svetamarina.com,,,0,0,,,,https://www.credoweb.bg/page/19347/umbal-sv-marina-varna/structures/24233/vtora-klinika-po-hirurgiya
Медицински център Лора,,"Sofia, 
ул. Позитано 10",http://www.loramed.com/,,,0,0,,,,https://www.credoweb.bg/page/19787/meditsinski-tsentar-lora/structures/24420/mts-lora-za-zhenata
УМБАЛ Св. Георги - База 1,,"Plovdiv, 
бул. В. Априлов 15",,,,0,0,,,,https://www.credoweb.bg/page/20060/umbal-sv-georgi-baza-1/structures/25066/klinika-po-urologiya
МЦ Апекс,Medical center,"България, Плевен, 5800, ул. Димитър Константинов 11",,,,0,0,,,,https://www.credoweb.bg/page/25100/mts-apeks
"УМБАЛ ""Пловдив""",,"Plovdiv, 
бул. България 234",http://www.mbal.net/main.php?module=content&cnt_id=1,,,0,0,,,,https://www.credoweb.bg/page/19579/umbal-plovdiv/structures/25114/ochno-otdelenie
Медицински център за рехабилитация и спортна медицина,Medical center,"България, Плевен, 5800, бул. Русе 1",,,,0,0,,,,https://www.credoweb.bg/page/24989/meditsinski-tsentar-za-rehabilitatsiya-i-sportna-meditsina
УМБАЛ Бургас АД,,"Burgas, 
бул. Стефан Стамболов 73",http://www.mbalburgas.com/bg,,,0,0,,,,https://www.credoweb.bg/page/19314/umbal-burgas-ad/structures/25297/vtoro-otdelenie-po-obshta-hirurgiya
Център за психично здраве - Пловдив,Medical center,"България, Пловдив, 4000, бул. Пещерско шосе 68",,,,0,0,,,,https://www.credoweb.bg/page/25196/tsentar-za-psihichno-zdrave-plovdiv
Дермато-козметичен център Belle Femme,Medical center,"България, София, 1000, бул. Арсеналски 45",,,,0,0,,,,https://www.credoweb.bg/page/25376/dermato-kozmetichen-tsentar-belle-femme
МБАЛ Св. Анна,,"Varna, 
бул. Цар Освободител 100",http://svetaanna-varna.com/,,,0,0,,,,https://www.credoweb.bg/page/19350/mbal-sv-anna/structures/25333/klinika-po-ortopediya-i-travmatologiya
УМБАЛ Каспела,,"Plovdiv, 
ул. София 64",,,,0,0,,,,https://www.credoweb.bg/page/19613/umbal-kaspela/structures/25451/otdelenie-po-endokrinologiya
МЦ АВИЦЕНА,,"Sofia, 
квартал Стрелбище, пк 1408,  улица ""Орехова гора'' 17Б",http://www.mc-avicena.com/,,,0,0,,,,https://www.credoweb.bg/page/20009/mts-avitsena/structures/25582/vatreshni-bolesti-profesionalni-bolesti-i-homeopatiya
Омегадент,Hospital,"България, София, 1000, ул. Коста Лулчев 58а, кв. Гео Милев",,,,0,0,,,,https://www.credoweb.bg/page/25556/omegadent
УМБАЛ Бургас АД,,"Burgas, 
бул. Стефан Стамболов 73",http://www.mbalburgas.com/bg,,,0,0,,,,https://www.credoweb.bg/page/19314/umbal-burgas-ad/structures/25593/otdelenie-po-ung
"Медицински център ""Д-р Хайвазов""",,"Sofia, 
бул. Цариградско шосе №131, етаж 7",http://medicine-bg.com/,,,0,0,,,,https://www.credoweb.bg/page/20043/mts-d-r-hayvazov/structures/25676/akusherstvo-i-ginekologiya
"УМБАЛ ""Д-р Георги Странски""",,"Pleven, 
ул. Георги Кочев 8 а",http://www.umbalpleven.com,,,0,0,,,,https://www.credoweb.bg/page/19555/umbal-d-r-g-stranski/structures/25930/mdl-po-meditsinska-genetika
ДКЦ Стефан Черкезов,Hospital,"България, Велико Търново, 5000, ул. Ниш №1",,,,0,0,,,,https://www.credoweb.bg/page/26222/dkts-stefan-cherkezov
УСБАЛ по Онкология ЕАД,,"Sofia, 
ул. Пловдивско поле 6",,,,0,0,,,,https://www.credoweb.bg/page/23774/usbal-po-onkologiya-ead/structures/25803/klinika-po-nuklearna-meditsina
УСБАЛ по Онкология ЕАД,,"Sofia, 
ул. Пловдивско поле 6",,,,0,0,,,,https://www.credoweb.bg/page/23774/usbal-po-onkologiya-ead/structures/25804/otdelenie-po-obrazna-diagnostika
УСБАЛ по Онкология ЕАД,,"Sofia, 
ул. Пловдивско поле 6",,,,0,0,,,,https://www.credoweb.bg/page/23774/usbal-po-onkologiya-ead/structures/25807/klinika-po-koremna-hirurgiya
УСБАЛ по Онкология ЕАД,,"Sofia, 
ул. Пловдивско поле 6",,,,0,0,,,,https://www.credoweb.bg/page/23774/usbal-po-onkologiya-ead/structures/25808/otdelenie-po-gradna-hirurgiya
УСБАЛ по Онкология ЕАД,,"Sofia, 
ул. Пловдивско поле 6",,,,0,0,,,,https://www.credoweb.bg/page/23774/usbal-po-onkologiya-ead/structures/25810/klinika-po-ginekologiya
МБАЛ - Поморие,,"Pomorie, 
ул. Проф. Парашкев Стоянов 1",,,,0,0,,,,https://www.credoweb.bg/page/19331/mbal-pomorie/structures/26483/akushero-ginekologichno-otdelenie
"УМБАЛ ""Д-р Георги Странски""",,"Pleven, 
ул. Георги Кочев 8 а",http://www.umbalpleven.com,,,0,0,,,,https://www.credoweb.bg/page/19555/umbal-d-r-g-stranski/structures/26355/otdelenie-po-neonatologiya
МЦ Вита,Medical center,"България, Павликени, 5200, ул. Васил Петлешков № 2",,,,0,0,,,д-р Пенчо Ванев Пенчев,https://www.credoweb.bg/page/26379/mts-vita
ДКЦ Асцендент,,"Sofia, 
ул. Бачо Киро 47",http://www.ascendent.bg/,,,0,0,,,,https://www.credoweb.bg/page/19736/dkts-astsendent/structures/26322/klinichna-psihologiya
МЦ Раредис,Medical center,"България, Пловдив, 4000, ул. Маестро Георги Атанасов 22",,,,0,0,,,,https://www.credoweb.bg/page/26619/mts-raredis
МЦ Сана,Medical center,"България, Пловдив, 4000, ул. Любен Каравелов 9Б",,,,0,0,,,,https://www.credoweb.bg/page/26630/mts-sana
УСБАЛ по Онкология ЕАД,,"Sofia, 
ул. Пловдивско поле 6",,,,0,0,,,,https://www.credoweb.bg/page/23774/usbal-po-onkologiya-ead/structures/26666/dermatologichna-klinika
УСБАЛ по Онкология ЕАД,,"Sofia, 
ул. Пловдивско поле 6",,,,0,0,,,,https://www.credoweb.bg/page/23774/usbal-po-onkologiya-ead/structures/26667/torakalna-klinika
УСБАЛ по Онкология ЕАД,,"Sofia, 
ул. Пловдивско поле 6",,,,0,0,,,,https://www.credoweb.bg/page/23774/usbal-po-onkologiya-ead/structures/26668/klinika-po-meditsinska-onkologiya
УСБАЛ по Онкология ЕАД,,"Sofia, 
ул. Пловдивско поле 6",,,,0,0,,,,https://www.credoweb.bg/page/23774/usbal-po-onkologiya-ead/structures/26669/klinika-po-urologiya
"УМБАЛ ""КАНЕВ"" АД",,"Ruse, 
ул. Независимост 2",Официална Фейсбук страница на УМБАЛ-Русе,,,0,0,,,,https://www.credoweb.bg/page/19648/umbal-ruse/structures/26724/otdelenie-po-vatreshni-bolesti-gastroenterologiya-i-klinichna-hematologiya
"УМБАЛ ""КАНЕВ"" АД",,"Ruse, 
ул. Независимост 2",Официална Фейсбук страница на УМБАЛ-Русе,,,0,0,,,,https://www.credoweb.bg/page/19648/umbal-ruse/structures/26725/otdelenie-po-neonatologiya
"УМБАЛ ""КАНЕВ"" АД",,"Ruse, 
ул. Независимост 2",Официална Фейсбук страница на УМБАЛ-Русе,,,0,0,,,,https://www.credoweb.bg/page/19648/umbal-ruse/structures/26726/detsko-otdelenie
УСБАЛ по Онкология ЕАД,,"Sofia, 
ул. Пловдивско поле 6",,,,0,0,,,,https://www.credoweb.bg/page/23774/usbal-po-onkologiya-ead/structures/26671/klinika-po-ung-bolesti
СМДЛ -Вижън,Laboratory,"България, Русе, 7000, ул. Рига 35",,,,0,0,,,,https://www.credoweb.bg/page/26749/smdl-vizhan
МЦ Евромедисон,Medical center,"България, Русе, 7000, ул. Коледница 12",,,,0,0,,,,https://www.credoweb.bg/page/26753/mts-evromedison
МЦ-Русе,Medical center,"България, Русе, 7000, ул.Независимост 2",,,,0,0,,,,https://www.credoweb.bg/page/26756/mts-ruse
УМБАЛ Св. Анна,,"Sofia, 
ул. Димитър Моллов 1",,,,0,0,,,,https://www.credoweb.bg/page/19748/umbal-sv-anna/structures/27222/klinika-po-urologiya
МБАЛ Хигия ООД,,"Haskovo, 
ул. Стефан Стамболов 2",,,,0,0,,,,https://www.credoweb.bg/page/20136/mbal-higiya-ood/structures/27228/otdelenie-po-rengenologiya
МБАЛ Д-р Атанас Дафовски,,"Kardzhali, 
бул. Беломорски 53",http://www.hospital-kj.com/,,,0,0,,,,https://www.credoweb.bg/page/19468/mbal-d-r-atanas-dafovski/structures/26927/neonatologichno-otdelenie
ДКЦ - Куклен,Hospital,"България, Куклен, 4101, ул. Славянска 7",,,,0,0,,,,https://www.credoweb.bg/page/27167/dkts-kuklen
МБАЛ Хигия,,"Pazardzhik, 
ул. ""Св. Иван Рилски"" №3",,,,0,0,,,,https://www.credoweb.bg/page/27513/mbal-higiya/structures/27172/otdelenie-po-kardiologiya
УМБАЛСМ Пирогов,,"Sofia, 
бул. Ген. Едуард И. Тотлебен 21",http://www.pirogov.eu/,,,0,0,,,,https://www.credoweb.bg/page/19698/umbalsm-pirogov/structures/27057/klinika-po-urologiya
УМБАЛСМ Пирогов,,"Sofia, 
бул. Ген. Едуард И. Тотлебен 21",http://www.pirogov.eu/,,,0,0,,,,https://www.credoweb.bg/page/19698/umbalsm-pirogov/structures/27058/otdelenie-po-obshta-i-speshna-urologiya
МЦ1,Medical center,"България, Септември, 4490, бул. България 80",,,,0,0,,,д-р Стоянка Бейска,https://www.credoweb.bg/page/27201/mts1
МБАЛ Хигия,,"Pazardzhik, 
ул. ""Св. Иван Рилски"" №3",,,,0,0,,,,https://www.credoweb.bg/page/27513/mbal-higiya/structures/27204/ag-otdelenie
УМБАЛ Св. Георги - База 2,,"Plovdiv, 
бул. Пещерско шосе 66",,,,0,0,,,,https://www.credoweb.bg/page/19589/umbal-sv-georgi-baza-2/structures/27351/klinika-po-invazivna-kardiologiya
УМБАЛ Св. Марина - Варна,,"Varna, 
бул. Христо Смирненски 1",www.svetamarina.com,,,0,0,,,,https://www.credoweb.bg/page/19347/umbal-sv-marina-varna/structures/27503/klinika-po-gastroenterologiya
МЦ Белмедик,Medical center,"България, Белене, 5930, ул. Христо Ботев 11",,,,0,0,,,,https://www.credoweb.bg/page/27546/mts-belmedik
МЦ Юник,Medical center,"България, Пловдив, 4000, ул. Димитър Талев 76",,,,0,0,,,,https://www.credoweb.bg/page/27370/mts-yunik
"УМБАЛ ""Д-р Георги Странски""",,"Pleven, 
ул. Георги Кочев 8 а",http://www.umbalpleven.com,,,0,0,,,,https://www.credoweb.bg/page/19555/umbal-d-r-g-stranski/structures/27464/klinika-po-sadova-i-gradna-hirurgiya
"УМБАЛ ""Д-р Георги Странски""",,"Pleven, 
ул. Георги Кочев 8 а",http://www.umbalpleven.com,,,0,0,,,,https://www.credoweb.bg/page/19555/umbal-d-r-g-stranski/structures/27465/klinika-po-revmatologiya
МБАЛ Св. Мина,,"Plovdiv, 
ул. Иван Вазов 59",http://www.mbal1.eu/,,,0,0,,,,https://www.credoweb.bg/page/19599/mbal-sv-mina/structures/27583/otdelenie-po-obrazna-diagnostika
"Медицински център ""Д-р Хайвазов""",,"Sofia, 
бул. Цариградско шосе №131, етаж 7",http://medicine-bg.com/,,,0,0,,,,https://www.credoweb.bg/page/20043/mts-d-r-hayvazov/structures/27811/dermatologiya-i-venerologiya
"Медицински център ""Д-р Хайвазов""",,"Sofia, 
бул. Цариградско шосе №131, етаж 7",http://medicine-bg.com/,,,0,0,,,,https://www.credoweb.bg/page/20043/mts-d-r-hayvazov/structures/27812/endokrinologiya
"Медицински център ""Д-р Хайвазов""",,"Sofia, 
бул. Цариградско шосе №131, етаж 7",http://medicine-bg.com/,,,0,0,,,,https://www.credoweb.bg/page/20043/mts-d-r-hayvazov/structures/27814/revmatologiya
"Медицински център ""Д-р Хайвазов""",,"Sofia, 
бул. Цариградско шосе №131, етаж 7",http://medicine-bg.com/,,,0,0,,,,https://www.credoweb.bg/page/20043/mts-d-r-hayvazov/structures/27815/ung
"Медицински център ""Д-р Хайвазов""",,"Sofia, 
бул. Цариградско шосе №131, етаж 7",http://medicine-bg.com/,,,0,0,,,,https://www.credoweb.bg/page/20043/mts-d-r-hayvazov/structures/27816/fizioterapiya-i-rehabilitatsiya
"Медицински център ""Д-р Хайвазов""",,"Sofia, 
бул. Цариградско шосе №131, етаж 7",http://medicine-bg.com/,,,0,0,,,,https://www.credoweb.bg/page/20043/mts-d-r-hayvazov/structures/27817/hranene-i-dietika
"УМБАЛ ""Д-р Георги Странски""",,"Pleven, 
ул. Георги Кочев 8 а",http://www.umbalpleven.com,,,0,0,,,,https://www.credoweb.bg/page/19555/umbal-d-r-g-stranski/structures/28001/konsultativno-diagnostichen-blok
Mедицински център Дерма София,Medical center,"България, София, 1000, София, бул. България 118, ул. Бяло поле 3, Бизнес център Комфорт, ет. 2, офис 6",,,,0,0,,,,https://www.credoweb.bg/page/27973/meditsinski-tsentar-derma-sofiya
АИПСИП по Нервни болести АКАДЕМИКА,Medical center,"България, Плевен, 5800, бул. Русе 1",,,,0,0,,,,https://www.credoweb.bg/page/28122/aipsip-po-nervni-bolesti-akademika
"УМБАЛ ""Д-р Георги Странски""",,"Pleven, 
ул. Георги Кочев 8 а",http://www.umbalpleven.com,,,0,0,,,,https://www.credoweb.bg/page/19555/umbal-d-r-g-stranski/structures/28138/otdelenie-po-fizikalna-i-rehabilitatsionna-meditsina
Union Clinic,Medical center,"България, София, 1000, бул. Цар Борис ІІІ 163",http://www.hemoroidi.com/,,,0,0,,,,https://www.credoweb.bg/page/28985/union-clinic
УМБАЛСМ Пирогов,,"Sofia, 
бул. Ген. Едуард И. Тотлебен 21",http://www.pirogov.eu/,,,0,0,,,,https://www.credoweb.bg/page/19698/umbalsm-pirogov/structures/29664/klinika-po-hirurgiya-na-raka-replantatsiya-i-mikrohirurgiya
Кардиологичен медицински център,Medical center,"България, Велико Търново, 5000, бул. България 38А",,,,0,0,,,,https://www.credoweb.bg/page/27713/kardiologichen-meditsinski-tsentar
МЦ Здравец - АИМ,Medical center,"България, Бяла Слатина, 3200, ул. Климент Охридски 51",,,,0,0,,,,https://www.credoweb.bg/page/27634/mts-zdravets-aim
Здравна служба,Medical center,"България, Маджарово, 6480, гр. Маджарово",,,,0,0,,,,https://www.credoweb.bg/page/27399/zdravna-sluzhba
УМБАЛСМ Пирогов,,"Sofia, 
бул. Ген. Едуард И. Тотлебен 21",http://www.pirogov.eu/,,,0,0,,,,https://www.credoweb.bg/page/19698/umbalsm-pirogov/structures/28434/klinika-po-detska-urologiya
УСБАЛЕ Акад. Иван Пенчев,,"Sofia, 
ул. Здраве 2",http://www.usbale.com/,,,0,0,,,,https://www.credoweb.bg/page/19757/usbale-akad-ivan-penchev/structures/29812/mts-akad-ivan-penchev-eood
Студио Релакс,Hospital,"България, София, 1000, ул. Др. Стефан Сарафов №20",http://studio-relax.info/,,,0,0,"Студио Релакс е създадено през 2004 г. с цел да бъдем най-добрите в областта на лечебните и козметични процедури, и вече 11г.сме се доказали като изключителни професионалисти.",,Ани Стоянчева | Бойка Павлова,https://www.credoweb.bg/page/31655/studio-relaks
ІV МБАЛ - София ЕАД,,"Sofia, 
бул. Македония 36",http://www.4mbal.bg/,,,0,0,,,,https://www.credoweb.bg/page/19709/v-mbal-sofiya-ead/structures/31917/vtoro-vatreshno-otdelenie
МЦ І Средец,Medical center,"България, Средец (Средец), 8300, ул. Тодор Николов № 10",,,,0,0,,,,https://www.credoweb.bg/page/31975/mts-sredets
Национален център по трансфузионна хематология,Hospital,"България, София, 1000, ул. Братя Миладинови 112",,,,0,0,,,,https://www.credoweb.bg/page/33068/natsionalen-tsentar-po-transfuzionna-hematologiya
МЦ Фокус - 5,Medical center,"България, София, 1000, ул. Урвич 13 А",,,,0,0,,,,https://www.credoweb.bg/page/32962/mts-fokus-5
Сапоя Дент,Hospital,"България, Пловдив, 4000, бул.Александър Стамболийски 107 етаж 1 кабинет 5",www.facebook.com/sapoya.dent,,,0,0,,,,https://www.credoweb.bg/page/33988/sapoya-dent
"СБАЛ по инфекциозни и паразитни болести ""Проф. Ив. Киров""",,"Sofia, 
София, бул. Акад. Иван Евстатиев Гешов 17",http://www.sbalipb.bg/,,,0,0,,,,https://www.credoweb.bg/page/33630/sbal-po-infektsiozni-i-parazitni-bolesti-prof-iv-kirov/structures/33854/treta-klinika-parvo-i-vtoro-detsko-otdelenie
ИПСМП по нефрология д-р Ренета Койчева,Hospital,"България, Стара Загора, 6000, ул.Армейска 13",,,,0,0,,,,https://www.credoweb.bg/page/36974/ipsmp-po-nefrologiya-d-r-reneta-koycheva
МБАЛ - Хасково,,"Haskovo, 
бул. Съединение 49",,,,0,0,,,,https://www.credoweb.bg/page/19905/mbal-haskovo/structures/37262/otdelenie-za-novorodeni-i-nedonoseni-detsa
МБАЛ - Хасково,,"Haskovo, 
бул. Съединение 49",,,,0,0,,,,https://www.credoweb.bg/page/19905/mbal-haskovo/structures/37263/infektsiozno-otdelenie-kam-mbal-haskovo
МБАЛ - Хасково,,"Haskovo, 
бул. Съединение 49",,,,0,0,,,,https://www.credoweb.bg/page/19905/mbal-haskovo/structures/37264/nevrologichno-otdelenie-kam-mbal-haskovo
МБАЛ - Хасково,,"Haskovo, 
бул. Съединение 49",,,,0,0,,,,https://www.credoweb.bg/page/19905/mbal-haskovo/structures/37265/oftalmologichno-otdelenie
МБАЛ - Хасково,,"Haskovo, 
бул. Съединение 49",,,,0,0,,,,https://www.credoweb.bg/page/19905/mbal-haskovo/structures/37266/oail-kam-mbal-haskovo
МБАЛ - Хасково,,"Haskovo, 
бул. Съединение 49",,,,0,0,,,,https://www.credoweb.bg/page/19905/mbal-haskovo/structures/37268/otdelenie-po-fizikalna-i-rehabilitatsionna-meditsina-mbal-haskovo
МБАЛ - Хасково,,"Haskovo, 
бул. Съединение 49",,,,0,0,,,,https://www.credoweb.bg/page/19905/mbal-haskovo/structures/37269/otdelenie-po-obrazna-diagnostika-kam-mbal-haskovo
МБАЛ - Хасково,,"Haskovo, 
бул. Съединение 49",,,,0,0,,,,https://www.credoweb.bg/page/19905/mbal-haskovo/structures/37279/telk-kam-mbal-haskovo
МДЛ Цибалаб,Laboratory,"България, София, 1000, бул. Академик Гешов 2Е",сайт на лабораторията,,,0,0,,,,https://www.credoweb.bg/page/37627/mdl-tsibalab
МЦ по Детски болести,Hospital,"България, София, 1000, жк Хиподрума ул."" Найден Геров""2",,,,0,0,,,,https://www.credoweb.bg/page/43618/mts-po-detski-bolesti
"СМДЛ ""Здраве 99"" ООД",Laboratory,"България, Русе, 7000, ул. Николаевска № 66",www.ruse.cibalab.com,,,0,0,,,,https://www.credoweb.bg/page/44176/smdl-zdrave-99-ood
"УМБАЛ ""КАНЕВ"" АД",,"Ruse, 
ул. Независимост 2",Официална Фейсбук страница на УМБАЛ-Русе,,,0,0,,,,https://www.credoweb.bg/page/19648/umbal-ruse/structures/45278/vtoro-otdelenie-po-vatreshni-bolesti-endokrinologiya-i-bolesti-na-obmyanata
Derma Health Care,Medical center,"България, Варна, 9000, бул. Република 15, МК Младост, ет. 2, каб. 211",http://www.derma-health.eu/,,,0,0,,,,https://www.credoweb.bg/page/47587/derma-health-care
"УМБАЛ ""КАНЕВ"" АД",,"Ruse, 
ул. Независимост 2",Официална Фейсбук страница на УМБАЛ-Русе,,,0,0,,,,https://www.credoweb.bg/page/19648/umbal-ruse/structures/48156/otdelenie-po-ortopediya-i-travmatologiya
Дентална рентгенова лаборатория - Easy Image,Laboratory,"България, София, 1000, София, ул. ""Иван Вазов"" 5",www.easyimage-bg.com,,,0,0,,,,https://www.credoweb.bg/page/49173/dentalna-rentgenova-laboratoriya-easy-image
ДКЦ 20,Hospital,"България, София, 1000, Бул. Ген. Стефан Тошев 15-17",,,,0,0,,,,https://www.credoweb.bg/page/19286/dkts-20
НМ Транспортна болница,Hospital,"България, София, 1000, бул. Княгиня Мария Луиза 108",,,,0,0,,,,https://www.credoweb.bg/page/19704/nm-transportna-bolnitsa
МБАЛ - Търговище,Hospital,"България, Търговище, 7700, бул. Сюрен",,,,0,0,,,,https://www.credoweb.bg/page/19887/mbal-targovishte
Очен Център Верея,Medical center,"България, Стара Загора, 6000, бул. ""Миторполит Методий Кусев"" №9",https://www.facebook.com/vereyaeyecenter,,,0,0,,,д-р Наталия Иванова | Д-р Теодора Стоянова Тодорова,https://www.credoweb.bg/page/34300/ochen-tsentar-vereya
МБАЛ Рокфелер,Hospital,"България, Петрич, 2850, ул. Рокфелер 52",,,,0,0,,,,https://www.credoweb.bg/page/19301/mbal-rokfeler
МЦ Визия,Medical center,"България, Варна, 9000, бул. Вл. Варненчик 29 Г-Д",,,,0,0,,,,https://www.credoweb.bg/page/19336/mts-viziya
ДКЦ 4,Hospital,"България, Варна, 9000, бул. Цар Освободител 100",,,,0,0,,,"д-р Албена Димитрова | д-р Валдо Томов | д-р Валентина Костова | Д-р Валя Градинарова | д-р Георги Крумовски | д-р Димитър Митев | Д-р Дойчин Георгиев Николов, дм | д-р Емил Христов | д-р Катя Димова | д-р Лиляна Миткова | д-р Милена Димитрова | Д-р Румяна Маринова",https://www.credoweb.bg/page/19349/dkts-4
Транспортна болница,Hospital,"България, Варна, 9000, пл. Петко Славейков 1",,,,0,0,,,,https://www.credoweb.bg/page/19358/transportna-bolnitsa
МЦ Европа,Medical center,"България, Варна, 9000, ул. ген. Радко Димитриев 49",,,,0,0,,,,https://www.credoweb.bg/page/19364/mts-evropa
Онкодиспансер Плевен,Hospital,"България, Плевен, 5800, ул. Георги Кочев 8 а",,,,0,0,,,,https://www.credoweb.bg/page/19554/onkodispanser-pleven
МЦ Св. Варвара,Medical center,"България, Горна Оряховица, 5100, ул. Македония 34",,,,0,0,,,д-р Георги Кабакчиев,https://www.credoweb.bg/page/19397/mts-sv-varvara
МЦ Асклепий,Medical center,"България, Дупница, 2600, пл. Свобода 1",,,,0,0,,,,https://www.credoweb.bg/page/19474/mts-asklepiy
ДКЦ Изток,Hospital,"България, Перник, 2300, ул. Рига 3",,,,0,0,,,,https://www.credoweb.bg/page/19527/dkts-iztok
МЦ Св. Иван Рилски,Medical center,"България, Перник, 2300, ул. Христо Смирненски 1",,,,0,0,,,,https://www.credoweb.bg/page/19529/mts-sv-ivan-rilski
ДКЦ - Хигия,Hospital,"България, Пазарджик, 4400, пл. Възраждане",,,,0,0,,,,https://www.credoweb.bg/page/19513/dkts-higiya
МБАЛ Пазарджик,Hospital,"България, Пазарджик, 4400, ул. Болнична 15",,,,0,0,,,,https://www.credoweb.bg/page/19514/mbal-pazardzhik
МБАЛ Д-р Киро Попов,Hospital,"България, Карлово, 4300, ул. Ген. майор Гурко Мархолев 3",,,,0,0,,,,https://www.credoweb.bg/page/19574/mbal-d-r-kiro-popov
МБАЛ Св. Петка,Hospital,"България, Видин, 3700, ул. Цар Симеон Велики 119",,,,0,0,,,,https://www.credoweb.bg/page/19417/mbal-sv-petka
МБАЛ БялаСлатина,Hospital,"България, Бяла Слатина, 3200, ул. Захари Стоянов 1",,,,0,0,,,,https://www.credoweb.bg/page/19420/mbal-byalaslatina
МБАЛ Христо Ботев,Hospital,"България, Враца, 3000, бул. 2-ри Юни 66",,,,0,0,,,,https://www.credoweb.bg/page/19423/mbal-hristo-botev
ДКЦ 2,Hospital,"България, Враца, 3000, ул. Никола Й. Вапцаров 4",,,,0,0,,,,https://www.credoweb.bg/page/19431/dkts-2
МЦ Апогей,Medical center,"България, Габрово, 5300, ул. Ивайло 1",,,,0,0,,,,https://www.credoweb.bg/page/19446/mts-apogey
МЦ Вива Феникс,Medical center,"България, Добрич, 9300, бул. Христо Смирненски 2",,,,0,0,,,,https://www.credoweb.bg/page/19459/mts-viva-feniks
кожен диспансер,Hospital,"България, Пловдив, 4000, ул. Даме Груев",,,,0,0,,,,https://www.credoweb.bg/page/19604/kozhen-dispanser
МДЦ Лозенец,Hospital,"България, София, 1000, ул. Добри Войников N 29",,,,0,0,,,,https://www.credoweb.bg/page/19725/mdts-lozenets
ДКЦ 6,Hospital,"България, София, 1000, ул. Коньовица 65",,,,0,0,,,,https://www.credoweb.bg/page/19767/dkts-6
МЦ Хубча,Medical center,"България, София, 1000, ул. Хубча 16",,,,0,0,,,,https://www.credoweb.bg/page/19801/mts-hubcha
МЦ Света София - Люлин,Medical center,"България, София, 1000, ул. Царица Йоанна бл. 775",,,,0,0,,,,https://www.credoweb.bg/page/19803/mts-sveta-sofiya-lyulin
МЦ Олимп,Medical center,"България, Своге, 2260, ул. Отец Паисий 6",,,,0,0,,,,https://www.credoweb.bg/page/19822/mts-olimp
Очен център Зенит,Hospital,"България, Стара Загора, 6000, ул. Ген.Н.Г.Столетов 47",,,,0,0,,,,https://www.credoweb.bg/page/20035/ochen-tsentar-zenit
ДКЦ Св. Иван Рилски,Hospital,"България, Търговище, 7700, бул. Сюрен",,,,0,0,,,,https://www.credoweb.bg/page/19886/dkts-sv-ivan-rilski
КОЦ - В.Търново,Hospital,"България, Велико Търново, 5000, ул. Бузлуджа 1",,,,0,0,,,,https://www.credoweb.bg/page/20129/kots-vtarnovo
МБАЛ Джи Мед,Hospital,"България, Пловдив, 4000, бул. Кукленско шосе",,,,0,0,,,,https://www.credoweb.bg/page/20088/mbal-dzhi-med
ДКЦ Св. Анна,Hospital,"България, София, 1000, ж.к. Младост-1, ул. Димитър Моллов №1",,,,0,0,,,,https://www.credoweb.bg/page/20150/dkts-sv-anna
МЦ Св. Пантелеймон,Medical center,"България, София, 1000, ул. Княз Борис І",,,,0,0,,,,https://www.credoweb.bg/page/24569/mts-sv-panteleymon
МЦ Младост Мед-1,Medical center,"България, София, 1000, младост",,,,0,0,,,,https://www.credoweb.bg/page/32690/mts-mladost-med-1
МЦ-1-Гоце Делчев,Medical center,"България, Гоце Делчев, 2900, ул. Стара Планина 54",,,,0,0,,,,https://www.credoweb.bg/page/32803/mts-1-gotse-delchev
МЦ Провамед,Medical center,"България, Провадия, 9200, ул. Цар Освободител 1",,,,0,0,,,,https://www.credoweb.bg/page/58596/mts-provamed
МБАЛ Свети Пантелеймон - Пловдив,Hospital,"България, Пловдив, 4004, бул. “Н. Й. Вапцаров” 9",,,,0,0,,,,https://www.credoweb.bg/page/87745/mbal-sveti-panteleymon-plovdiv
МБАЛ Свети Пантелеймон - Ямбол,Hospital,"България, Ямбол, 8600, ул. „Панайот Хитов“ 30",,,,0,0,,,,https://www.credoweb.bg/page/88830/mbal-sveti-panteleymon-yambol
МБАЛ - Кюстендил,Hospital,"България, Кюстендил, 2500, Площад ""17 януари"" № 1",,,,0,0,,,,https://www.credoweb.bg/page/88917/mbal-kyustendil
МБАЛ Д-р Никола Василев,Hospital,"България, Кюстендил, 2500, пл. 17 януари 1",,,,0,0,,,,https://www.credoweb.bg/page/19478/mbal-d-r-nikola-vasilev
МЦ Майчин дом,Medical center,"България, София, 1000, ул. Здраве 2",,,,0,0,,,,https://www.credoweb.bg/page/19755/mts-maychin-dom
МБАЛ Плевен ВМА,,"Pleven, 
бул. Г.Кочев № 6",http://www.vma.bg/bg/bolnichni-bazi/mnogoprofilna-bolnitsa-za-aktivno-lechenie-pleven/,,,0,0,,,,https://www.credoweb.bg/page/20053/mbal-pleven-vma/structures/21999/otdelenie-po-revmatologiya
МБАЛ Д-р Иван Скендеров,Hospital,"България, Гоце Делчев, 2900, ул. Стара Планина 54",,,,0,0,,,,https://www.credoweb.bg/page/19299/mbal-d-r-ivan-skenderov
СБАЛПФЗ,Hospital,"България, Бургас, 8000, ул. Ген. Гурко 64",,,,0,0,,,,https://www.credoweb.bg/page/19322/sbalpfz
МЦ Еквита,Medical center,"България, Варна, 9000, бул. Цар Освободител 5",,,,0,0,,,,https://www.credoweb.bg/page/19357/mts-ekvita
"СБАЛ по травматология, ортопедия и спортна медицина ЕАД",Hospital,"България, София, 1000, ж.к. Дианабад , ул. Никола Габровски № 1",,,,0,0,,,,https://www.credoweb.bg/page/19290/sbal-po-travmatologiya-ortopediya-i-sportna-meditsina-ead
Белодробен диспансер,Hospital,"България, Плевен, 5800, ул. Кирил и Методий 20",,,,0,0,,,,https://www.credoweb.bg/page/19547/belodroben-dispanser
СБАЛАГ Св Марина,Hospital,"България, Плевен, 5800, ул. Гео Милев 14",,,,0,0,,,,https://www.credoweb.bg/page/19550/sbalag-sv-marina
Кардиологичен център,Hospital,"България, Плевен, 5800, ул. Димитър Константинов 11",,,,0,0,,,,https://www.credoweb.bg/page/19556/kardiologichen-tsentar
ДКЦ 1,Hospital,"България, Велико Търново, 5000, ул. Марно поле 21",,,,0,0,,,,https://www.credoweb.bg/page/19387/dkts-1
Областен диспансер за пневмо фтизиатрични заболявания със стационар Д р Трейман Велико Търново,Hospital,"България, Велико Търново, 5000, ул. Х. Караминков 19",,,,0,0,,,,https://www.credoweb.bg/page/19395/oblasten-dispanser-za-pnevmo-ftiziatrichni-zabolyavaniya-sas-statsionar-d-r-treyman-veliko-tarnovo
ДКЦ - Кюстендил,Hospital,"България, Кюстендил, 2500, ул. П. К. Яворов 6",,,,0,0,,,,https://www.credoweb.bg/page/19479/dkts-kyustendil
ДКЦ 1,Hospital,"България, Панагюрище, 4500, ул. Д-р Лонг 3",,,,0,0,,,,https://www.credoweb.bg/page/19521/dkts-1
МЦ - Радомир,Medical center,"България, Радомир, 2400, ул. Райко Даскалов 50",,,,0,0,,,,https://www.credoweb.bg/page/19530/mts-radomir
ГП Хипократ,Hospital,"България, Лом, 3600, ул. Пролет 10",,,,0,0,,,д-р Людмил Опров,https://www.credoweb.bg/page/19500/gp-hipokrat
МБАЛ,Hospital,"България, Лом, 3600, ул. Тодор Каблешков 2",,,,0,0,,,д-р Краси Крумов,https://www.credoweb.bg/page/19502/mbal
МБАЛ Д-р Стамен Илиев,Hospital,"България, Монтана, 3400, ул. Сирма войвода 2",,,,0,0,,,,https://www.credoweb.bg/page/19505/mbal-d-r-stamen-iliev
ДКЦ - Монтана,Hospital,"България, Монтана, 3400, ул. Цар Борис III 11",,,,0,0,,,,https://www.credoweb.bg/page/19506/dkts-montana
ДКЦ 3,Hospital,"България, Пловдив, 4000, бул. Васил Левски 144",,,,0,0,,,д-р Вилияна Монева | д-р Илина Влашка,https://www.credoweb.bg/page/19583/dkts-3
МЦ Алпико,Medical center,"България, Враца, 3000, бул. 2-ри Юни 66",,,,0,0,,,,https://www.credoweb.bg/page/19424/mts-alpiko
МЦ Св. Иван Рилски,Medical center,"България, Габрово, 5300, ул. Райчо Каролев 2",,,,0,0,,,,https://www.credoweb.bg/page/19447/mts-sv-ivan-rilski
МБАЛ - Балчик,Hospital,"България, Балчик, 9600, ул. Д-р Златко Петков 1",,,,0,0,,,,https://www.credoweb.bg/page/19455/mbal-balchik
МЦ Добрич,Medical center,"България, Добрич, 9300, ул. Панайот Хитов 24",,,,0,0,,,,https://www.credoweb.bg/page/19463/mts-dobrich
МБАЛ - Първомай,Hospital,"България, Първомай (Първомай), 4270, ул. Княз Борис I 51",,,,0,0,,,,https://www.credoweb.bg/page/19622/mbal-parvomay
МЦ Св. Елисавета,Medical center,"България, Раковски, 4150, ул. Васил Петлешков 1",,,,0,0,,,,https://www.credoweb.bg/page/19624/mts-sv-elisaveta
МБАЛ,Hospital,"България, Исперих, 7400, ул. Ахинора 39",,,,0,0,,,,https://www.credoweb.bg/page/19632/mbal
МБАЛ Св. Иван Рилски,Hospital,"България, Разград, 7200, ул. Коста Петров 2",,,,0,0,,,,https://www.credoweb.bg/page/19637/mbal-sv-ivan-rilski
МЦ 1,Medical center,"България, Русе, 7000, ул. Борисова 36",,,,0,0,,,,https://www.credoweb.bg/page/19644/mts-1
Клиника Малинов,Hospital,"България, София, 1000, бул. Гоце Делчев 46",,,,0,0,,,,https://www.credoweb.bg/page/19702/klinika-malinov
МЦ МЕД 1,Medical center,"България, София, 1000, жк. Младост 1, бл. 54 А, вх. 2",,,,0,0,,,,https://www.credoweb.bg/page/19721/mts-med-1
МЦ - жк. Овча купел-бл. 403,Medical center,"България, София, 1000, жк. Овча купел-бл. 403",,,,0,0,,,,https://www.credoweb.bg/page/19722/mts-zhk-ovcha-kupel-bl-403
Торакс,Hospital,"България, София, 1000, пл. Възраждане",,,,0,0,,,,https://www.credoweb.bg/page/19724/toraks
МЦ Кортекс,Medical center,"България, София, 1000, ул. Здраве 21",,,,0,0,,,,https://www.credoweb.bg/page/19758/mts-korteks
ДКЦ 3,Hospital,"България, София, 1000, ул. Искър 22",,,,0,0,,,,https://www.credoweb.bg/page/19760/dkts-3
ДКЦ 31,Hospital,"България, София, 1000, ул. Искърско Дефиле 121",,,,0,0,,,,https://www.credoweb.bg/page/19762/dkts-31
МБАЛ - Казанлък,Hospital,"България, Казанлък, 6100, ул. Старозагорска 16",,,,0,0,,,"д-р Анелия Ботева | Д-р Вилдан Сиракова | д-р Елена Питер Гарсау, дм | Д-р Ивана Нихтянова | д-р Яна Станчева",https://www.credoweb.bg/page/19836/mbal-kazanlak
МБАЛ - Раднево,Hospital,"България, Раднево, 6260, ул. Георги Димитров 42",,,,0,0,,,,https://www.credoweb.bg/page/19841/mbal-radnevo
ДКЦ,Hospital,"България, Ботевград, 2140, ул. Божко Божилов 1",,,,0,0,,,,https://www.credoweb.bg/page/19806/dkts
МЦ Костинброд,Medical center,"България, Костинброд, 2230, ул. Охрид 2",,,,0,0,,,,https://www.credoweb.bg/page/19818/mts-kostinbrod
СБАЛОЗ - София град,Hospital,"България, София, 1000, бул. Андрей Сахаров №1",,,,0,0,,,,https://www.credoweb.bg/page/19973/sbaloz-sofiya-grad
МЦ Проф. Д-р Ст.Киркович,Medical center,"България, Стара Загора, 6000, ул. Д-р Тодор Стоянович",,,,0,0,,,,https://www.credoweb.bg/page/19862/mts-prof-d-r-stkirkovich
МЦ Здравко,Medical center,"България, Стара Загора, 6000, ул. Поп Минчо Кънчев 137",,,,0,0,,,,https://www.credoweb.bg/page/19868/mts-zdravko
ДКЦ 1,Hospital,"България, Ямбол, 8600, ул. Христо Смирненски 2",,,,0,0,,,,https://www.credoweb.bg/page/19942/dkts-1
ЦСМП - София,Hospital,"България, София, 1000, бул. В. Левски №129",,,,0,0,,,,https://www.credoweb.bg/page/19950/tssmp-sofiya
ДКЦ Св. Георги,Hospital,"България, Хасково, 6300, бул. Стефан Стамболов 2",,,,0,0,,,,https://www.credoweb.bg/page/19903/dkts-sv-georgi
МЦ Хасково,Medical center,"България, Хасково, 6300, бул. Съединение 49",,,,0,0,,,Д-р Веселин Росенов Вълков | д-р Иван Иванов | д-р Красимира Кинова | д-р Мария Боева | д-р Мария Неделчева Ангелова | д-р Светослав Хрусанов,https://www.credoweb.bg/page/19906/mts-haskovo
МБАЛ - Велики Преслав,Hospital,"България, Велики Преслав, 9850, ул. Любен Каравелов 51",,,,0,0,,,,https://www.credoweb.bg/page/19915/mbal-veliki-preslav
МЦ Папуров,Medical center,"България, Търговище, 7700, ул. Пирин 16",,,,0,0,,,,https://www.credoweb.bg/page/19889/mts-papurov
МЦ - Свиленград,Medical center,"България, Свиленград, 6500, бул. България 137",,,,0,0,,,,https://www.credoweb.bg/page/19895/mts-svilengrad
МБАЛ - Харманли,Hospital,"България, Харманли, 6450, ул. Васил Левски 66",,,,0,0,,,,https://www.credoweb.bg/page/19900/mbal-harmanli
ТЕЛК,Hospital,"България, Ямбол, 8600, ул. Панайот Хитов 30",,,,0,0,,,Илияня Лалова Цанкова,https://www.credoweb.bg/page/19940/telk
Дерматологикум,Hospital,"България, София, 1000, бул. България №13",,,,0,0,,,д-р Виолета Нанкова,https://www.credoweb.bg/page/20182/dermatologikum
ДКЦ Св. Иван Рилски,Hospital,"България, София, 1000, ул. Акад. И.Е.Гешов 15",,,,0,0,,,"Д-р Богдана Димитрова | д-р Дилян Фердинандов, дм",https://www.credoweb.bg/page/20189/dkts-sv-ivan-rilski
ДКЦ Св. Параскева,Hospital,"България, Плевен, 5800, ул. Даскал Димо 22",,,,0,0,,,д-р Вержиния Каменовска | д-р КИРИЛ ПАШОВ | Д-р Мартин Петров | д-р Станимир Петков,https://www.credoweb.bg/page/20073/dkts-sv-paraskeva
ДКЦ Токуда,Hospital,"България, София, 1000, бул. ""Никола Й. Вапцаров"" 51Б",,,,0,0,,,,https://www.credoweb.bg/page/20636/dkts-tokuda
СБОБАЛ - Варна - Очна болница,Hospital,"България, Варна, 9000, ул. Дойран 15",,,,0,0,,,"Доротея Йорданова Йорданова | Проф. д-р Зорница Златарова, дмн | д-р Марианка Пачева | Д-р Христо Петров",https://www.credoweb.bg/page/20748/sbobal-varna-ochna-bolnitsa
МЦ Св. Иван Рилски Чудотворец,Medical center,"България, Пловдив, 4000, бул. Васил Левски 144 А",,,,0,0,,,,https://www.credoweb.bg/page/20749/mts-sv-ivan-rilski-chudotvorets
Първа частна МБАЛ,Hospital,"България, Враца, 3000, ул. Скакля 6",,,,0,0,,,д-р Славчо Сираков,https://www.credoweb.bg/page/20760/parva-chastna-mbal
МЦ Рисърч Експерт,Medical center,"България, Варна, 9000, бул. Сливница 166А, ет. 4",,,,0,0,,,,https://www.credoweb.bg/page/21721/mts-risarch-ekspert
МЦ Панацея,Medical center,"България, Харманли, 6450, бул. България 56",,,,0,0,,,,https://www.credoweb.bg/page/22312/mts-panatseya
Здравен център Гален,Medical center,"България, Стара Загора, 6000, ул. Д-р Тодор Стоянович 52",,,,0,0,,,д-р Златка Караславова | д-р Мила Илиева | д-р Христина Русева-Тодорова,https://www.credoweb.bg/page/23478/zdraven-tsentar-galen
МЦ Сидерус,Medical center,"България, София, 1000, ул. Христо Силянов 77",,,,0,0,,,"проф. Детелина Луканова, дм",https://www.credoweb.bg/page/23942/mts-siderus
МЦ Артендо,Hospital,"България, София, 1000, бул. България 81 В",,,,0,0,,,,https://www.credoweb.bg/page/29711/mts-artendo
"Специализирана болница за долекуване, продължително лечение и рехабилитация",Hospital,"България, Пловдив, 4000, ул. Възраждане 30",,,,0,0,,,,https://www.credoweb.bg/page/29583/spetsializirana-bolnitsa-za-dolekuvane-prodalzhitelno-lechenie-i-rehabilitatsiya
Дентален център-2,Medical center,"България, Пловдив, 4000, бул. Васил Априлов 15 А",,,,0,0,,,д-р Радост Марчева,https://www.credoweb.bg/page/29918/dentalen-tsentar-2
Виталис 2015 - ГПСМП,Medical center,"България, София, 1000, ул. Битоля, бл. 32, ж.к. Бели Брези",,,,0,0,,,д-р Зоя Алякова,https://www.credoweb.bg/page/31597/vitalis-2015-gpsmp
Център за психично здраве - София,Medical center,"България, София, 1000, ул. Екзарх Йосиф 59",,,,0,0,,,,https://www.credoweb.bg/page/33183/tsentar-za-psihichno-zdrave-sofiya
Лейзър мед,Medical center,"България, София, 1000, ул. Бачо Киро 28",,,,0,0,,,,https://www.credoweb.bg/page/44173/leyzar-med
"Център за физиотерапия, рехабилитация и естетична медицина Вита",Medical center,"България, Бургас, 8000, ул. Батак №46, партер",,,,0,0,,,,https://www.credoweb.bg/page/50340/tsentar-za-fizioterapiya-rehabilitatsiya-i-estetichna-meditsina-vita
"ЕТ ""АПИМП-ИП Д-р Иван Велев""",Hospital,"България, Русе, 7000, ул.Чипровци",,,,0,0,,,,https://www.credoweb.bg/page/55256/et-apimp-ip-d-r-ivan-velev
УМБАЛ Александровска,,"Sofia, 
ул. Св. Георги Софийски 1",http://alexandrovska.com/display.php?bg,,,0,0,,,,https://www.credoweb.bg/page/19790/umbal-aleksandrovska/structures/57735/otdelenie-po-belodrobni-bolesti
МБАЛ Св. Йоан Рилски,Hospital,"България, Ямбол, 8600, ул. Българка 2",,,,0,0,,,д-р Спартак Топчиев,https://www.credoweb.bg/page/19935/mbal-sv-yoan-rilski
ДКЦ,Hospital,"България, Божурище, 2227, пл. Първи Май 7",,,,0,0,,,,https://www.credoweb.bg/page/19805/dkts
ДКЦ,Hospital,"България, Драгоман, 2210, ул. Христо Ботев 19",,,,0,0,,,,https://www.credoweb.bg/page/19810/dkts
МЦ Каргон,Medical center,"България, Ямбол, 8600, ул. Ивайло 1",,,,0,0,,,,https://www.credoweb.bg/page/19937/mts-kargon
Дом на инвалида,Hospital,"България, Стара Загора, 6000, бул. Хан Аспарух 47",,,,0,0,,,,https://www.credoweb.bg/page/19851/dom-na-invalida
Център по женско и детско здраве,Medical center,"България, Стара Загора, 6000, ул. Боруйград 21",Д-р Иван Иванов,,,0,0,,,,https://www.credoweb.bg/page/23327/tsentar-po-zhensko-i-detsko-zdrave
МБАЛ Айтос,Hospital,"България, Айтос, 8500, ул. Шейново 4",,,,0,0,,,,https://www.credoweb.bg/page/19308/mbal-aytos
СБР БМБ,Hospital,"България, Бургас, 8000, ул. Иван Богоров",,,,0,0,,,,https://www.credoweb.bg/page/19324/sbr-bmb
МБАЛ Карнобат,Hospital,"България, Карнобат, 8400, ул. Стара Планина 180",,,,0,0,,,,https://www.credoweb.bg/page/19328/mbal-karnobat
Специализирана болница за рехабилитация,Hospital,"България, Поморие, 8200, ул. Проф. Стоянов 5",,,,0,0,,,,https://www.credoweb.bg/page/19332/spetsializirana-bolnitsa-za-rehabilitatsiya
МБАЛ,Hospital,"България, Средец (Средец), 8300, ул. Тодор Николов 10",,,,0,0,,,,https://www.credoweb.bg/page/19333/mbal
МЦ Олимед,Medical center,"България, Варна, 9000, ул. Алеко Константинов 5",,,,0,0,,,,https://www.credoweb.bg/page/19359/mts-olimed
МЦ Ева,Medical center,"България, Варна, 9000, ул. Иван Вазов 16",,,,0,0,,,,https://www.credoweb.bg/page/19366/mts-eva
МБАЛ,Hospital,"България, Благоевград, 2700, ул. Славянска 60",,,,0,0,,,,https://www.credoweb.bg/page/19297/mbal
МЦ Еврика,Medical center,"България, Плевен, 5800, ул. Георги Кочев 14",,,,0,0,,,,https://www.credoweb.bg/page/19552/mts-evrika
Астма Център,Hospital,"България, Плевен, 5800, ул. Иван Вазов 31",,,,0,0,,,,https://www.credoweb.bg/page/19557/astma-tsentar
МЦ Ескулап,Medical center,"България, Плевен, 5800, ул. Кара Колю 1",,,,0,0,,,,https://www.credoweb.bg/page/19558/mts-eskulap
ДКЦ 2 Свети Иван Рилски,Hospital,"България, Варна, 9000, ул. Народни будители 5",,,,0,0,,,,https://www.credoweb.bg/page/19371/dkts-2-sveti-ivan-rilski
МЦ Сириус,Medical center,"България, Варна, 9000, ул. Петър Парчевич 2",,,,0,0,,,,https://www.credoweb.bg/page/19375/mts-sirius
ДКЦ1 Девня,Hospital,"България, Девня, 9160, ул. Петрича 10 а",,,,0,0,,,,https://www.credoweb.bg/page/19379/dkts1-devnya
здравна служба,Medical center,"България, Долни чифлик, 9120, ул. Ботевска 12",,,,0,0,,,,https://www.credoweb.bg/page/19380/zdravna-sluzhba
МБАЛ Царица Йоанна,Hospital,"България, Провадия, 9200, ул. Желез Йорданов 1",,,,0,0,,,,https://www.credoweb.bg/page/19381/mbal-tsaritsa-yoanna
МБАЛ /Стара болница/,Hospital,"България, Велико Търново, 5000, ул. Бузлуджа 1",,,,0,0,,,,https://www.credoweb.bg/page/19383/mbal-stara-bolnitsa
МБАЛ,Hospital,"България, Велико Търново, 5000, ул. Ниш 1",,,,0,0,,,,https://www.credoweb.bg/page/19393/mbal
МБАЛ,Hospital,"България, Полски Тръмбеш, 5180, ул. Търговска 92",,,,0,0,,,,https://www.credoweb.bg/page/19404/mbal
МБАЛ,Hospital,"България, Крумовград, 6900, ул. Христо Ботев 2",,,,0,0,,,,https://www.credoweb.bg/page/19466/mbal
ДКЦ 1,Hospital,"България, Кърджали, 6600, бул. Тракия 19",,,,0,0,,,,https://www.credoweb.bg/page/19469/dkts-1
МБАЛ - Момчилград,Hospital,"България, Момчилград, 6800, ул. Стефан Караджа 1",,,,0,0,,,,https://www.credoweb.bg/page/19471/mbal-momchilgrad
ДКЦ - Дупница,Hospital,"България, Дупница, 2600, пл. Свобода 1",,,,0,0,,,,https://www.credoweb.bg/page/19473/dkts-dupnitsa
МЦ Хипократ,Medical center,"България, Дупница, 2600, пл. Свобода 1",,,,0,0,,,,https://www.credoweb.bg/page/19475/mts-hipokrat
МБАЛ Св. Иван Рилски,Hospital,"България, Дупница, 2600, ул. Св. Георги 2",,,,0,0,,,,https://www.credoweb.bg/page/19476/mbal-sv-ivan-rilski
МБАЛ,Hospital,"България, Панагюрище, 4500, ул. Г. Бенковски 100",,,,0,0,,,,https://www.credoweb.bg/page/19520/mbal
МБАЛ - Пещера,Hospital,"България, Пещера (Пещера), 4550, ул. Д-р П. Цикалов 42",,,,0,0,,,,https://www.credoweb.bg/page/19523/mbal-peshtera
МБАЛ,Hospital,"България, Кнежа, 5835, ул. Марин Боев 4",,,,0,0,,,д-р Бистра Бойчева | д-р Николай Димитров,https://www.credoweb.bg/page/19538/mbal
МБАЛ-Левски,Hospital,"България, Левски, 5900, ул. Никола Й. Вапцаров 5",,,,0,0,,,,https://www.credoweb.bg/page/19541/mbal-levski
МБАЛ,Hospital,"България, Тетевен, 5700, ул. Димитър Благоев 62",,,,0,0,,,д-р Диана Кантарджиева | д-р Димчо Христов | д-р Невелина Ганева,https://www.credoweb.bg/page/19489/mbal
МБАЛ - Троян,Hospital,"България, Троян, 5600, ул. Ген. Радецки 30",,,,0,0,,,,https://www.credoweb.bg/page/19492/mbal-troyan
МЦ Деница,Medical center,"България, Монтана, 3400, пл. Алеко Константинов 22",,,,0,0,,,,https://www.credoweb.bg/page/19504/mts-denitsa
МБАЛ,Hospital,"България, Велинград, 4600, бул. Съединение 49",,,,0,0,,,,https://www.credoweb.bg/page/19509/mbal
МЦ Вива,Medical center,"България, Пазарджик, 4400, ул. Болнична 15",,,,0,0,,,,https://www.credoweb.bg/page/19515/mts-viva
Здравна служба Асенова крепост АД,Hospital,"България, Асеновград, 4230, ул. Иван Вазов 2",,,,0,0,,,,https://www.credoweb.bg/page/19570/zdravna-sluzhba-asenova-krepost-ad
МЦ Вива,Medical center,"България, Пловдив, 4000, бул. Дунав 69",,,,0,0,,,д-р Галина Маринова | д-р Димитрийка Славова | д-р Юлия Димова,https://www.credoweb.bg/page/19585/mts-viva
МБАЛ,Hospital,"България, Белоградчик, 3900, ул. Христо Ботев 34",,,,0,0,,,,https://www.credoweb.bg/page/19410/mbal
МБАЛ Екзарх Антим I,Hospital,"България, Видин, 3700, ул. Найчо Цанов 12",,,,0,0,,,,https://www.credoweb.bg/page/19413/mbal-ekzarh-antim-i
МЦ Биомед 99,Medical center,"България, Видин, 3700, ул. Търговска 2",,,,0,0,,,,https://www.credoweb.bg/page/19415/mts-biomed-99
МБАЛ Св. Иван Рилски,Hospital,"България, Козлодуй, 3320, ул. Св. Св. Кирил и Методий 1",,,,0,0,,,,https://www.credoweb.bg/page/19434/mbal-sv-ivan-rilski
МБАЛ,Hospital,"България, Мездра, 3100, ул. Янко Сакъзов 33",,,,0,0,,,,https://www.credoweb.bg/page/19437/mbal
МБАЛ,Hospital,"България, Оряхово (Оряхово), 3300, ул. Арх. Цолов 98",,,,0,0,,,,https://www.credoweb.bg/page/19439/mbal
МЦ Хипократ,Medical center,"България, Габрово, 5300, ул. д-р Илиев Детския 1",,,,0,0,,,,https://www.credoweb.bg/page/19445/mts-hipokrat
ДКЦ Здраве,Hospital,"България, Севлиево, 5400, ул. В. Левски 28",,,,0,0,,,,https://www.credoweb.bg/page/19450/dkts-zdrave
ДКЦ Акта Медика,Hospital,"България, Севлиево, 5400, ул. Никола Петков 60",,,,0,0,,,,https://www.credoweb.bg/page/19451/dkts-akta-medika
МЦ - Трявна,Medical center,"България, Трявна, 5350, ул. Лясков Дял 1",,,,0,0,,,д-р валентина лакова,https://www.credoweb.bg/page/19454/mts-tryavna
МБАЛ,Hospital,"България, Генерал Тошево (Генерал Тошево), 9500, ул. Иван Вазов 15",,,,0,0,,,,https://www.credoweb.bg/page/19457/mbal
МЦ Аврора,Medical center,"България, Пловдив, 4000, ул. Ален Мак 2",,,,0,0,,,,https://www.credoweb.bg/page/19595/mts-avrora
МЦ Промес към КЦМ,Medical center,"България, Пловдив, 4000, ул. Асеновградско Шосе",,,,0,0,,,,https://www.credoweb.bg/page/19596/mts-promes-kam-ktsm
Инвитро Център Надежда,Hospital,"България, Пловдив, 4000, ул. Велико Търново 21",,,,0,0,,,,https://www.credoweb.bg/page/19598/invitro-tsentar-nadezhda
МЦ Тримонциум,Medical center,"България, Пловдив, 4000, ул. Г. М. Димитров 3",,,,0,0,,,,https://www.credoweb.bg/page/19600/mts-trimontsium
АГ Център Салманида,Hospital,"България, Пловдив, 4000, ул. Даме Груев 34 а",,,,0,0,,,,https://www.credoweb.bg/page/19603/ag-tsentar-salmanida
МЦ Каспела,Medical center,"България, Пловдив, 4000, ул. София 64",,,,0,0,,,,https://www.credoweb.bg/page/19614/mts-kaspela
МЦ 1,Medical center,"България, Първомай (Първомай), 4270, ул. Княз Борис I 51",,,,0,0,,,,https://www.credoweb.bg/page/19623/mts-1
МБАЛ - Раковски,Hospital,"България, Раковски, 4150, ул. М. Добромиров 1",,,,0,0,,,д-р Антония Йорданова,https://www.credoweb.bg/page/19625/mbal-rakovski
МБАЛ - Сопот,Hospital,"България, Сопот, 4330, ул. 3-ти март 20",,,,0,0,,,,https://www.credoweb.bg/page/19626/mbal-sopot
МБАЛ - Стамболийски,Hospital,"България, Стамболийски (Стамболийски), 4210, ул. Дунав 34",,,,0,0,,,д-р Ивайло Тошев,https://www.credoweb.bg/page/19627/mbal-stamboliyski
МЦ Стамболийски,Medical center,"България, Стамболийски (Стамболийски), 4210, ул. Дунав 43",,,,0,0,,,Антоанета Арнаудова | д-р Ивайло Тошев | Д-р Селвиназ Адем,https://www.credoweb.bg/page/19629/mts-stamboliyski
ВМА - Хисар,Hospital,"България, Хисаря, 4180, ул. Илин Паунов 1",,,,0,0,,,д-р Андрей Велев | Бойка Власева | Стамен Николов,https://www.credoweb.bg/page/19630/vma-hisar
МБАЛ,Hospital,"България, Бяла (Бяла), 7100, ул. Васил Левски 62",,,,0,0,,,,https://www.credoweb.bg/page/19638/mbal
МЦ Ендоконсулт,Medical center,"България, Русе, 7000, ул. Муткурова 42",,,,0,0,,,,https://www.credoweb.bg/page/19645/mts-endokonsult
ДКЦ 1,Hospital,"България, Русе, 7000, ул. Независимост 2",,,,0,0,,,,https://www.credoweb.bg/page/19646/dkts-1
МБАЛ,Hospital,"България, Дулово, 7650, ул. Розова долина 37",,,,0,0,,,,https://www.credoweb.bg/page/19653/mbal
ДКЦ 1 (Градска поликлиника),Hospital,"България, Силистра, 7500, ул. Д-р Анастас Янков 2",,,,0,0,,,,https://www.credoweb.bg/page/19655/dkts-1-gradska-poliklinika
МБАЛ,Hospital,"България, Силистра, 7500, ул. Петър Мутафчиев 80",,,,0,0,,,д-р Валентина Кардашева | д-р Ванушка Маркова | д-р Веселин Кочев | д-р Георги Костов | д-р Даниела Даскалова | Д-р Добромир Добрев | д-р Енчо Василев | д-р Йоана Герасимова | д-р Мая Енчева | д-р Мержана Петкова | д-р Милчо Козаров | д-р Мира Куманова,https://www.credoweb.bg/page/19657/mbal
МБАЛ-Тутракан,Hospital,"България, Тутракан, 7600, ул. Трансмариска 81",,,,0,0,,,,https://www.credoweb.bg/page/19658/mbal-tutrakan
МБАЛ,Hospital,"България, Нова Загора, 8900, ул. Петко Енев 1",,,,0,0,,,,https://www.credoweb.bg/page/19661/mbal
МБАЛ,Hospital,"България, Златоград, 4980, ул. Хан Аспарух 21",,,,0,0,,,,https://www.credoweb.bg/page/19678/mbal
МБАЛ,Hospital,"България, Мадан, 4900, ул. Перелик 9",,,,0,0,,,,https://www.credoweb.bg/page/19679/mbal
МБАЛ,Hospital,"България, Рудозем, 4960, ул. Атанас Буров 2",,,,0,0,,,,https://www.credoweb.bg/page/19680/mbal
МБАЛ,Hospital,"България, Смолян, 4700, бул. България 2",,,,0,0,,,,https://www.credoweb.bg/page/19681/mbal
МЦ Евридика,Medical center,"България, Смолян, 4700, бул. България 2",,,,0,0,,,,https://www.credoweb.bg/page/19682/mts-evridika
МЦ Смолян,Medical center,"България, Смолян, 4700, бул. България 2",,,,0,0,,,д-р Божидар Каев | д-р Герган Киричев | Д-р Петър Кръстанов | д-р Румяна Иванова,https://www.credoweb.bg/page/19683/mts-smolyan
СБР-Здраве ЕАД,Hospital,"България, Банкя (Район Банкя), 1320, ул. Георги Сава Раковски 15",,,,0,0,,,,https://www.credoweb.bg/page/19685/sbr-zdrave-ead
МЦ 1 Банкя,Medical center,"България, Банкя (Район Банкя), 1320, ул. Майор К. Паница 10",,,,0,0,,,,https://www.credoweb.bg/page/19686/mts-1-bankya
МЦ Санос 2000,Medical center,"България, София, 1000, бул. Акад. Иван Евстатиев Гешов 50",,,,0,0,,,д-р Ангелина Цветанова | д-р Юри Рангелов,https://www.credoweb.bg/page/19692/mts-sanos-2000
ДКЦ 16,Hospital,"България, София, 1000, ул. Дамян Груев 8 а",,,,0,0,,,д-р Румяна Илиева,https://www.credoweb.bg/page/19745/dkts-16
ДКЦ - ул. Васил Левски 2,Hospital,"България, София, 1000, ул. Васил Левски 2",,,,0,0,,,,https://www.credoweb.bg/page/19741/dkts-ul-vasil-levski-2
МЦ Бенковски,Medical center,"България, София, 1000, бул. Лазар Михайлов 54",,,,0,0,,,,https://www.credoweb.bg/page/19708/mts-benkovski
МБАЛ Овча купел,Hospital,"България, София, 1000, бул. Овча купел 2б",,,,0,0,,,,https://www.credoweb.bg/page/19712/mbal-ovcha-kupel
МЦ Горубляне,Medical center,"България, София, 1000, ул. 8-ма 4",,,,0,0,,,,https://www.credoweb.bg/page/19727/mts-gorublyane
МЦ Д-р Лонг - 3 ДКЦ,Medical center,"България, София, 1000, ул. Искър 22",,,,0,0,,,,https://www.credoweb.bg/page/19761/mts-d-r-long-3-dkts
ДКЦ - ул. Крайречна 10,Hospital,"България, София, 1000, ул. Крайречна 10",,,,0,0,,,,https://www.credoweb.bg/page/19771/dkts-ul-krayrechna-10
МЦ Орион,Medical center,"България, София, 1000, ул. Майски ден 9",,,,0,0,,,,https://www.credoweb.bg/page/19772/mts-orion
МЦ Статус 1,Medical center,"България, Стара Загора, 6000, бул. Патриарх Евтимий 77",,,,0,0,,,д-р Живко Делииванов,https://www.credoweb.bg/page/19845/mts-status-1
ДКЦ 17 - филиал,Hospital,"България, София, 1000, ул. Роглец 9",,,,0,0,,,д-р Мария Лилова | д-р Мария Дянкова,https://www.credoweb.bg/page/19789/dkts-17-filial
МЦ Слатина,Medical center,"България, София, 1000, ул. Слатинска 101",,,,0,0,,,,https://www.credoweb.bg/page/19794/mts-slatina
МЦ Eva Vitalis,Medical center,"България, София, 1000, ул. Трапезица 4",,,,0,0,,,,https://www.credoweb.bg/page/19796/mts-eva-vitalis
ДКЦ 9,Hospital,"България, София, 1000, ул. Христо Батанджиев 60",,,,0,0,,,,https://www.credoweb.bg/page/19798/dkts-9
МЦ Уромед,Medical center,"България, София, 1000, ул. Погледец 9",,,,0,0,,,,https://www.credoweb.bg/page/19785/mts-uromed
МБАЛ - Гълъбово,Hospital,"България, Гълъбово, 6280, ул. Алеко Константинов 10",,,,0,0,,,д-р Красимира Стойкова | Д-р Светлана Фьодоровна Богоева | д-р Таньо Митев Танев | д-р Теодора Георгиева,https://www.credoweb.bg/page/19827/mbal-galabovo
МБАЛ,Hospital,"България, Елин Пелин, 2100, ул. Здравец 15",,,,0,0,,,,https://www.credoweb.bg/page/19812/mbal
ДКЦ,Hospital,"България, Етрополе, 2180, ул. Бригадирска 1",,,,0,0,,,,https://www.credoweb.bg/page/19813/dkts
МБАЛ,Hospital,"България, Ихтиман, 2050, ул. Шипка 30",,,,0,0,,,,https://www.credoweb.bg/page/19815/mbal
ДКЦ,Hospital,"България, Правец, 2161, ул. Стара река 5",,,,0,0,,,,https://www.credoweb.bg/page/19819/dkts
МБАЛ,Hospital,"България, Своге, 2260, ул. Староселска 4",,,,0,0,,,,https://www.credoweb.bg/page/19824/mbal
ДКЦ,Hospital,"България, Сливница (Сливница), 2200, ул. Тодор Каблешков 6",,,,0,0,,,,https://www.credoweb.bg/page/19825/dkts
МЦ Св. Екатерина,Medical center,"България, София, 1000, ул. Пенчо Славейков 52А",,,,0,0,,,"доц. Пенчо Кратунков, дм",https://www.credoweb.bg/page/19782/mts-sv-ekaterina
МЦ ДИМЕД,Medical center,"България, Пловдив, 4000, ж.к.Тракия, Търговски Център Сани, ет 4",,,,0,0,,,,https://www.credoweb.bg/page/20055/mts-dimed
ЦСМП - Плевен,Hospital,"България, Плевен, 5800, ул. Георги Кочев 8 А",,,,0,0,,,Д-р Антоанета Славкова | д-р Валери Цветков | Д-р Здравко Парашкевов | д-р Ива Чолакова | д-р Мая Пенчева | д-р Румяна Петкова Цанева | г-жа Снежана Богданова | Цветослав Свиленски,https://www.credoweb.bg/page/20066/tssmp-pleven
МБАЛ - Чирпан,Hospital,"България, Чирпан, 6200, ул. Георги Димитров 97",,,,0,0,,,,https://www.credoweb.bg/page/19880/mbal-chirpan
МЦ Медика 1,Medical center,"България, Ямбол, 8600, ул. Хан Тервел 25",,,,0,0,,,,https://www.credoweb.bg/page/19941/mts-medika-1
МЦ І Балчик,Medical center,"България, Балчик, 9600, ул. Д-р Зл. Петков № 1",,,,0,0,,,,https://www.credoweb.bg/page/19944/mts-balchik
ЦСМП - Бургас,Hospital,"България, Бургас, 8000, ул. Ст. Стамболов №7",,,,0,0,,,,https://www.credoweb.bg/page/19951/tssmp-burgas
МЦ за рехабилитация и спортна медицина,Medical center,"България, Сливен, 8800, ул. Бургаско шосе №4",,,,0,0,,,,https://www.credoweb.bg/page/19957/mts-za-rehabilitatsiya-i-sportna-meditsina
МЦ Технобиос,Medical center,"България, София, 1000, ж.к. Западен парк, ул. Суходолска №2",,,,0,0,,,,https://www.credoweb.bg/page/19961/mts-tehnobios
ДКЦ - 1,Hospital,"България, Хасково, 6300, пл. Градска болница 2",,,,0,0,,,,https://www.credoweb.bg/page/19907/dkts-1
МЦ Хипократ,Medical center,"България, Хасково, 6300, ул. Македония 11",,,,0,0,,,,https://www.credoweb.bg/page/19914/mts-hipokrat
ЦСМП - Велики Преслав,Hospital,"България, Велики Преслав, 9850, ул. Любен Каравелов 51",,,,0,0,,,,https://www.credoweb.bg/page/19917/tssmp-veliki-preslav
МБАЛ - Нови пазар,Hospital,"България, Нови пазар (Нови пазар), 9900, ул. Христо Ботев 22",,,,0,0,,,,https://www.credoweb.bg/page/19920/mbal-novi-pazar
МБАЛ - Димитровград,Hospital,"България, Димитровград, 6400, бул. Христо Ботев 29",,,,0,0,,,,https://www.credoweb.bg/page/19890/mbal-dimitrovgrad
МБАЛ - Любимец,Hospital,"България, Любимец, 6550, ул. Републиканска 38",,,,0,0,,,,https://www.credoweb.bg/page/19894/mbal-lyubimets
МБАЛ - Симеоновград,Hospital,"България, Симеоновград, 6490, пл. Шейновски 1",,,,0,0,,,,https://www.credoweb.bg/page/19898/mbal-simeonovgrad
МБАЛ - Тополовград,Hospital,"България, Тополовград, 6560, ул. Мусала 1",,,,0,0,,,,https://www.credoweb.bg/page/19899/mbal-topolovgrad
МЦ Ортохелп,Medical center,"България, Шумен, 9700, бул. Мадара 40",,,,0,0,,,,https://www.credoweb.bg/page/19923/mts-ortohelp
МЦ МБАЛ - Шумен,Medical center,"България, Шумен, 9700, ул. Васил Априлов 63",,,,0,0,,,,https://www.credoweb.bg/page/19928/mts-mbal-shumen
ТУБ диспансер,Hospital,"България, Шумен, 9700, ул. Васил Априлов 63",,,,0,0,,,,https://www.credoweb.bg/page/19929/tub-dispanser
ДКЦ 1,Hospital,"България, Шумен, 9700, ул. Цар Освободител 100",,,,0,0,,,,https://www.credoweb.bg/page/19932/dkts-1
МБАЛ - Елхово,Hospital,"България, Елхово (Елхово), 8700, ул. Чаталджа 3",,,,0,0,,,,https://www.credoweb.bg/page/19934/mbal-elhovo
МБАЛ Каварна,Hospital,"България, Каварна, 9650, ул. Васил Левски 36",,,,0,0,,,,https://www.credoweb.bg/page/20164/mbal-kavarna
МЦ Оптимус,Medical center,"България, Монтана, 3400, ул.Цар Борис III 11",,,,0,0,,,,https://www.credoweb.bg/page/20180/mts-optimus
МЦ Св. Петка,Medical center,"България, Сандански, 2800, ул. Свобода 1",,,,0,0,,,,https://www.credoweb.bg/page/20186/mts-sv-petka
МБАЛ Св. Врач,Hospital,"България, Сандански, 2800, Паркова зона",,,,0,0,,,,https://www.credoweb.bg/page/20187/mbal-sv-vrach
МЦ Ултрамед,Medical center,"България, Пловдив, 4000, ул. Кутловица №1",,,,0,0,,,,https://www.credoweb.bg/page/20117/mts-ultramed
МЦ Пловдимед,Medical center,"България, Пловдив, 4000, ул. Колхида продължение (Транспортна болница)",,,,0,0,,,,https://www.credoweb.bg/page/20078/mts-plovdimed
МБАЛ Св. Панталеймон,Hospital,"България, София, 1000, ж.к. Младост- III, бул. Александър Малинов 63",,,,0,0,,,,https://www.credoweb.bg/page/20082/mbal-sv-pantaleymon
МЦ Орбита,Medical center,"България, Враца, 3000, ул. 2 юни № 28",,,,0,0,,,,https://www.credoweb.bg/page/20096/mts-orbita
МЦ Дария,Medical center,"България, Варна, 9000, ул. Панагюрище № 2",,,,0,0,,,,https://www.credoweb.bg/page/20104/mts-dariya
Факултет по дентална медицина,Hospital,"България, Пловдив, 4000, бул. Христо Ботев №3",,,,0,0,,,,https://www.credoweb.bg/page/20140/fakultet-po-dentalna-meditsina
Първа хирургична клиника - УМБАЛ - Стара Загора,Hospital,"България, Стара Загора, 6000, ул. Армейска 11",,,,0,0,,,,https://www.credoweb.bg/page/20149/parva-hirurgichna-klinika-umbal-stara-zagora
МДЦ Дженерали - Закрила,Hospital,"България, София, 1000, бул. Княз Ал. Дондуков 79-81",,,,0,0,,,,https://www.credoweb.bg/page/20159/mdts-dzhenerali-zakrila
МЦ по детски болести и детска ендокринология Палечка,Medical center,"България, Пловдив, 4000, бул. Васил Априлов 80, ет.1, ап.1",,,,0,0,,,,https://www.credoweb.bg/page/20190/mts-po-detski-bolesti-i-detska-endokrinologiya-palechka
МЦ Трансхеликс,Medical center,"България, София, 1000, бул. Андрей Сахаров 1",,,,0,0,,,,https://www.credoweb.bg/page/20619/mts-transheliks
МЦ Борола,Medical center,"България, София, 1000, ул. Цар Симеон 52",,,,0,0,,,,https://www.credoweb.bg/page/20610/mts-borola
СБР НК Банкя,Hospital,"България, Банкя (Район Банкя), 1320, ул. Шейново 8",,,,0,0,,,д-р Анелия Петкова | г-н Владимир Митков Петров | д-р Красимира Маркова,https://www.credoweb.bg/page/20689/sbr-nk-bankya
СБАЛ Св. Св. Козма и Дамян,Hospital,България,,,,0,0,,,,https://www.credoweb.bg/page/20854/sbal-sv-sv-kozma-i-damyan
ДКЦ Еквита,Hospital,"България, Варна, 9000, бул. Цар Освободител 5",,,,0,0,,,,https://www.credoweb.bg/page/20739/dkts-ekvita
МЦ Люлин-МЕД,Medical center,"България, София, 1000, ул. ""Добри Немиров"" No 5",,,,0,0,,,,https://www.credoweb.bg/page/20898/mts-lyulin-med
ЕО Дент,Medical center,"България, София, 1000, ул.""Св. Пимен Зографски"" 16",,,,0,0,,,,https://www.credoweb.bg/page/20900/eo-dent
Специализирани болници по рехабилитация - НК,Hospital,"България, София, 1000, бул. “Васил Левски” № 54",,,,0,0,,,,https://www.credoweb.bg/page/21146/spetsializirani-bolnitsi-po-rehabilitatsiya-nk
МЦ Здраве - Банкя,Medical center,"България, Банкя (Район Банкя), 1320, ул. Георги Сава Раковски 15",,,,0,0,,,,https://www.credoweb.bg/page/21270/mts-zdrave-bankya
УМБАЛ Софиямед,,"Sofia, 
бул. Г. М. Димитров 16",http://hospitalsofiamed.bg/,,,0,0,,,,https://www.credoweb.bg/page/19697/umbal-sofiyamed/structures/21281/otdelenie-po-akusherstvo-i-ginekologiya
МЦ Кардиовес,Medical center,"България, Пловдив, 4000, ул. Елиезер Калев 2",,,,0,0,,,д-р Маргарита Аврамова | д-р Мариана Манева,https://www.credoweb.bg/page/21748/mts-kardioves
МБАЛ Св. Пантелеймон,,"Plovdiv, 
бул. Никола Вапцаров 9",,,,0,0,,,,https://www.credoweb.bg/page/19587/mbal-sv-panteleymon/structures/21703/litsevo-chelyustna-hirurgiya
МБАЛ Тримонциум,Hospital,"България, Пловдив, 4000, бул. Цар Борис ІІІ No 126",,,,0,0,,,,https://www.credoweb.bg/page/21711/mbal-trimontsium
Държавна психиатрична болница,Hospital,"България, Пазарджик, 4400, ул. Болнична 28",,,,0,0,,,,https://www.credoweb.bg/page/21622/darzhavna-psihiatrichna-bolnitsa
"УМБАЛ ""Пловдив""",,"Plovdiv, 
бул. България 234",http://www.mbal.net/main.php?module=content&cnt_id=1,,,0,0,,,,https://www.credoweb.bg/page/19579/umbal-plovdiv/structures/21909/otdelenie-po-ortopediya-i-travmatologiya
МЦ Св. Иван Рилски,Medical center,"България, Шумен, 9700, площад Възраждане №1, етаж 1 и сутерен",,,,0,0,,,,https://www.credoweb.bg/page/22326/mts-sv-ivan-rilski
БДПЛР Св. Георги Победоносец - Поморие,Hospital,"България, Поморие, 8200, ул. Проф. Парашкев Стоянов № 7",,,,0,0,,,д-р Ирина Събинова | д-р Стела Димитрова,https://www.credoweb.bg/page/22340/bdplr-sv-georgi-pobedonosets-pomorie
ВМА Пловдив,,"Plovdiv, 
бул. Христо Ботев 81",,,,0,0,,,,https://www.credoweb.bg/page/19591/vma-plovdiv/structures/22636/klinika-po-vatreshni-bolesti
Военномедицинска академия,,"Sofia, 
ул. Св. Георги Софийски 3",www.vma.bg,,,0,0,,,,https://www.credoweb.bg/page/19791/voennomeditsinska-akademiya/structures/22638/klinika-po-funktsionalna-diagnostika
Военномедицинска академия,,"Sofia, 
ул. Св. Георги Софийски 3",www.vma.bg,,,0,0,,,,https://www.credoweb.bg/page/19791/voennomeditsinska-akademiya/structures/22807/klinika-po-infektsiozni-bolesti
Нов МЦ - Враца,Medical center,"България, Враца, 3000, ул. Скакля 6",,,,0,0,,,,https://www.credoweb.bg/page/22867/nov-mts-vratsa
ЦСМП - Стара Загора,Hospital,"България, Стара Загора, 6000, бул. Руски №62",,,,0,0,,,,https://www.credoweb.bg/page/22957/tssmp-stara-zagora
Център по психично здраве,Medical center,"България, Стара Загора, 6000, ул. Армейска 16",,,,0,0,,,,https://www.credoweb.bg/page/23331/tsentar-po-psihichno-zdrave
Военномедицинска академия,,"Sofia, 
ул. Св. Георги Софийски 3",www.vma.bg,,,0,0,,,,https://www.credoweb.bg/page/19791/voennomeditsinska-akademiya/structures/23394/karil
МЦ - Д-р Николай Цолов,Medical center,"България, Варна, 9000, бул. Ген. Колев 86",,,,0,0,,,,https://www.credoweb.bg/page/23408/mts-d-r-nikolay-tsolov
МЦ Доверие СБТ,Medical center,"България, София, 1000, жк Изток, ул. Л. Станчев 5",,,,0,0,,,,https://www.credoweb.bg/page/23415/mts-doverie-sbt
МБАЛ Д-р Д. Моллов,Hospital,"България, Елена (Елена), 5070, ул. Хаджи Юрдан Брадата 69",,,,0,0,,,,https://www.credoweb.bg/page/23629/mbal-d-r-d-mollov
МЦ Фитолек,Medical center,"България, София, 1000, ул. Рилски езера, бл.15, ет.1, ап.1",,,,0,0,,,,https://www.credoweb.bg/page/24156/mts-fitolek
ЦСМП - Хасково,Hospital,"България, Хасково, 6300, бул. Съединение 49",,,,0,0,,,д-р Мария Неделчева Ангелова | Д-р Христо Полихронов,https://www.credoweb.bg/page/24224/tssmp-haskovo
"УМБАЛ ""Пълмед""",,"Plovdiv, 
ул. Перущица 1 А",http://www.hospitalpulmed.bg/,,,0,0,,,,https://www.credoweb.bg/page/19610/umbal-palmed/structures/24263/otdelenie-po-gastroenterologiya
УМБАЛ Св. Иван Рилски,,"Sofia, 
бул. Акад. Иван Евстатиев Гешов 15",,,,0,0,,,,https://www.credoweb.bg/page/19690/umbal-sv-ivan-rilski/structures/25230/dkts
МБАЛ Здраве,,"Pazardzhik, 
ул. Константин Величков №50",,,,0,0,,,,https://www.credoweb.bg/page/19966/mbal-zdrave/structures/26101/otdelenie-po-detski-bolesti
Многопрофилна транспортна болница Пловдив,,"Plovdiv, 
ул. Продължение Колхида",,,,0,0,,,,https://www.credoweb.bg/page/19611/mnogoprofilna-transportna-bolnitsa-plovdiv/structures/26660/otdelenie-po-nevrologiya
МБАЛ Д-р Атанас Дафовски,,"Kardzhali, 
бул. Беломорски 53",http://www.hospital-kj.com/,,,0,0,,,,https://www.credoweb.bg/page/19468/mbal-d-r-atanas-dafovski/structures/26918/hirurgichno-otdelenie
МБАЛ Д-р Атанас Дафовски,,"Kardzhali, 
бул. Беломорски 53",http://www.hospital-kj.com/,,,0,0,,,,https://www.credoweb.bg/page/19468/mbal-d-r-atanas-dafovski/structures/26923/ochno-otdelenie
"УМБАЛ ""Пловдив""",,"Plovdiv, 
бул. България 234",http://www.mbal.net/main.php?module=content&cnt_id=1,,,0,0,,,,https://www.credoweb.bg/page/19579/umbal-plovdiv/structures/28048/vtoro-hirurgichno-otdelenie
Умбал Св. Герги- база 2,Hospital,България,,,,0,0,,,,https://www.credoweb.bg/page/28267/umbal-sv-gergi-baza-2
Медицински център 1 - Нови пазар,Hospital,"България, Нови пазар (Нови пазар), 9900, ул. Христо Ботев № 22",,,,0,0,,,,https://www.credoweb.bg/page/29725/meditsinski-tsentar-1-novi-pazar
СМДЛ ВИТА-СЕ,Laboratory,"България, Лом, 3600, ул. Цар Асен 5",,,,0,0,,,д-р Елка Симеонова,https://www.credoweb.bg/page/32977/smdl-vita-se
"АПИМП ""Д-р Дарина Карнобатлова"" ЕООД",Hospital,"България, Ямбол, 8600, ул. Хр. Смирненски № 2, к-т 505",,,,0,0,,,д-р Дарина Топчиева,https://www.credoweb.bg/page/36566/apimp-d-r-darina-karnobatlova-eood
Д-р Иванка Вачева,Hospital,"България, Добрич, 9300, ул 25-септември -68 ДКЦ -2 каб.208",,,,0,0,,,,https://www.credoweb.bg/page/36755/d-r-ivanka-vacheva
Сити Лаб,Laboratory,"България, Варна, 9000, бул. Цар Освободител 81",CityLab,,,0,0,,,,https://www.credoweb.bg/page/37700/siti-lab
МБАЛ - Попово,Hospital,"България, Попово (Попово), 7800, ул. Панайот Волов 39-41",http://www.mbal-popovo.com/crbst_13.html,,,0,0,,,,https://www.credoweb.bg/page/40732/mbal-popovo
Лабораторията по геномна диагностика - МУ София,Laboratory,"България, София, 1000, бул. Акад. Иван Гешов № 15",,,,0,0,,,,https://www.credoweb.bg/page/41579/laboratoriyata-po-genomna-diagnostika-mu-sofiya
МЦ Клиничен институт за репродуктивна медицина,,"Pleven, 
ул. Ген. Скобелев 20",http://ivfpleven.com/bg/,,,0,0,,,,https://www.credoweb.bg/page/19549/mts-klinichen-institut-za-reproduktivna-meditsina/structures/44622/meditsinski-tsentar-kirm-plovdiv
УМБАЛ Александровска,,"Sofia, 
ул. Св. Георги Софийски 1",http://alexandrovska.com/display.php?bg,,,0,0,,,,https://www.credoweb.bg/page/19790/umbal-aleksandrovska/structures/46656/klinika-po-detska-psihiatriya-sv-nikola
Болница за продължително лечение и рехабилитация - ВМА,Hospital,"България, Банкя (Район Банкя), 1320, ул. “Иван Вазов” № 5",,,,0,0,,,,https://www.credoweb.bg/page/49991/bolnitsa-za-prodalzhitelno-lechenie-i-rehabilitatsiya-vma
МБАЛ Бургасмед,,"Burgas, 
кв. Меден Рудник, зона А, кв. 11",,,,0,0,,,,https://www.credoweb.bg/page/20048/mbal-burgasmed/structures/50118/dkts-burgasmed
МБАЛ Хаджи Димитър,,"Sliven, 
ул. Димитър Пехливанов 5",,,,0,0,,,,https://www.credoweb.bg/page/19673/mbal-hadzhi-dimitar/structures/50661/sektor-invazivna-kardiologiya
АГПСМП Доверие за здраве,Medical center,"България, София, 1000, ул. Найчо Цанов 209",http://www.doveriezazdrave.com/,,,0,0,,,,https://www.credoweb.bg/page/53425/agpsmp-doverie-za-zdrave
"Терапевтична общност ""Феникс""",Medical center,"България, София, 1000, Лозенец, ул. Рилски езера №16",http://phoenixhouse-bg.com/,,,0,0,,,,https://www.credoweb.bg/page/53782/terapevtichna-obshtnost-feniks
ДКЦ 2 Пловдив,,"Plovdiv, 
бул. 6-ти Септември 110",http://dkc2plovdiv.com/,,,0,0,,,,https://www.credoweb.bg/page/19576/dkts-2/structures/57070/uchilishte-za-badeshti-roditeli-valshebno-nachalo
УМБАЛ МЕДИКА РУСЕ ООД,,"Ruse, 
ул. Рига № 35",МБАЛ,,,0,0,,,,https://www.credoweb.bg/page/57612/umbal-medika-ruse-ood/structures/57618/otdelenie-po-hirurgiya-s-deynosti-po-obshta-hirurgiya-detska-hirurgiya-ortopediya-i-travmatologiya
"МБАЛ""Пазарджик""- АД",Hospital,"България, Пазарджик, 4400, ул. Болнична 15",,,,0,0,,,,https://www.credoweb.bg/page/68593/mbalpazardzhik-ad
МБАЛ Благоевград,Hospital,"България, Благоевград, 2700, ул. Славянска 60",,,,0,0,,,,https://www.credoweb.bg/page/86818/mbal-blagoevgrad
"МБАЛ "" Св. Иван Рилски"" - Козлодуй",Hospital,"България, Козлодуй, 3320, л. ”Кирил и Методий” №1",,,,0,0,,,,https://www.credoweb.bg/page/86949/mbal-sv-ivan-rilski-kozloduy
МБАЛ Лом,Hospital,"България, Лом, 3600, ул. Каблешков №2",,,,0,0,,,,https://www.credoweb.bg/page/87105/mbal-lom
МБАЛ Перник,Hospital,"България, Перник, 2300, Ул. „Брезник“ 2",,,,0,0,,,,https://www.credoweb.bg/page/87119/mbal-pernik
МБАЛ Кубрат,Hospital,"България, Кубрат, 7300, ул. „Княз Борис І” №12",,,,0,0,,,,https://www.credoweb.bg/page/87740/mbal-kubrat
МБАЛ Света Екатерина - Димитровград,Hospital,"България, Димитровград, 6400, бул.""Хр. Ботев"" № 29",,,,0,0,,,,https://www.credoweb.bg/page/88777/mbal-sveta-ekaterina-dimitrovgrad
Varix Clinic - венозен лазерен център,Clinic,"България, София, 1000, КВ. ГОРНА БАНЯ, УЛ. ОРЕХОВСКИ ДОЛ 7 (НА ЪГЪЛА С УЛ. ВЕЧЕРНИЦА)",WWW.VARIXCLINIC.BG,,,0,0,,,,https://www.credoweb.bg/page/99539/varix-clinic-venozen-lazeren-tsentar
14 ДКЦ,Hospital,"България, София, 1408, ул. Стефан Сарафов 7",,,,0,0,,,,https://www.credoweb.bg/page/111268/14-dkts
Медицински център - Гален 21,Medical center,"България, София, 1000, бул. Ген. Стефан Тошев 15-17",,,,0,0,,,,https://www.credoweb.bg/page/123136/meditsinski-tsentar-galen-21
СБАЛПФЗ - Русе,Hospital,"България, Русе, 7000, ул. Алея Лилия №1",,,,0,0,,,,https://www.credoweb.bg/page/19945/sbalpfz-ruse
МЦ Медисити,Medical center,"България, Пловдив, 4000, ул. Ибър 24",,,,0,0,,,,https://www.credoweb.bg/page/19605/mts-medisiti
МЦ Аркус Медикъл,Medical center,"България, Велико Търново, 5000, ул. Ниш 1",,,,0,0,,,,https://www.credoweb.bg/page/19394/mts-arkus-medikal
Очен медицински център Света Петка - Шумен,Medical center,"България, Шумен, 9700, ул.Цар Иван Александър 110А",,,,0,0,,,,https://www.credoweb.bg/page/155575/ochen-meditsinski-tsentar-sveta-petka-shumen
ДКЦ,Hospital,"България, Петрич, 2850, ул. Рокфелер 52",,,,0,0,,,,https://www.credoweb.bg/page/19300/dkts
ДКЦ,Hospital,"България, Разлог, 2760, ул. Св. Св. Кирил и Методий 2",,,,0,0,,,,https://www.credoweb.bg/page/19302/dkts
МБАЛ,Hospital,"България, Разлог, 2760, ул. Св. Св. Кирил и Методий 2",,,,0,0,,,,https://www.credoweb.bg/page/19303/mbal
ДКЦ,Hospital,"България, Сандански, 2800, бул. Свобода 1",,,,0,0,,,,https://www.credoweb.bg/page/19304/dkts
МЦ АЕТОС,Medical center,"България, Айтос, 8500, ул. Софроний Врачански 16",,,,0,0,,,,https://www.credoweb.bg/page/19306/mts-aetos
МЦ Демокрация 67,Medical center,"България, Бургас, 8000, бул. Демокрация 67",,,,0,0,,,,https://www.credoweb.bg/page/19309/mts-demokratsiya-67
МДОЗС,Hospital,"България, Бургас, 8000, бул. Демокрация 86",,,,0,0,,,д-р Евгени Гяуров | д-р Николай Киселков | д-р Ярослава Маринчева,https://www.credoweb.bg/page/19310/mdozs
Център за кожно-венерически заболявания,Medical center,"България, Бургас, 8000, бул. Демокрация 94",,,,0,0,,,,https://www.credoweb.bg/page/19312/tsentar-za-kozhno-venericheski-zabolyavaniya
МЦ - жк Зорница бл. 50,Medical center,"България, Бургас, 8000, жк Зорница бл. 50",,,,0,0,,,,https://www.credoweb.bg/page/19316/mts-zhk-zornitsa-bl-50
ГППМП,Hospital,"България, Карнобат, 8400, пл. Героите",,,,0,0,,,,https://www.credoweb.bg/page/19327/gppmp
МЦ Медик 2000,Medical center,"България, Карнобат, 8400, ул. Стара Планина 180",,,,0,0,,,,https://www.credoweb.bg/page/19329/mts-medik-2000
ДКЦ,Hospital,"България, Поморие, 8200, ул. Проф. Парашкев Стоянов 1",,,,0,0,,,,https://www.credoweb.bg/page/19330/dkts
МЦ 1,Medical center,"България, Средец (Средец), 8300, ул. Тодор Николов 10",,,,0,0,,,,https://www.credoweb.bg/page/19334/mts-1
МЦ 1,Medical center,"България, Царево, 8260, ул. Милин Камък 1",,,,0,0,,,,https://www.credoweb.bg/page/19335/mts-1
МЦ Кооператор,Medical center,"България, Варна, 9000, бул. Вл. Варненчик 53-55",,,,0,0,,,,https://www.credoweb.bg/page/19337/mts-kooperator
МЦ Владислав,Medical center,"България, Варна, 9000, бул. Вл. Варненчик",,,,0,0,,,,https://www.credoweb.bg/page/19338/mts-vladislav
МЦ Цолов,Medical center,"България, Варна, 9000, бул. Ген. Колев 86",,,,0,0,,,,https://www.credoweb.bg/page/19339/mts-tsolov
МЦ Манус Вита,Medical center,"България, Варна, 9000, бул. Съборни 24",,,,0,0,,,,https://www.credoweb.bg/page/19344/mts-manus-vita
МДОЗС,Hospital,"България, Варна, 9000, бул. Цар Освободител 100",,,,0,0,,,,https://www.credoweb.bg/page/19351/mdozs
ДКЦ СБАГАЛ,Hospital,"България, Варна, 9000, бул. Цар Освободител 150",,,,0,0,,,,https://www.credoweb.bg/page/19355/dkts-sbagal
МЦ Варна,Medical center,"България, Варна, 9000, ул. Брегалница 1",,,,0,0,,,,https://www.credoweb.bg/page/19360/mts-varna
МЦ Юнайтед Медикъл,Medical center,"България, Варна, 9000, ул. Брегалница 1",,,,0,0,,,,https://www.credoweb.bg/page/19361/mts-yunayted-medikal
МЦ Сити,Medical center,"България, Варна, 9000, ул. Брегалница 3",,,,0,0,,,,https://www.credoweb.bg/page/19362/mts-siti
КМЦ,Medical center,"България, Варна, 9000, ул. Дрин 1",,,,0,0,,,,https://www.credoweb.bg/page/19365/kmts
"Многопрофилен детски център ""Токуда""",Medical center,"България, София, 1000, бул. Никола Й. Вапцаров № 51Б",,,,0,0,,,,https://www.credoweb.bg/page/19289/mnogoprofilen-detski-tsentar-tokuda
МЦ - ул. Луи Пастьор 1,Medical center,"България, Банско, 2770, ул. Луи Пастьор 1",,,,0,0,,,,https://www.credoweb.bg/page/19291/mts-ul-lui-pastyor-1
МЦ - ул. Цар Симеон 8,Medical center,"България, Банско, 2770, ул. Цар Симеон 8",,,,0,0,,,,https://www.credoweb.bg/page/19292/mts-ul-tsar-simeon-8
МЦ Рубидент,Medical center,"България, Благоевград, 2700, ул. 3-ти март 42",,,,0,0,,,д-р Сашо Христов Кастрев,https://www.credoweb.bg/page/19293/mts-rubident
ОДОЗС Благоевград,Hospital,"България, Благоевград, 2700, ул. Васил Левски 62",,,,0,0,,,,https://www.credoweb.bg/page/19294/odozs-blagoevgrad
СОС Травма Център,Medical center,"България, Благоевград, 2700, ул. Славянска 42",,,,0,0,,,,https://www.credoweb.bg/page/19295/sos-travma-tsentar
ДКЦ,Hospital,"България, Благоевград, 2700, ул. Славянска 60",,,,0,0,,,,https://www.credoweb.bg/page/19296/dkts
ДКЦ,Hospital,"България, Гоце Делчев, 2900, ул. Стара Планина 54",,,,0,0,,,,https://www.credoweb.bg/page/19298/dkts
ДКЦ,Hospital,"България, Плевен, 5800, бул. Русе 87",,,,0,0,,,,https://www.credoweb.bg/page/19545/dkts
МЦ Хера,Medical center,"България, Плевен, 5800, ул. Георги Кочев 12",,,,0,0,,,,https://www.credoweb.bg/page/19551/mts-hera
Здравна служба - Славяново,Hospital,"България, Славяново (Плевен), 5840, ул. Васил Левски 7",,,,0,0,,,д-р Веселина Кирилова,https://www.credoweb.bg/page/19563/zdravna-sluzhba-slavyanovo
Здравна служба - Тръстеник,Hospital,"България, Тръстеник (Долна Митрополия), 5857, ул. Столетов 14",,,,0,0,,,,https://www.credoweb.bg/page/19564/zdravna-sluzhba-trastenik
ДКЦ - Червен бряг,Hospital,"България, Червен бряг, 5980, ул. Яне Сандански 61",,,,0,0,,,,https://www.credoweb.bg/page/19565/dkts-cherven-bryag
ДКЦ - Асеновград,Hospital,"България, Асеновград, 4230, ул. Александър Стамболийски 28",,,,0,0,,,,https://www.credoweb.bg/page/19567/dkts-asenovgrad
МЦ Св. Екатерина,Medical center,"България, Асеновград, 4230, ул. Александър Стамболийски 43",,,,0,0,,,,https://www.credoweb.bg/page/19569/mts-sv-ekaterina
Т ДКЦ,Hospital,"България, Варна, 9000, ул. Юрий Венелин 14",,,,0,0,,,,https://www.credoweb.bg/page/19378/t-dkts
Здравна Служба,Medical center,"България, Бяла черква, 5220, ул. Съборна 6",,,,0,0,,,,https://www.credoweb.bg/page/19382/zdravna-sluzhba
МЦ Невромедикс,Medical center,"България, Велико Търново, 5000, ул. Бузлуджа 1",,,,0,0,,,,https://www.credoweb.bg/page/19384/mts-nevromediks
ОДОЗС,Hospital,"България, Велико Търново, 5000, ул. Бузлуджа 1",,,,0,0,,,,https://www.credoweb.bg/page/19385/odozs
МЦ Св. Николай Чудотворец,Medical center,"България, Велико Търново, 5000, ул. Вела Пискова 22",,,,0,0,,,,https://www.credoweb.bg/page/19386/mts-sv-nikolay-chudotvorets
МЦ Центромед,Medical center,"България, Велико Търново, 5000, ул. Марно поле 21",,,,0,0,,,,https://www.credoweb.bg/page/19390/mts-tsentromed
МЦ Дозис,Medical center,"България, Велико Търново, 5000, ул. Никола Габровски 24",,,,0,0,,,д-р Лиляна Колева | д-р Невяна Генева,https://www.credoweb.bg/page/19391/mts-dozis
МЦ Коопмедико,Medical center,"България, Велико Търново, 5000, ул. Никола Габровски 3",,,,0,0,,,,https://www.credoweb.bg/page/19392/mts-koopmediko
МЦ - ул. Елена Грънчарова 10,Medical center,"България, Горна Оряховица, 5100, ул. Елена Грънчарова 10",,,,0,0,,,,https://www.credoweb.bg/page/19396/mts-ul-elena-grancharova-10
ДКЦ - Горна Оряховица,Hospital,"България, Горна Оряховица, 5100, ул. Отец Паисий Хилендарски 74",,,,0,0,,,,https://www.credoweb.bg/page/19399/dkts-gorna-oryahovitsa
Здравна служба,Medical center,"България, Златарица (Златарица), 5090, ул. Стефан Попстоянов 23",,,,0,0,,,,https://www.credoweb.bg/page/19400/zdravna-sluzhba
МЦ - Павликени,Medical center,"България, Павликени, 5200, ул. Васил Петлешков 2",,,,0,0,,,,https://www.credoweb.bg/page/19402/mts-pavlikeni
МЦ Медиана,Medical center,"България, Павликени, 5200, ул. Цар Иван Асен Втори 15",,,,0,0,,,,https://www.credoweb.bg/page/19403/mts-mediana
МЦ,Medical center,"България, Полски Тръмбеш, 5180, ул. Търговска 92",,,,0,0,,,,https://www.credoweb.bg/page/19405/mts
ДКЦ,Hospital,"България, Свищов, 5250, ул. Петър Ангелов 1",,,,0,0,,,,https://www.credoweb.bg/page/19406/dkts
МЦ Стражица,Medical center,"България, Стражица (Стражица), 5150, ул. Хаджи Димитър 4",,,,0,0,,,,https://www.credoweb.bg/page/19408/mts-strazhitsa
МЕДИКА 2000,Hospital,"България, Кърджали, 6600, бул. Тракия 19",,,,0,0,,,д-р Любомир Тодоров,https://www.credoweb.bg/page/19470/medika-2000
МБАЛ,Hospital,"България, Бобов дол, 2670, ул. Димитър Благоев 16",,,,0,0,,,д-р Веселин Давидков | д-р Катя Георгиева,https://www.credoweb.bg/page/19472/mbal
ГП Авицена,Hospital,"България, Дупница, 2600, ул. Солун 4",,,,0,0,,,,https://www.credoweb.bg/page/19477/gp-avitsena
ДКЦ - Рила,Hospital,"България, Рила, 2630, ул. Опълченска 47",,,,0,0,,,,https://www.credoweb.bg/page/19480/dkts-rila
МЦ - Априлци,Medical center,"България, Априлци, 5641, ул. Васил Левски 86",,,,0,0,,,,https://www.credoweb.bg/page/19481/mts-apriltsi
МЦ - Летница,Medical center,"България, Летница (Летница), 5570, ул. Бачо Киро 24",,,,0,0,,,,https://www.credoweb.bg/page/19482/mts-letnitsa
ДКЦ - Ловеч,Hospital,"България, Ловеч, 5500, ул. Вардар 1 а",,,,0,0,,,,https://www.credoweb.bg/page/19483/dkts-lovech
ДКЦ - Ловеч,Hospital,"България, Ловеч, 5500, ул. Д-р Съйко Съев 27",,,,0,0,,,,https://www.credoweb.bg/page/19484/dkts-lovech
ДКЦ - Луковит,Hospital,"България, Луковит, 5770, ул. Княз Борис I 52",,,,0,0,,,,https://www.credoweb.bg/page/19486/dkts-lukovit
МЦ - Луковит,Medical center,"България, Луковит, 5770, ул. Милин Камък 11",,,,0,0,,,,https://www.credoweb.bg/page/19488/mts-lukovit
ДКЦ 1,Hospital,"България, Пазарджик, 4400, ул. Константин Величков 50",,,,0,0,,,,https://www.credoweb.bg/page/19517/dkts-1
ДКЦ Ескулап,Hospital,"България, Пазарджик, 4400, ул. Св. Арахангел 19А",,,,0,0,,,,https://www.credoweb.bg/page/19518/dkts-eskulap
МБАЛ Св. Екатерина,Hospital,"България, Пазарджик, 4400, ул. Свобода 17",,,,0,0,,,,https://www.credoweb.bg/page/19519/mbal-sv-ekaterina
ДКЦ Авицена,Hospital,"България, Пещера (Пещера), 4550, ул. Георги Зафиров 1",,,,0,0,,,,https://www.credoweb.bg/page/19522/dkts-avitsena
ДКЦ Хипократ,Hospital,"България, Пещера (Пещера), 4550, ул. Нешо Чипев 1",,,,0,0,,,,https://www.credoweb.bg/page/19524/dkts-hipokrat
ДКЦ 1,Hospital,"България, Перник, 2300, ул. Брезник 2",,,,0,0,,,,https://www.credoweb.bg/page/19525/dkts-1
МЦ Еврика,Medical center,"България, Перник, 2300, ул. Христо Смирненски 1",,,,0,0,,,,https://www.credoweb.bg/page/19528/mts-evrika
МЦ - Белене,Medical center,"България, Белене, 5930, ул. Христо Ботев 11",,,,0,0,,,,https://www.credoweb.bg/page/19532/mts-belene
МЦ - Гулянци,Medical center,"България, Гулянци, 5960, ул. Васил Левски 34",,,,0,0,,,,https://www.credoweb.bg/page/19534/mts-gulyantsi
МЦ - Гулянци,Medical center,"България, Гулянци, 5960, ул. Георги Сава Раковски 4",,,,0,0,,,,https://www.credoweb.bg/page/19535/mts-gulyantsi
МЦ - Кнежа,Medical center,"България, Кнежа, 5835, ул. Марин Боев 4",,,,0,0,,,,https://www.credoweb.bg/page/19539/mts-knezha
Здравна служба - Койнаре,Medical center,"България, Койнаре, 5986, ул. Централна 1",,,,0,0,,,,https://www.credoweb.bg/page/19540/zdravna-sluzhba-koynare
МЦ - Левски,Medical center,"България, Левски, 5900, ул. Никола Й. Вапцаров 5",,,,0,0,,,д-р Менянт Денисова,https://www.credoweb.bg/page/19542/mts-levski
МЦ - Тетевен,Medical center,"България, Тетевен, 5700, ул. Димитър Благоев 62",,,,0,0,,,,https://www.credoweb.bg/page/19490/mts-teteven
МЦ - Троян,Medical center,"България, Троян, 5600, ул. Ген. Радецки 30",,,,0,0,,,,https://www.credoweb.bg/page/19493/mts-troyan
МЦ - Ябланица,Medical center,"България, Ябланица (Ябланица), 5750, ул. Кирил и Методий 7",,,,0,0,,,,https://www.credoweb.bg/page/19494/mts-yablanitsa
ДКЦ - Берковица,Hospital,"България, Берковица, 3500, ул. Александровска 65",,,,0,0,,,,https://www.credoweb.bg/page/19495/dkts-berkovitsa
МБАЛ-Берковица ЕООД,Hospital,"България, Берковица, 3500, ул. Александровска 65",,,,0,0,,,,https://www.credoweb.bg/page/19496/mbal-berkovitsa-eood
МЦ - Бойчиновци,Medical center,"България, Бойчиновци, 3430, ул. Св. Св. Кирил и Методи 16",,,,0,0,,,,https://www.credoweb.bg/page/19497/mts-boychinovtsi
МЦ - Брусарци,Medical center,"България, Брусарци, 3680, ул. 23-ти септември 13",,,,0,0,,,,https://www.credoweb.bg/page/19498/mts-brusartsi
МЦ - Вълчедръм,Medical center,"България, Вълчедръм, 3650, ул. Самуил 1",,,,0,0,,,,https://www.credoweb.bg/page/19499/mts-valchedram
ДКЦ,Hospital,"България, Лом, 3600, ул. Тодор Каблешков 2",,,,0,0,,,,https://www.credoweb.bg/page/19501/dkts
СБАЛНБ Свети Георги,Hospital,"България, Монтана, 3400, бул. Александър Стамболийски 92",,,,0,0,,,,https://www.credoweb.bg/page/19503/sbalnb-sveti-georgi
МЦ,Medical center,"България, Чипровци, 3460, ул. П. Парчевич 18",,,,0,0,,,,https://www.credoweb.bg/page/19507/mts
ДКЦ 1,Hospital,"България, Велинград, 4600, бул. Съединение 49",,,,0,0,,,,https://www.credoweb.bg/page/19508/dkts-1
СБР - Велинград,Hospital,"България, Велинград, 4600, ул. Гоце Делчев 38",,,,0,0,,,,https://www.credoweb.bg/page/19510/sbr-velingrad
МЦ Асклепий,Medical center,"България, Велинград, 4600, ул. Искра 15",,,,0,0,,,,https://www.credoweb.bg/page/19511/mts-asklepiy
Болница - Вита,Hospital,"България, Велинград, 4600, ул. Пушкин 2",,,,0,0,,,,https://www.credoweb.bg/page/19512/bolnitsa-vita
ОДПФЗС,Hospital,"България, Пазарджик, 4400, ул. Болнична 17",,,,0,0,,,,https://www.credoweb.bg/page/19516/odpfzs
Здравна служба - Калофер,Hospital,"България, Калофер, 4370, Калофер",,,,0,0,,,,https://www.credoweb.bg/page/19571/zdravna-sluzhba-kalofer
МЦ ВитаМед,Medical center,"България, Карлово, 4300, ул. Тодор и Ана Пулеви 18",,,,0,0,,,,https://www.credoweb.bg/page/19572/mts-vitamed
ДКЦ - Карлово,Hospital,"България, Карлово, 4300, ул. Уилям Гладстон 1",,,,0,0,,,,https://www.credoweb.bg/page/19573/dkts-karlovo
МЦ - Омега,Medical center,"България, Карлово, 4300, ул. Уилям Гладстон 6",,,,0,0,,,,https://www.credoweb.bg/page/19575/mts-omega
ДКЦ 3 Марица,Hospital,"България, Пловдив, 4000, бул. Марица 53",,,,0,0,,,,https://www.credoweb.bg/page/19586/dkts-3-maritsa
МЦ Мултискен,Medical center,"България, Пловдив, 4000, бул. Освобождение 3",,,,0,0,,,,https://www.credoweb.bg/page/19588/mts-multisken
МЦ Св. Врач,Medical center,"България, Пловдив, 4000, бул. Христо Ботев 81",,,,0,0,,,,https://www.credoweb.bg/page/19592/mts-sv-vrach
ДКЦ,Hospital,"България, Белоградчик, 3900, ул. Христо Ботев 34",,,,0,0,,,,https://www.credoweb.bg/page/19409/dkts
Неврологичен Център Пл. Цветанов,Hospital,"България, Видин, 3700, ул. 6-ти Септември",,,,0,0,,,,https://www.credoweb.bg/page/19411/nevrologichen-tsentar-pl-tsvetanov
МЦ Св. Иван Рилски,Medical center,"България, Видин, 3700, ул. Бдин 16",,,,0,0,,,,https://www.credoweb.bg/page/19412/mts-sv-ivan-rilski
Кл. Мушанова,Hospital,"България, Видин, 3700, ул. Общинска",,,,0,0,,,,https://www.credoweb.bg/page/19414/kl-mushanova
ДКЦ,Hospital,"България, Видин, 3700, ул. Хан Аспарух 29",,,,0,0,,,,https://www.credoweb.bg/page/19416/dkts
здравна служба,Medical center,"България, Димово (Димово), 3750, ул. Георги Димитров 127",,,,0,0,,,,https://www.credoweb.bg/page/19418/zdravna-sluzhba
ДКЦ,Hospital,"България, Бяла Слатина, 3200, ул. Захари Стоянов 1",,,,0,0,,,,https://www.credoweb.bg/page/19419/dkts
МЦ Св. Панталеймон,Medical center,"България, Бяла Слатина, 3200, ул. Хан Крум 23",,,,0,0,,,,https://www.credoweb.bg/page/19421/mts-sv-pantaleymon
ДКЦ 1,Hospital,"България, Враца, 3000, бул. 2-ри Юни 66",,,,0,0,,,,https://www.credoweb.bg/page/19422/dkts-1
МЦ Фактор,Medical center,"България, Враца, 3000, бул. 2-ри Юни 66",,,,0,0,,,,https://www.credoweb.bg/page/19425/mts-faktor
ОДОЗС Враца,Hospital,"България, Враца, 3000, ул. 2ри Юни 90",,,,0,0,,,,https://www.credoweb.bg/page/19426/odozs-vratsa
МЦ - ул. Братя Миладинови,Medical center,"България, Враца, 3000, ул. Братя Миладинови",,,,0,0,,,,https://www.credoweb.bg/page/19427/mts-ul-bratya-miladinovi
Областен диспансер по пневмо фтизиатрични заболявания със стационар Враца,Hospital,"България, Враца, 3000, ул. Ген. Леонов 93",,,,0,0,,,д-р Иво Пенков,https://www.credoweb.bg/page/19428/oblasten-dispanser-po-pnevmo-ftiziatrichni-zabolyavaniya-sas-statsionar-vratsa
МЦ Евромед,Medical center,"България, Враца, 3000, ул. Георги Сава Раковски 17",,,,0,0,,,,https://www.credoweb.bg/page/19429/mts-evromed
МЦ Св. Анна,Medical center,"България, Враца, 3000, ул. Демокрация",,,,0,0,,,,https://www.credoweb.bg/page/19430/mts-sv-anna
НМЦ Враца,Medical center,"България, Враца, 3000, ул. Скакля 6",,,,0,0,,,,https://www.credoweb.bg/page/19432/nmts-vratsa
ДКЦ,Hospital,"България, Козлодуй, 3320, ул. Св. Св. Кирил и Методий 1",,,,0,0,,,,https://www.credoweb.bg/page/19433/dkts
ДКЦ,Hospital,"България, Криводол, 3060, ул. Освобождение 1",,,,0,0,,,,https://www.credoweb.bg/page/19435/dkts
ДКЦ - Мездра,Hospital,"България, Мездра, 3100, ул. Янко Сакъзов 33",,,,0,0,,,д-р Любо Цветанов,https://www.credoweb.bg/page/19436/dkts-mezdra
ДКЦ - Оряхово,Hospital,"България, Оряхово (Оряхово), 3300, ул. Арх. Цолов 98",,,,0,0,,,,https://www.credoweb.bg/page/19438/dkts-oryahovo
ДКЦ,Hospital,"България, Габрово, 5300, ул. Ген. Радецки 30",,,,0,0,,,д-р Нелия Иванова-Кузева,https://www.credoweb.bg/page/19441/dkts
БМЦ,Medical center,"България, Габрово, 5300, ул. д-р Илиев Детския 1",,,,0,0,,,,https://www.credoweb.bg/page/19442/bmts
МЦ СИАС,Medical center,"България, Габрово, 5300, ул. д-р Илиев Детския 1",,,,0,0,,,д-р Илка Папазова,https://www.credoweb.bg/page/19443/mts-sias
МЦ - Дряново,Medical center,"България, Дряново (Дряново), 5370, ул. Шипка 164",,,,0,0,,,,https://www.credoweb.bg/page/19449/mts-dryanovo
МЦ 1,Medical center,"България, Севлиево, 5400, ул. Стефан Пешев 147",,,,0,0,,,,https://www.credoweb.bg/page/19453/mts-1
ДКЦ - Генерал Тошево,Hospital,"България, Генерал Тошево (Генерал Тошево), 9500, ул. Иван Вазов 15",,,,0,0,,,,https://www.credoweb.bg/page/19456/dkts-general-toshevo
МЦ Мибест,Medical center,"България, Добрич, 9300, ул. Даме Груев 6",,,,0,0,,,,https://www.credoweb.bg/page/19460/mts-mibest
ДКЦ 1,Hospital,"България, Добрич, 9300, ул. Димитър Петков 3",,,,0,0,,,,https://www.credoweb.bg/page/19461/dkts-1
ДКЦ - Каварна,Hospital,"България, Каварна, 9650, ул. Васил Левски 36",,,,0,0,,,,https://www.credoweb.bg/page/19464/dkts-kavarna
МЦ Георги Кондолов,Medical center,"България, Пловдив, 4000, ул. Георги Кондолов 43 а",,,,0,0,,,,https://www.credoweb.bg/page/19601/mts-georgi-kondolov
МЦ Вела,Medical center,"България, Пловдив, 4000, ул. Любен Каравелов 4",,,,0,0,,,д-р Мариана Костадинова,https://www.credoweb.bg/page/19607/mts-vela
ГППМП,Hospital,"България, Пловдив, 4000, ул. Стефан Стамболов",,,,0,0,,,,https://www.credoweb.bg/page/19615/gppmp
ДКЦ - Изток,Hospital,"България, Пловдив, 4000, ул. Храбрец 15",,,,0,0,,,,https://www.credoweb.bg/page/19619/dkts-iztok
МСЦ Капана,Hospital,"България, Пловдив, 4000, ул. Христо Дюкмеджиев 32",,,,0,0,,,,https://www.credoweb.bg/page/19620/msts-kapana
МЦ Ангел Войвода,Medical center,"България, Първомай (Първомай), 4270, ул. Ангел Войвода 2",,,,0,0,,,,https://www.credoweb.bg/page/19621/mts-angel-voyvoda
СБДПЛ- Стамболийски,Hospital,"България, Стамболийски (Стамболийски), 4210, ул. Дунав 34",,,,0,0,,,,https://www.credoweb.bg/page/19628/sbdpl-stamboliyski
ДКЦ,Hospital,"България, Исперих, 7400, ул. Ахинора 39",,,,0,0,,,д-р Вяра Георгиева | д-р Гергана Първанова | д-р Ферай Ахмедова,https://www.credoweb.bg/page/19631/dkts
МЦ,Medical center,"България, Кубрат, 7300, ул. Княз Борис II 22",,,,0,0,,,,https://www.credoweb.bg/page/19633/mts
ДКЦ,Hospital,"България, Разград, 7200, ул. Васил Левски 1",,,,0,0,,,,https://www.credoweb.bg/page/19634/dkts
МЦ Здраве,Medical center,"България, Разград, 7200, ул. Васил Левски 1",,,,0,0,,,,https://www.credoweb.bg/page/19635/mts-zdrave
МЦ Велкови,Medical center,"България, Разград, 7200, ул. Георги Сава Раковски 31 а",,,,0,0,,,,https://www.credoweb.bg/page/19636/mts-velkovi
МЦ 1,Medical center,"България, Бяла (Бяла), 7100, ул. Васил Левски 62",,,,0,0,,,д-р Павлинка Георгиева,https://www.credoweb.bg/page/19639/mts-1
ЛЦ,Hospital,"България, Ветово, 7080, ул. Трети Март 2",,,,0,0,,,,https://www.credoweb.bg/page/19640/lts
КВД,Hospital,"България, Русе, 7000, ул. Независимост 2",,,,0,0,,,,https://www.credoweb.bg/page/19647/kvd
Т ДКЦ,Hospital,"България, Русе, 7000, ул. Славянска 2 а",,,,0,0,,,,https://www.credoweb.bg/page/19652/t-dkts
МЦ Медика,Medical center,"България, Силистра, 7500, ул. Атанас Янков 51",,,,0,0,,,,https://www.credoweb.bg/page/19654/mts-medika
МЦ Дръстър,Medical center,"България, Силистра, 7500, ул. Петър Мутафчиев 51",,,,0,0,,,,https://www.credoweb.bg/page/19656/mts-drastar
МЦ,Medical center,"България, Нова Загора, 8900, ул. Д. Нойков 35",,,,0,0,,,,https://www.credoweb.bg/page/19660/mts
МЦ 1,Medical center,"България, Нова Загора, 8900, ул. Петър Бакалов 1",,,,0,0,,,,https://www.credoweb.bg/page/19662/mts-1
МБАЛ,Hospital,"България, Нова Загора, 8900, ул. Родопи 45",,,,0,0,,,,https://www.credoweb.bg/page/19663/mbal
МЦ Д-р Пенков,Medical center,"България, Сливен, 8800, бул. Хаджи Димитър 19",,,,0,0,,,,https://www.credoweb.bg/page/19664/mts-d-r-penkov
Център за кожно-венерически заболявания,Hospital,"България, Сливен, 8800, бул. Христо Ботев 1",,,,0,0,,,,https://www.credoweb.bg/page/19666/tsentar-za-kozhno-venericheski-zabolyavaniya
ДКЦ,Hospital,"България, Доспат, 4831, ул. Здравец 5",,,,0,0,,,,https://www.credoweb.bg/page/19676/dkts
ДКЦ - Златоград,Hospital,"България, Златоград, 4980, ул. Хан Аспарух 21",,,,0,0,,,,https://www.credoweb.bg/page/19677/dkts-zlatograd
МЦ ДЗИ,Medical center,"България, Смолян, 4700, бул. България 4",,,,0,0,,,,https://www.credoweb.bg/page/19684/mts-dzi
United Medical Center,Hospital,"България, София, 1000, Бизнес парк София",,,,0,0,,,Д-р Петя Иванова,https://www.credoweb.bg/page/19687/united-medical-center
МЦ Грийнберг,Medical center,"България, София, 1000, бул. Александър Малинов 80",,,,0,0,,,,https://www.credoweb.bg/page/19693/mts-griynberg
ДКЦ 21 - филиал,Hospital,"България, София, 1000, ул. Дамяница 2",,,,0,0,,,,https://www.credoweb.bg/page/19746/dkts-21-filial
ДКЦ 13,Hospital,"България, София, 1000, ул. Димитър Хаджикоцев 20",,,,0,0,,,,https://www.credoweb.bg/page/19749/dkts-13
СОД,Hospital,"България, София, 1000, ул. Андрей Сахаров 1",,,,0,0,,,,https://www.credoweb.bg/page/19731/sod
МЦ Превент,Medical center,"България, София, 1000, ул. Балканджи Йово 32",,,,0,0,,,,https://www.credoweb.bg/page/19735/mts-prevent
Медико-дентален център Медстом,Dental clinic,"България, София, 1000, бул. Княз Александър Дондуков 26 а",,,,0,0,,,,https://www.credoweb.bg/page/19706/mediko-dentalen-tsentar-medstom
МЦ Грийнберг - 2,Medical center,"България, София, 1000, бул. Копехнаген 23",,,,0,0,,,Д-р Милкана Щерева,https://www.credoweb.bg/page/19707/mts-griynberg-2
Ортомед,Hospital,"България, София, 1000, бул. Никола Петков 56",,,,0,0,,,,https://www.credoweb.bg/page/19711/ortomed
ДПФЗЗ - София област,Hospital,"България, София, 1000, бул. Сливница 309",,,,0,0,,,,https://www.credoweb.bg/page/19713/dpfzz-sofiya-oblast
МЦ София,Medical center,"България, София, 1000, бул. Цар Борис ІІІ 54",,,,0,0,,,,https://www.credoweb.bg/page/19718/mts-sofiya
МЦ Люлин,Medical center,"България, София, 1000, жк. Люлин - бл. 443",,,,0,0,,,,https://www.credoweb.bg/page/19720/mts-lyulin
СЗС,Hospital,"България, София, 1000, жк. Суходол, ул. Перла 34",,,,0,0,,,,https://www.credoweb.bg/page/19723/szs
Здравна Служба,Hospital,"България, София, 1000, ул. 28-ма 3",,,,0,0,,,,https://www.credoweb.bg/page/19726/zdravna-sluzhba
МЦ Панацея,Medical center,"България, София, 1000, ул. Константин Иречек 48",,,,0,0,,,,https://www.credoweb.bg/page/19766/mts-panatseya
МЦ Д р Божидар Славчев,Medical center,"България, София, 1000, ул. Костина 6",,,,0,0,,,,https://www.credoweb.bg/page/19770/mts-d-r-bozhidar-slavchev
МЦ Примамед,Medical center,"България, Казанлък, 6100, ул. Старозагорска 8",,,,0,0,,,,https://www.credoweb.bg/page/19837/mts-primamed
МЦ - Раднево,Medical center,"България, Раднево, 6260, ул. Г. Димитров 38",,,,0,0,,,,https://www.credoweb.bg/page/19839/mts-radnevo
ДКЦ 1,Hospital,"България, Раднево, 6260, ул. Георги Димитров 42",,,,0,0,,,,https://www.credoweb.bg/page/19840/dkts-1
МЦ Съединение,Medical center,"България, Раднево, 6260, ул. Съединение 26",,,,0,0,,,,https://www.credoweb.bg/page/19842/mts-saedinenie
АГ Болница,Hospital,"България, Стара Загора, 6000, бул. Руски 62",,,,0,0,,,,https://www.credoweb.bg/page/19849/ag-bolnitsa
МЦ - ул. Тодор Стоянов 11,Medical center,"България, София, 1000, ул. Тодор Стоянов 11",,,,0,0,,,,https://www.credoweb.bg/page/19795/mts-ul-todor-stoyanov-11
МЦ Здраве 2003,Medical center,"България, София, 1000, ул. Христо Батанджиев 62",,,,0,0,,,,https://www.credoweb.bg/page/19799/mts-zdrave-2003
МЦ Репродуктивно здраве,Medical center,"България, София, 1000, ул. Христо Благоев 25",,,,0,0,,,,https://www.credoweb.bg/page/19800/mts-reproduktivno-zdrave
ДКЦ 11,Hospital,"България, София, 1000, ул. Цар Симеон Велики 145",,,,0,0,,,,https://www.credoweb.bg/page/19802/dkts-11
Здравна Служба,Hospital,"България, София, 1000, ул. Подграмада 14",,,,0,0,,,,https://www.credoweb.bg/page/19786/zdravna-sluzhba
МЦ - ул. Алеко Константинов 10,Medical center,"България, Гълъбово, 6280, ул. Алеко Константинов 10",,,,0,0,,,,https://www.credoweb.bg/page/19828/mts-ul-aleko-konstantinov-10
МЦ - ул. Съединение бл. 34 б,Medical center,"България, Гълъбово, 6280, ул. Съединение бл. 34 б",,,,0,0,,,,https://www.credoweb.bg/page/19829/mts-ul-saedinenie-bl-34-b
МЦ Медконсулт,Medical center,"България, Казанлък, 6100, ул. 23-ти Пехотен Шипченски полк 11",,,,0,0,,,,https://www.credoweb.bg/page/19830/mts-medkonsult
МЦ Арсенал,Medical center,"България, Казанлък, 6100, ул. Розова долина 100",,,,0,0,,,,https://www.credoweb.bg/page/19834/mts-arsenal
НОЦ,Hospital,"България, София, 1000, ул. Пловдивско поле 6",,,,0,0,,,д-р Юрий Жечев,https://www.credoweb.bg/page/19784/nots
ДКЦ,Hospital,"България, Годеч, 2240, ул. Грамада 2",,,,0,0,,,,https://www.credoweb.bg/page/19808/dkts
Здравна служба,Hospital,"България, Долна баня, 2040, ул. Св.Св. Кирил и Методий 14",,,,0,0,,,,https://www.credoweb.bg/page/19809/zdravna-sluzhba
ДКЦ,Hospital,"България, Елин Пелин, 2100, ул. Здравец 15",,,,0,0,,,,https://www.credoweb.bg/page/19811/dkts
МЦ,Medical center,"България, Ихтиман, 2050, ул. Шипка 30",,,,0,0,,,,https://www.credoweb.bg/page/19816/mts
ДКЦ,Hospital,"България, Самоков, 2000, ул. Македония 49",,,,0,0,,,,https://www.credoweb.bg/page/19820/dkts
ДКЦ,Hospital,"България, Своге, 2260, ул. Староселска 4",,,,0,0,,,,https://www.credoweb.bg/page/19823/dkts
ГППМП,Hospital,"България, Гурково (Гурково), 6199, ул. 6-ти Септември 1",,,,0,0,,,,https://www.credoweb.bg/page/19826/gppmp
ДКЦ Пловдив,Hospital,"България, Пловдив, 4000, бул. България 234",,,,0,0,,,,https://www.credoweb.bg/page/20020/dkts-plovdiv
МЦ Д-р Ния Кирчева,Medical center,"България, Стара Загора, 6000, ул. Хаджи Димитър Асенов N87",,,,0,0,,,,https://www.credoweb.bg/page/20025/mts-d-r-niya-kircheva
СМДЛ диагностик експерт,Laboratory,"България, Бургас, 8000, бул. Стефан Стамболов 73",,,,0,0,,,д-р Васил Съботинов,https://www.credoweb.bg/page/20031/smdl-diagnostik-ekspert
Очна клиника Вижън,Hospital,"България, София, 1000, ул. Виктор Григорович 8",,,,0,0,,,д-р Здравко Цонев | д-р Светослав Дойчинов,https://www.credoweb.bg/page/20033/ochna-klinika-vizhan
ЛИТОС ООД,Hospital,"България, Бургас, 8000, бул. Стефан Стамболов 73",,,,0,0,,,,https://www.credoweb.bg/page/20037/litos-ood
Център за кожно-венерически заболявания,Hospital,"България, София, 1000, ул. Георги Измирлиев 8",,,,0,0,,,,https://www.credoweb.bg/page/20018/tsentar-za-kozhno-venericheski-zabolyavaniya
МЦ ЕС ЕНД ДЖИ,Medical center,"България, София, 1000, ул. Казбек №30, бл.2, ет.1, ап.48",,,,0,0,,,,https://www.credoweb.bg/page/19965/mts-es-end-dzhi
МЦ Евита,Medical center,"България, Перник, 2300, ул. Юрий Гагарин №1",,,,0,0,,,д-р Ахинора Галева | д-р Таня Костадинова,https://www.credoweb.bg/page/19967/mts-evita
ЗОФ Медико-21,Hospital,"България, София, 1000, ул. Мария Луиза 92",,,,0,0,,,,https://www.credoweb.bg/page/19977/zof-mediko-21
МЦ София-2000,Medical center,"България, София, 1000, ул. Мария Луиза 92",,,,0,0,,,,https://www.credoweb.bg/page/19978/mts-sofiya-2000
МЦ Медика,Medical center,"България, Перник, 2300, кв. Христо Смирненски бл. 20 ет.2",,,,0,0,,,,https://www.credoweb.bg/page/19984/mts-medika
МЦ Симп - по детски болести,Medical center,"България, София, 1000, ул. Найден Геров № 2",,,,0,0,,,,https://www.credoweb.bg/page/19986/mts-simp-po-detski-bolesti
МЦ Св. Николай Чудотворец,Medical center,"България, Варна, 9000, ул. Никулицел №12",,,,0,0,,,,https://www.credoweb.bg/page/19987/mts-sv-nikolay-chudotvorets
МЦ Здраве,Medical center,"България, Кърджали, 6600, Район ЖП гара",,,,0,0,,,,https://www.credoweb.bg/page/20054/mts-zdrave
ГПИСМП ДМГ ООД,Hospital,"България, Бургас, 8000, ул. Цар Симеон I, №82",,,,0,0,,,,https://www.credoweb.bg/page/20056/gpismp-dmg-ood
МЦ Статус 2,Medical center,"България, Стара Загора, 6000, ул. Гео Милев 54",,,,0,0,,,,https://www.credoweb.bg/page/19858/mts-status-2
СНБАЛ Ив.Рилски,Hospital,"България, Стара Загора, 6000, ул. Кенали 4",,,,0,0,,,,https://www.credoweb.bg/page/19865/snbal-ivrilski
МЦ Леге Артис,Medical center,"България, Стара Загора, 6000, ул. Цар Калоян 18",http://www.legeartisbg.com/,,,0,0,,Дерматология,Д-р Галина Ленкова | д-р Снежана Георгиева,https://www.credoweb.bg/page/19877/mts-lege-artis
МЦ Чирпан,Medical center,"България, Чирпан, 6200, ул. Георги Димитров 32",,,,0,0,,,д-р Кънчо Монев | д-р Мария Бойчева | д-р Мария Радкова Ангелова | д-р Росен Рашков,https://www.credoweb.bg/page/19879/mts-chirpan
ДКЦ - Омуртаг,Hospital,"България, Омуртаг, 7900, ул. Търновска 51",,,,0,0,,,,https://www.credoweb.bg/page/19882/dkts-omurtag
МБАЛ - Омуртаг,Hospital,"България, Омуртаг, 7900, ул. Търновска 51",,,,0,0,,,,https://www.credoweb.bg/page/19883/mbal-omurtag
ДКЦ - Попово,Hospital,"България, Попово (Попово), 7800, ул. Арсеналска",,,,0,0,,,,https://www.credoweb.bg/page/19884/dkts-popovo
ЦСМП - Варна,Hospital,"България, Варна, 9000, ул. Брегалница №3",,,,0,0,,,,https://www.credoweb.bg/page/19952/tssmp-varna
ЦСМП - Пловдив,Hospital,"България, Пловдив, 4000, ул. Любен Каравелов №26",,,,0,0,,,,https://www.credoweb.bg/page/19953/tssmp-plovdiv
ЦСМП - В. Търново,Hospital,"България, Велико Търново, 5000, ул. Ниш №1",,,,0,0,,,,https://www.credoweb.bg/page/19954/tssmp-v-tarnovo
МБАЛ Девин,Hospital,"България, Девин, 4800, ул. Явор № 3",,,,0,0,,,,https://www.credoweb.bg/page/19955/mbal-devin
МЦ Нефертити,Medical center,"България, София, 1000, жк.Белите брези, ул. Нишава бл. 11",,,,0,0,,,,https://www.credoweb.bg/page/19956/mts-nefertiti
ДКЦ Дружба,Hospital,"България, Плевен, 5800, Дружба, бл. 112",,,,0,0,,,,https://www.credoweb.bg/page/19959/dkts-druzhba
МЦ Spectro Aesthetics,Medical center,"България, София, 1000, кв. Витоша, ул. Асен Разцветников №6",,,,0,0,,,,https://www.credoweb.bg/page/19960/mts-spectro-aesthetics
МЦ Надежда,Medical center,"България, Варна, 9000, ул. Генерал Колев №66",,,,0,0,,,д-р Гергана Тошева | д-р Ирина Максимова,https://www.credoweb.bg/page/19963/mts-nadezhda
ДББ,Hospital,"България, Хасково, 6300, бул. Съединение 49",,,,0,0,,,,https://www.credoweb.bg/page/19904/dbb
Санус педиатрик,Hospital,"България, Хасково, 6300, пл. Градска болница 2",,,,0,0,,,,https://www.credoweb.bg/page/19908/sanus-pediatrik
МЦ Св. Георги,Medical center,"България, Хасково, 6300, ул. България 39-41",,,,0,0,,,,https://www.credoweb.bg/page/19909/mts-sv-georgi
МЦ 2,Medical center,"България, Хасково, 6300, ул. Георги Кирков 24",,,,0,0,,,,https://www.credoweb.bg/page/19910/mts-2
МЦ Авицена,Medical center,"България, Хасково, 6300, ул. Иван Вазов 2",,,,0,0,,,,https://www.credoweb.bg/page/19911/mts-avitsena
МЦ 3,Medical center,"България, Хасково, 6300, ул. Рила 9",,,,0,0,,,,https://www.credoweb.bg/page/19912/mts-3
ДОЗ,Hospital,"България, Хасково, 6300, ул. Стефан Караджа 12",,,,0,0,,,,https://www.credoweb.bg/page/19913/doz
МЦ - Велики Преслав,Medical center,"България, Велики Преслав, 9850, ул. Любен Каравелов 51",,,,0,0,,,д-р Евгения Нешева,https://www.credoweb.bg/page/19916/mts-veliki-preslav
Здравна Служба,Hospital,"България, Върбица (Върбица), 9870, ул. Н. Илиев 12",,,,0,0,,,,https://www.credoweb.bg/page/19918/zdravna-sluzhba
ДКЦ - Нови пазар,Hospital,"България, Нови пазар (Нови пазар), 9900, ул. Христо Ботев 22",,,,0,0,,,,https://www.credoweb.bg/page/19919/dkts-novi-pazar
МЦ - Смядово,Medical center,"България, Смядово, 9820, ул. Баба Донка 6",,,,0,0,,,,https://www.credoweb.bg/page/19921/mts-smyadovo
МЦ Вита Ирис,Medical center,"България, Търговище, 7700, ул. Братя Миладинови 31",,,,0,0,,,д-р Иво илиев Иванов,https://www.credoweb.bg/page/19888/mts-vita-iris
МЦ Димитровград,Medical center,"България, Димитровград, 6400, бул. Христо Ботев 29",,,,0,0,,,,https://www.credoweb.bg/page/19891/mts-dimitrovgrad
МЦ 1,Medical center,"България, Димитровград, 6400, бул. Христо Ботев 30",,,,0,0,,,д-р Милена Крушарска,https://www.credoweb.bg/page/19892/mts-1
МЦ Първи Май,Medical center,"България, Димитровград, 6400, ул. Първи Май 28",,,,0,0,,,д-р Георги Иванов Димитров,https://www.credoweb.bg/page/19893/mts-parvi-may
МЦ 1,Medical center,"България, Свиленград, 6500, ул. Родина 3",,,,0,0,,,Д-р Гергана Христова Георгиева,https://www.credoweb.bg/page/19896/mts-1
МЦ Ескулап,Medical center,"България, Хасково, 6300, бул. България",,,,0,0,,,,https://www.credoweb.bg/page/19902/mts-eskulap
МЦ 1,Medical center,"България, Шумен, 9700, бул. Мадара 3",,,,0,0,,,,https://www.credoweb.bg/page/19922/mts-1
МЦ Сана ММ,Medical center,"България, Шумен, 9700, бул. Симеон Велики 59",,,,0,0,,,,https://www.credoweb.bg/page/19924/mts-sana-mm
ГПСМП - Шумен,Hospital,"България, Шумен, 9700, пл. Възраждане 1",,,,0,0,,,,https://www.credoweb.bg/page/19925/gpsmp-shumen
МДОЗС,Hospital,"България, Шумен, 9700, ул. Васил Априлов 63",,,,0,0,,,,https://www.credoweb.bg/page/19927/mdozs
КВД,Hospital,"България, Шумен, 9700, ул. Велики Преслав 13",,,,0,0,,,,https://www.credoweb.bg/page/19930/kvd
МЦ Клиника Виктория,Medical center,"България, Шумен, 9700, ул. Любен Каравелов 44",,,,0,0,,,,https://www.credoweb.bg/page/19931/mts-klinika-viktoriya
ДКЦ 1,Hospital,"България, Елхово (Елхово), 8700, ул. Чаталджа 3",,,,0,0,,,,https://www.credoweb.bg/page/19933/dkts-1
Кардиологичен център,Hospital,"България, Ямбол, 8600, ул. Георги С. Раковски 21",,,,0,0,,,,https://www.credoweb.bg/page/19936/kardiologichen-tsentar
МБАЛ Свети Пантелеймон,Hospital,"България, Ямбол, 8600, ул. Панайот Хитов 30",,,,0,0,,,,https://www.credoweb.bg/page/19938/mbal-sveti-panteleymon
МЦ Дианамед 2001,Medical center,"България, Ямбол, 8600, ул. Панайот Хитов 30",,,,0,0,,,Д-р Ангелина Димитрова | д-р Емил господинов Милков | д-р Йорданка Димитрова | д-р Кети Паскалева,https://www.credoweb.bg/page/19939/mts-dianamed-2001
МЦ 1 Каварна ЕООД,Medical center,"България, Каварна, 9650, ул. Васил Левски 36",,,,0,0,,,,https://www.credoweb.bg/page/20163/mts-1-kavarna-eood
МЦ Вели Медикус ЕООД,Medical center,"България, Велинград, 4600, бул. Съединение 125",,,,0,0,,,,https://www.credoweb.bg/page/20165/mts-veli-medikus-eood
Медико-диагностична лаборатория Д-р М.Найденова,Hospital,"България, Стара Загора, 6000, ул. Хаджи Д. Асенов 145",,,,0,0,,,,https://www.credoweb.bg/page/20169/mediko-diagnostichna-laboratoriya-d-r-mnaydenova
АГПСМПОТ Асклепий Монтана,Hospital,"България, Монтана, 3400, ул. Неофит Бозвели 65",,,,0,0,,,,https://www.credoweb.bg/page/20173/agpsmpot-asklepiy-montana
"УМБАЛ ""Д-р Георги Странски""",,"Pleven, 
ул. Георги Кочев 8 а",http://www.umbalpleven.com,,,0,0,,,,https://www.credoweb.bg/page/19555/umbal-d-r-g-stranski/structures/20176/klinika-po-onkologichna-hirurgiya
СБАЛ по пневмо-фтизиатрични заболявания Д. Кудоглу,Hospital,"България, Пловдив, 4000, бул. Цариградско шосе, 108",,,,0,0,,,д-р Веселин Давчев,https://www.credoweb.bg/page/20177/sbal-po-pnevmo-ftiziatrichni-zabolyavaniya-d-kudoglu
УМБАЛ Проф. д-р Стоян Киркович,,"Stara Zagora, 
ул. Ген. Столетов 2",http://www.mbal-kirkovich.org/,,,0,0,,,,https://www.credoweb.bg/page/19856/umbal-prof-d-r-stoyan-kirkovich/structures/20178/klinika-po-gradna-hirurgiya
Медикус Алфа,Hospital,"България, Пловдив, 4000, ул. Велико Търново 21",,,,0,0,,,,https://www.credoweb.bg/page/20185/medikus-alfa
МЦ Св. Козма и Дамян,Medical center,"България, Сандански, 2800, ул. Мелник 9",,,,0,0,,,д-р Йоан Ников,https://www.credoweb.bg/page/20188/mts-sv-kozma-i-damyan
МЦ Дивна,Medical center,"България, Варна, 9000, ул. Цар Освободител 35",,,,0,0,,,,https://www.credoweb.bg/page/20114/mts-divna
"Дерматологична клиника ""Онкодерма""",Hospital,"България, София, 1000, ул. Генерал Скобелев 26",,,,0,0,,,,https://www.credoweb.bg/page/20132/dermatologichna-klinika-onkoderma
СБАЛАГ Торакс,Hospital,"България, Пловдив, 4000, ул. Димитър Цончев № 5, (Четвъртък пазар)",,,,0,0,,,,https://www.credoweb.bg/page/20135/sbalag-toraks
Леграно - Център за красота,Hospital,"България, София, 1000, бул. Черни връх 99",,,,0,0,,,,https://www.credoweb.bg/page/20070/legrano-tsentar-za-krasota
МБАЛ Ескулап,Hospital,"България, Пазарджик, 4400, ул. Св. Арахангел 19А",,,,0,0,,,,https://www.credoweb.bg/page/20081/mbal-eskulap
Дерматологична клиника Mediderma,Hospital,"България, Пловдив, 4000, ул. Янко Сакъзов 32",,,,0,0,,,"Доц. Румяна Калоферова Янкова, дм",https://www.credoweb.bg/page/20083/dermatologichna-klinika-mediderma
Център по естетична медицина „Енигма”,Hospital,"България, Пловдив, 4000, ул. Сливница 8",,,,0,0,,,,https://www.credoweb.bg/page/20086/tsentar-po-estetichna-meditsina-enigma
МЦ Дермавижън,Medical center,"България, Пловдив, 4000, бул. Шести септември 54",,,,0,0,,,,https://www.credoweb.bg/page/20087/mts-dermavizhan
УМБАЛ Бургас АД,,"Burgas, 
бул. Стефан Стамболов 73",http://www.mbalburgas.com/bg,,,0,0,,,,https://www.credoweb.bg/page/19314/umbal-burgas-ad/structures/20094/mbal-burgas-neonatologichno-otdelenie
Стоматологичен МЦ,Medical center,"България, Русе, 7000, ул. Николаевска 66",,,,0,0,,,д-р Огнян Лечев | д-р Светла Христова,https://www.credoweb.bg/page/20097/stomatologichen-mts
МЦ по репродуктивна медицина - Д-р Щерев,Medical center,"България, Русе, 7000, ул. Видин №21",,,,0,0,,,,https://www.credoweb.bg/page/20098/mts-po-reproduktivna-meditsina-d-r-shterev
МБАЛ Медика Русе,Hospital,"България, Русе, 7000, ул. Рига № 35",http://www.medicabg.com/,,,0,0,,,,https://www.credoweb.bg/page/20099/mbal-medika-ruse
МЦ Асклепий,Medical center,"България, София, 1000, Ами Буйе № 54",,,,0,0,,,,https://www.credoweb.bg/page/20101/mts-asklepiy
Очна клиника Ресбиомед,Hospital,"България, София, 1000, ул. Алдомировска 144",,,,0,0,,,,https://www.credoweb.bg/page/20151/ochna-klinika-resbiomed
Амбулатория за специализирана мед. помощ Д-р Гаврилов Онкоконсулт,Hospital,"България, София, 1000, ул. Преславска планина 2",,,,0,0,,,,https://www.credoweb.bg/page/20154/ambulatoriya-za-spetsializirana-med-pomosht-d-r-gavrilov-onkokonsult
Стоматологичен център Дента Мед,Hospital,"България, Пловдив, 4000, ул.Мортагон 5",,,,0,0,,,,https://www.credoweb.bg/page/20157/stomatologichen-tsentar-denta-med
МЦ Хипократ 2,Medical center,"България, Пловдив, 4000, ул. Пантелей Генов 1",,,,0,0,,,,https://www.credoweb.bg/page/20158/mts-hipokrat-2
МЦ Медик 2005 ЕООД,Medical center,"България, Враца, 3000, ул. Братя Миладинови 1А",,,,0,0,,,,https://www.credoweb.bg/page/20160/mts-medik-2005-eood
МЦ ІІІ - Бургас,,"Burgas, 
жк. Меден Рудник, зона А, УП - 1, кв. 11",http://hospital-medicalcenter3bs.com/contact.php,,,0,0,,,,https://www.credoweb.bg/page/19317/mts-burgas/structures/20430/ung
Урология,Hospital,България,,,,0,0,,,,https://www.credoweb.bg/page/20354/urologiya
Гастроентерология,Hospital,България,,,,0,0,,,,https://www.credoweb.bg/page/20355/gastroenterologiya
Отделение по Кардиология,Hospital,България,,,,0,0,,,,https://www.credoweb.bg/page/20345/otdelenie-po-kardiologiya
МЦ ІІІ - Бургас,,"Burgas, 
жк. Меден Рудник, зона А, УП - 1, кв. 11",http://hospital-medicalcenter3bs.com/contact.php,,,0,0,,,,https://www.credoweb.bg/page/19317/mts-burgas/structures/20432/nevrologichen-kabinet
"СБАЛОЗ ""Д-р Марко Антонов Марков"" - Варна",,"Varna, 
бул. Цар Освободител 100",http://varnaoncology.org,,,0,0,,,,https://www.credoweb.bg/page/19354/sbaloz-d-r-marko-antonov-markov-varna/structures/20438/apteka
МБАЛ Лайф Хоспитал,,"Burgas, 
ж.к. Изгрев, бул. Димитър Димов",http://www.lifehospitalbg.com,,,0,0,,,,https://www.credoweb.bg/page/19323/mbal-layf-hospital/structures/20458/hirurgiya
МБАЛ Лайф Хоспитал,,"Burgas, 
ж.к. Изгрев, бул. Димитър Димов",http://www.lifehospitalbg.com,,,0,0,,,,https://www.credoweb.bg/page/19323/mbal-layf-hospital/structures/20459/ortopediya-i-travmatologiya
МБАЛ Лайф Хоспитал,,"Burgas, 
ж.к. Изгрев, бул. Димитър Димов",http://www.lifehospitalbg.com,,,0,0,,,,https://www.credoweb.bg/page/19323/mbal-layf-hospital/structures/20460/urologiya
МБАЛ Лайф Хоспитал,,"Burgas, 
ж.к. Изгрев, бул. Димитър Димов",http://www.lifehospitalbg.com,,,0,0,,,,https://www.credoweb.bg/page/19323/mbal-layf-hospital/structures/20461/gastroenterolgiya
МБАЛ Лайф Хоспитал,,"Burgas, 
ж.к. Изгрев, бул. Димитър Димов",http://www.lifehospitalbg.com,,,0,0,,,,https://www.credoweb.bg/page/19323/mbal-layf-hospital/structures/20462/anesteziologiya-i-intenzivno-lechenie
МБАЛ Лайф Хоспитал,,"Burgas, 
ж.к. Изгрев, бул. Димитър Димов",http://www.lifehospitalbg.com,,,0,0,,,,https://www.credoweb.bg/page/19323/mbal-layf-hospital/structures/20463/rehabilitatsiya-i-fizioterapiya
МБАЛ Лайф Хоспитал,,"Burgas, 
ж.к. Изгрев, бул. Димитър Димов",http://www.lifehospitalbg.com,,,0,0,,,,https://www.credoweb.bg/page/19323/mbal-layf-hospital/structures/20464/pediatriya
МБАЛ Бургасмед,,"Burgas, 
кв. Меден Рудник, зона А, кв. 11",,,,0,0,,,,https://www.credoweb.bg/page/20048/mbal-burgasmed/structures/20467/otdelenie-anesteziologiya-i-intenzivno-lechenie
МБАЛ Лайф Хоспитал,,"Burgas, 
ж.к. Изгрев, бул. Димитър Димов",http://www.lifehospitalbg.com,,,0,0,,,,https://www.credoweb.bg/page/19323/mbal-layf-hospital/structures/20477/nevrologiya
ДКЦ ІІ Бургас,,"Burgas, 
бул. Демокрация 94",http://dkc2burgas.com,,,0,0,,,,https://www.credoweb.bg/page/19311/dkts-burgas/structures/20524/kardiologichen-kabinet
ДКЦ ІІ Бургас,,"Burgas, 
бул. Демокрация 94",http://dkc2burgas.com,,,0,0,,,,https://www.credoweb.bg/page/19311/dkts-burgas/structures/20525/endokrinologichen-kabinet
ДКЦ ІІ Бургас,,"Burgas, 
бул. Демокрация 94",http://dkc2burgas.com,,,0,0,,,,https://www.credoweb.bg/page/19311/dkts-burgas/structures/20526/hirurgichen-kabinet
ДКЦ ІІ Бургас,,"Burgas, 
бул. Демокрация 94",http://dkc2burgas.com,,,0,0,,,,https://www.credoweb.bg/page/19311/dkts-burgas/structures/20527/ortopedichen-kabinet
ДКЦ ІІ Бургас,,"Burgas, 
бул. Демокрация 94",http://dkc2burgas.com,,,0,0,,,,https://www.credoweb.bg/page/19311/dkts-burgas/structures/20528/urologichen-kabinet
ДКЦ ІІ Бургас,,"Burgas, 
бул. Демокрация 94",http://dkc2burgas.com,,,0,0,,,,https://www.credoweb.bg/page/19311/dkts-burgas/structures/20529/akushero-ginekologichen-kabinet
ДКЦ ІІ Бургас,,"Burgas, 
бул. Демокрация 94",http://dkc2burgas.com,,,0,0,,,,https://www.credoweb.bg/page/19311/dkts-burgas/structures/20530/oto-rino-laringologichen-kabinet
ДКЦ ІІ Бургас,,"Burgas, 
бул. Демокрация 94",http://dkc2burgas.com,,,0,0,,,,https://www.credoweb.bg/page/19311/dkts-burgas/structures/20531/oftalmologichen-kabinet
ДКЦ ІІ Бургас,,"Burgas, 
бул. Демокрация 94",http://dkc2burgas.com,,,0,0,,,,https://www.credoweb.bg/page/19311/dkts-burgas/structures/20532/pediatrichen-kabinet
ДКЦ ІІ Бургас,,"Burgas, 
бул. Демокрация 94",http://dkc2burgas.com,,,0,0,,,,https://www.credoweb.bg/page/19311/dkts-burgas/structures/20533/nevrologichni-kabineti
ДКЦ ІІ Бургас,,"Burgas, 
бул. Демокрация 94",http://dkc2burgas.com,,,0,0,,,,https://www.credoweb.bg/page/19311/dkts-burgas/structures/20534/terapevtichen-kabinet
МЦ 16,Medical center,"България, София, 1000, ул. Дамян Груев 8 А",,,,0,0,,,,https://www.credoweb.bg/page/20614/mts-16
МЦ Кючук Париж,Medical center,"България, Пловдив, 4000, ул. Георги Кондолов №43а",,,,0,0,,,,https://www.credoweb.bg/page/20616/mts-kyuchuk-parizh
УМБАЛ Александровска,,"Sofia, 
ул. Св. Георги Софийски 1",http://alexandrovska.com/display.php?bg,,,0,0,,,,https://www.credoweb.bg/page/19790/umbal-aleksandrovska/structures/20635/klinika-po-gastroenterologiya
МЦ 1 Нови Пазар,Medical center,"България, Нови пазар (Нови пазар), 9900, ул. Христо Ботев 22",,,,0,0,,,,https://www.credoweb.bg/page/20637/mts-1-novi-pazar
МЦ Златен рог,Medical center,"България, Ямбол, 8600, ул. Българка 2",,,,0,0,,,,https://www.credoweb.bg/page/20638/mts-zlaten-rog
ДКЦ 1 Видин,Hospital,"България, Видин, 3700, ул. Хан Аспарух 29",,,,0,0,,,,https://www.credoweb.bg/page/20639/dkts-1-vidin
УМБАЛ Св. Анна,,"Sofia, 
ул. Димитър Моллов 1",,,,0,0,,,,https://www.credoweb.bg/page/19748/umbal-sv-anna/structures/20641/klinika-po-vatreshni-bolesti
МЦ Руен,Medical center,"България, Айтос, 8500, с. Руен, ул. Изгрев 18",,,,0,0,,,,https://www.credoweb.bg/page/20642/mts-ruen
МЦ Норма,Medical center,"България, Свищов, 5250, ул. Петър Ангелов 32",,,,0,0,,,,https://www.credoweb.bg/page/20644/mts-norma
Max Dent,Medical center,"България, Пловдив, 4000, ул. Пере Тошев 11",,,,0,0,,,,https://www.credoweb.bg/page/20656/max-dent
МЦ Света София,,"Burgas, 
ул. Възраждане 13",http://www.saintsofia.com,,,0,0,,,,https://www.credoweb.bg/page/19321/mts-sveta-sofiya/structures/20482/kabinet-detska-endokrinologiya
МЦ Света София,,"Burgas, 
ул. Възраждане 13",http://www.saintsofia.com,,,0,0,,,,https://www.credoweb.bg/page/19321/mts-sveta-sofiya/structures/20485/kabinet-ushi-nos-garlo
МЦ Света София,,"Burgas, 
ул. Възраждане 13",http://www.saintsofia.com,,,0,0,,,,https://www.credoweb.bg/page/19321/mts-sveta-sofiya/structures/20493/kabinet-stomatologiya
МЦ Света София,,"Burgas, 
ул. Възраждане 13",http://www.saintsofia.com,,,0,0,,,,https://www.credoweb.bg/page/19321/mts-sveta-sofiya/structures/20494/kabinet-manipulatsionna
МЦ Света София,,"Burgas, 
ул. Възраждане 13",http://www.saintsofia.com,,,0,0,,,,https://www.credoweb.bg/page/19321/mts-sveta-sofiya/structures/20495/kabinet-laboratoriya
МЦ Света София,,"Burgas, 
ул. Възраждане 13",http://www.saintsofia.com,,,0,0,,,,https://www.credoweb.bg/page/19321/mts-sveta-sofiya/structures/20496/kabinet-anesteziologiya
ДКЦ ІІ Бургас,,"Burgas, 
бул. Демокрация 94",http://dkc2burgas.com,,,0,0,,,,https://www.credoweb.bg/page/19311/dkts-burgas/structures/20535/revmatologichen-kabinet
ДКЦ ІІ Бургас,,"Burgas, 
бул. Демокрация 94",http://dkc2burgas.com,,,0,0,,,,https://www.credoweb.bg/page/19311/dkts-burgas/structures/20536/zveno-za-obrazna-diagnostika
ДКЦ ІІ Бургас,,"Burgas, 
бул. Демокрация 94",http://dkc2burgas.com,,,0,0,,,,https://www.credoweb.bg/page/19311/dkts-burgas/structures/20537/zveno-za-kliniko-laboratorni-izsledvaniya
ДКЦ ІІ Бургас,,"Burgas, 
бул. Демокрация 94",http://dkc2burgas.com,,,0,0,,,,https://www.credoweb.bg/page/19311/dkts-burgas/structures/20538/fizioterapevtichno-zveno
МЦ Медика експерт,Medical center,"България, Русе, 7000, ул. Рига 35",,,,0,0,,,,https://www.credoweb.bg/page/20690/mts-medika-ekspert
ГПСМП Неврон 2002,Medical center,"България, Шумен, 9700, бул. Симеон Велики 59",,,,0,0,,,,https://www.credoweb.bg/page/20805/gpsmp-nevron-2002
УМБАЛ Проф. д-р Стоян Киркович,,"Stara Zagora, 
ул. Ген. Столетов 2",http://www.mbal-kirkovich.org/,,,0,0,,,,https://www.credoweb.bg/page/19856/umbal-prof-d-r-stoyan-kirkovich/structures/20849/klinika-po-kozhni-i-venericheski-bolesti
Аджибадем Сити Клиник Бургас,,"Burgas, 
ул. Ст. Стамболов № 73",burgas@acibademcityclinic.bg,,,0,0,,,,https://www.credoweb.bg/page/20705/siti-klinik-burgas/structures/20714/otdelenie-po-kardiologiya
"УМБАЛ ""Д-р Георги Странски""",,"Pleven, 
ул. Георги Кочев 8 а",http://www.umbalpleven.com,,,0,0,,,,https://www.credoweb.bg/page/19555/umbal-d-r-g-stranski/structures/20790/klinika-po-nevrologiya
МЦ Интермед Прима,Medical center,"България, Пловдив, 4000, бул. Александър Стамболийски № 105",http://www.intermed-prima.com,,,0,0,,,,https://www.credoweb.bg/page/20804/mts-intermed-prima
УМБАЛ Александровска,,"Sofia, 
ул. Св. Георги Софийски 1",http://alexandrovska.com/display.php?bg,,,0,0,,,,https://www.credoweb.bg/page/19790/umbal-aleksandrovska/structures/20882/klinika-po-klinichna-alergologiya
Здраве 14 - групова практика,Medical center,"България, София, 1000, ул. д-р Стефан Сарафов 7",,,,0,0,,,,https://www.credoweb.bg/page/20899/zdrave-14-grupova-praktika
УМБАЛ Софиямед,,"Sofia, 
бул. Г. М. Димитров 16",http://hospitalsofiamed.bg/,,,0,0,,,,https://www.credoweb.bg/page/19697/umbal-sofiyamed/structures/21011/otdelenie-po-ortopediya-i-travmatologiya
Транспортен медицински център,Medical center,"България, Варна, 9000, пл. Славейков 1",,,,0,0,,,,https://www.credoweb.bg/page/21118/transporten-meditsinski-tsentar
МДЛ Писанец,Laboratory,"България, Пловдив, 4000, ул. Петко Д. Петков 23, ет.3",,,,0,0,,,,https://www.credoweb.bg/page/21254/mdl-pisanets
МЦ Д-р А. Тонев,Medical center,"България, София, 1000, ул. Феликс Каниц 20",,,,0,0,,,,https://www.credoweb.bg/page/21410/mts-d-r-a-tonev
УМБАЛ Каспела,,"Plovdiv, 
ул. София 64",,,,0,0,,,,https://www.credoweb.bg/page/19613/umbal-kaspela/structures/21388/klinika-po-revmatologiya
МЦ Камий,Medical center,"България, Варна, 9000, Местност ""Св. Никола"" 21-90 (срещу Пикадили парк)",http://kameeplastic.com,,,0,0,,,,https://www.credoweb.bg/page/21532/mts-kamiy
УМБАЛ Св. Георги - База 2,,"Plovdiv, 
бул. Пещерско шосе 66",,,,0,0,,,,https://www.credoweb.bg/page/19589/umbal-sv-georgi-baza-2/structures/21336/klinika-po-spetsialna-hirurgiya
МБАЛ Св. Мина,,"Plovdiv, 
ул. Иван Вазов 59",http://www.mbal1.eu/,,,0,0,,,,https://www.credoweb.bg/page/19599/mbal-sv-mina/structures/21457/hirurgichno-otdelenie
УМБАЛ Софиямед,,"Sofia, 
бул. Г. М. Димитров 16",http://hospitalsofiamed.bg/,,,0,0,,,,https://www.credoweb.bg/page/19697/umbal-sofiyamed/structures/21279/otdelenie-po-sadova-hirurgiya
УМБАЛ Софиямед,,"Sofia, 
бул. Г. М. Димитров 16",http://hospitalsofiamed.bg/,,,0,0,,,,https://www.credoweb.bg/page/19697/umbal-sofiyamed/structures/21280/otdelenie-po-gastroenterologiya
УМБАЛ Софиямед,,"Sofia, 
бул. Г. М. Димитров 16",http://hospitalsofiamed.bg/,,,0,0,,,,https://www.credoweb.bg/page/19697/umbal-sofiyamed/structures/21282/otdelenie-po-hirurgiya
УМБАЛ Софиямед,,"Sofia, 
бул. Г. М. Димитров 16",http://hospitalsofiamed.bg/,,,0,0,,,,https://www.credoweb.bg/page/19697/umbal-sofiyamed/structures/21283/otdelenie-po-anesteziologiya-i-intenzivno-lechenie
УМБАЛ Софиямед,,"Sofia, 
бул. Г. М. Димитров 16",http://hospitalsofiamed.bg/,,,0,0,,,,https://www.credoweb.bg/page/19697/umbal-sofiyamed/structures/21284/otdelenie-po-nevrologiya
УМБАЛ Софиямед,,"Sofia, 
бул. Г. М. Димитров 16",http://hospitalsofiamed.bg/,,,0,0,,,,https://www.credoweb.bg/page/19697/umbal-sofiyamed/structures/21285/otdelenie-po-urologiya
"УМБАЛ ""Д-р Георги Странски""",,"Pleven, 
ул. Георги Кочев 8 а",http://www.umbalpleven.com,,,0,0,,,,https://www.credoweb.bg/page/19555/umbal-d-r-g-stranski/structures/21585/klinika-po-pnevmologiya-i-ftiziatriya
МЦ - 1 Хисар,Medical center,"България, Хисаря, 4180, ул. Гладстон 12",,,,0,0,,,д-р Мария Желязкова-Матева | д-р Мирослав Павлов,https://www.credoweb.bg/page/21746/mts-1-hisar
МБАЛ Св. Пантелеймон,,"Plovdiv, 
бул. Никола Вапцаров 9",,,,0,0,,,,https://www.credoweb.bg/page/19587/mbal-sv-panteleymon/structures/21701/vtoro-vatreshno-otdelenie
МБАЛ Св. Пантелеймон,,"Plovdiv, 
бул. Никола Вапцаров 9",,,,0,0,,,,https://www.credoweb.bg/page/19587/mbal-sv-panteleymon/structures/21702/nevrologichno-otdelenie
МБАЛ Св. Пантелеймон,,"Plovdiv, 
бул. Никола Вапцаров 9",,,,0,0,,,,https://www.credoweb.bg/page/19587/mbal-sv-panteleymon/structures/21704/oaril
МБАЛ Св. Пантелеймон,,"Plovdiv, 
бул. Никола Вапцаров 9",,,,0,0,,,,https://www.credoweb.bg/page/19587/mbal-sv-panteleymon/structures/21706/obshta-i-klinichna-patologiya
МБАЛ Св. Пантелеймон,,"Plovdiv, 
бул. Никола Вапцаров 9",,,,0,0,,,,https://www.credoweb.bg/page/19587/mbal-sv-panteleymon/structures/21707/funktsionalna-diagnostika
МБАЛ Св. Пантелеймон,,"Plovdiv, 
бул. Никола Вапцаров 9",,,,0,0,,,,https://www.credoweb.bg/page/19587/mbal-sv-panteleymon/structures/21709/rentgen
МБАЛ Св. Пантелеймон,,"Plovdiv, 
бул. Никола Вапцаров 9",,,,0,0,,,,https://www.credoweb.bg/page/19587/mbal-sv-panteleymon/structures/21710/klinichna-laboratoriya
МБАЛ Св. Пантелеймон,,"Plovdiv, 
бул. Никола Вапцаров 9",,,,0,0,,,,https://www.credoweb.bg/page/19587/mbal-sv-panteleymon/structures/21713/mikrobiologiya
МБАЛ Св. Пантелеймон,,"Plovdiv, 
бул. Никола Вапцаров 9",,,,0,0,,,,https://www.credoweb.bg/page/19587/mbal-sv-panteleymon/structures/21715/patoanatomiya
МБАЛ Св. Пантелеймон,,"Plovdiv, 
бул. Никола Вапцаров 9",,,,0,0,,,,https://www.credoweb.bg/page/19587/mbal-sv-panteleymon/structures/21613/fizioterapiya-i-rehabilitatsionna-meditsina
МБАЛ Св. Пантелеймон,,"Plovdiv, 
бул. Никола Вапцаров 9",,,,0,0,,,,https://www.credoweb.bg/page/19587/mbal-sv-panteleymon/structures/21614/parvo-vatreshno-otdelenie
МБАЛ Св. Пантелеймон,,"Plovdiv, 
бул. Никола Вапцаров 9",,,,0,0,,,,https://www.credoweb.bg/page/19587/mbal-sv-panteleymon/structures/21619/hirurgichno-otdelenie
МБАЛ Асеновград,,"Asenovgrad, 
ул. Александър Стамболийски 28",http://mbal-asenovgrad.com/,,,0,0,,,,https://www.credoweb.bg/page/19568/mbal-asenovgrad/structures/21669/akushero-ginekologichno-otdelenie
МБАЛ Асеновград,,"Asenovgrad, 
ул. Александър Стамболийски 28",http://mbal-asenovgrad.com/,,,0,0,,,,https://www.credoweb.bg/page/19568/mbal-asenovgrad/structures/21670/vtoro-vatreshno-otdelenie
МБАЛ Асеновград,,"Asenovgrad, 
ул. Александър Стамболийски 28",http://mbal-asenovgrad.com/,,,0,0,,,,https://www.credoweb.bg/page/19568/mbal-asenovgrad/structures/21671/detsko-otdelenie
МБАЛ Асеновград,,"Asenovgrad, 
ул. Александър Стамболийски 28",http://mbal-asenovgrad.com/,,,0,0,,,,https://www.credoweb.bg/page/19568/mbal-asenovgrad/structures/21672/nevrologichno-otdelenie
МБАЛ Асеновград,,"Asenovgrad, 
ул. Александър Стамболийски 28",http://mbal-asenovgrad.com/,,,0,0,,,,https://www.credoweb.bg/page/19568/mbal-asenovgrad/structures/21673/otdelenie-po-anesteziologiya-i-intenzivno-lechenie
МБАЛ Асеновград,,"Asenovgrad, 
ул. Александър Стамболийски 28",http://mbal-asenovgrad.com/,,,0,0,,,,https://www.credoweb.bg/page/19568/mbal-asenovgrad/structures/21674/otdelenie-ung
МБАЛ Асеновград,,"Asenovgrad, 
ул. Александър Стамболийски 28",http://mbal-asenovgrad.com/,,,0,0,,,,https://www.credoweb.bg/page/19568/mbal-asenovgrad/structures/21675/parvo-vatreshno-otdelenie
МБАЛ Асеновград,,"Asenovgrad, 
ул. Александър Стамболийски 28",http://mbal-asenovgrad.com/,,,0,0,,,,https://www.credoweb.bg/page/19568/mbal-asenovgrad/structures/21797/hirurgichno-otdelenie
"УМБАЛ ""Пловдив""",,"Plovdiv, 
бул. България 234",http://www.mbal.net/main.php?module=content&cnt_id=1,,,0,0,,,,https://www.credoweb.bg/page/19579/umbal-plovdiv/structures/21911/parvo-hirurgichno-otdelenie
"УМБАЛ ""Пловдив""",,"Plovdiv, 
бул. България 234",http://www.mbal.net/main.php?module=content&cnt_id=1,,,0,0,,,,https://www.credoweb.bg/page/19579/umbal-plovdiv/structures/21912/nevrologichno-otdelenie
Евромедик България,,"Sofia, 
ул. Златенрог 20, ет. 4, офис 3",http://www.euromedic.bg,,,0,0,,,,https://www.credoweb.bg/page/20174/evromedik-balgariya/structures/21942/evromedik-mediskan-stara-zagora
МБАЛ Плевен ВМА,,"Pleven, 
бул. Г.Кочев № 6",http://www.vma.bg/bg/bolnichni-bazi/mnogoprofilna-bolnitsa-za-aktivno-lechenie-pleven/,,,0,0,,,,https://www.credoweb.bg/page/20053/mbal-pleven-vma/structures/21949/otdelenie-po-endokrinologiya
МБАЛ Св. Панталеймон,,"Pleven, 
ул. Трите бора 24",http://svetipantaleimon.com,,,0,0,,,,https://www.credoweb.bg/page/19562/mbal-sv-pantaleymon/structures/22172/otdelenie-po-nefrologiya-i-dializa
МБАЛ Плевен ВМА,,"Pleven, 
бул. Г.Кочев № 6",http://www.vma.bg/bg/bolnichni-bazi/mnogoprofilna-bolnitsa-za-aktivno-lechenie-pleven/,,,0,0,,,,https://www.credoweb.bg/page/20053/mbal-pleven-vma/structures/21950/otdelenie-po-pnevmologiya-i-ftiziatriya
СБАЛПФЗ-СЗ,Hospital,"България, Стара Загора, 6000, ул. Армейска 11",,,,0,0,,,,https://www.credoweb.bg/page/22121/sbalpfz-sz
"УМБАЛ ""Пловдив""",,"Plovdiv, 
бул. България 234",http://www.mbal.net/main.php?module=content&cnt_id=1,,,0,0,,,,https://www.credoweb.bg/page/19579/umbal-plovdiv/structures/22124/otdelenie-po-invazivna-kardiologiya
Център по дерматовенерология,Medical center,"България, Стара Загора, 6000, ул. Ген.Н.Г.Столетов 0",,,,0,0,,,,https://www.credoweb.bg/page/22067/tsentar-po-dermatovenerologiya
МБАЛ Медлайн Клиник,,"Plovdiv, 
ул. Филип Македонски 37",http://medline.bg/,,,0,0,,,,https://www.credoweb.bg/page/19618/mbal-medlayn-klinik/structures/22592/otdelenie-po-endokrinologiya
МБАЛ Св. Панталеймон,,"Pleven, 
ул. Трите бора 24",http://svetipantaleimon.com,,,0,0,,,,https://www.credoweb.bg/page/19562/mbal-sv-pantaleymon/structures/22610/klinika-po-ortopediya-i-travmatologiya
МБАЛ Св. Панталеймон,,"Pleven, 
ул. Трите бора 24",http://svetipantaleimon.com,,,0,0,,,,https://www.credoweb.bg/page/19562/mbal-sv-pantaleymon/structures/22611/klinika-po-revmatologiya
МБАЛ - Хасково,,"Haskovo, 
бул. Съединение 49",,,,0,0,,,,https://www.credoweb.bg/page/19905/mbal-haskovo/structures/22632/otdelenie-po-kardiologiya
СБАЛК Медика Кор,,"Ruse, 
ул. Рига №35",,,,0,0,,,,https://www.credoweb.bg/page/19650/sbalk-medika-kor/structures/22641/otdelenie-po-invazivna-kardiologiya
УМБАЛ Света Екатерина,,"Sofia, 
бул. П. Славейков 52А",http://www.uhsek.com,,,0,0,,,,https://www.credoweb.bg/page/19970/umbal-sveta-ekaterina/structures/22649/klinika-po-kardiologiya
УМБАЛ Св. Георги - База 1,,"Plovdiv, 
бул. В. Априлов 15",,,,0,0,,,,https://www.credoweb.bg/page/20060/umbal-sv-georgi-baza-1/structures/22686/kozhna-klinika
УМБАЛ Св. Георги - База 1,,"Plovdiv, 
бул. В. Априлов 15",,,,0,0,,,,https://www.credoweb.bg/page/20060/umbal-sv-georgi-baza-1/structures/22687/klinika-po-revmatologiya
СБРНК - Хисаря,,"Hisarya, 
ул. Гурко 2",http://www.rehabilitation.bg/bg-filiali-hisarya.php,,,0,0,,,,https://www.credoweb.bg/page/22736/sbrnk-hisarya/structures/22739/oftr
МБАЛ Св. Панталеймон,,"Pleven, 
ул. Трите бора 24",http://svetipantaleimon.com,,,0,0,,,,https://www.credoweb.bg/page/19562/mbal-sv-pantaleymon/structures/22796/otdelenie-po-vatreshni-bolesti
АСМП - Сливен,Medical center,"България, Сливен, 8800, ул. Георги Икономов 16",,,,0,0,,,,https://www.credoweb.bg/page/22812/asmp-sliven
Фърст Диализис сървисиз България,Medical center,"България, Пловдив, 4000, ул. Колхида",,,,0,0,,,,https://www.credoweb.bg/page/22869/farst-dializis-sarvisiz-balgariya
"УМБАЛ ""КАНЕВ"" АД",,"Ruse, 
ул. Независимост 2",Официална Фейсбук страница на УМБАЛ-Русе,,,0,0,,,,https://www.credoweb.bg/page/19648/umbal-ruse/structures/22876/hirurgichno-otdelenie
"УМБАЛ ""КАНЕВ"" АД",,"Ruse, 
ул. Независимост 2",Официална Фейсбук страница на УМБАЛ-Русе,,,0,0,,,,https://www.credoweb.bg/page/19648/umbal-ruse/structures/22877/diagnostichno-konsultativen-blok
"УМБАЛ ""КАНЕВ"" АД",,"Ruse, 
ул. Независимост 2",Официална Фейсбук страница на УМБАЛ-Русе,,,0,0,,,,https://www.credoweb.bg/page/19648/umbal-ruse/structures/22881/otdelenie-po-nefrologiya-i-vatreshni-bolesti
МБАЛ Христо Ботев,,"Vratsa, 
бул. 2-ри Юни 66",,,,0,0,,,,https://www.credoweb.bg/page/19423/mbal-hristo-botev/structures/22882/otdelenie-po-nefrologiya
СМДЛ Санте,Laboratory,"България, София, 1000, ул. Бяло море 25",,,,0,0,,,,https://www.credoweb.bg/page/22883/smdl-sante
"УМБАЛ ""КАНЕВ"" АД",,"Ruse, 
ул. Независимост 2",Официална Фейсбук страница на УМБАЛ-Русе,,,0,0,,,,https://www.credoweb.bg/page/19648/umbal-ruse/structures/22909/parvo-vatreshno-otdelenie
"УМБАЛ ""КАНЕВ"" АД",,"Ruse, 
ул. Независимост 2",Официална Фейсбук страница на УМБАЛ-Русе,,,0,0,,,,https://www.credoweb.bg/page/19648/umbal-ruse/structures/22958/oail-zhn
МБАЛ Пазарджик,,"Pazardzhik, 
ул. Болнична 15",,,,0,0,,,,https://www.credoweb.bg/page/19514/mbal-pazardzhik/structures/22960/nefrologichno-otdelenie-s-dializna-struktura
МЦ Гинека,Medical center,"България, София, 1000, ул. Климент Денчев №5, кв. Гео Милев",,,,0,0,,,,https://www.credoweb.bg/page/23139/mts-gineka
УМБАЛ Св. Георги - База 1,,"Plovdiv, 
бул. В. Априлов 15",,,,0,0,,,,https://www.credoweb.bg/page/20060/umbal-sv-georgi-baza-1/structures/23278/klinika-po-onkologiya-i-hematologiya
МБАЛ Д-р Димитър Павлович,,"Svishtov, 
ул. Петър Ангелов 18",http://www.mbal-svishtov.bg/,,,0,0,,,,https://www.credoweb.bg/page/19407/mbal-d-r-dimitar-pavlovich/structures/23198/otdelenie-po-hirurgiya
МБАЛ Д-р Димитър Павлович,,"Svishtov, 
ул. Петър Ангелов 18",http://www.mbal-svishtov.bg/,,,0,0,,,,https://www.credoweb.bg/page/19407/mbal-d-r-dimitar-pavlovich/structures/23199/otdelenie-po-obrazna-diagnostika
МБАЛ Д-р Димитър Павлович,,"Svishtov, 
ул. Петър Ангелов 18",http://www.mbal-svishtov.bg/,,,0,0,,,,https://www.credoweb.bg/page/19407/mbal-d-r-dimitar-pavlovich/structures/23200/klinichna-laboratoriya
МБАЛ Св. Иван Рилски,,"Gorna Oryahovitsa, 
ул. Отец Паисий 72",,,,0,0,,,,https://www.credoweb.bg/page/19398/mbal-sv-ivan-rilski/structures/23216/parvo-vatreshno-otdelenie
МБАЛ Св. Иван Рилски,,"Gorna Oryahovitsa, 
ул. Отец Паисий 72",,,,0,0,,,,https://www.credoweb.bg/page/19398/mbal-sv-ivan-rilski/structures/23217/vtoro-vatreshno-otdelenie
МБАЛ Св. Иван Рилски,,"Gorna Oryahovitsa, 
ул. Отец Паисий 72",,,,0,0,,,,https://www.credoweb.bg/page/19398/mbal-sv-ivan-rilski/structures/23218/detsko-otdelenie
МБАЛ Св. Иван Рилски,,"Gorna Oryahovitsa, 
ул. Отец Паисий 72",,,,0,0,,,,https://www.credoweb.bg/page/19398/mbal-sv-ivan-rilski/structures/23219/ag-otdelenie
МЦ Санита,Medical center,"България, Враца, 3000, ул. 2 юни №64",,,,0,0,,,,https://www.credoweb.bg/page/23311/mts-sanita
МЦ 1 -Лясковец,Medical center,"България, Лясковец (Лясковец), 5140, ул. Капитан дядо Никола 1",,,,0,0,,,,https://www.credoweb.bg/page/23392/mts-1-lyaskovets
МЦ - Аксаково,Medical center,"България, Варна, 9000, бул. Капитан Петко Войвода 7",,,,0,0,,,,https://www.credoweb.bg/page/23407/mts-aksakovo
МБАЛ - Луковит,,"Lukovit, 
ул. Княз Борис I №52",,,,0,0,,,,https://www.credoweb.bg/page/19487/mbal-lukovit/structures/23429/hirurgichno-otdelenie
МБАЛ - Луковит,,"Lukovit, 
ул. Княз Борис I №52",,,,0,0,,,,https://www.credoweb.bg/page/19487/mbal-lukovit/structures/23431/detsko-otdelenie
МБАЛ - Луковит,,"Lukovit, 
ул. Княз Борис I №52",,,,0,0,,,,https://www.credoweb.bg/page/19487/mbal-lukovit/structures/23432/vatreshno-otdelenie
МБАЛ - Луковит,,"Lukovit, 
ул. Княз Борис I №52",,,,0,0,,,,https://www.credoweb.bg/page/19487/mbal-lukovit/structures/23433/otdelenie-po-obrazna-diagnostika
МБАЛ - Луковит,,"Lukovit, 
ул. Княз Борис I №52",,,,0,0,,,,https://www.credoweb.bg/page/19487/mbal-lukovit/structures/23434/ag-otdelenie
МБАЛ - Луковит,,"Lukovit, 
ул. Княз Борис I №52",,,,0,0,,,,https://www.credoweb.bg/page/19487/mbal-lukovit/structures/23436/nevrologichno-otdelenie
МДЛ Медирс,Laboratory,"България, София, 1000, ул. Дедеагач 60",,,,0,0,,,,https://www.credoweb.bg/page/23457/mdl-medirs
СМДЛ Ескулап,Laboratory,"България, София, 1000, ж.к. Овча купел 2",,,,0,0,,,д-р Сия Механджийска,https://www.credoweb.bg/page/23469/smdl-eskulap
УМБАЛ Св. Георги - База 1,,"Plovdiv, 
бул. В. Априлов 15",,,,0,0,,,,https://www.credoweb.bg/page/20060/umbal-sv-georgi-baza-1/structures/23559/klinika-po-endokrinologiya
МБАЛ Асеновград,,"Asenovgrad, 
ул. Александър Стамболийски 28",http://mbal-asenovgrad.com/,,,0,0,,,,https://www.credoweb.bg/page/19568/mbal-asenovgrad/structures/23668/klinichna-laboratoriya
МЦ Авицена,Medical center,"България, Велико Търново, 5000, ул. Ален мак 6 Б",,,,0,0,,,,https://www.credoweb.bg/page/23613/mts-avitsena
УМБАЛ Проф. д-р Стоян Киркович,,"Stara Zagora, 
ул. Ген. Столетов 2",http://www.mbal-kirkovich.org/,,,0,0,,,,https://www.credoweb.bg/page/19856/umbal-prof-d-r-stoyan-kirkovich/structures/23509/klinika-po-ortopediya-i-travmatologiya
УМБАЛ Св. Георги - База 2,,"Plovdiv, 
бул. Пещерско шосе 66",,,,0,0,,,,https://www.credoweb.bg/page/19589/umbal-sv-georgi-baza-2/structures/23472/klinika-po-detska-hirurgiya
УМБАЛ Проф. д-р Стоян Киркович,,"Stara Zagora, 
ул. Ген. Столетов 2",http://www.mbal-kirkovich.org/,,,0,0,,,,https://www.credoweb.bg/page/19856/umbal-prof-d-r-stoyan-kirkovich/structures/23779/klinika-po-nervni-bolesti
"УМБАЛ ""Д-р Георги Странски""",,"Pleven, 
ул. Георги Кочев 8 а",http://www.umbalpleven.com,,,0,0,,,,https://www.credoweb.bg/page/19555/umbal-d-r-g-stranski/structures/23902/klinika-po-infektsiozni-bolesti
"УМБАЛ ""Д-р Георги Странски""",,"Pleven, 
ул. Георги Кочев 8 а",http://www.umbalpleven.com,,,0,0,,,,https://www.credoweb.bg/page/19555/umbal-d-r-g-stranski/structures/23903/klinika-po-detski-bolesti
"УМБАЛ ""Д-р Георги Странски""",,"Pleven, 
ул. Георги Кочев 8 а",http://www.umbalpleven.com,,,0,0,,,,https://www.credoweb.bg/page/19555/umbal-d-r-g-stranski/structures/23904/detsko-diabetno-otdelenie
УМБАЛ Проф. д-р Стоян Киркович,,"Stara Zagora, 
ул. Ген. Столетов 2",http://www.mbal-kirkovich.org/,,,0,0,,,,https://www.credoweb.bg/page/19856/umbal-prof-d-r-stoyan-kirkovich/structures/23877/speshno-priemno-otdelenie
УМБАЛ Проф. д-р Стоян Киркович,,"Stara Zagora, 
ул. Ген. Столетов 2",http://www.mbal-kirkovich.org/,,,0,0,,,,https://www.credoweb.bg/page/19856/umbal-prof-d-r-stoyan-kirkovich/structures/24093/klinika-po-ung
УМБАЛ Проф. д-р Стоян Киркович,,"Stara Zagora, 
ул. Ген. Столетов 2",http://www.mbal-kirkovich.org/,,,0,0,,,,https://www.credoweb.bg/page/19856/umbal-prof-d-r-stoyan-kirkovich/structures/23922/klinika-po-ochni-bolesti
МЦ Св. Мария Магдалена,Medical center,"България, София, 1000, ул. Бяло море 25, ет. 3",,,,0,0,,,,https://www.credoweb.bg/page/24154/mts-sv-mariya-magdalena
Стоматологична клиника,Medical center,"България, Стара Загора, 6000, ул. Св. Княз Борис 87",,,,0,0,,,,https://www.credoweb.bg/page/24316/stomatologichna-klinika
"УМБАЛ ""Пловдив""",,"Plovdiv, 
бул. България 234",http://www.mbal.net/main.php?module=content&cnt_id=1,,,0,0,,,,https://www.credoweb.bg/page/19579/umbal-plovdiv/structures/24332/otdelenie-po-nefrologiya
"УМБАЛ ""Пълмед""",,"Plovdiv, 
ул. Перущица 1 А",http://www.hospitalpulmed.bg/,,,0,0,,,,https://www.credoweb.bg/page/19610/umbal-palmed/structures/24264/otdelenie-po-revmatologiya
МЦ ПълМед,Medical center,"България, Пловдив, 4000, ул. Перущица 1 А",,,,0,0,,,,https://www.credoweb.bg/page/24265/mts-palmed
МБАЛ Асеновград,,"Asenovgrad, 
ул. Александър Стамболийски 28",http://mbal-asenovgrad.com/,,,0,0,,,,https://www.credoweb.bg/page/19568/mbal-asenovgrad/structures/24506/speshno-otdelenie
УМБАЛ Св. Георги - База 1,,"Plovdiv, 
бул. В. Априлов 15",,,,0,0,,,,https://www.credoweb.bg/page/20060/umbal-sv-georgi-baza-1/structures/24508/klinika-po-klinichna-toksikologiya
УМБАЛ Св. Иван Рилски,,"Sofia, 
бул. Акад. Иван Евстатиев Гешов 15",,,,0,0,,,,https://www.credoweb.bg/page/19690/umbal-sv-ivan-rilski/structures/24637/otdelenie-po-ung-i-otonevrologiya
МДЦ Антим,Medical center,"България, София, 1000, бул. Дондуков 135",,,,0,0,,,,https://www.credoweb.bg/page/24572/mdts-antim
МБАЛ Пазарджик,,"Pazardzhik, 
ул. Болнична 15",,,,0,0,,,,https://www.credoweb.bg/page/19514/mbal-pazardzhik/structures/24810/otdelenie-po-akusherstvo-i-ginekologiya
МБАЛ Пазарджик,,"Pazardzhik, 
ул. Болнична 15",,,,0,0,,,,https://www.credoweb.bg/page/19514/mbal-pazardzhik/structures/24811/ochno-otdelenie
МБАЛ Пазарджик,,"Pazardzhik, 
ул. Болнична 15",,,,0,0,,,,https://www.credoweb.bg/page/19514/mbal-pazardzhik/structures/24812/hirurgichno-otdelenie
МБАЛ Пазарджик,,"Pazardzhik, 
ул. Болнична 15",,,,0,0,,,,https://www.credoweb.bg/page/19514/mbal-pazardzhik/structures/24813/otdelenie-po-nevrohirurgiya
УМБАЛ Александровска,,"Sofia, 
ул. Св. Георги Софийски 1",http://alexandrovska.com/display.php?bg,,,0,0,,,,https://www.credoweb.bg/page/19790/umbal-aleksandrovska/structures/24678/klinika-po-endokrinologiya
"УМБАЛ ""Пловдив""",,"Plovdiv, 
бул. България 234",http://www.mbal.net/main.php?module=content&cnt_id=1,,,0,0,,,,https://www.credoweb.bg/page/19579/umbal-plovdiv/structures/25160/ofrm-fizioterapiya
"УМБАЛ ""Пловдив""",,"Plovdiv, 
бул. България 234",http://www.mbal.net/main.php?module=content&cnt_id=1,,,0,0,,,,https://www.credoweb.bg/page/19579/umbal-plovdiv/structures/25198/otdelenie-po-kardiologiya
"УМБАЛ ""Пловдив""",,"Plovdiv, 
бул. България 234",http://www.mbal.net/main.php?module=content&cnt_id=1,,,0,0,,,,https://www.credoweb.bg/page/19579/umbal-plovdiv/structures/25199/oail
УМБАЛ Св. Георги - База 2,,"Plovdiv, 
бул. Пещерско шосе 66",,,,0,0,,,,https://www.credoweb.bg/page/19589/umbal-sv-georgi-baza-2/structures/25366/klinika-po-sadova-hirurgiya
МБАЛ Медлайн Клиник,,"Plovdiv, 
ул. Филип Македонски 37",http://medline.bg/,,,0,0,,,,https://www.credoweb.bg/page/19618/mbal-medlayn-klinik/structures/25406/otdelenie-po-gastroenterologiya
МЦ АВИЦЕНА,,"Sofia, 
квартал Стрелбище, пк 1408,  улица ""Орехова гора'' 17Б",http://www.mc-avicena.com/,,,0,0,,,,https://www.credoweb.bg/page/20009/mts-avitsena/structures/25584/endokrinologiya
МЦ АВИЦЕНА,,"Sofia, 
квартал Стрелбище, пк 1408,  улица ""Орехова гора'' 17Б",http://www.mc-avicena.com/,,,0,0,,,,https://www.credoweb.bg/page/20009/mts-avitsena/structures/25585/kozhni-i-venericheski-bolesti
МЦ АВИЦЕНА,,"Sofia, 
квартал Стрелбище, пк 1408,  улица ""Орехова гора'' 17Б",http://www.mc-avicena.com/,,,0,0,,,,https://www.credoweb.bg/page/20009/mts-avitsena/structures/25586/akusher-ginekologiya
МЦ АВИЦЕНА,,"Sofia, 
квартал Стрелбище, пк 1408,  улица ""Орехова гора'' 17Б",http://www.mc-avicena.com/,,,0,0,,,,https://www.credoweb.bg/page/20009/mts-avitsena/structures/25587/ushi-nos-garlo
МЦ АВИЦЕНА,,"Sofia, 
квартал Стрелбище, пк 1408,  улица ""Орехова гора'' 17Б",http://www.mc-avicena.com/,,,0,0,,,,https://www.credoweb.bg/page/20009/mts-avitsena/structures/25588/ochni-bolesti
МЦ АВИЦЕНА,,"Sofia, 
квартал Стрелбище, пк 1408,  улица ""Орехова гора'' 17Б",http://www.mc-avicena.com/,,,0,0,,,,https://www.credoweb.bg/page/20009/mts-avitsena/structures/25589/hirurgichen-kabinet
МЦ АВИЦЕНА,,"Sofia, 
квартал Стрелбище, пк 1408,  улица ""Орехова гора'' 17Б",http://www.mc-avicena.com/,,,0,0,,,,https://www.credoweb.bg/page/20009/mts-avitsena/structures/25590/detski-bolesti
МЦ АВИЦЕНА,,"Sofia, 
квартал Стрелбище, пк 1408,  улица ""Орехова гора'' 17Б",http://www.mc-avicena.com/,,,0,0,,,,https://www.credoweb.bg/page/20009/mts-avitsena/structures/25591/nevrologichen-kabinet
МЦ АВИЦЕНА,,"Sofia, 
квартал Стрелбище, пк 1408,  улица ""Орехова гора'' 17Б",http://www.mc-avicena.com/,,,0,0,,,,https://www.credoweb.bg/page/20009/mts-avitsena/structures/25592/psihiatrichen-kabinet
МБАЛ Медлайн Клиник,,"Plovdiv, 
ул. Филип Македонски 37",http://medline.bg/,,,0,0,,,,https://www.credoweb.bg/page/19618/mbal-medlayn-klinik/structures/25847/oail
МБАЛ Централ Хоспитал,,"Plovdiv, 
бул. Васил Априлов 20",www.centralhospital.bg,,,0,0,,,,https://www.credoweb.bg/page/20118/mbal-tsentral-hospital/structures/25848/oail
МБАЛ Здраве,,"Pazardzhik, 
ул. Константин Величков №50",,,,0,0,,,,https://www.credoweb.bg/page/19966/mbal-zdrave/structures/26102/otdelenie-po-vatreshni-bolesti
УМБАЛ Св. Георги - База 2,,"Plovdiv, 
бул. Пещерско шосе 66",,,,0,0,,,,https://www.credoweb.bg/page/19589/umbal-sv-georgi-baza-2/structures/26400/ortopediya-i-travmatologiya
МБАЛ Централ Хоспитал,,"Plovdiv, 
бул. Васил Априлов 20",www.centralhospital.bg,,,0,0,,,,https://www.credoweb.bg/page/20118/mbal-tsentral-hospital/structures/26648/otdelenie-po-pediatriya
МБАЛ Авис Медика,,"Pleven, 
парк ""Кайлъка""",www.avismedica.com,,,0,0,,,,https://www.credoweb.bg/page/19546/mbal-avis-medika/structures/26881/klinika-po-akusherstvo-i-ginekologiya
МБАЛ Д-р Атанас Дафовски,,"Kardzhali, 
бул. Беломорски 53",http://www.hospital-kj.com/,,,0,0,,,,https://www.credoweb.bg/page/19468/mbal-d-r-atanas-dafovski/structures/26917/kardiologichno-otdelenie
МБАЛ Д-р Атанас Дафовски,,"Kardzhali, 
бул. Беломорски 53",http://www.hospital-kj.com/,,,0,0,,,,https://www.credoweb.bg/page/19468/mbal-d-r-atanas-dafovski/structures/26919/operatsionen-blok
МБАЛ Д-р Атанас Дафовски,,"Kardzhali, 
бул. Беломорски 53",http://www.hospital-kj.com/,,,0,0,,,,https://www.credoweb.bg/page/19468/mbal-d-r-atanas-dafovski/structures/26920/otdelenie-po-anesteziologiya-i-intenzivno-lechenie
МБАЛ Д-р Атанас Дафовски,,"Kardzhali, 
бул. Беломорски 53",http://www.hospital-kj.com/,,,0,0,,,,https://www.credoweb.bg/page/19468/mbal-d-r-atanas-dafovski/structures/26921/otdelenie-po-ortopediya-i-travmatologiya
МБАЛ Д-р Атанас Дафовски,,"Kardzhali, 
бул. Беломорски 53",http://www.hospital-kj.com/,,,0,0,,,,https://www.credoweb.bg/page/19468/mbal-d-r-atanas-dafovski/structures/26924/ung-otdelenie
МБАЛ Д-р Атанас Дафовски,,"Kardzhali, 
бул. Беломорски 53",http://www.hospital-kj.com/,,,0,0,,,,https://www.credoweb.bg/page/19468/mbal-d-r-atanas-dafovski/structures/26925/ago
МБАЛ Д-р Атанас Дафовски,,"Kardzhali, 
бул. Беломорски 53",http://www.hospital-kj.com/,,,0,0,,,,https://www.credoweb.bg/page/19468/mbal-d-r-atanas-dafovski/structures/26928/detsko-otdelenie
МБАЛ Д-р Атанас Дафовски,,"Kardzhali, 
бул. Беломорски 53",http://www.hospital-kj.com/,,,0,0,,,,https://www.credoweb.bg/page/19468/mbal-d-r-atanas-dafovski/structures/26929/infektsiozno-otdelenie
МБАЛ Д-р Атанас Дафовски,,"Kardzhali, 
бул. Беломорски 53",http://www.hospital-kj.com/,,,0,0,,,,https://www.credoweb.bg/page/19468/mbal-d-r-atanas-dafovski/structures/26930/nevrologichno-otdelenie
МБАЛ Д-р Атанас Дафовски,,"Kardzhali, 
бул. Беломорски 53",http://www.hospital-kj.com/,,,0,0,,,,https://www.credoweb.bg/page/19468/mbal-d-r-atanas-dafovski/structures/26931/kozhno-venerologichno-otdelenie
МБАЛ Д-р Атанас Дафовски,,"Kardzhali, 
бул. Беломорски 53",http://www.hospital-kj.com/,,,0,0,,,,https://www.credoweb.bg/page/19468/mbal-d-r-atanas-dafovski/structures/26932/pnevmoftiziatrichno-otdelenie
МБАЛ Д-р Атанас Дафовски,,"Kardzhali, 
бул. Беломорски 53",http://www.hospital-kj.com/,,,0,0,,,,https://www.credoweb.bg/page/19468/mbal-d-r-atanas-dafovski/structures/26934/speshno-priemno-otdelenie
МБАЛ Д-р Атанас Дафовски,,"Kardzhali, 
бул. Беломорски 53",http://www.hospital-kj.com/,,,0,0,,,,https://www.credoweb.bg/page/19468/mbal-d-r-atanas-dafovski/structures/26935/otdelenie-po-obrazna-diagnostika
МБАЛ Д-р Атанас Дафовски,,"Kardzhali, 
бул. Беломорски 53",http://www.hospital-kj.com/,,,0,0,,,,https://www.credoweb.bg/page/19468/mbal-d-r-atanas-dafovski/structures/26936/klinichna-laboratoriya
МБАЛ Д-р Атанас Дафовски,,"Kardzhali, 
бул. Беломорски 53",http://www.hospital-kj.com/,,,0,0,,,,https://www.credoweb.bg/page/19468/mbal-d-r-atanas-dafovski/structures/26937/ofrm
МБАЛ Д-р Атанас Дафовски,,"Kardzhali, 
бул. Беломорски 53",http://www.hospital-kj.com/,,,0,0,,,,https://www.credoweb.bg/page/19468/mbal-d-r-atanas-dafovski/structures/26938/otdelenie-po-hemodializa
МБАЛ Д-р Атанас Дафовски,,"Kardzhali, 
бул. Беломорски 53",http://www.hospital-kj.com/,,,0,0,,,,https://www.credoweb.bg/page/19468/mbal-d-r-atanas-dafovski/structures/26939/oth-kraven-tsentar
МБАЛ Д-р Атанас Дафовски,,"Kardzhali, 
бул. Беломорски 53",http://www.hospital-kj.com/,,,0,0,,,,https://www.credoweb.bg/page/19468/mbal-d-r-atanas-dafovski/structures/26941/klinichna-patologiya
МБАЛ Д-р Атанас Дафовски,,"Kardzhali, 
бул. Беломорски 53",http://www.hospital-kj.com/,,,0,0,,,,https://www.credoweb.bg/page/19468/mbal-d-r-atanas-dafovski/structures/26942/sadebna-meditsina
МБАЛ Д-р Атанас Дафовски,,"Kardzhali, 
бул. Беломорски 53",http://www.hospital-kj.com/,,,0,0,,,,https://www.credoweb.bg/page/19468/mbal-d-r-atanas-dafovski/structures/26943/parazitologichna-laboratoriya
МБАЛ Д-р Атанас Дафовски,,"Kardzhali, 
бул. Беломорски 53",http://www.hospital-kj.com/,,,0,0,,,,https://www.credoweb.bg/page/19468/mbal-d-r-atanas-dafovski/structures/26944/apteka
МБАЛ Д-р Атанас Дафовски,,"Kardzhali, 
бул. Беломорски 53",http://www.hospital-kj.com/,,,0,0,,,,https://www.credoweb.bg/page/19468/mbal-d-r-atanas-dafovski/structures/26945/telk
МБАЛ Д-р Атанас Дафовски,,"Kardzhali, 
бул. Беломорски 53",http://www.hospital-kj.com/,,,0,0,,,,https://www.credoweb.bg/page/19468/mbal-d-r-atanas-dafovski/structures/26951/mikrobiologichna-laboratoriya-mikro-2
МБАЛ - Белене,,"Belene, 
ул. Гео Милев 47",,,,0,0,,,,https://www.credoweb.bg/page/19531/mbal-belene/structures/27549/otdelenie-po-vatreshni-bolesti
МБАЛ - Белене,,"Belene, 
ул. Гео Милев 47",,,,0,0,,,,https://www.credoweb.bg/page/19531/mbal-belene/structures/27550/otdelenie-po-detski-bolesti
УМБАЛ Св. Георги - База 2,,"Plovdiv, 
бул. Пещерско шосе 66",,,,0,0,,,,https://www.credoweb.bg/page/19589/umbal-sv-georgi-baza-2/structures/28062/vtora-klinika-po-hirurgiya
УМБАЛ Св. Марина - Варна,,"Varna, 
бул. Христо Смирненски 1",www.svetamarina.com,,,0,0,,,,https://www.credoweb.bg/page/19347/umbal-sv-marina-varna/structures/28384/parva-klinika-po-nervni-bolesti
"МЦ ""Палечка""",Medical center,България,,,,0,0,,,,https://www.credoweb.bg/page/28275/mts-palechka
МБАЛ - Троян,,"Troyan, 
ул. Ген. Радецки 30",,,,0,0,,,,https://www.credoweb.bg/page/19492/mbal-troyan/structures/28801/otdelenie-po-akusherstvo-i-ginekologiya
МБАЛ - Троян,,"Troyan, 
ул. Ген. Радецки 30",,,,0,0,,,,https://www.credoweb.bg/page/19492/mbal-troyan/structures/29107/otdelenie-po-hirurgiya
МБАЛ - Троян,,"Troyan, 
ул. Ген. Радецки 30",,,,0,0,,,,https://www.credoweb.bg/page/19492/mbal-troyan/structures/29116/telk
МБАЛ - Троян,,"Troyan, 
ул. Ген. Радецки 30",,,,0,0,,,,https://www.credoweb.bg/page/19492/mbal-troyan/structures/28962/otdelenie-po-nervni-bolesti
МБАЛ - Троян,,"Troyan, 
ул. Ген. Радецки 30",,,,0,0,,,,https://www.credoweb.bg/page/19492/mbal-troyan/structures/28967/otdelenie-po-vatreshni-bolesti
СБР-НК - Кюстендил,Hospital,"България, Кюстендил, 2500, Ул. Демокрация №46",,,,0,0,,,,https://www.credoweb.bg/page/28969/sbr-nk-kyustendil
МБАЛ - Троян,,"Troyan, 
ул. Ген. Радецки 30",,,,0,0,,,,https://www.credoweb.bg/page/19492/mbal-troyan/structures/28970/otdelenie-po-hemodializa
УМБАЛ Каспела,,"Plovdiv, 
ул. София 64",,,,0,0,,,,https://www.credoweb.bg/page/19613/umbal-kaspela/structures/28518/klinika-po-ung
МЦ Д-р Стоянов,Medical center,"България, Кърджали, 6600, ул. Славянска 9",,,,0,0,,,,https://www.credoweb.bg/page/28440/mts-d-r-stoyanov
"УМБАЛ ""Пловдив""",,"Plovdiv, 
бул. България 234",http://www.mbal.net/main.php?module=content&cnt_id=1,,,0,0,,,,https://www.credoweb.bg/page/19579/umbal-plovdiv/structures/28645/otdelenie-po-revmatologiya
УМБАЛ Каспела,,"Plovdiv, 
ул. София 64",,,,0,0,,,,https://www.credoweb.bg/page/19613/umbal-kaspela/structures/28640/otdelenie-po-obrazna-diagnostika
МБАЛ Тримонциум,,"Plovdiv, 
бул. Цар Борис ІІІ No 126",,,,0,0,,,,https://www.credoweb.bg/page/21711/mbal-trimontsium/structures/29244/otdelenie-po-obshta-hirurgiya
МБАЛ Тримонциум,,"Plovdiv, 
бул. Цар Борис ІІІ No 126",,,,0,0,,,,https://www.credoweb.bg/page/21711/mbal-trimontsium/structures/29254/otdelenie-po-vatreshni-bolesti-s-revmatologichen-sektor
МДЦ Орион,Medical center,"България, София, 1000, ул. Майски ден 9, ж.к. Люлин 10",http://mdc-orion.com/,,,0,0,,,,https://www.credoweb.bg/page/29404/mdts-orion
"УМБАЛ ""Еврохоспитал""",,"Plovdiv, 
Коматевско шосе 79",www.eurohospital.bg,,,0,0,,,,https://www.credoweb.bg/page/20611/umbal-evrohospital/structures/29750/vatreshno-otdelenie
"УМБАЛ ""Еврохоспитал""",,"Plovdiv, 
Коматевско шосе 79",www.eurohospital.bg,,,0,0,,,,https://www.credoweb.bg/page/20611/umbal-evrohospital/structures/29753/otdelenie-po-rentgenologiya
СБАЛПФЗ Благоевград,Hospital,"България, Благоевград, 2700, ул. Цанко Церковски 4",,,,0,0,,,,https://www.credoweb.bg/page/29762/sbalpfz-blagoevgrad
МЦ Спортмед,Medical center,"България, София, 1000, жк Хиподрума, ул. Лерин 3",,,,0,0,,,,https://www.credoweb.bg/page/29810/mts-sportmed
УМБАЛ Св. Георги - База 1,,"Plovdiv, 
бул. В. Априлов 15",,,,0,0,,,,https://www.credoweb.bg/page/20060/umbal-sv-georgi-baza-1/structures/29896/klinika-po-hematologiya
УМБАЛ Св. Георги - База 1,,"Plovdiv, 
бул. В. Априлов 15",,,,0,0,,,,https://www.credoweb.bg/page/20060/umbal-sv-georgi-baza-1/structures/29906/klinika-po-klinichna-hematologiya
Клиника Св. Параскева,Hospital,"България, Плевен, 5800, ул. Даскал Димо 22",,,,0,0,,,,https://www.credoweb.bg/page/30153/klinika-sv-paraskeva
СБАЛ СПЕЦИАЛ МЕДИК,Hospital,"България, Пловдив, 4000, площад Понеделник пазар 5",,,,0,0,,,д-р Александър Хаджиценев | д-р Веско Стоилов,https://www.credoweb.bg/page/30182/sbal-spetsial-medik
МБАЛ Св. Мина,,"Plovdiv, 
ул. Иван Вазов 59",http://www.mbal1.eu/,,,0,0,,,,https://www.credoweb.bg/page/19599/mbal-sv-mina/structures/30054/otdelenie-po-fizikalna-terapiya-i-rehabilitatsiya
Медицински център 1,Hospital,България,,,,0,0,,,,https://www.credoweb.bg/page/30934/meditsinski-tsentar-1
МБАЛ Медлайн Клиник,,"Plovdiv, 
ул. Филип Македонски 37",http://medline.bg/,,,0,0,,,,https://www.credoweb.bg/page/19618/mbal-medlayn-klinik/structures/30768/otdelenie-po-ginekologiya
МЕДИЦИНСКИ ЦЕНТЪР І ЕЛХОВО,Medical center,"България, Елхово (Елхово), 8700, ул. Чаталджа № 3",,,,0,0,,,,https://www.credoweb.bg/page/31623/meditsinski-tsentar-elhovo
УСБАЛЕ Акад. Иван Пенчев,,"Sofia, 
ул. Здраве 2",http://www.usbale.com/,,,0,0,,,,https://www.credoweb.bg/page/19757/usbale-akad-ivan-penchev/structures/32056/klinika-po-hipotalamo-hipofizarni-nadbabrechni-i-gonadni-zabolyavaniya
"УМБАЛ ""Д-р Георги Странски""",,"Pleven, 
ул. Георги Кочев 8 а",http://www.umbalpleven.com,,,0,0,,,,https://www.credoweb.bg/page/19555/umbal-d-r-g-stranski/structures/32434/tsentar-za-psihichno-zdrave
"УМБАЛ ""Д-р Георги Странски""",,"Pleven, 
ул. Георги Кочев 8 а",http://www.umbalpleven.com,,,0,0,,,,https://www.credoweb.bg/page/19555/umbal-d-r-g-stranski/structures/32204/parva-kardiologichna-klinika
УМБАЛ Св. Марина - Варна,,"Varna, 
бул. Христо Смирненски 1",www.svetamarina.com,,,0,0,,,,https://www.credoweb.bg/page/19347/umbal-sv-marina-varna/structures/32450/umbal-sv-marina-varna-klinika-po-endokrinologiya
МЦ І,Medical center,"България, Карнобат, 8400, ул. Стара Планина № 180",,,,0,0,,,,https://www.credoweb.bg/page/32581/mts
Център Динамика,Medical center,"България, София, 1000, ул. Мърфи 22",,,,0,0,,,,https://www.credoweb.bg/page/33090/tsentar-dinamika
МЦ Мед-Рал,Medical center,"България, София, 1000, Студентски град, бл.57",,,,0,0,,,,https://www.credoweb.bg/page/32985/mts-med-ral
МЦ ЦИМА,Medical center,"България, София, 1000, ул. Панайот Волов 39-41",,,,0,0,,,д-р Иван Ценов,https://www.credoweb.bg/page/32987/mts-tsima
ВМА - МБАЛ Варна,,"Varna, 
бул. Христо Смирненски № 3",https://www.facebook.com/profile.php?id=100008168560763&fref=ts,,,0,0,,,,https://www.credoweb.bg/page/20113/vma-mbal-varna/structures/33309/klinika-za-intenzivno-lechenie-na-ostri-otravyaniya-i-toksikoalergii
ВМА - МБАЛ Варна,,"Varna, 
бул. Христо Смирненски № 3",https://www.facebook.com/profile.php?id=100008168560763&fref=ts,,,0,0,,,,https://www.credoweb.bg/page/20113/vma-mbal-varna/structures/33310/otdelenie-po-klinichna-toksikologiya
ВМА - МБАЛ Варна,,"Varna, 
бул. Христо Смирненски № 3",https://www.facebook.com/profile.php?id=100008168560763&fref=ts,,,0,0,,,,https://www.credoweb.bg/page/20113/vma-mbal-varna/structures/33311/otdelenie-po-toksikohimichni-bedstveni-situatsii-i-detoksikatsiya-na-zavisimi-patsienti
ВМА - МБАЛ Варна,,"Varna, 
бул. Христо Смирненски № 3",https://www.facebook.com/profile.php?id=100008168560763&fref=ts,,,0,0,,,,https://www.credoweb.bg/page/20113/vma-mbal-varna/structures/33312/laboratoriya-po-himiko-toksikologichni-izsledvaniya
ВМА - МБАЛ Варна,,"Varna, 
бул. Христо Смирненски № 3",https://www.facebook.com/profile.php?id=100008168560763&fref=ts,,,0,0,,,,https://www.credoweb.bg/page/20113/vma-mbal-varna/structures/33266/konsultativno-priemno-otdelenie
ВМА - МБАЛ Варна,,"Varna, 
бул. Христо Смирненски № 3",https://www.facebook.com/profile.php?id=100008168560763&fref=ts,,,0,0,,,,https://www.credoweb.bg/page/20113/vma-mbal-varna/structures/33267/otdelenie-po-funktsionalna-diagnostika
ВМА - МБАЛ Варна,,"Varna, 
бул. Христо Смирненски № 3",https://www.facebook.com/profile.php?id=100008168560763&fref=ts,,,0,0,,,,https://www.credoweb.bg/page/20113/vma-mbal-varna/structures/33268/klinika-vatreshni-bolesti
МЦ Русе,Medical center,"България, Русе, 7000, ул. Независимост 2",,,,0,0,,,,https://www.credoweb.bg/page/33229/mts-ruse
МОБАЛ Д-р Стефан Черкезов АД,,"Veliko Tarnovo, 
ул. Ниш 1",http://www.mobaltarnovo.com/,,,0,0,,,,https://www.credoweb.bg/page/20162/mobal-d-r-stefan-cherkezov-ad/structures/33574/speshno-otdelenie
МОБАЛ Д-р Стефан Черкезов АД,,"Veliko Tarnovo, 
ул. Ниш 1",http://www.mobaltarnovo.com/,,,0,0,,,,https://www.credoweb.bg/page/20162/mobal-d-r-stefan-cherkezov-ad/structures/33575/otdelenie-po-transfuzionna-hematologiya
МОБАЛ Д-р Стефан Черкезов АД,,"Veliko Tarnovo, 
ул. Ниш 1",http://www.mobaltarnovo.com/,,,0,0,,,,https://www.credoweb.bg/page/20162/mobal-d-r-stefan-cherkezov-ad/structures/33577/otdelenie-po-kardiologiya-i-intenzivno-lechenie
"Психологически център ""Идентичност""",Medical center,"България, Пловдив, 4000, Пловдив",,,,0,0,,,,https://www.credoweb.bg/page/33883/psihologicheski-tsentar-identichnost
Специализирана болница за активно лечение по кардиология,Hospital,"България, Ямбол, 8600, бул. Д.Благоев 69",,,,0,0,,,,https://www.credoweb.bg/page/34457/spetsializirana-bolnitsa-za-aktivno-lechenie-po-kardiologiya
Аджибадем Сити Клиник Младост,,"Sofia, 
Цариградско шосе 66А",Последвайте ни във Facebook,,,0,0,,,,https://www.credoweb.bg/page/34408/onkologichen-tsentar/structures/34774/klinika-po-meditsinska-onkologiya
Аджибадем Сити Клиник Младост,,"Sofia, 
Цариградско шосе 66А",Последвайте ни във Facebook,,,0,0,,,,https://www.credoweb.bg/page/34408/onkologichen-tsentar/structures/34775/klinika-po-lachelechenie
Аджибадем Сити Клиник Младост,,"Sofia, 
Цариградско шосе 66А",Последвайте ни във Facebook,,,0,0,,,,https://www.credoweb.bg/page/34408/onkologichen-tsentar/structures/34776/klinika-po-nuklearna-meditsina
Аджибадем Сити Клиник Младост,,"Sofia, 
Цариградско шосе 66А",Последвайте ни във Facebook,,,0,0,,,,https://www.credoweb.bg/page/34408/onkologichen-tsentar/structures/34777/meditsinska-genetika
Медицински институт на МВР,,"Sofia, 
бул. Ген. Михаил Д. Скобелев 79",,,,0,0,,,,https://www.credoweb.bg/page/19699/meditsinski-institut-na-mvr/structures/35398/klinika-po-ortopediya-i-travmatologiya-mrv
МБАЛ - Севлиево,,"Sevlievo, 
ул. Стефан Пешев 147",,,,0,0,,,,https://www.credoweb.bg/page/19452/mbal-sevlievo/structures/35308/vatreshno-otdelenie-mbal-sevlievo
МБАЛ - Севлиево,,"Sevlievo, 
ул. Стефан Пешев 147",,,,0,0,,,,https://www.credoweb.bg/page/19452/mbal-sevlievo/structures/35309/ag-otdelenie
МБАЛ - Севлиево,,"Sevlievo, 
ул. Стефан Пешев 147",,,,0,0,,,,https://www.credoweb.bg/page/19452/mbal-sevlievo/structures/35310/otdelenie-po-hemodializa-mbal
ФСМП Казанлък,Medical center,България,,,,0,0,,,Д-р Стоимен Гечев,https://www.credoweb.bg/page/36152/fsmp-kazanlak
Астери - Мед,Medical center,"България, Свети Влас, 8256, ул. Св. Власий 3",,,,0,0,,,,https://www.credoweb.bg/page/36308/asteri-med
Медицински център - Малко Търново,Medical center,"България, Малко Търново, 8162, ул. Княз Борис 52",,,,0,0,,,,https://www.credoweb.bg/page/36754/meditsinski-tsentar-malko-tarnovo
МЦ Аква 2003,Medical center,"България, София, 1000, бул. Овча купел 2В",,,,0,0,,,,https://www.credoweb.bg/page/36746/mts-akva-2003
СМДЛ Биотон ЕООД,Laboratory,"България, Хасково, 6300, ул. Рила № 9",,,,0,0,,,,https://www.credoweb.bg/page/36930/smdl-bioton-eood
ГБСМДЛ Зинвест-К ООД,Laboratory,"България, Хасково, 6300, бул. Съединение 22А",,,,0,0,,,,https://www.credoweb.bg/page/37102/gbsmdl-zinvest-k-ood
ЦСМП - Кюстендил,Medical center,"България, Кюстендил, 2500, пл. 17-ти Януари №1",http://www.csmp-kn.com/,,,0,0,,,,https://www.credoweb.bg/page/37622/tssmp-kyustendil
ЦСМП - Разград,Medical center,"България, Разград, 7200, ул. Коста Петров 2",,,,0,0,,,,https://www.credoweb.bg/page/37699/tssmp-razgrad
СОБАЛ Академик Пашев,Hospital,"България, София, 1000, ул. Емануил Васкидович 51",Към сайта,,,0,0,,,"д-р Десислава Танева, дм | д-р Маринела Ванкова | д-р Мюждиар Козумали",https://www.credoweb.bg/page/39674/sobal-akademik-pashev
"АИПСМП по Педиатрия, МБАЛ""Св.Мина""-Детско отделение",Hospital,"България, Пловдив, 4000, ул.Николай Коперник 18",,,,0,0,,,,https://www.credoweb.bg/page/42196/aipsmp-po-pediatriya-mbalsvmina-detsko-otdelenie
Специализиран очен кабинет д-р Узунова,Hospital,"България, Пловдив, 4000, ул.Полк.Сава Муткуров 30",www.dr-uzunova.com,,,0,0,,,,https://www.credoweb.bg/page/43951/spetsializiran-ochen-kabinet-d-r-uzunova
"СБАЛАГРМ ""София""",Hospital,"България, София, 1000, Студентски град, ул. Баку 5 Б",,,,0,0,,,,https://www.credoweb.bg/page/44662/sbalagrm-sofiya
МДЦ Санодент,Medical center,"България, Видин, 3700, ул.Цар Иван Асен II 5",,,,0,0,,,,https://www.credoweb.bg/page/44651/mdts-sanodent
МБАЛ Централ Хоспитал,,"Plovdiv, 
бул. Васил Априлов 20",www.centralhospital.bg,,,0,0,,,,https://www.credoweb.bg/page/20118/mbal-tsentral-hospital/structures/46129/urologichno-otdelenie
"УМБАЛ ""КАНЕВ"" АД",,"Ruse, 
ул. Независимост 2",Официална Фейсбук страница на УМБАЛ-Русе,,,0,0,,,,https://www.credoweb.bg/page/19648/umbal-ruse/structures/45335/otdelenie-po-ochni-bolesti
"УМБАЛ ""КАНЕВ"" АД",,"Ruse, 
ул. Независимост 2",Официална Фейсбук страница на УМБАЛ-Русе,,,0,0,,,,https://www.credoweb.bg/page/19648/umbal-ruse/structures/45945/ag-kompleks
"УМБАЛ ""КАНЕВ"" АД",,"Ruse, 
ул. Независимост 2",Официална Фейсбук страница на УМБАЛ-Русе,,,0,0,,,,https://www.credoweb.bg/page/19648/umbal-ruse/structures/45946/otdelenie-po-obrazna-diagnostika
"УМБАЛ ""КАНЕВ"" АД",,"Ruse, 
ул. Независимост 2",Официална Фейсбук страница на УМБАЛ-Русе,,,0,0,,,,https://www.credoweb.bg/page/19648/umbal-ruse/structures/46394/otdelenie-klinichna-laboratoriya
Областен диспансер за онкологични заболявания със стационар,Hospital,"България, Пловдив, 4000, бул. Васил Априлов 15А",,,,0,0,,,,https://www.credoweb.bg/page/48063/oblasten-dispanser-za-onkologichni-zabolyavaniya-sas-statsionar
АГПСУП “ЕВРОМЕД УРО“,Hospital,"България, Пловдив, 4000, ул. Околчица 12, Ет. 3",,,,0,0,,,,https://www.credoweb.bg/page/48956/agpsup-evromed-uro
МБАЛ Хаджи Димитър,,"Sliven, 
ул. Димитър Пехливанов 5",,,,0,0,,,,https://www.credoweb.bg/page/19673/mbal-hadzhi-dimitar/structures/50658/otdelenie-po-revmatologiya-mbalhadzhi-dimitar
МБАЛ Хаджи Димитър,,"Sliven, 
ул. Димитър Пехливанов 5",,,,0,0,,,,https://www.credoweb.bg/page/19673/mbal-hadzhi-dimitar/structures/50659/otdelenie-po-kardiologiya-mbalhadzhi-dimitar
МБАЛ Хаджи Димитър,,"Sliven, 
ул. Димитър Пехливанов 5",,,,0,0,,,,https://www.credoweb.bg/page/19673/mbal-hadzhi-dimitar/structures/50663/otdelenie-po-gastroenterologiya-mbal
МБАЛ Хаджи Димитър,,"Sliven, 
ул. Димитър Пехливанов 5",,,,0,0,,,,https://www.credoweb.bg/page/19673/mbal-hadzhi-dimitar/structures/50668/akushero-ginekologichno-otdelenie-mbal-hadzhi-dimitar
МБАЛ Хаджи Димитър,,"Sliven, 
ул. Димитър Пехливанов 5",,,,0,0,,,,https://www.credoweb.bg/page/19673/mbal-hadzhi-dimitar/structures/50669/neonatologichno-otdelenie-mbalhadzhi-dimitar
МБАЛ Хаджи Димитър,,"Sliven, 
ул. Димитър Пехливанов 5",,,,0,0,,,,https://www.credoweb.bg/page/19673/mbal-hadzhi-dimitar/structures/50671/ung-otdelenie-mbalhadzhi-dimitar
МБАЛ Хаджи Димитър,,"Sliven, 
ул. Димитър Пехливанов 5",,,,0,0,,,,https://www.credoweb.bg/page/19673/mbal-hadzhi-dimitar/structures/50674/hirurgichno-otdelenie-mbalhadzhi-dimitar
МБАЛ Хаджи Димитър,,"Sliven, 
ул. Димитър Пехливанов 5",,,,0,0,,,,https://www.credoweb.bg/page/19673/mbal-hadzhi-dimitar/structures/50675/sadova-hirurgiya-mbalhadzhi-dimitar
МБАЛ Хаджи Димитър,,"Sliven, 
ул. Димитър Пехливанов 5",,,,0,0,,,,https://www.credoweb.bg/page/19673/mbal-hadzhi-dimitar/structures/50676/ortopedotravmatologichno-otdelenie-mbalhadzhi-dimitar
МБАЛ Хаджи Димитър,,"Sliven, 
ул. Димитър Пехливанов 5",,,,0,0,,,,https://www.credoweb.bg/page/19673/mbal-hadzhi-dimitar/structures/50677/anesteziologiya-i-reanimatsiya-mbalhadzhi-dimitar
МБАЛ Хаджи Димитър,,"Sliven, 
ул. Димитър Пехливанов 5",,,,0,0,,,,https://www.credoweb.bg/page/19673/mbal-hadzhi-dimitar/structures/50678/nevrologichno-otdelenie-mbalhadzhi-dimitar
МБАЛ Хаджи Димитър,,"Sliven, 
ул. Димитър Пехливанов 5",,,,0,0,,,,https://www.credoweb.bg/page/19673/mbal-hadzhi-dimitar/structures/50680/otdelenie-po-fizikalno-lechenie-i-rehabilitatsiya
МЦ Beute,Medical center,"България, Сливен, 8800, ул.Хаджи Димитър 19",Beute,,,0,0,"Единственият в Източна България медицински център за естетическа хирургия! Четириетажната сграда е със застроена площ 1400 м2 с два хирургически блока и стационари. Центърът ще се грижи за самочувствието, красотата и здравето на своите пациенти        Иновативни техники, високо квалифициран лекарски екип и забележително оборудване, събрало на едно място най-доброто в областта на пластична хирургия, естетичната дерматология, физиотерапията и лечение на трудно заздравяващи рани.    Доказани лекари специалисти ще работят в Медицинския център:  Проф. Трайков, пластичен хирург към Университетска болница Пловдив  Д-р Зънзов, пластичен хирург, Университетска болница Пловдив  Доц. Христакиева специалист по кожно – венерически заболявания към Университетска болница Стара Загора.    По време на престоя си пациентите ще имат възможност да бъдат настанени в луксозни стаи, ще разполагат с неограничен достъп до интернет, телефон, кабелна телевизия, рум сървиз.    Операционните зали са проектирани и построени по европейски стандарти, снабдени с климатична система, която дава гаранция за изключителна чистота и стерилност на инструментариума, персонала и апаратурата в нея. Съвременната анестезиологична апаратура позволява на лекарсия екип да контролира всички функции на организма по време на оперативната интервенция.",,,https://www.credoweb.bg/page/50681/mts-beute
МБАЛ Хаджи Димитър,,"Sliven, 
ул. Димитър Пехливанов 5",,,,0,0,,,,https://www.credoweb.bg/page/19673/mbal-hadzhi-dimitar/structures/50517/dkts-sliven
МБАЛ Хаджи Димитър,,"Sliven, 
ул. Димитър Пехливанов 5",,,,0,0,,,,https://www.credoweb.bg/page/19673/mbal-hadzhi-dimitar/structures/50761/otdelenie-po-hemodializa-kam-mbal
МБАЛ Хаджи Димитър,,"Sliven, 
ул. Димитър Пехливанов 5",,,,0,0,,,,https://www.credoweb.bg/page/19673/mbal-hadzhi-dimitar/structures/50762/otdelenie-za-dolekuvane-kam-mbal-hadzhi-dimitar
МБАЛ Д-р Ив.Селимински - Сливен,,"Sliven, 
бул. Христо Ботев 2","МБАЛ ""Д-р Иван Селимински""",,,0,0,,,,https://www.credoweb.bg/page/19670/mbal-d-r-ivseliminski/structures/52806/otdelenie-vatreshni-bolesti
МБАЛ Д-р Ив.Селимински - Сливен,,"Sliven, 
бул. Христо Ботев 2","МБАЛ ""Д-р Иван Селимински""",,,0,0,,,,https://www.credoweb.bg/page/19670/mbal-d-r-ivseliminski/structures/52822/otdelenie-po-nefrologiya-1
МБАЛ Д-р Ив.Селимински - Сливен,,"Sliven, 
бул. Христо Ботев 2","МБАЛ ""Д-р Иван Селимински""",,,0,0,,,,https://www.credoweb.bg/page/19670/mbal-d-r-ivseliminski/structures/52825/otdelenie-po-kardiologiya-1
МБАЛ Д-р Ив.Селимински - Сливен,,"Sliven, 
бул. Христо Ботев 2","МБАЛ ""Д-р Иван Селимински""",,,0,0,,,,https://www.credoweb.bg/page/19670/mbal-d-r-ivseliminski/structures/52826/otdelenie-po-endokrinologiya-1
МБАЛ Д-р Ив.Селимински - Сливен,,"Sliven, 
бул. Христо Ботев 2","МБАЛ ""Д-р Иван Селимински""",,,0,0,,,,https://www.credoweb.bg/page/19670/mbal-d-r-ivseliminski/structures/52838/otdelenie-po-gastroenterologiya-1
МБАЛ Д-р Ив.Селимински - Сливен,,"Sliven, 
бул. Христо Ботев 2","МБАЛ ""Д-р Иван Селимински""",,,0,0,,,,https://www.credoweb.bg/page/19670/mbal-d-r-ivseliminski/structures/52842/otdelenie-za-ranna-rehabilitatsiya-i-fizioterapiya
"МЦ ""БиС медикълс"" ООД",Medical center,"България, Смолян, 4700, ул. ""Хан Аспарух"" 2",,,,0,0,,,д-р Божидар Каев | д-р Светомир Феликсов Чоков,https://www.credoweb.bg/page/53025/mts-bis-medikals-ood
МБАЛ - Шумен,,"Shumen, 
ул. Васил Априлов 63",,,,0,0,,,,https://www.credoweb.bg/page/19926/mbal-shumen/structures/54041/otdelenie-po-revmatologiya
МБАЛ Д-р Ив.Селимински - Сливен,,"Sliven, 
бул. Христо Ботев 2","МБАЛ ""Д-р Иван Селимински""",,,0,0,,,,https://www.credoweb.bg/page/19670/mbal-d-r-ivseliminski/structures/54470/otdelenie-po-infektsiozni-bolesti-1
МБАЛ Д-р Ив.Селимински - Сливен,,"Sliven, 
бул. Христо Ботев 2","МБАЛ ""Д-р Иван Селимински""",,,0,0,,,,https://www.credoweb.bg/page/19670/mbal-d-r-ivseliminski/structures/54471/otdelenie-po-nevrologiya-1
Медицински център DeTox,Medical center,"България, София, 1618, кв. Павлово, ул. Купените №10",Посети уеб сайта,,,0,0,,,,https://www.credoweb.bg/page/56329/meditsinski-tsentar-detox
Д-р Л Дражев ИППМП 2012 ЕООД,Hospital,"България, Стара Загора, 6000, Захари Княжески -21",,,,0,0,,,,https://www.credoweb.bg/page/56336/d-r-l-drazhev-ippmp-2012-eood
УМБАЛ Св. Георги - База 1,,"Plovdiv, 
бул. В. Априлов 15",,,,0,0,,,,https://www.credoweb.bg/page/20060/umbal-sv-georgi-baza-1/structures/56595/klinika-po-pediatriya-i-genetichni-zabolyavaniya
МЦ Авицена,Medical center,"България, Силистра, 7500, ул. Македония 61",,,,0,0,,,,https://www.credoweb.bg/page/56453/mts-avitsena
СБАЛДБ Д-р Лисичкова,,"Varna, 
бул. ""Република"" 91, МК Младост, ет. 5, тяло Г",Лабораторни резултати,,,0,0,,,,https://www.credoweb.bg/page/19983/sbaldb-d-r-lisichkova/structures/56907/mts-sveti-stiliyan
УМБАЛ МЕДИКА РУСЕ ООД,,"Ruse, 
ул. Рига № 35",МБАЛ,,,0,0,,,,https://www.credoweb.bg/page/57612/umbal-medika-ruse-ood/structures/57614/diagnostichno-konsultativen-blok
УМБАЛ МЕДИКА РУСЕ ООД,,"Ruse, 
ул. Рига № 35",МБАЛ,,,0,0,,,,https://www.credoweb.bg/page/57612/umbal-medika-ruse-ood/structures/57619/otdelenie-po-invazivna-neinvazivna-i-intenzivna-kardiologiya
Военномедицинска академия,,"Sofia, 
ул. Св. Георги Софийски 3",www.vma.bg,,,0,0,,,,https://www.credoweb.bg/page/19791/voennomeditsinska-akademiya/structures/57376/klinika-po-chernodrobno-pankreatichna-i-transplantatsionna-hirurgiya
УМБАЛ Александровска,,"Sofia, 
ул. Св. Георги Софийски 1",http://alexandrovska.com/display.php?bg,,,0,0,,,,https://www.credoweb.bg/page/19790/umbal-aleksandrovska/structures/57740/klinika-po-propedevtika-na-vatreshnite-bolesti-prof-stoyan-kirkovich
СПЕЦИАЛИЗИРАНА БОЛНИЦА ЗА ФИЗИКАЛНА И РЕХАБИЛИТАЦИОННА МЕДИЦИНА „МЕДИКА”,Hospital,"България, ул. Независимост 2",http://www.medicabg.com/-127,,,0,0,,,,https://www.credoweb.bg/page/57958/spetsializirana-bolnitsa-za-fizikalna-i-rehabilitatsionna-meditsina-medika
МЕДИЦИНСКИ ЦЕНТЪР „МЕДИКА ЕКСПЕРТ”,Medical center,"България, Русе, 7000, ул. Независимост 2",http://www.medicabg.com/-147,,,0,0,,,,https://www.credoweb.bg/page/57961/meditsinski-tsentar-medika-ekspert
СБАЛПФЗ,Hospital,"България, Пазарджик, 4400, ул. Болнична 15",,,,0,0,,,д-р Румен Аврамов,https://www.credoweb.bg/page/58622/sbalpfz
СБАЛПФЗ - София област,Hospital,"България, София, 1000, бул. Сливница 309",,,,0,0,,,,https://www.credoweb.bg/page/58677/sbalpfz-sofiya-oblast
ЛОГОПЕДИЧНИ ЦЕНТРОВЕ „МЕДИКА”,Medical center,"България, Русе, 7000, ул. Независимост 2 ДКЦ-1, ет. 2 к-т 206",http://www.medicabg.com/logopedichni-centrove-medika,,,0,0,,,,https://www.credoweb.bg/page/58851/logopedichni-tsentrove-medika
УМБАЛ МЕДИКА РУСЕ ООД,,"Ruse, 
ул. Рига № 35",МБАЛ,,,0,0,,,,https://www.credoweb.bg/page/57612/umbal-medika-ruse-ood/structures/58854/otdelenie-po-anesteziologiya-i-intenzivno-lechenie
УМБАЛ МЕДИКА РУСЕ ООД,,"Ruse, 
ул. Рига № 35",МБАЛ,,,0,0,,,,https://www.credoweb.bg/page/57612/umbal-medika-ruse-ood/structures/58855/otdelenie-sadova-hirurgiya
Онкологичен център,,"Panagyurishte, 
 ул. Георги Бенковски № 100",,,,0,0,,,,https://www.credoweb.bg/page/48679/onkologichen-tsentar/structures/60325/meditsinska-onkologiya
Синексус София,,"Sofia, 
Бул. Андрей Сахаров 20А",www.synexuscenter.bg,,,0,0,,,,https://www.credoweb.bg/page/50228/sineksus-sofiya/structures/65450/meditsinski-tsentar-sineksus-sofiya-klon-stara-zagora
Дентален кабинет д-р Илиана Илчева,Dental clinic,"България, Пловдив, 4000, бул.Хр.Ботев 81 ет 3 каб 312-поликлиниката на Военна болница",,,,0,0,,,,https://www.credoweb.bg/page/65613/dentalen-kabinet-d-r-iliana-ilcheva
КАРДИО АВАНГАРД ЕООД,Hospital,"България, Крумовград, 6900, ул.Христо Ботев. 2",,+359898508693,dr_divchev@abv.bg,0,0,,,,https://www.credoweb.bg/page/65838/kardio-avangard-eood
Мешков Дентал,Dental clinic,"България, Пловдив, 4000, бул. Освобождение 59",,,,0,0,,,,https://www.credoweb.bg/page/68274/meshkov-dental
Медицински център Стимул,Medical center,"България, София, 1000, кв. Дианабад, ъл. Св. Пимен Зографски 38, вх Г",www.stimul.bg,,,0,0,,,,https://www.credoweb.bg/page/73325/meditsinski-tsentar-stimul
Здрависимо,Medical center,"България, Кюстендил, 2501, ъяяаъ",,,,0,0,,,,https://www.credoweb.bg/page/77572/zdravisimo
"Дентални Кабинети"" Жоржес""",Dental clinic,"България, София, 1309, бул“'Сливница ""142 Вход 3 Етаж 2",,,,0,0,,,,https://www.credoweb.bg/page/83266/dentalni-kabineti-zhorzhes
СИГМАМЕД / SIGMAMED /,,"Sofia, 
ул.Тинтява 13А  ж-к Изток",Website,,,0,0,,,,https://www.credoweb.bg/page/81272/sigmamed/structures/85145/sigmamed
МБАЛ Силистра,Hospital,"България, Силистра, 7500, ул.""Петър Мутафчиев"" 80",,,,0,0,,,,https://www.credoweb.bg/page/28568/mbal-silistra
Д-р Сурай Шефкет,Medical center,"България, Силистра, 7500, ул. ""Петър Мутафчиев"" №63",,,,0,0,,,,https://www.credoweb.bg/page/88247/d-r-suray-shefket
"Дом за стари хора ""Св.Георги""",Medical center,"България, Вакарел, 2060, ул. Пейо Яворов 19",,,,0,0,,,,https://www.credoweb.bg/page/100957/dom-za-stari-hora-svgeorgi
Turkeyana clinic,Clinic,"Турция, istanbul, 34295, Istanbul",,,,0,0,,,,https://www.credoweb.bg/page/126099/turkeyana-clinic
Медицински Център Артро - Гоце Делчев,Medical center,"България, Гоце Делчев, 2900, бул. Гоце Делчев 73",https://www.mc-artro.com/,,,0,0,,,,https://www.credoweb.bg/page/127331/meditsinski-tsentar-artro-gotse-delchev
Sofia Physio Center,,"Sofia, 
бул ""Братя Бъкстон"" 71, кв. Манастирски ливади",Запази час онлайн!,,,0,0,,,,https://www.credoweb.bg/page/129482/sofia-physio-center/structures/136397/sofiya-fizio-tsentar
МедиаМед2,,"Belitsa (Belitsa), 
ул. драгомислав атанас далчев 3631, зад киното на центъра, до магазина за хранителни стоки",,,,0,0,,,,https://www.credoweb.bg/page/46389/mediamed2/structures/147667/yyaayyaa
Очен медицински център Лазарекс - Пловдив,Medical center,"България, Пловдив, 4000, ул. Колхида – продължение, Транспортна болница, ет.3",,,,0,0,,,,https://www.credoweb.bg/page/155571/ochen-meditsinski-tsentar-lazareks-plovdiv
МедиаМед2,,"Belitsa (Belitsa), 
ул. драгомислав атанас далчев 3631, зад киното на центъра, до магазина за хранителни стоки",,,,0,0,,,,https://www.credoweb.bg/page/46389/mediamed2/structures/159526/aozhaozh
Аджибадем Сити Клиник УМБАЛ Токуда,,"Sofia, 
бул. Никола Й. Вапцаров 51 Б",Повече за нас,,,0,0,,,,https://www.credoweb.bg/page/19710/adzhibadem-siti-bolnitsa-tokuda/structures/45023/otdelenie-po-endokrinologiya-tokuda
"МБАЛ ""Проф. Д-р Параскев Стоянов"" АД – Ловеч",,"Lovech, 
ул. Д-р Съйко Съев 27",www.mbal-lovech.com,,,0,0,,,,https://www.credoweb.bg/page/19485/mbal-prof-d-r-paraskev-stoyanov-ad-lovech/structures/23744/otdelenie-po-vatreshni-bolesti
"МБАЛ ""Проф. Д-р Параскев Стоянов"" АД – Ловеч",,"Lovech, 
ул. Д-р Съйко Съев 27",www.mbal-lovech.com,,,0,0,,,,https://www.credoweb.bg/page/19485/mbal-prof-d-r-paraskev-stoyanov-ad-lovech/structures/23745/otdelenie-po-pnevmologiya-i-ftiziatriya
"МБАЛ ""Проф. Д-р Параскев Стоянов"" АД – Ловеч",,"Lovech, 
ул. Д-р Съйко Съев 27",www.mbal-lovech.com,,,0,0,,,,https://www.credoweb.bg/page/19485/mbal-prof-d-r-paraskev-stoyanov-ad-lovech/structures/23747/otdelenie-po-pediatriya
"МБАЛ ""Проф. Д-р Параскев Стоянов"" АД – Ловеч",,"Lovech, 
ул. Д-р Съйко Съев 27",www.mbal-lovech.com,,,0,0,,,,https://www.credoweb.bg/page/19485/mbal-prof-d-r-paraskev-stoyanov-ad-lovech/structures/23749/otdelenie-ushi-nos-garlo
"МБАЛ ""Проф. Д-р Параскев Стоянов"" АД – Ловеч",,"Lovech, 
ул. Д-р Съйко Съев 27",www.mbal-lovech.com,,,0,0,,,,https://www.credoweb.bg/page/19485/mbal-prof-d-r-paraskev-stoyanov-ad-lovech/structures/24354/otchelenie-po-akusherstvo-i-ginekologiya
"МБАЛ ""Проф. Д-р Параскев Стоянов"" АД – Ловеч",,"Lovech, 
ул. Д-р Съйко Съев 27",www.mbal-lovech.com,,,0,0,,,,https://www.credoweb.bg/page/19485/mbal-prof-d-r-paraskev-stoyanov-ad-lovech/structures/24355/otdelenie-po-anesteziologiya-i-intenzivno-lechenie
"МБАЛ ""Проф. Д-р Параскев Стоянов"" АД – Ловеч",,"Lovech, 
ул. Д-р Съйко Съев 27",www.mbal-lovech.com,,,0,0,,,,https://www.credoweb.bg/page/19485/mbal-prof-d-r-paraskev-stoyanov-ad-lovech/structures/24356/otdelenie-po-infektsiozni-bolesti
"МБАЛ ""Проф. Д-р Параскев Стоянов"" АД – Ловеч",,"Lovech, 
ул. Д-р Съйко Съев 27",www.mbal-lovech.com,,,0,0,,,,https://www.credoweb.bg/page/19485/mbal-prof-d-r-paraskev-stoyanov-ad-lovech/structures/32602/otdelenie-po-hemodializa
"МБАЛ ""Проф. Д-р Параскев Стоянов"" АД – Ловеч",,"Lovech, 
ул. Д-р Съйко Съев 27",www.mbal-lovech.com,,,0,0,,,,https://www.credoweb.bg/page/19485/mbal-prof-d-r-paraskev-stoyanov-ad-lovech/structures/44939/speshno-otdelenie
"МБАЛ ""Проф. Д-р Параскев Стоянов"" АД – Ловеч",,"Lovech, 
ул. Д-р Съйко Съев 27",www.mbal-lovech.com,,,0,0,,,,https://www.credoweb.bg/page/19485/mbal-prof-d-r-paraskev-stoyanov-ad-lovech/structures/44940/obrazna-diagnostika
"МБАЛ ""Проф. Д-р Параскев Стоянов"" АД – Ловеч",,"Lovech, 
ул. Д-р Съйко Съев 27",www.mbal-lovech.com,,,0,0,,,,https://www.credoweb.bg/page/19485/mbal-prof-d-r-paraskev-stoyanov-ad-lovech/structures/163000/klinichna-laboratoriya
"МБАЛ ""Проф. Д-р Параскев Стоянов"" АД – Ловеч",,"Lovech, 
ул. Д-р Съйко Съев 27",www.mbal-lovech.com,,,0,0,,,,https://www.credoweb.bg/page/19485/mbal-prof-d-r-paraskev-stoyanov-ad-lovech/structures/163001/mikrobiologichna-laboratoriya
"МБАЛ ""Проф. Д-р Параскев Стоянов"" АД – Ловеч",,"Lovech, 
ул. Д-р Съйко Съев 27",www.mbal-lovech.com,,,0,0,,,,https://www.credoweb.bg/page/19485/mbal-prof-d-r-paraskev-stoyanov-ad-lovech/structures/163002/otdelenie-po-transfuzionna-hematologiya
"МБАЛ ""Проф. Д-р Параскев Стоянов"" АД – Ловеч",,"Lovech, 
ул. Д-р Съйко Съев 27",www.mbal-lovech.com,,,0,0,,,,https://www.credoweb.bg/page/19485/mbal-prof-d-r-paraskev-stoyanov-ad-lovech/structures/163003/otdelenie-po-sadebna-meditsina
"МБАЛ ""Проф. Д-р Параскев Стоянов"" АД – Ловеч",,"Lovech, 
ул. Д-р Съйко Съев 27",www.mbal-lovech.com,,,0,0,,,,https://www.credoweb.bg/page/19485/mbal-prof-d-r-paraskev-stoyanov-ad-lovech/structures/163004/otdelenie-po-obshta-klinichna-patologiya
"МБАЛ ""Проф. Д-р Параскев Стоянов"" АД – Ловеч",,"Lovech, 
ул. Д-р Съйко Съев 27",www.mbal-lovech.com,,,0,0,,,,https://www.credoweb.bg/page/19485/mbal-prof-d-r-paraskev-stoyanov-ad-lovech/structures/163005/trudovo-ekspertna-lekarska-komisiya
"МБАЛ ""Проф. Д-р Параскев Стоянов"" АД – Ловеч",,"Lovech, 
ул. Д-р Съйко Съев 27",www.mbal-lovech.com,,,0,0,,,,https://www.credoweb.bg/page/19485/mbal-prof-d-r-paraskev-stoyanov-ad-lovech/structures/163006/tsentralna-sterilizatsionna
"МБАЛ ""Проф. Д-р Параскев Стоянов"" АД – Ловеч",,"Lovech, 
ул. Д-р Съйко Съев 27",www.mbal-lovech.com,,,0,0,,,,https://www.credoweb.bg/page/19485/mbal-prof-d-r-paraskev-stoyanov-ad-lovech/structures/163007/bolnichna-apteka
МБАЛ ВИТА,,"Sofia, 
бул. Филип Кутев 10",Повече за нас,,,0,0,,,,https://www.credoweb.bg/page/19752/mbal-vita/structures/164688/otdelenie-akusherstvo-i-patologichna-bremennost
МБАЛ ВИТА,,"Sofia, 
бул. Филип Кутев 10",Повече за нас,,,0,0,,,,https://www.credoweb.bg/page/19752/mbal-vita/structures/164689/otdelenie-anesteziologiya-i-intenzivno-lechenie
МБАЛ ВИТА,,"Sofia, 
бул. Филип Кутев 10",Повече за нас,,,0,0,,,,https://www.credoweb.bg/page/19752/mbal-vita/structures/164691/otdelenie-gastroenterologiya
МБАЛ ВИТА,,"Sofia, 
бул. Филип Кутев 10",Повече за нас,,,0,0,,,,https://www.credoweb.bg/page/19752/mbal-vita/structures/164692/metabolitna-i-bariatrichna-hirurgiya
МБАЛ ВИТА,,"Sofia, 
бул. Филип Кутев 10",Повече за нас,,,0,0,,,,https://www.credoweb.bg/page/19752/mbal-vita/structures/164695/otdelenie-neonatologiya
МБАЛ ВИТА,,"Sofia, 
бул. Филип Кутев 10",Повече за нас,,,0,0,,,,https://www.credoweb.bg/page/19752/mbal-vita/structures/164696/operativna-ginekologiya-i-tazova-hirurgiya
МБАЛ ВИТА,,"Sofia, 
бул. Филип Кутев 10",Повече за нас,,,0,0,,,,https://www.credoweb.bg/page/19752/mbal-vita/structures/164697/otdelenie-ortopediya-i-travmatologiya
МБАЛ ВИТА,,"Sofia, 
бул. Филип Кутев 10",Повече за нас,,,0,0,,,,https://www.credoweb.bg/page/19752/mbal-vita/structures/164698/otdelenie-plastichno-vazstanovitelna-i-estetichna-hirurgiya
МБАЛ ВИТА,,"Sofia, 
бул. Филип Кутев 10",Повече за нас,,,0,0,,,,https://www.credoweb.bg/page/19752/mbal-vita/structures/164699/otdelenie-urologiya
МБАЛ ВИТА,,"Sofia, 
бул. Филип Кутев 10",Повече за нас,,,0,0,,,,https://www.credoweb.bg/page/19752/mbal-vita/structures/164701/klinika-po-hirurgiya
МЦ Афродита,,"Sofia, 
ул ""Хенрик Ибсен"" 15, ет. 1",Научи повече,,,0,0,,,,https://www.credoweb.bg/page/20065/mts-afrodita/structures/167108/mts-afrodita
Д-р Иван Дринков-Кабинет по УНГ болести,Hospital,"България, Стара Загора, 6004, ул. ""Екзарх Антим Първи 101""",dr-drinkov.com,,,0,0,,,,https://www.credoweb.bg/page/93244/d-r-ivan-drinkov-kabinet-po-ung-bolesti
Военномедицинска академия,Hospital,"България, София, 1000, ул. Св. Георги Софийски 3",www.vma.bg,,,0,0,,,,https://www.credoweb.bg/page/19791/voennomeditsinska-akademiya
Аджибадем Сити Клиник УМБАЛ Токуда,Hospital,"България, София, 1000, бул. Никола Й. Вапцаров 51 Б",Повече за нас,+35924034112,tokuda.info@acibademcityclinic.bg,0,0,"Аджибадем Сити Клиник УМБАЛ Токуда е най-голямото лечебно заведение в България, построено и развито с частни инвестиции. Болницата е открита през 2006 г. като част от здравната група на японския лекар и предприемач д-р Торао Токуда.    От 2016 г. е част от най-голямата група лечебни заведения в страната - Аджибадем Сити Клиник.      Лечебното заведение е разположено в София, в южната част на кв. Лозенец на 27 хил. кв. м. площ (52 хил. кв. м. разгърната площ). Има капацитет 670 легла, напълно адаптирани към индивидуалните нужди на пациентите, в 39 клиники и отделения, 3 медико-диагностични лаборатории, 22 операционни зали, 4 ангиографски лаборатории, спешно отделение и център за клинични проучвания. Структурата на лечебното заведение е многопрофилна и предлага комплексна здравна помощ в почти всички медицински направления. На територията й работи и най-големият диагностично-консултативен център в страната – Аджибадем Сити Клиник ДКЦ Токуда.         Аджибадем Сити Клиник УМБАЛ Токуда е призната за Научна организация от Министерство на науката и образованието с възможности за провеждане на докторски програми и процедури за заемане на академични длъжности. УМБАЛ Токуда е носител на множество национални и международни отличия и награди.         Повече за историята на болница Токуда - https://acibademcityclinic.bg/tokuda/za-nas#nav0","Отделение по Урология | Отделение по Офталмология, Токуда Болница София | Клиника по Кардиология | Отделение по ендокринология - Токуда",,https://www.credoweb.bg/page/19710/adzhibadem-siti-klinik-umbal-tokuda
УМБАЛ Софиямед,Hospital,"България, София, 1000, бул. Г. М. Димитров 16",http://hospitalsofiamed.bg/,,hospitalsofiamed@bulpharma.bg,0,0,"Модерна европейска болница, създадена през 2012 г. Болничният комплекс се състои от УМБАЛ ""Софиямед"" -БЛОК 1 и БЛОК2, и ДКЦ ""Софиямед"". В тях практикуват водещи специалисти, които гарантират високо качество и компетентност на медицинското обслужване.        ""Софиямед"" е модерна европейска болница, в центъра на София. Тя част от верига лечебни заведения, функциониращи в страната.    Болничният комплекс се състои от УМБАЛ ""Софиямед"" - БЛОК1 и БЛОК2, и ДКЦ ""Софиямед"".    Стационарният блок на болницата разполага с 582 легла.    Университетска болница ""Софиямед"" осигурява задължителния комфорт на всеки пациент в стаи с 1, 2 и 3 легла. Всяка стая разполага със собствен санитарен възел, интернет и телевизия. Стаите са обзаведени с мека кожена мебел, отговаряща на всички санитарни изисквания.    Болницата е оборудвана с най-ново поколение медицинска апаратура на водещи производители.    В УМБАЛ ""Софиямед"" практикуват водещи специалисти и професионално избрани специализирани екипи, които гарантират високо качество и компетентност на медицинското обслужване.    В ДКЦ има 80 кабинета, в които работят 40 общопрактикуващи лекари и 100 лекари в различни специалности в доболничната помощ.    Болницата има сключен договор с НЗОК.    УМБАЛ ""Софиямед"" разполага с Неотложна медицинска помощ и Спешна помощ.    Структурните звена в болницата са във функционална връзка, което не позволява смесването на пациентопотока.    Болницата има трето, най-високо ниво на компетентност от Министерството на здравеопазването.    УМБАЛ ""Софиямед"" се намира на централно и много достъпно място.     До нея може да се стигне лесно от всяка точка на града.     Лечебното заведение разполага със собствен паркинг, който е безплатен за началото на престоя на всички пациенти.",Отделение по Ушно-носно-гърлени болести | Отделение по Кардиология и инвазивна кардиология | Отделение по Ревматология | Отделение по Неврохирургия | Отделение по Ортопедия и травматология | Отделение по съдова хирургия | Отделение по гастроентерология | Отделение по акушерство и гинекология | Отделение по хирургия | Отделение по анестезиология и интензивно лечение | Отделение по неврология | Отделение по урология,,https://www.credoweb.bg/page/19697/umbal-sofiyamed
"Медицинска лаборатория ""ЛИНА""",Laboratory,"България, Бургас , 8000, Централа - град Бургас, бул. ""Даме Груев"" №4, ет.2 (Central Park)",http://www.lina-bg.com,+359700 10447,,0,0,"Самостоятелна медико-диагностична лаборатория ""ЛИНА"" е лицензирано лечебно заведение, което предоставя резултати всеки ден, извършва ежедневен вътрешен лабораторен контрол, редовно участва в Националната система за външен лабораторен контрол, разполага с утвърдени международни лабораторни методики и апаратура.  ""ЛИНА""  изгражда първата си лаборатория в Бургас през 1999 г. Благодарение на бързото качествено и коректно обслужване на пациентите, за кратко време успява да се разрасне. Днес ""ЛИНА""  има филиали в областите - София, Бургас,  Варна, Пловдив, Добрич, Пазарджик, Плевен, Ловеч, Стара Загора, Русе, Велико Търново, Габрово, Хасково, Сливен и Ямбол.    Участието в системата за външен лабораторен контрол гарантира постоянна връзка с катедрите по Клинична лаборатория в медицинските университети в страната.    Лабораторията има сключен договор с Националната здравноосигурителна каса и извършва изследвания както срещу талон-направление от личен лекар или специалист, така и за самонасочили се пациенти.",,"д-р Васил Милтиядов Костадинов | д-р Георги Славов | д-р Марта Райкова | д-р Пламена Хараланова | доц. Сашка Михайлова-Микова, дм | д-р Светла Бакалова | д-р Татяна Николова-Бялкова",https://www.credoweb.bg/page/23696/meditsinska-laboratoriya-lina
УМБАЛ Царица Йоанна - ИСУЛ,Hospital,"България, София, 1000, ул. Бяло море 8",http://www.isul.eu/index.htm,,,0,0,"Университетска многопрофилна болница за активно лечение „Царица Йоанна – ИСУЛ” е създадена през 1936 година.       Университетска многопрофилна болница за активно лечение „Царица Йоанна – ИСУЛ” е създадена през 1936 година. Тя е търговско дружество със 100% държавно участие и едноличен собственик на капитала министъра на здравеопазването.     В болницата се осъществява диагностична, лечебна, преподавателска, научна дейност, експертна и консултативна дейност. Хоспитализират се пациенти по спешност, планово и се извършват амбулаторни консултации и терапия.    Болницата разполага с 429 легла. Персоналът е 992 души. От тях професори – 16; доценти – 42; нехабилитирани преподаватели – 99; лекари-ординатори – 84; висш немедицински персонал – 40; медицински сестри – 310; медицински лаборанти – 40; рентгенови лаборанти – 29; рехабилитатори – 7; кинезитерапевти – 4; фармацевти – 5; санитари -171, друг персонал - 126.",Клиника по кардиология | Клиника по медицинска онкология | Лаборатория по микробиология и вирусология | Клиника по хирургия | Клиника по физикална и рехабилитационна медицина | Клиника по ортопедия и травматология | Клиника по нефрология | Клиника по УНГ болести | Клиника по лъчелечение | Клиника по хемодиализа | Клиника по метаболитно-ендокринни заболявания и диететика | Диагностично-консултативен блок | Клиника по гастроентерология | Сектор по Аудиология | Клиника по неврохирургия | Клиника по неврология | Отделение по урология - андрология | Клиника по очни болести,,https://www.credoweb.bg/page/19740/umbal-tsaritsa-yoanna-isul
УМБАЛ Александровска,Hospital,"България, София, 1000, ул. Св. Георги Софийски 1",http://alexandrovska.com/display.php?bg,,,0,0,"Университетска многопрофилна болница за активно лечение „Александровска“ ЕАД, известна като Александровска болница е най-старата болница и една от най-големите в страната. Още със създаването й през 1879 г. под името Софийска първоразрядна болница, тя получава статут, задачи и функции на национална медицинска институция.            Днес УМБАЛ „Александровска” е водещ национален университетски и лечебен център в многопрофилната болнична дейност за активно лечение, трансплантационната, диспансерната, учебната и научно-изследователската дейност.    Болницата, чрез модерни методи и технологии, предоставя адекватна, достъпна и в някои области уникална по обем и качество медицинска помощ за диагностика, лечение и рехабилитация на лица с остри и хронични заболявания, травми, състояния, изискващи оперативно лечение в болнични условия, в т.ч. медико-козметични процедури. Лечението на пациенти от цялата страна се осъществява на съвременно и високо професионално равнище, в съответствие със законите, правилата за добра клинична практика и спазване на действащите в Европейския съюз норми и стандарти.    Със своя многопрофилен спектър, Университетска болница „Александровска” е най-голямата база за разработване, клинично изпитване и прилагане на съвременни високоефективни методи и технологии за диагностика и лечение.    Болшинството от ръководителите на катедри към Медицински университет - София, както и основната част от националните и републиканските консултанти по отделните клинични дисциплини са лекари и преподаватели от Александровска болница. Голяма част от тях оглавяват и националните медицински научни дружества и асоциации.    В клиничната база на Болницата се осъществява следдипломна квалификация и специализация на повечето лекари в България с възможност да участват в основни и тематични курсове, и индивидуални специализации. Единствено в Александровска болница се провеждат държавните изпити за придобиване на основните клинични специалности.    УМБАЛ „Александровска” е разположена на територия от 258 декара със структури, разположени в сграден фонд на павилионен принцип. Земята е публична държавна собственост с принципал Министерство на здравеопазването и не подлежи на приватизация.    Болничната медицинска дейност се осъществява в 26 клиники, 3 лаборатории, отделения, центрове и приемни кабинети. УМБАЛ ""Александровска"" разполага с 860 легла, от които 261 хирургични и 35 интензивни. Висшият медицински персонал е съставен от 440 души, 303 от които са едновременно и научно-преподавателски кадри към Медицински университет - София, 156 имат научна степен «Доктор» и «Доктор на медицинските науки», 90 са хабилитирани лица – 39 професори и 51 доценти.    Някои от структурите на Болницата са уникални по функции и значение за страната:    Клиника по Клинична алергология  Клиника по Детско-юношеска психиатрия е единствената университетска структура по детска психиатрия в България  Клиниката по Клинична имунологи е хранилище на Националната публична банка за стволови клетки  Клиниката по Нервни болести разполага с най-голямата у нас лаборатория за ултразвукови изследвания на нервната система и на мозъчните съдове, снабдена с Доплерова сонография и цветен Доплер. На нейната територия е и единствения в страната Инфузионен център за пациенти с редки болести  Клиника по Нефрология и трансплантация е единствената клиника в страната, в която се извършва подготовка на двойки донор / рецепиент – за жива родствена трансплантация и наблюдение и лечение на бъбречнотрансплантирани)  Клиниката по Нуклеарна медицина притежава апарат за мултимодална образна диагностика - РЕТ/СТ, който се смята за най-бързо развиващия се образен метод в света с приложение предимно в онкологията, кардиологията и неврологията  Лаборатория по терапевтичен лекарствен мониторинг и клинична фармакология  Клиника по съдебна медицина и деонтология","Клиника по клинична имунология | Клиника по гастроентерология | Клиника по пластично-възстановителна и естетична хирургия | Клиника по клинична алергология | Клиника по нефрология | Клиника по диализно лечение | ІІ Клиника по коремна хирургия | Отделение по Висцерална хирургия | Направление по Хирургия на гастроинтестиналния тракт | Операционен блок | Клиника по нефрология и трансплантация | Клиника по образна диагностика | Клиника по кожни и венерически болести | Клиника по очни болести | I-во очно отделение (по глаукома и катаракта) | Клиника по ендокринология | Клиника по обща и клинична патология | Център за превенция на захарния диабет тип 2 и усложненията му | Клиника по урология | Клиника по Детска психиатрия „Св. Никола” | Клиника по кардиология ""Проф. Константин Чилов"" | Клиника по пропедевтика на вътрешните болести ""Проф. Стоян Киркович"" | Отделение по белодробни болести | Клиника по Гастроентерология - УМБАЛ Александровска",,https://www.credoweb.bg/page/19790/umbal-aleksandrovska
УМБАЛСМ Пирогов,Hospital,"България, София, 1000, бул. Ген. Едуард И. Тотлебен 21",http://www.pirogov.eu/,+35929154411,pirogov@pirogov.bg; pr@pirogov.bg,0,0,"​Многопрофилната болница за активно лечение и спешна медицина ""Н.И. Пирогов"" е едно от най-голeмите болнични заведения в България и водещо в областта на спешната и бедствената медицина.        Университетската многопрофилна болница за активно лечение и спешна медицина ""Н. И. Пирогов"" е едно от най-големите болнични заведения в България и водещо в областта на спешната и бедствената медицина.  Уникално е  по своята  структура и функции. Нейно безспорно  предимство са  високоспециализираните  професионалисти, готови да помагат денонощно на пациенти от цялата страна.  Болницата носи името на световноизвестния руски хирург и травматолог Н. И. Пирогов, а неин кръщелник  е забележителният български учен и хирург проф. д-р Алберт Луканов, създател на спешната хирургия в България.    Лечебното заведение е също утвърдено  научноизследователско, лечебно и педагогическо звено. Принципите на работа, както и по-голямата част от нововъведенията са са чисто български. Те се превръщат в методологична и практико-лечебна база  за всички хирурзи  в страната и особено за работещите  в областта на  спешната медицина.    В клиниките и отделенията на болницата се оказва денонощно спешна и неотложна амбулаторна, стационарна, консултативна и методична помощ при спешни заболявания, травми и отравяния.    ""Пирогов"" има  уникални за страната звена. Такива са  националният център за лечение на изгаряния, секцията по детска хирургия, националният токсикологичен център, детската неврохирургия, детските  урологична и травматологична клиники.     Успешно работи и сектор за бъбречни трансплантации.     ""Пирогов"" е и голям научно-изследователски център и база за следдипломна квалификация на лекари по 17 медицински специалности с над 150 научни работници, от които 40  хабилитирани. На болницата е признат статут на университетска. Организира значими научни прояви като Дни на спешната хирургия, както и конференции и конгреси по клинична токсикология.     Издава авторитетното списание ""Спешна медицина"".    През годините ""Пирогов"" е натрупал значителен опит и специфично ноу-хау в областта на организацията на лечебния процес и лечението на спешно болни и пострадали при обичайни и при бедствени ситуации. Организацията на работа в болницата позволява прием на пациенти 24 часа в денонощието  365 дни годишно.     УМБАЛСМ ""Пирогов"" разполага с високо квалифициран екип от 2300 специалисти, готови да посрещнат всякакви предизвикателства, включително оказване на помощ при масови катастрофи и кризи. Клиниките и отделенията в болницата разполагат с 795 легла. Ежегодно през тях преминават над 40 000 лежащо болни. В спешните приемни и консултативни кабинети получават медицинска помощ около 300 000 амбулаторни пациенти годишно. За една година, в болницата се осъществяват над 1 400 000 прегледи, изследвания, процедури, операции. В операционните блокове на ""Пирогов""  ежемесечно се извършват около 2000 операции.    ""Пирогов"" е основен партньор на Столичната здравно-осигурителна каса. При последната акредитацията на лечебните заведения болницата получи максималната оценка 5 звезди.","Клиника по детска хирургия | Детска коремна хирургия | Хирургия на новороденото и кърмачето | Детска гръдна хирургия | Клиника по токсикология | Четвърта хирургична клиника | Клиника по детска реанимация и интензивно лечение | Детска анестезиология | Детска реанимация | Клиника по образна диагностика | Клиника по изгаряния и пластична хирургия | Изгаряния и пластична хирургия | Анестезиология и интензивно лечение | Трета хирургична клиника | Първа хирургична клиника | Втора хирургична клиника | Клиника по урология | Отделение по обща и спешна урология | МЦ Пирогов | Клиника по детска урология | Клиника по кардиология - УМБАЛСМ ""Пирогов"" | Клиника по вътрешни болести | Клиника по хирургия на ръка, реплантация и микрохирургия | Клиника по неврохирургия | Отделение по физикална и рехабилитационна медицина | II -а травматологична клиника | Клиника по гнойно-септична хирургия",д-р Адриана Костова | Д-р Албена Николова | д-р Албена Атанасова | д-р Александра Димова | Д-р Александрос Лафчис | Д-р Александър Ников | проф. Александър Червеняков | д-р Александър Соколов | д-р Александър Минчев | д-р Анастасия Гитева - Турчева | Анета Антонова | д-р Анна Стоименова,https://www.credoweb.bg/page/19698/umbalsm-pirogov
УМБАЛ Света Екатерина,Hospital,"България, София, 1000, бул. П. Славейков 52А",http://www.uhsek.com,+35970012131,szlatkova@uhsek.com,0,0,"Мисията на специализирана болница за активно лечение на сърдечно-съдови заболявания “Св. Екатерина” е ""прибавяне на години към живота и на здраве към годините”        История на лечебното заведение:    Клиниката по сърдечно-съдовата хирургия към Научния институт по хирургия на Медицинска академия е създадена на 7-ми ноември 1977 г. През годините тя прераства в УНСБАЛ “Света Екатерина”.    Първоначалния състав на клиниката е от хирурзи, кардиолози и медицински сестри. През 1978 г. се провежда и първия конкурс за асистенти, сърдечно-съдови хирурзи, анестезиолози и кардиолози.    Дейността започва предимно със съдово-хирургични операции, като по-рядко се извършват сърдечни операции. Допълнителни дейности са: Озонотерапия, лечение в условията на барокамери и Експериментална хирургия.    Започва и преподавателска дейност със студенти по оперативна и сърдечно-съдова хирургия и специализанти по сърдечно-съдова хирургия.    Научната дейност слага началото си с разработване на съдови протези, оксигенатори и реперфузионни устройства.    През 1984 година правителството възлага на проф. Александър Чирков да изгради модерна кардиохирургия в България като за база се взима вече създадената клиника на проф. Милан Милев с нейния наличен състав.    За кратко време се въвежда нов стил на работа, близък до европейското ниво по това     време. През 1984-1985 г. базата се модернизира и се закупува най-съвременна апаратура. В кратки срокове се постигат значителни успехи. На 14 май 1986г. се извършва и първата сърдечна трансплантация на Балканите. Редица лекари и медицински сестри се изпращат на специализация в Европа и САЩ, като след това прилагат наученото в своята работа.    На 24.02.1994г. се създава и катедра по Сърдечно-съдова хирургия с неин пръв ръководител – проф. Александър Чирков, а от 2000-та година ръководител е проф. Генчо Начев.    През 2000 година се открива и новата част на клиниката по кардиология, която предоставя много добри условия както за лекари, така и за пациенти и студенти.    На 09.06.2004г. болницата получи първия в България сертификат за внедряване система за управление на качеството на медицинските услуги, съгласно международен стандарт ISO 9001:2000.    В началото на 2008 година проф. Генчо Начев получи в Оксфорд, Англия присъдената на болницата Награда за Европейско качество от Европейската бизнес асоциация.    Днес дейността на болницата и отрежда водещо място сред болниците и кардиологичните и кардиохирургичните центрове в България и Източна Европа.    Мисията на специализирана болница за активно лечение на сърдечно-съдови заболявания “Св. Екатерина” е ""прибавяне на години към живота и на здраве към годините”, предоставяйки на пациента със заболявания на органите на кръвообръщението широк спектър достъпна, своевременна и качествена медицинска помощ от областта на кардиологията, сърдечната и гръдна хирургия, съдовата хирургия и трансплантологията, състояща се в:    извършване на високоспециализирани консултации и изследвания за ранна и прецизна диагностика  прилагане на съвременни терапевтични, микроинвазивни и оперативни лечебни технологии  осигуряване на грижи за пациентите, по време на болничното им лечение, на равнище, съответстващо на най-добрите световни стандарти      Структура:    ДИАГНОСТИЧНО-КОНСУЛТАТИВЕН БЛОК  КЛИНИКА ПО КАРДИОЛОГИЯ  КЛИНИКА ПО СЪРДЕЧНА ХИРУРГИЯ  КЛИНИКА ПО СЪДОВА ХИРУРГИЯ  КЛИНИКА ПО АНЕСТЕЗИОЛОГИЯ И ИНТЕНЗИВНО ЛЕЧЕНИЕ  ОТДЕЛЕНИЕ ПО ОБЩА ХИРУРГИЯ  ОТДЕЛЕНИЕ ПО ОБРАЗНА ДИАГНОСТИКА  КЛИНИЧНА ЛАБОРАТОРИЯ  КЛИНИЧНА МИКРОБИОЛОГИЯ",Клиника по кардиология,"доц. Антоанета Димитрова, дм | доц. Валентин Говедарски, дм | Ваня Ангелова | д-р Вера Табакова | д-р Виолета Грудева | Десислава Иванова | Проф. Диана Трендафилова дмн | доц. Димитър Петков | Димитър Е. Чернев | д-р Евгения Михайлова | Д-р Елисавета Христова | д-р Елица Григорова-Димитрова",https://www.credoweb.bg/page/19970/umbal-sveta-ekaterina
МБАЛ ВИТА,Hospital,"България, София, 1407, бул. Филип Кутев 10",Повече за нас,+35924522000,info@vita.bg,0,0,"Вита е създадена в края на 1991 г. и получава регистрация като първото частно здравно заведение в София в началото на 1992 г.             Вита е създадена в края на 1991 г. и получава регистрация като първото частно здравно заведение в София в началото на 1992 г. Водещите принципи в работата на целия екип са безкомпромисното качество на медицинските услуги, придружено с лично отношение и индивидуален подход към всеки един пациент. Следвайки световните тенденции в оперативните подходи, в болница Вита все по-широко приложение намират безкръвните оперативни техники.         От първоначалните три кабинета и малък лабораторен бокс, днес семейството на Вита обединява следните структури:    ДКЦ Вита;  МБАЛ Вита;  Вита Ин Витро Център;  Хоспис Вита;  Вита Инженеринг – Служба по трудова медицина.     Мисията на МБАЛ Вита                                                                               Семейството на Вита се състои от изключителни професионалисти и водещи имена в областта на акушерството и гинекологията, хирургията, ортопедията и травматологията, урологията.         За Семейството на Вита е важно да осигури компетентни грижи и максимален комфорт на своите пациенти и да ги накара да се чувстват като у дома си. Водещите принципи в работата на целия екип на Вита са безкомпромисното качество на медицинските услуги, придружено с лично отношение и индивидуален подход към всеки един пациент.         Структура         В болница Вита под един покрив са разположени диагностични кабинети, отделение за образна диагностика, клинична, микробиологична и патохистологична лаборатории, болнични отделения, а също така и аптека. Всички кабинети и лаборатории са оборудвани с медицинска апаратура от най-ново поколение, позволяваща прецизна диагностика на заболяванията. Болничните стаи са със собствен санитарен възел, функционални мебели, хладилник, телефон, безплатен безжичен интернет, телевизор и постоянна връзка с медицинския екип.         Диагностични кабинети:         Акушерство и гинекология  Вътрешни болести  Кардиология  Гастроентерология  Урология  Дерматология и венерология  Детски болести  Ендокринология  Мамология  Неврология  Нефрология  Хирургия  Ортопедия и травматология  Очни болести  Пулмология  Уши-нос-гърло  Пластична и естетична хирургия  Медицински лаборатории  Ангиология  Образна диагностика    Болнични отделения:    Акушерство и гинекология  Неонатология  Вита Ин витро център  Вита Херния център  Обща, коремна и лапароскопска хирургия  Пластична и естетична хирургия  Ортопедия и травматология  Урология и андрология  Анестезиология и реанимация    Вита разполага още с операционен блок с четири комплексно оборудвани операционни зали и две модерни реанимации.       Модерни оперативни техники    Следвайки световните тенденции в оперативните подходи, в болница Вита все по-широко приложение намират безкръвните оперативни техники в различни медицински специалности:    Хирургия – лапароскопски операции при заболявания на хернии, жлъчен мехур, апендицит, хемороиди;  Ортопедия – артроскопски операции на рамо, глезен, коляно и тазобедрена става;  Урология – ендоскопски и лазерни операции на бъбреци, пикочен мехур и простата;  Акушерство и гинекология - лапароскопски операции при стерилитет, ендометриозни и други кисти, миоми и хистеректомии.    Безкръвната техника на опериране дава възможност пациентите да бъдат лекувани оперативно с минимално травмиране на тъканите с възможност за бързо възстановяване, кратък болничен престой и снижена следоперативна болка.",Вита Ин витро център | Отделение Акушерство и патологична бременност | Отделение Анестезиология и интензивно лечение | Отделение Гастроентерология | Метаболитна и бариатрична хирургия | Отделение Неонатология | Оперативна гинекология и тазова хирургия | Отделение Ортопедия и травматология | Отделение Пластично-възстановителна и естетична хирургия | Отделение Урология | Клиника по Хирургия,,https://www.credoweb.bg/page/19752/mbal-vita
УМБАЛ Бургас АД,Hospital,"България, Бургас, 8000, бул. Стефан Стамболов 73",http://www.mbalburgas.com/bg,,,0,0,,,,https://www.credoweb.bg/page/19314/umbal-burgas-ad
"УМБАЛ ""Пловдив""",Hospital,"България, Пловдив, 4000, бул. България 234",http://www.mbal.net/main.php?module=content&cnt_id=1,+35932959221,,0,0,,Клиника по урология | АГО | Второ хирургично отделение | Отделение по неонатология | Отделение по ортопедия и травматология | Отделение по гастроентерология | Първо хирургично отделение | Неврологично отделение | Отделение по педиатрия | Отделение по инвазивна кардиология | Отделение по нефрология | Очно отделение | ОФРМ (физиотерапия) | Отделение по кардиология | ОАИЛ | Отделение по образна диагностика | Отделение по ревматология,,https://www.credoweb.bg/page/19579/umbal-plovdiv
"Медицински комплекс ""Доверие""",Hospital,"България, София, 1000, ж.к. Овча купел 2, ул. Фридрих Грюнангер №2",www.mbal.doverie.bg,,,0,0,,,,https://www.credoweb.bg/page/19972/meditsinski-kompleks-doverie
