000000000
000000001
000000002
000000003
000000004
000000005
000000006
000000007
000000008
000000009
000000010
000000011
000000012
000000013
000000014
000000015
000000016
000000017
000000018
000000019
000000020
000000021
000000022
000000023
000000024
000000025
000000026
000000027
000000028
000000029
000000030
000000031
000000032
000000033
000000034
000000035
000000036
000000037
000000038
000000039
000000040
000000041
000000042
000000043
000000044
000000045
000000046
000000047
000000048
000000049
000000050
000000051
000000052
000000053
000000054
000000055
000000056
000000057
000000058
000000059
000000060
000000061
000000062
000000063
000000064
000000065
000000066
000000067
000000068
000000069
000000070
000000071
000000072
000000073
000000074
000000075
000000076
000000077
000000078
000000079
000000080
000000081
000000082
000000083
000000084
000000085
000000086
000000087
000000088
000000089
000000090
000000091
000000092
000000093
000000094
000000095
000000096
000000097
000000098
000000099
000000100
000000101
000000102
000000103
000000104
000000105
000000106
000000107
000000108
000000109
000000110
000000111
000000112
000000113
000000114
000000115
000000116
000000117
000000118
000000119
000000120
000000121
000000122
000000123
000000124
000000125
000000126
000000127
000000128
000000129
000000130
000000131
000000132
000000133
000000134
000000135
000000136
000000137
000000138
000000139
000000140
000000141
000000142
000000143
000000144
000000145
000000146
000000147
000000148
000000149
000000150
000000151
000000152
000000153
000000154
000000155
000000156
000000157
000000158
000000159
000000160
000000161
000000162
000000163
000000164
000000165
000000166
000000167
000000168
000000169
000000170
000000171
000000172
000000173
000000174
000000175
000000176
000000177
000000178
000000179
000000180
000000181
000000182
000000183
000000184
000000185
000000186
000000187
000000188
000000189
000000190
000000191
000000192
000000193
000000194
000000195
000000196
000000197
000000198
000000199
000000200
000000201
000000202
000000203
000000204
000000205
000000206
000000207
000000208
000000209
000000210
000000211
000000212
000000213
000000214
000000215
000000216
000000217
000000218
000000219
000000220
000000221
000000222
000000223
000000224
000000225
000000226
000000227
000000228
000000229
000000230
000000231
000000232
000000233
000000234
000000235
000000236
000000237
000000238
000000239
000000240
000000241
000000242
000000243
000000244
000000245
000000246
000000247
000000248
000000249
000000250
000000251
000000252
000000253
000000254
000000255
000000256
000000257
000000258
000000259
000000260
000000261
000000262
000000263
000000264
000000265
000000266
000000267
000000268
000000269
000000270
000000271
000000272
000000273
000000274
000000275
000000276
000000277
000000278
000000279
000000280
000000281
000000282
000000283
000000284
000000285
000000286
000000287
000000288
000000289
000000290
000000291
000000292
000000293
000000294
000000295
000000296
000000297
000000298
000000299
000000300
000000301
000000302
000000303
000000304
000000305
000000306
000000307
000000308
000000309
000000310
000000311
000000312
000000313
000000314
000000315
000000316
000000317
000000318
000000319
000000320
000000321
000000322
000000323
000000324
000000325
000000326
000000327
000000328
000000329
000000330
000000331
000000332
000000333
000000334
000000335
000000336
000000337
000000338
000000339
000000340
000000341
000000342
000000343
000000344
000000345
000000346
000000347
000000348
000000349
000000350
000000351
000000352
000000353
000000354
000000355
000000356
000000357
000000358
000000359
000000360
000000361
000000362
000000363
000000364
000000365
000000366
000000367
000000368
000000369
000000370
000000371
000000372
000000373
000000374
000000375
000000376
000000377
000000378
000000379
000000380
000000381
000000382
000000383
000000384
000000385
000000386
000000387
000000388
000000389
000000390
000000391
000000392
000000393
000000394
000000395
000000396
000000397
000000398
000000399
000000400
000000401
000000402
000000403
000000404
000000405
000000406
000000407
000000408
000000409
000000410
000000411
000000412
000000413
000000414
000000415
000000416
000000417
000000418
000000419
000000420
000000421
000000422
000000423
000000424
000000425
000000426
000000427
000000428
000000429
000000430
000000431
000000432
000000433
000000434
000000435
000000436
000000437
000000438
000000439
000000440
000000441
000000442
000000443
000000444
000000445
000000446
000000447
000000448
000000449
000000450
000000451
000000452
000000453
000000454
000000455
000000456
000000457
000000458
000000459
000000460
000000461
000000462
000000463
000000464
000000465
000000466
000000467
000000468
000000469
000000470
000000471
000000472
000000473
000000474
000000475
000000476
000000477
000000478
000000479
000000480
000000481
000000482
000000483
000000484
000000485
000000486
000000487
000000488
000000489
000000490
000000491
000000492
000000493
000000494
000000495
000000496
000000497
000000498
000000499
000000500
000000501
000000502
000000503
000000504
000000505
000000506
000000507
000000508
000000509
000000510
000000511
000000512
000000513
000000514
000000515
000000516
000000517
000000518
000000519
000000520
000000521
000000522
000000523
000000524
000000525
000000526
000000527
000000528
000000529
000000530
000000531
000000532
000000533
000000534
000000535
000000536
000000537
000000538
000000539
000000540
000000541
000000542
000000543
000000544
000000545
000000546
000000547
000000548
000000549
000000550
000000551
000000552
000000553
000000554
000000555
000000556
000000557
000000558
000000559
000000560
000000561
000000562
000000563
000000564
000000565
000000566
000000567
000000568
000000569
000000570
000000571
000000572
000000573
000000574
000000575
000000576
000000577
000000578
000000579
000000580
000000581
000000582
000000583
000000584
000000585
000000586
000000587
000000588
000000589
000000590
000000591
000000592
000000593
000000594
000000595
000000596
000000597
000000598
000000599
000000600
000000601
000000602
000000603
000000604
000000605
000000606
000000607
000000608
000000609
000000610
000000611
000000612
000000613
000000614
000000615
000000616
000000617
000000618
000000619
000000620
000000621
000000622
000000623
000000624
000000625
000000626
000000627
000000628
000000629
000000630
000000631
000000632
000000633
000000634
000000635
000000636
000000637
000000638
000000639
000000640
000000641
000000642
000000643
000000644
000000645
000000646
000000647
000000648
000000649
000000650
000000651
000000652
000000653
000000654
000000655
000000656
000000657
000000658
000000659
000000660
000000661
000000662
000000663
000000664
000000665
000000666
000000667
000000668
000000669
000000670
000000671
000000672
000000673
000000674
000000675
000000676
000000677
000000678
000000679
000000680
000000681
000000682
000000683
000000684
000000685
000000686
000000687
000000688
000000689
000000690
000000691
000000692
000000693
000000694
000000695
000000696
000000697
000000698
000000699
000000700
000000701
000000702
000000703
000000704
000000705
000000706
000000707
000000708
000000709
000000710
000000711
000000712
000000713
000000714
000000715
000000716
000000717
000000718
000000719
000000720
000000721
000000722
000000723
000000724
000000725
000000726
000000727
000000728
000000729
000000730
000000731
000000732
000000733
000000734
000000735
000000736
000000737
000000738
000000739
000000740
000000741
000000742
000000743
000000744
000000745
000000746
000000747
000000748
000000749
000000750
000000751
000000752
000000753
000000754
000000755
000000756
000000757
000000758
000000759
000000760
000000761
000000762
000000763
000000764
000000765
000000766
000000767
000000768
000000769
000000770
000000771
000000772
000000773
000000774
000000775
000000776
000000777
000000778
000000779
000000780
000000781
000000782
000000783
000000784
000000785
000000786
000000787
000000788
000000789
000000790
000000791
000000792
000000793
000000794
000000795
000000796
000000797
000000798
000000799
000000800
000000801
000000802
000000803
000000804
000000805
000000806
000000807
000000808
000000809
000000810
000000811
000000812
000000813
000000814
000000815
000000816
000000817
000000818
000000819
000000820
000000821
000000822
000000823
000000824
000000825
000000826
000000827
000000828
000000829
000000830
000000831
000000832
000000833
000000834
000000835
000000836
000000837
000000838
000000839
000000840
000000841
000000842
000000843
000000844
000000845
000000846
000000847
000000848
000000849
000000850
000000851
000000852
000000853
000000854
000000855
000000856
000000857
000000858
000000859
000000860
000000861
000000862
000000863
000000864
000000865
000000866
000000867
000000868
000000869
000000870
000000871
000000872
000000873
000000874
000000875
000000876
000000877
000000878
000000879
000000880
000000881
000000882
000000883
000000884
000000885
000000886
000000887
000000888
000000889
000000890
000000891
000000892
000000893
000000894
000000895
000000896
000000897
000000898
000000899
000000900
000000901
000000902
000000903
000000904
000000905
000000906
000000907
000000908
000000909
000000910
000000911
000000912
000000913
000000914
000000915
000000916
000000917
000000918
000000919
000000920
000000921
000000922
000000923
000000924
000000925
000000926
000000927
000000928
000000929
000000930
000000931
000000932
000000933
000000934
000000935
000000936
000000937
000000938
000000939
000000940
000000941
000000942
000000943
000000944
000000945
000000946
000000947
000000948
000000949
000000950
000000951
000000952
000000953
000000954
000000955
000000956
000000957
000000958
000000959
000000960
000000961
000000962
000000963
000000964
000000965
000000966
000000967
000000968
000000969
000000970
000000971
000000972
000000973
000000974
000000975
000000976
000000977
000000978
000000979
000000980
000000981
000000982
000000983
000000984
000000985
000000986
000000987
000000988
000000989
000000990
000000991
000000992
000000993
000000994
000000995
000000996
000000997
000000998
000000999
000001000
000001001
000001002
000001003
000001004
000001005
000001006
000001007
000001008
000001009
000001010
000001011
000001012
000001013
000001014
000001015
000001016
000001017
000001018
000001019
000001020
000001021
000001022
000001023
000001024
000001025
000001026
000001027
000001028
000001029
000001030
000001031
000001032
000001033
000001034
000001035
000001036
000001037
000001038
000001039
000001040
000001041
000001042
000001043
000001044
000001045
000001046
000001047
000001048
000001049
000001050
000001051
000001052
000001053
000001054
000001055
000001056
000001057
000001058
000001059
000001060
000001061
000001062
000001063
000001064
000001065
000001066
000001067
000001068
000001069
000001070
000001071
000001072
000001073
000001074
000001075
000001076
000001077
000001078
000001079
000001080
000001081
000001082
000001083
000001084
000001085
000001086
000001087
000001088
000001089
000001090
000001091
000001092
000001093
000001094
000001095
000001096
000001097
000001098
000001099
000001100
000001101
000001102
000001103
000001104
000001105
000001106
000001107
000001108
000001109
000001110
000001111
000001112
000001113
000001114
000001115
000001116
000001117
000001118
000001119
000001120
000001121
000001122
000001123
000001124
000001125
000001126
000001127
000001128
000001129
000001130
000001131
000001132
000001133
000001134
000001135
000001136
000001137
000001138
000001139
000001140
000001141
000001142
000001143
000001144
000001145
000001146
000001147
000001148
000001149
000001150
000001151
000001152
000001153
000001154
000001155
000001156
000001157
000001158
000001159
000001160
000001161
000001162
000001163
000001164
000001165
000001166
000001167
000001168
000001169
000001170
000001171
000001172
000001173
000001174
000001175
000001176
000001177
000001178
000001179
000001180
000001181
000001182
000001183
000001184
000001185
000001186
000001187
000001188
000001189
000001190
000001191
000001192
000001193
000001194
000001195
000001196
000001197
000001198
000001199
000001200
000001201
000001202
000001203
000001204
000001205
000001206
000001207
000001208
000001209
000001210
000001211
000001212
000001213
000001214
000001215
000001216
000001217
000001218
000001219
000001220
000001221
000001222
000001223
000001224
000001225
000001226
000001227
000001228
000001229
000001230
000001231
000001232
000001233
000001234
000001235
000001236
000001237
000001238
000001239
000001240
000001241
000001242
000001243
000001244
000001245
000001246
000001247
000001248
000001249
000001250
000001251
000001252
000001253
000001254
000001255
000001256
000001257
000001258
000001259
000001260
000001261
000001262
000001263
000001264
000001265
000001266
000001267
000001268
000001269
000001270
000001271
000001272
000001273
000001274
000001275
000001276
000001277
000001278
000001279
000001280
000001281
000001282
000001283
000001284
000001285
000001286
000001287
000001288
000001289
000001290
000001291
000001292
000001293
000001294
000001295
000001296
000001297
000001298
000001299
000001300
000001301
000001302
000001303
000001304
000001305
000001306
000001307
000001308
000001309
000001310
000001311
000001312
000001313
000001314
000001315
000001316
000001317
000001318
000001319
000001320
000001321
000001322
000001323
000001324
000001325
000001326
000001327
000001328
000001329
000001330
000001331
000001332
000001333
000001334
000001335
000001336
000001337
000001338
000001339
000001340
000001341
000001342
000001343
000001344
000001345
000001346
000001347
000001348
000001349
000001350
000001351
000001352
000001353
000001354
000001355
000001356
000001357
000001358
000001359
000001360
000001361
000001362
000001363
000001364
000001365
000001366
000001367
000001368
000001369
000001370
000001371
000001372
000001373
000001374
000001375
000001376
000001377
000001378
000001379
000001380
000001381
000001382
000001383
000001384
000001385
000001386
000001387
000001388
000001389
000001390
000001391
000001392
000001393
000001394
000001395
000001396
000001397
000001398
000001399
000001400
000001401
000001402
000001403
000001404
000001405
000001406
000001407
000001408
000001409
000001410
000001411
000001412
000001413
000001414
000001415
000001416
000001417
000001418
000001419
000001420
000001421
000001422
000001423
000001424
000001425
000001426
000001427
000001428
000001429
000001430
000001431
000001432
000001433
000001434
000001435
000001436
000001437
000001438
000001439
000001440
000001441
000001442
000001443
000001444
000001445
000001446
000001447
000001448
000001449
000001450
000001451
000001452
000001453
000001454
000001455
000001456
000001457
000001458
000001459
000001460
000001461
000001462
000001463
000001464
000001465
000001466
000001467
000001468
000001469
000001470
000001471
000001472
000001473
000001474
000001475
000001476
000001477
000001478
000001479
000001480
000001481
000001482
000001483
000001484
000001485
000001486
000001487
000001488
000001489
000001490
000001491
000001492
000001493
000001494
000001495
000001496
000001497
000001498
000001499
000001500
000001501
000001502
000001503
000001504
000001505
000001506
000001507
000001508
000001509
000001510
000001511
000001512
000001513
000001514
000001515
000001516
000001517
000001518
000001519
000001520
000001521
000001522
000001523
000001524
000001525
000001526
000001527
000001528
000001529
000001530
000001531
000001532
000001533
000001534
000001535
000001536
000001537
000001538
000001539
000001540
000001541
000001542
000001543
000001544
000001545
000001546
000001547
000001548
000001549
000001550
000001551
000001552
000001553
000001554
000001555
000001556
000001557
000001558
000001559
000001560
000001561
000001562
000001563
000001564
000001565
000001566
000001567
000001568
000001569
000001570
000001571
000001572
000001573
000001574
000001575
000001576
000001577
000001578
000001579
000001580
000001581
000001582
000001583
000001584
000001585
000001586
000001587
000001588
000001589
000001590
000001591
000001592
000001593
000001594
000001595
000001596
000001597
000001598
000001599
000001600
000001601
000001602
000001603
000001604
000001605
000001606
000001607
000001608
000001609
000001610
000001611
000001612
000001613
000001614
000001615
000001616
000001617
000001618
000001619
000001620
000001621
000001622
000001623
000001624
000001625
000001626
000001627
000001628
000001629
000001630
000001631
000001632
000001633
000001634
000001635
000001636
000001637
000001638
000001639
000001640
000001641
000001642
000001643
000001644
000001645
000001646
000001647
000001648
000001649
000001650
000001651
000001652
000001653
000001654
000001655
000001656
000001657
000001658
000001659
000001660
000001661
000001662
000001663
000001664
000001665
000001666
000001667
000001668
000001669
000001670
000001671
000001672
000001673
000001674
000001675
000001676
000001677
000001678
000001679
000001680
000001681
000001682
000001683
000001684
000001685
000001686
000001687
000001688
000001689
000001690
000001691
000001692
000001693
000001694
000001695
000001696
000001697
000001698
000001699
000001700
000001701
000001702
000001703
000001704
000001705
000001706
000001707
000001708
000001709
000001710
000001711
000001712
000001713
000001714
000001715
000001716
000001717
000001718
000001719
000001720
000001721
000001722
000001723
000001724
000001725
000001726
000001727
000001728
000001729
000001730
000001731
000001732
000001733
000001734
000001735
000001736
000001737
000001738
000001739
000001740
000001741
000001742
000001743
000001744
000001745
000001746
000001747
000001748
000001749
000001750
000001751
000001752
000001753
000001754
000001755
000001756
000001757
000001758
000001759
000001760
000001761
000001762
000001763
000001764
000001765
000001766
000001767
000001768
000001769
000001770
000001771
000001772
000001773
000001774
000001775
000001776
000001777
000001778
000001779
000001780
000001781
000001782
000001783
000001784
000001785
000001786
000001787
000001788
000001789
000001790
000001791
000001792
000001793
000001794
000001795
000001796
000001797
000001798
000001799
000001800
000001801
000001802
000001803
000001804
000001805
000001806
000001807
000001808
000001809
000001810
000001811
000001812
000001813
000001814
000001815
000001816
000001817
000001818
000001819
000001820
000001821
000001822
000001823
000001824
000001825
000001826
000001827
000001828
000001829
000001830
000001831
000001832
000001833
000001834
000001835
000001836
000001837
000001838
000001839
000001840
000001841
000001842
000001843
000001844
000001845
000001846
000001847
000001848
000001849
000001850
000001851
000001852
000001853
000001854
000001855
000001856
000001857
000001858
000001859
000001860
000001861
000001862
000001863
000001864
000001865
000001866
000001867
000001868
000001869
000001870
000001871
000001872
000001873
000001874
000001875
000001876
000001877
000001878
000001879
000001880
000001881
000001882
000001883
000001884
000001885
000001886
000001887
000001888
000001889
000001890
000001891
000001892
000001893
000001894
000001895
000001896
000001897
000001898
000001899
000001900
000001901
000001902
000001903
000001904
000001905
000001906
000001907
000001908
000001909
000001910
000001911
000001912
000001913
000001914
000001915
000001916
000001917
000001918
000001919
000001920
000001921
000001922
000001923
000001924
000001925
000001926
000001927
000001928
000001929
000001930
000001931
000001932
000001933
000001934
000001935
000001936
000001937
000001938
000001939
000001940
000001941
000001942
000001943
000001944
000001945
000001946
000001947
000001948
000001949
000001950
000001951
000001952
000001953
000001954
000001955
000001956
000001957
000001958
000001959
000001960
000001961
000001962
000001963
000001964
000001965
000001966
000001967
000001968
000001969
000001970
000001971
000001972
000001973
000001974
000001975
000001976
000001977
000001978
000001979
000001980
000001981
000001982
000001983
000001984
000001985
000001986
000001987
000001988
000001989
000001990
000001991
000001992
000001993
000001994
000001995
000001996
000001997
000001998
000001999
000002000
000002001
000002002
000002003
000002004
000002005
000002006
000002007
000002008
000002009
000002010
000002011
000002012
000002013
000002014
000002015
000002016
000002017
000002018
000002019
000002020
000002021
000002022
000002023
000002024
000002025
000002026
000002027
000002028
000002029
000002030
000002031
000002032
000002033
000002034
000002035
000002036
000002037
000002038
000002039
000002040
000002041
000002042
000002043
000002044
000002045
000002046
000002047
000002048
000002049
000002050
000002051
000002052
000002053
000002054
000002055
000002056
000002057
000002058
000002059
000002060
000002061
000002062
000002063
000002064
000002065
000002066
000002067
000002068
000002069
000002070
000002071
000002072
000002073
000002074
000002075
000002076
000002077
000002078
000002079
000002080
000002081
000002082
000002083
000002084
000002085
000002086
000002087
000002088
000002089
000002090
000002091
000002092
000002093
000002094
000002095
000002096
000002097
000002098
000002099
000002100
000002101
000002102
000002103
000002104
000002105
000002106
000002107
000002108
000002109
000002110
000002111
000002112
000002113
000002114
000002115
000002116
000002117
000002118
000002119
000002120
000002121
000002122
000002123
000002124
000002125
000002126
000002127
000002128
000002129
000002130
000002131
000002132
000002133
000002134
000002135
000002136
000002137
000002138
000002139
000002140
000002141
000002142
000002143
000002144
000002145
000002146
000002147
000002148
000002149
000002150
000002151
000002152
000002153
000002154
000002155
000002156
000002157
000002158
000002159
000002160
000002161
000002162
000002163
000002164
000002165
000002166
000002167
000002168
000002169
000002170
000002171
000002172
000002173
000002174
000002175
000002176
000002177
000002178
000002179
000002180
000002181
000002182
000002183
000002184
000002185
000002186
000002187
000002188
000002189
000002190
000002191
000002192
000002193
000002194
000002195
000002196
000002197
000002198
000002199
000002200
000002201
000002202
000002203
000002204
000002205
000002206
000002207
000002208
000002209
000002210
000002211
000002212
000002213
000002214
000002215
000002216
000002217
000002218
000002219
000002220
000002221
000002222
000002223
000002224
000002225
000002226
000002227
000002228
000002229
000002230
000002231
000002232
000002233
000002234
000002235
000002236
000002237
000002238
000002239
000002240
000002241
000002242
000002243
000002244
000002245
000002246
000002247
000002248
000002249
000002250
000002251
000002252
000002253
000002254
000002255
000002256
000002257
000002258
000002259
000002260
000002261
000002262
000002263
000002264
000002265
000002266
000002267
000002268
000002269
000002270
000002271
000002272
000002273
000002274
000002275
000002276
000002277
000002278
000002279
000002280
000002281
000002282
000002283
000002284
000002285
000002286
000002287
000002288
000002289
000002290
000002291
000002292
000002293
000002294
000002295
000002296
000002297
000002298
000002299
000002300
000002301
000002302
000002303
000002304
000002305
000002306
000002307
000002308
000002309
000002310
000002311
000002312
000002313
000002314
000002315
000002316
000002317
000002318
000002319
000002320
000002321
000002322
000002323
000002324
000002325
000002326
000002327
000002328
000002329
000002330
000002331
000002332
000002333
000002334
000002335
000002336
000002337
000002338
000002339
000002340
000002341
000002342
000002343
000002344
000002345
000002346
000002347
000002348
000002349
000002350
000002351
000002352
000002353
000002354
000002355
000002356
000002357
000002358
000002359
000002360
000002361
000002362
000002363
000002364
000002365
000002366
000002367
000002368
000002369
000002370
000002371
000002372
000002373
000002374
000002375
000002376
000002377
000002378
000002379
000002380
000002381
000002382
000002383
000002384
000002385
000002386
000002387
000002388
000002389
000002390
000002391
000002392
000002393
000002394
000002395
000002396
000002397
000002398
000002399
000002400
000002401
000002402
000002403
000002404
000002405
000002406
000002407
000002408
000002409
000002410
000002411
000002412
000002413
000002414
000002415
000002416
000002417
000002418
000002419
000002420
000002421
000002422
000002423
000002424
000002425
000002426
000002427
000002428
000002429
000002430
000002431
000002432
000002433
000002434
000002435
000002436
000002437
000002438
000002439
000002440
000002441
000002442
000002443
000002444
000002445
000002446
000002447
000002448
000002449
000002450
000002451
000002452
000002453
000002454
000002455
000002456
000002457
000002458
000002459
000002460
000002461
000002462
000002463
000002464
000002465
000002466
000002467
000002468
000002469
000002470
000002471
000002472
000002473
000002474
000002475
000002476
000002477
000002478
000002479
000002480
000002481
000002482
000002483
000002484
000002485
000002486
000002487
000002488
000002489
000002490
000002491
000002492
000002493
000002494
000002495
000002496
000002497
000002498
000002499
000002500
000002501
000002502
000002503
000002504
000002505
000002506
000002507
000002508
000002509
000002510
000002511
000002512
000002513
000002514
000002515
000002516
000002517
000002518
000002519
000002520
000002521
000002522
000002523
000002524
000002525
000002526
000002527
000002528
000002529
000002530
000002531
000002532
000002533
000002534
000002535
000002536
000002537
000002538
000002539
000002540
000002541
000002542
000002543
000002544
000002545
000002546
000002547
000002548
000002549
000002550
000002551
000002552
000002553
000002554
000002555
000002556
000002557
000002558
000002559
000002560
000002561
000002562
000002563
000002564
000002565
000002566
000002567
000002568
000002569
000002570
000002571
000002572
000002573
000002574
000002575
000002576
000002577
000002578
000002579
000002580
000002581
000002582
000002583
000002584
000002585
000002586
000002587
000002588
000002589
000002590
000002591
000002592
000002593
000002594
000002595
000002596
000002597
000002598
000002599
000002600
000002601
000002602
000002603
000002604
000002605
000002606
000002607
000002608
000002609
000002610
000002611
000002612
000002613
000002614
000002615
000002616
000002617
000002618
000002619
000002620
000002621
000002622
000002623
000002624
000002625
000002626
000002627
000002628
000002629
000002630
000002631
000002632
000002633
000002634
000002635
000002636
000002637
000002638
000002639
000002640
000002641
000002642
000002643
000002644
000002645
000002646
000002647
000002648
000002649
000002650
000002651
000002652
000002653
000002654
000002655
000002656
000002657
000002658
000002659
000002660
000002661
000002662
000002663
000002664
000002665
000002666
000002667
000002668
000002669
000002670
000002671
000002672
000002673
000002674
000002675
000002676
000002677
000002678
000002679
000002680
000002681
000002682
000002683
000002684
000002685
000002686
000002687
000002688
000002689
000002690
000002691
000002692
000002693
000002694
000002695
000002696
000002697
000002698
000002699
000002700
000002701
000002702
000002703
000002704
000002705
000002706
000002707
000002708
000002709
000002710
000002711
000002712
000002713
000002714
000002715
000002716
000002717
000002718
000002719
000002720
000002721
000002722
000002723
000002724
000002725
000002726
000002727
000002728
000002729
000002730
000002731
000002732
000002733
000002734
000002735
000002736
000002737
000002738
000002739
000002740
000002741
000002742
000002743
000002744
000002745
000002746
000002747
000002748
000002749
000002750
000002751
000002752
000002753
000002754
000002755
000002756
000002757
000002758
000002759
000002760
000002761
000002762
000002763
000002764
000002765
000002766
000002767
000002768
000002769
000002770
000002771
000002772
000002773
000002774
000002775
000002776
000002777
000002778
000002779
000002780
000002781
000002782
000002783
000002784
000002785
000002786
000002787
000002788
000002789
000002790
000002791
000002792
000002793
000002794
000002795
000002796
000002797
000002798
000002799
000002800
000002801
000002802
000002803
000002804
000002805
000002806
000002807
000002808
000002809
000002810
000002811
000002812
000002813
000002814
000002815
000002816
000002817
000002818
000002819
000002820
000002821
000002822
000002823
000002824
000002825
000002826
000002827
000002828
000002829
000002830
000002831
000002832
000002833
000002834
000002835
000002836
000002837
000002838
000002839
000002840
000002841
000002842
000002843
000002844
000002845
000002846
000002847
000002848
000002849
000002850
000002851
000002852
000002853
000002854
000002855
000002856
000002857
000002858
000002859
000002860
000002861
000002862
000002863
000002864
000002865
000002866
000002867
000002868
000002869
000002870
000002871
000002872
000002873
000002874
000002875
000002876
000002877
000002878
000002879
000002880
000002881
000002882
000002883
000002884
000002885
000002886
000002887
000002888
000002889
000002890
000002891
000002892
000002893
000002894
000002895
000002896
000002897
000002898
000002899
000002900
000002901
000002902
000002903
000002904
000002905
000002906
000002907
000002908
000002909
000002910
000002911
000002912
000002913
000002914
000002915
000002916
000002917
000002918
000002919
000002920
000002921
000002922
000002923
000002924
000002925
000002926
000002927
000002928
000002929
000002930
000002931
000002932
000002933
000002934
000002935
000002936
000002937
000002938
000002939
000002940
000002941
000002942
000002943
000002944
000002945
000002946
000002947
000002948
000002949
000002950
000002951
000002952
000002953
000002954
000002955
000002956
000002957
000002958
000002959
000002960
000002961
000002962
000002963
000002964
000002965
000002966
000002967
000002968
000002969
000002970
000002971
000002972
000002973
000002974
000002975
000002976
000002977
000002978
000002979
000002980
000002981
000002982
000002983
000002984
000002985
000002986
000002987
000002988
000002989
000002990
000002991
000002992
000002993
000002994
000002995
000002996
000002997
000002998
000002999
000003000
000003001
000003002
000003003
000003004
000003005
000003006
000003007
000003008
000003009
000003010
000003011
000003012
000003013
000003014
000003015
000003016
000003017
000003018
000003019
000003020
000003021
000003022
000003023
000003024
000003025
000003026
000003027
000003028
000003029
000003030
000003031
000003032
000003033
000003034
000003035
000003036
000003037
000003038
000003039
000003040
000003041
000003042
000003043
000003044
000003045
000003046
000003047
000003048
000003049
000003050
000003051
000003052
000003053
000003054
000003055
000003056
000003057
000003058
000003059
000003060
000003061
000003062
000003063
000003064
000003065
000003066
000003067
000003068
000003069
000003070
000003071
000003072
000003073
000003074
000003075
000003076
000003077
000003078
000003079
000003080
000003081
000003082
000003083
000003084
000003085
000003086
000003087
000003088
000003089
000003090
000003091
000003092
000003093
000003094
000003095
000003096
000003097
000003098
000003099
000003100
000003101
000003102
000003103
000003104
000003105
000003106
000003107
000003108
000003109
000003110
000003111
000003112
000003113
000003114
000003115
000003116
000003117
000003118
000003119
000003120
000003121
000003122
000003123
000003124
000003125
000003126
000003127
000003128
000003129
000003130
000003131
000003132
000003133
000003134
000003135
000003136
000003137
000003138
000003139
000003140
000003141
000003142
000003143
000003144
000003145
000003146
000003147
000003148
000003149
000003150
000003151
000003152
000003153
000003154
000003155
000003156
000003157
000003158
000003159
000003160
000003161
000003162
000003163
000003164
000003165
000003166
000003167
000003168
000003169
000003170
000003171
000003172
000003173
000003174
000003175
000003176
000003177
000003178
000003179
000003180
000003181
000003182
000003183
000003184
000003185
000003186
000003187
000003188
000003189
000003190
000003191
000003192
000003193
000003194
000003195
000003196
000003197
000003198
000003199
000003200
000003201
000003202
000003203
000003204
000003205
000003206
000003207
000003208
000003209
000003210
000003211
000003212
000003213
000003214
000003215
000003216
000003217
000003218
000003219
000003220
000003221
000003222
000003223
000003224
000003225
000003226
000003227
000003228
000003229
000003230
000003231
000003232
000003233
000003234
000003235
000003236
000003237
000003238
000003239
000003240
000003241
000003242
000003243
000003244
000003245
000003246
000003247
000003248
000003249
000003250
000003251
000003252
000003253
000003254
000003255
000003256
000003257
000003258
000003259
000003260
000003261
000003262
000003263
000003264
000003265
000003266
000003267
000003268
000003269
000003270
000003271
000003272
000003273
000003274
000003275
000003276
000003277
000003278
000003279
000003280
000003281
000003282
000003283
000003284
000003285
000003286
000003287
000003288
000003289
000003290
000003291
000003292
000003293
000003294
000003295
000003296
000003297
000003298
000003299
000003300
000003301
000003302
000003303
000003304
000003305
000003306
000003307
000003308
000003309
000003310
000003311
000003312
000003313
000003314
000003315
000003316
000003317
000003318
000003319
000003320
000003321
000003322
000003323
000003324
000003325
000003326
000003327
000003328
000003329
000003330
000003331
000003332
000003333
000003334
000003335
000003336
000003337
000003338
000003339
000003340
000003341
000003342
000003343
000003344
000003345
000003346
000003347
000003348
000003349
000003350
000003351
000003352
000003353
000003354
000003355
000003356
000003357
000003358
000003359
000003360
000003361
000003362
000003363
000003364
000003365
000003366
000003367
000003368
000003369
000003370
000003371
000003372
000003373
000003374
000003375
000003376
000003377
000003378
000003379
000003380
000003381
000003382
000003383
000003384
000003385
000003386
000003387
000003388
000003389
000003390
000003391
000003392
000003393
000003394
000003395
000003396
000003397
000003398
000003399
000003400
000003401
000003402
000003403
000003404
000003405
000003406
000003407
000003408
000003409
000003410
000003411
000003412
000003413
000003414
000003415
000003416
000003417
000003418
000003419
000003420
000003421
000003422
000003423
000003424
000003425
000003426
000003427
000003428
000003429
000003430
000003431
000003432
000003433
000003434
000003435
000003436
000003437
000003438
000003439
000003440
000003441
000003442
000003443
000003444
000003445
000003446
000003447
000003448
000003449
000003450
000003451
000003452
000003453
000003454
000003455
000003456
000003457
000003458
000003459
000003460
000003461
000003462
000003463
000003464
000003465
000003466
000003467
000003468
000003469
000003470
000003471
000003472
000003473
000003474
000003475
000003476
000003477
000003478
000003479
000003480
000003481
000003482
000003483
000003484
000003485
000003486
000003487
000003488
000003489
000003490
000003491
000003492
000003493
000003494
000003495
000003496
000003497
000003498
000003499
000003500
000003501
000003502
000003503
000003504
000003505
000003506
000003507
000003508
000003509
000003510
000003511
000003512
000003513
000003514
000003515
000003516
000003517
000003518
000003519
000003520
000003521
000003522
000003523
000003524
000003525
000003526
000003527
000003528
000003529
000003530
000003531
000003532
000003533
000003534
000003535
000003536
000003537
000003538
000003539
000003540
000003541
000003542
000003543
000003544
000003545
000003546
000003547
000003548
000003549
000003550
000003551
000003552
000003553
000003554
000003555
000003556
000003557
000003558
000003559
000003560
000003561
000003562
000003563
000003564
000003565
000003566
000003567
000003568
000003569
000003570
000003571
000003572
000003573
000003574
000003575
000003576
000003577
000003578
000003579
000003580
000003581
000003582
000003583
000003584
000003585
000003586
000003587
000003588
000003589
000003590
000003591
000003592
000003593
000003594
000003595
000003596
000003597
000003598
000003599
000003600
000003601
000003602
000003603
000003604
000003605
000003606
000003607
000003608
000003609
000003610
000003611
000003612
000003613
000003614
000003615
000003616
000003617
000003618
000003619
000003620
000003621
000003622
000003623
000003624
000003625
000003626
000003627
000003628
000003629
000003630
000003631
000003632
000003633
000003634
000003635
000003636
000003637
000003638
000003639
000003640
000003641
000003642
000003643
000003644
000003645
000003646
000003647
000003648
000003649
000003650
000003651
000003652
000003653
000003654
000003655
000003656
000003657
000003658
000003659
000003660
000003661
000003662
000003663
000003664
000003665
000003666
000003667
000003668
000003669
000003670
000003671
000003672
000003673
000003674
000003675
000003676
000003677
000003678
000003679
000003680
000003681
000003682
000003683
000003684
000003685
000003686
000003687
000003688
000003689
000003690
000003691
000003692
000003693
000003694
000003695
000003696
000003697
000003698
000003699
000003700
000003701
000003702
000003703
000003704
000003705
000003706
000003707
000003708
000003709
000003710
000003711
000003712
000003713
000003714
000003715
000003716
000003717
000003718
000003719
000003720
000003721
000003722
000003723
000003724
000003725
000003726
000003727
000003728
000003729
000003730
000003731
000003732
000003733
000003734
000003735
000003736
000003737
000003738
000003739
000003740
000003741
000003742
000003743
000003744
000003745
000003746
000003747
000003748
000003749
000003750
000003751
000003752
000003753
000003754
000003755
000003756
000003757
000003758
000003759
000003760
000003761
000003762
000003763
000003764
000003765
000003766
000003767
000003768
000003769
000003770
000003771
000003772
000003773
000003774
000003775
000003776
000003777
000003778
000003779
000003780
000003781
000003782
000003783
000003784
000003785
000003786
000003787
000003788
000003789
000003790
000003791
000003792
000003793
000003794
000003795
000003796
000003797
000003798
000003799
000003800
000003801
000003802
000003803
000003804
000003805
000003806
000003807
000003808
000003809
000003810
000003811
000003812
000003813
000003814
000003815
000003816
000003817
000003818
000003819
000003820
000003821
000003822
000003823
000003824
000003825
000003826
000003827
000003828
000003829
000003830
000003831
000003832
000003833
000003834
000003835
000003836
000003837
000003838
000003839
000003840
000003841
000003842
000003843
000003844
000003845
000003846
000003847
000003848
000003849
000003850
000003851
000003852
000003853
000003854
000003855
000003856
000003857
000003858
000003859
000003860
000003861
000003862
000003863
000003864
000003865
000003866
000003867
000003868
000003869
000003870
000003871
000003872
000003873
000003874
000003875
000003876
000003877
000003878
000003879
000003880
000003881
000003882
000003883
000003884
000003885
000003886
000003887
000003888
000003889
000003890
000003891
000003892
000003893
000003894
000003895
000003896
000003897
000003898
000003899
000003900
000003901
000003902
000003903
000003904
000003905
000003906
000003907
000003908
000003909
000003910
000003911
000003912
000003913
000003914
000003915
000003916
000003917
000003918
000003919
000003920
000003921
000003922
000003923
000003924
000003925
000003926
000003927
000003928
000003929
000003930
000003931
000003932
000003933
000003934
000003935
000003936
000003937
000003938
000003939
000003940
000003941
000003942
000003943
000003944
000003945
000003946
000003947
000003948
000003949
000003950
000003951
000003952
000003953
000003954
000003955
000003956
000003957
000003958
000003959
000003960
000003961
000003962
000003963
000003964
000003965
000003966
000003967
000003968
000003969
000003970
000003971
000003972
000003973
000003974
000003975
000003976
000003977
000003978
000003979
000003980
000003981
000003982
000003983
000003984
000003985
000003986
000003987
000003988
000003989
000003990
000003991
000003992
000003993
000003994
000003995
000003996
000003997
000003998
000003999
000004000
000004001
000004002
000004003
000004004
000004005
000004006
000004007
000004008
000004009
000004010
000004011
000004012
000004013
000004014
000004015
000004016
000004017
000004018
000004019
000004020
000004021
000004022
000004023
000004024
000004025
000004026
000004027
000004028
000004029
000004030
000004031
000004032
000004033
000004034
000004035
000004036
000004037
000004038
000004039
000004040
000004041
000004042
000004043
000004044
000004045
000004046
000004047
000004048
000004049
000004050
000004051
000004052
000004053
000004054
000004055
000004056
000004057
000004058
000004059
000004060
000004061
000004062
000004063
000004064
000004065
000004066
000004067
000004068
000004069
000004070
000004071
000004072
000004073
000004074
000004075
000004076
000004077
000004078
000004079
000004080
000004081
000004082
000004083
000004084
000004085
000004086
000004087
000004088
000004089
000004090
000004091
000004092
000004093
000004094
000004095
000004096
000004097
000004098
000004099
000004100
000004101
000004102
000004103
000004104
000004105
000004106
000004107
000004108
000004109
000004110
000004111
000004112
000004113
000004114
000004115
000004116
000004117
000004118
000004119
000004120
000004121
000004122
000004123
000004124
000004125
000004126
000004127
000004128
000004129
000004130
000004131
000004132
000004133
000004134
000004135
000004136
000004137
000004138
000004139
000004140
000004141
000004142
000004143
000004144
000004145
000004146
000004147
000004148
000004149
000004150
000004151
000004152
000004153
000004154
000004155
000004156
000004157
000004158
000004159
000004160
000004161
000004162
000004163
000004164
000004165
000004166
000004167
000004168
000004169
000004170
000004171
000004172
000004173
000004174
000004175
000004176
000004177
000004178
000004179
000004180
000004181
000004182
000004183
000004184
000004185
000004186
000004187
000004188
000004189
000004190
000004191
000004192
000004193
000004194
000004195
000004196
000004197
000004198
000004199
000004200
000004201
000004202
000004203
000004204
000004205
000004206
000004207
000004208
000004209
000004210
000004211
000004212
000004213
000004214
000004215
000004216
000004217
000004218
000004219
000004220
000004221
000004222
000004223
000004224
000004225
000004226
000004227
000004228
000004229
000004230
000004231
000004232
000004233
000004234
000004235
000004236
000004237
000004238
000004239
000004240
000004241
000004242
000004243
000004244
000004245
000004246
000004247
000004248
000004249
000004250
000004251
000004252
000004253
000004254
000004255
000004256
000004257
000004258
000004259
000004260
000004261
000004262
000004263
000004264
000004265
000004266
000004267
000004268
000004269
000004270
000004271
000004272
000004273
000004274
000004275
000004276
000004277
000004278
000004279
000004280
000004281
000004282
000004283
000004284
000004285
000004286
000004287
000004288
000004289
000004290
000004291
000004292
000004293
000004294
000004295
000004296
000004297
000004298
000004299
000004300
000004301
000004302
000004303
000004304
000004305
000004306
000004307
000004308
000004309
000004310
000004311
000004312
000004313
000004314
000004315
000004316
000004317
000004318
000004319
000004320
000004321
000004322
000004323
000004324
000004325
000004326
000004327
000004328
000004329
000004330
000004331
000004332
000004333
000004334
000004335
000004336
000004337
000004338
000004339
000004340
000004341
000004342
000004343
000004344
000004345
000004346
000004347
000004348
000004349
000004350
000004351
000004352
000004353
000004354
000004355
000004356
000004357
000004358
000004359
000004360
000004361
000004362
000004363
000004364
000004365
000004366
000004367
000004368
000004369
000004370
000004371
000004372
000004373
000004374
000004375
000004376
000004377
000004378
000004379
000004380
000004381
000004382
000004383
000004384
000004385
000004386
000004387
000004388
000004389
000004390
000004391
000004392
000004393
000004394
000004395
000004396
000004397
000004398
000004399
000004400
000004401
000004402
000004403
000004404
000004405
000004406
000004407
000004408
000004409
000004410
000004411
000004412
000004413
000004414
000004415
000004416
000004417
000004418
000004419
000004420
000004421
000004422
000004423
000004424
000004425
000004426
000004427
000004428
000004429
000004430
000004431
000004432
000004433
000004434
000004435
000004436
000004437
000004438
000004439
000004440
000004441
000004442
000004443
000004444
000004445
000004446
000004447
000004448
000004449
000004450
000004451
000004452
000004453
000004454
000004455
000004456
000004457
000004458
000004459
000004460
000004461
000004462
000004463
000004464
000004465
000004466
000004467
000004468
000004469
000004470
000004471
000004472
000004473
000004474
000004475
000004476
000004477
000004478
000004479
000004480
000004481
000004482
000004483
000004484
000004485
000004486
000004487
000004488
000004489
000004490
000004491
000004492
000004493
000004494
000004495
000004496
000004497
000004498
000004499
000004500
000004501
000004502
000004503
000004504
000004505
000004506
000004507
000004508
000004509
000004510
000004511
000004512
000004513
000004514
000004515
000004516
000004517
000004518
000004519
000004520
000004521
000004522
000004523
000004524
000004525
000004526
000004527
000004528
000004529
000004530
000004531
000004532
000004533
000004534
000004535
000004536
000004537
000004538
000004539
000004540
000004541
000004542
000004543
000004544
000004545
000004546
000004547
000004548
000004549
000004550
000004551
000004552
000004553
000004554
000004555
000004556
000004557
000004558
000004559
000004560
000004561
000004562
000004563
000004564
000004565
000004566
000004567
000004568
000004569
000004570
000004571
000004572
000004573
000004574
000004575
000004576
000004577
000004578
000004579
000004580
000004581
000004582
000004583
000004584
000004585
000004586
000004587
000004588
000004589
000004590
000004591
000004592
000004593
000004594
000004595
000004596
000004597
000004598
000004599
000004600
000004601
000004602
000004603
000004604
000004605
000004606
000004607
000004608
000004609
000004610
000004611
000004612
000004613
000004614
000004615
000004616
000004617
000004618
000004619
000004620
000004621
000004622
000004623
000004624
000004625
000004626
000004627
000004628
000004629
000004630
000004631
000004632
000004633
000004634
000004635
000004636
000004637
000004638
000004639
000004640
000004641
000004642
000004643
000004644
000004645
000004646
000004647
000004648
000004649
000004650
000004651
000004652
000004653
000004654
000004655
000004656
000004657
000004658
000004659
000004660
000004661
000004662
000004663
000004664
000004665
000004666
000004667
000004668
000004669
000004670
000004671
000004672
000004673
000004674
000004675
000004676
000004677
000004678
000004679
000004680
000004681
000004682
000004683
000004684
000004685
000004686
000004687
000004688
000004689
000004690
000004691
000004692
000004693
000004694
000004695
000004696
000004697
000004698
000004699
000004700
000004701
000004702
000004703
000004704
000004705
000004706
000004707
000004708
000004709
000004710
000004711
000004712
000004713
000004714
000004715
000004716
000004717
000004718
000004719
000004720
000004721
000004722
000004723
000004724
000004725
000004726
000004727
000004728
000004729
000004730
000004731
000004732
000004733
000004734
000004735
000004736
000004737
000004738
000004739
000004740
000004741
000004742
000004743
000004744
000004745
000004746
000004747
000004748
000004749
000004750
000004751
000004752
000004753
000004754
000004755
000004756
000004757
000004758
000004759
000004760
000004761
000004762
000004763
000004764
000004765
000004766
000004767
000004768
000004769
000004770
000004771
000004772
000004773
000004774
000004775
000004776
000004777
000004778
000004779
000004780
000004781
000004782
000004783
000004784
000004785
000004786
000004787
000004788
000004789
000004790
000004791
000004792
000004793
000004794
000004795
000004796
000004797
000004798
000004799
000004800
000004801
000004802
000004803
000004804
000004805
000004806
000004807
000004808
000004809
000004810
000004811
000004812
000004813
000004814
000004815
000004816
000004817
000004818
000004819
000004820
000004821
000004822
000004823
000004824
000004825
000004826
000004827
000004828
000004829
000004830
000004831
000004832
000004833
000004834
000004835
000004836
000004837
000004838
000004839
000004840
000004841
000004842
000004843
000004844
000004845
000004846
000004847
000004848
000004849
000004850
000004851
000004852
000004853
000004854
000004855
000004856
000004857
000004858
000004859
000004860
000004861
000004862
000004863
000004864
000004865
000004866
000004867
000004868
000004869
000004870
000004871
000004872
000004873
000004874
000004875
000004876
000004877
000004878
000004879
000004880
000004881
000004882
000004883
000004884
000004885
000004886
000004887
000004888
000004889
000004890
000004891
000004892
000004893
000004894
000004895
000004896
000004897
000004898
000004899
000004900
000004901
000004902
000004903
000004904
000004905
000004906
000004907
000004908
000004909
000004910
000004911
000004912
000004913
000004914
000004915
000004916
000004917
000004918
000004919
000004920
000004921
000004922
000004923
000004924
000004925
000004926
000004927
000004928
000004929
000004930
000004931
000004932
000004933
000004934
000004935
000004936
000004937
000004938
000004939
000004940
000004941
000004942
000004943
000004944
000004945
000004946
000004947
000004948
000004949
000004950
000004951
000004952
000004953
000004954
000004955
000004956
000004957
000004958
000004959
000004960
000004961
000004962
000004963
000004964
000004965
000004966
000004967
000004968
000004969
000004970
000004971
000004972
000004973
000004974
000004975
000004976
000004977
000004978
000004979
000004980
000004981
000004982
000004983
000004984
000004985
000004986
000004987
000004988
000004989
000004990
000004991
000004992
000004993
000004994
000004995
000004996
000004997
000004998
000004999
000005000
000005001
000005002
000005003
000005004
000005005
000005006
000005007
000005008
000005009
000005010
000005011
000005012
000005013
000005014
000005015
000005016
000005017
000005018
000005019
000005020
000005021
000005022
000005023
000005024
000005025
000005026
000005027
000005028
000005029
000005030
000005031
000005032
000005033
000005034
000005035
000005036
000005037
000005038
000005039
000005040
000005041
000005042
000005043
000005044
000005045
000005046
000005047
000005048
000005049
000005050
000005051
000005052
000005053
000005054
000005055
000005056
000005057
000005058
000005059
000005060
000005061
000005062
000005063
000005064
000005065
000005066
000005067
000005068
000005069
000005070
000005071
000005072
000005073
000005074
000005075
000005076
000005077
000005078
000005079
000005080
000005081
000005082
000005083
000005084
000005085
000005086
000005087
000005088
000005089
000005090
000005091
000005092
000005093
000005094
000005095
000005096
000005097
000005098
000005099
000005100
000005101
000005102
000005103
000005104
000005105
000005106
000005107
000005108
000005109
000005110
000005111
000005112
000005113
000005114
000005115
000005116
000005117
000005118
000005119
000005120
000005121
000005122
000005123
000005124
000005125
000005126
000005127
000005128
000005129
000005130
000005131
000005132
000005133
000005134
000005135
000005136
000005137
000005138
000005139
000005140
000005141
000005142
000005143
000005144
000005145
000005146
000005147
000005148
000005149
000005150
000005151
000005152
000005153
000005154
000005155
000005156
000005157
000005158
000005159
000005160
000005161
000005162
000005163
000005164
000005165
000005166
000005167
000005168
000005169
000005170
000005171
000005172
000005173
000005174
000005175
000005176
000005177
000005178
000005179
000005180
000005181
000005182
000005183
000005184
000005185
000005186
000005187
000005188
000005189
000005190
000005191
000005192
000005193
000005194
000005195
000005196
000005197
000005198
000005199
000005200
000005201
000005202
000005203
000005204
000005205
000005206
000005207
000005208
000005209
000005210
000005211
000005212
000005213
000005214
000005215
000005216
000005217
000005218
000005219
000005220
000005221
000005222
000005223
000005224
000005225
000005226
000005227
000005228
000005229
000005230
000005231
000005232
000005233
000005234
000005235
000005236
000005237
000005238
000005239
000005240
000005241
000005242
000005243
000005244
000005245
000005246
000005247
000005248
000005249
000005250
000005251
000005252
000005253
000005254
000005255
000005256
000005257
000005258
000005259
000005260
000005261
000005262
000005263
000005264
000005265
000005266
000005267
000005268
000005269
000005270
000005271
000005272
000005273
000005274
000005275
000005276
000005277
000005278
000005279
000005280
000005281
000005282
000005283
000005284
000005285
000005286
000005287
000005288
000005289
000005290
000005291
000005292
000005293
000005294
000005295
000005296
000005297
000005298
000005299
000005300
000005301
000005302
000005303
000005304
000005305
000005306
000005307
000005308
000005309
000005310
000005311
000005312
000005313
000005314
000005315
000005316
000005317
000005318
000005319
000005320
000005321
000005322
000005323
000005324
000005325
000005326
000005327
000005328
000005329
000005330
000005331
000005332
000005333
000005334
000005335
000005336
000005337
000005338
000005339
000005340
000005341
000005342
000005343
000005344
000005345
000005346
000005347
000005348
000005349
000005350
000005351
000005352
000005353
000005354
000005355
000005356
000005357
000005358
000005359
000005360
000005361
000005362
000005363
000005364
000005365
000005366
000005367
000005368
000005369
000005370
000005371
000005372
000005373
000005374
000005375
000005376
000005377
000005378
000005379
000005380
000005381
000005382
000005383
000005384
000005385
000005386
000005387
000005388
000005389
000005390
000005391
000005392
000005393
000005394
000005395
000005396
000005397
000005398
000005399
000005400
000005401
000005402
000005403
000005404
000005405
000005406
000005407
000005408
000005409
000005410
000005411
000005412
000005413
000005414
000005415
000005416
000005417
000005418
000005419
000005420
000005421
000005422
000005423
000005424
000005425
000005426
000005427
000005428
000005429
000005430
000005431
000005432
000005433
000005434
000005435
000005436
000005437
000005438
000005439
000005440
000005441
000005442
000005443
000005444
000005445
000005446
000005447
000005448
000005449
000005450
000005451
000005452
000005453
000005454
000005455
000005456
000005457
000005458
000005459
000005460
000005461
000005462
000005463
000005464
000005465
000005466
000005467
000005468
000005469
000005470
000005471
000005472
000005473
000005474
000005475
000005476
000005477
000005478
000005479
000005480
000005481
000005482
000005483
000005484
000005485
000005486
000005487
000005488
000005489
000005490
000005491
000005492
000005493
000005494
000005495
000005496
000005497
000005498
000005499
000005500
000005501
000005502
000005503
000005504
000005505
000005506
000005507
000005508
000005509
000005510
000005511
000005512
000005513
000005514
000005515
000005516
000005517
000005518
000005519
000005520
000005521
000005522
000005523
000005524
000005525
000005526
000005527
000005528
000005529
000005530
000005531
000005532
000005533
000005534
000005535
000005536
000005537
000005538
000005539
000005540
000005541
000005542
000005543
000005544
000005545
000005546
000005547
000005548
000005549
000005550
000005551
000005552
000005553
000005554
000005555
000005556
000005557
000005558
000005559
000005560
000005561
000005562
000005563
000005564
000005565
000005566
000005567
000005568
000005569
000005570
000005571
000005572
000005573
000005574
000005575
000005576
000005577
000005578
000005579
000005580
000005581
000005582
000005583
000005584
000005585
000005586
000005587
000005588
000005589
000005590
000005591
000005592
000005593
000005594
000005595
000005596
000005597
000005598
000005599
000005600
000005601
000005602
000005603
000005604
000005605
000005606
000005607
000005608
000005609
000005610
000005611
000005612
000005613
000005614
000005615
000005616
000005617
000005618
000005619
000005620
000005621
000005622
000005623
000005624
000005625
000005626
000005627
000005628
000005629
000005630
000005631
000005632
000005633
000005634
000005635
000005636
000005637
000005638
000005639
000005640
000005641
000005642
000005643
000005644
000005645
000005646
000005647
000005648
000005649
000005650
000005651
000005652
000005653
000005654
000005655
000005656
000005657
000005658
000005659
000005660
000005661
000005662
000005663
000005664
000005665
000005666
000005667
000005668
000005669
000005670
000005671
000005672
000005673
000005674
000005675
000005676
000005677
000005678
000005679
000005680
000005681
000005682
000005683
000005684
000005685
000005686
000005687
000005688
000005689
000005690
000005691
000005692
000005693
000005694
000005695
000005696
000005697
000005698
000005699
000005700
000005701
000005702
000005703
000005704
000005705
000005706
000005707
000005708
000005709
000005710
000005711
000005712
000005713
000005714
000005715
000005716
000005717
000005718
000005719
000005720
000005721
000005722
000005723
000005724
000005725
000005726
000005727
000005728
000005729
000005730
000005731
000005732
000005733
000005734
000005735
000005736
000005737
000005738
000005739
000005740
000005741
000005742
000005743
000005744
000005745
000005746
000005747
000005748
000005749
000005750
000005751
000005752
000005753
000005754
000005755
000005756
000005757
000005758
000005759
000005760
000005761
000005762
000005763
000005764
000005765
000005766
000005767
000005768
000005769
000005770
000005771
000005772
000005773
000005774
000005775
000005776
000005777
000005778
000005779
000005780
000005781
000005782
000005783
000005784
000005785
000005786
000005787
000005788
000005789
000005790
000005791
000005792
000005793
000005794
000005795
000005796
000005797
000005798
000005799
000005800
000005801
000005802
000005803
000005804
000005805
000005806
000005807
000005808
000005809
000005810
000005811
000005812
000005813
000005814
000005815
000005816
000005817
000005818
000005819
000005820
000005821
000005822
000005823
000005824
000005825
000005826
000005827
000005828
000005829
000005830
000005831
000005832
000005833
000005834
000005835
000005836
000005837
000005838
000005839
000005840
000005841
000005842
000005843
000005844
000005845
000005846
000005847
000005848
000005849
000005850
000005851
000005852
000005853
000005854
000005855
000005856
000005857
000005858
000005859
000005860
000005861
000005862
000005863
000005864
000005865
000005866
000005867
000005868
000005869
000005870
000005871
000005872
000005873
000005874
000005875
000005876
000005877
000005878
000005879
000005880
000005881
000005882
000005883
000005884
000005885
000005886
000005887
000005888
000005889
000005890
000005891
000005892
000005893
000005894
000005895
000005896
000005897
000005898
000005899
000005900
000005901
000005902
000005903
000005904
000005905
000005906
000005907
000005908
000005909
000005910
000005911
000005912
000005913
000005914
000005915
000005916
000005917
000005918
000005919
000005920
000005921
000005922
000005923
000005924
000005925
000005926
000005927
000005928
000005929
000005930
000005931
000005932
000005933
000005934
000005935
000005936
000005937
000005938
000005939
000005940
000005941
000005942
000005943
000005944
000005945
000005946
000005947
000005948
000005949
000005950
000005951
000005952
000005953
000005954
000005955
000005956
000005957
000005958
000005959
000005960
000005961
000005962
000005963
000005964
000005965
000005966
000005967
000005968
000005969
000005970
000005971
000005972
000005973
000005974
000005975
000005976
000005977
000005978
000005979
000005980
000005981
000005982
000005983
000005984
000005985
000005986
000005987
000005988
000005989
000005990
000005991
000005992
000005993
000005994
000005995
000005996
000005997
000005998
000005999
000006000
000006001
000006002
000006003
000006004
000006005
000006006
000006007
000006008
000006009
000006010
000006011
000006012
000006013
000006014
000006015
000006016
000006017
000006018
000006019
000006020
000006021
000006022
000006023
000006024
000006025
000006026
000006027
000006028
000006029
000006030
000006031
000006032
000006033
000006034
000006035
000006036
000006037
000006038
000006039
000006040
000006041
000006042
000006043
000006044
000006045
000006046
000006047
000006048
000006049
000006050
000006051
000006052
000006053
000006054
000006055
000006056
000006057
000006058
000006059
000006060
000006061
000006062
000006063
000006064
000006065
000006066
000006067
000006068
000006069
000006070
000006071
000006072
000006073
000006074
000006075
000006076
000006077
000006078
000006079
000006080
000006081
000006082
000006083
000006084
000006085
000006086
000006087
000006088
000006089
000006090
000006091
000006092
000006093
000006094
000006095
000006096
000006097
000006098
000006099
000006100
000006101
000006102
000006103
000006104
000006105
000006106
000006107
000006108
000006109
000006110
000006111
000006112
000006113
000006114
000006115
000006116
000006117
000006118
000006119
000006120
000006121
000006122
000006123
000006124
000006125
000006126
000006127
000006128
000006129
000006130
000006131
000006132
000006133
000006134
000006135
000006136
000006137
000006138
000006139
000006140
000006141
000006142
000006143
000006144
000006145
000006146
000006147
000006148
000006149
000006150
000006151
000006152
000006153
000006154
000006155
000006156
000006157
000006158
000006159
000006160
000006161
000006162
000006163
000006164
000006165
000006166
000006167
000006168
000006169
000006170
000006171
000006172
000006173
000006174
000006175
000006176
000006177
000006178
000006179
000006180
000006181
000006182
000006183
000006184
000006185
000006186
000006187
000006188
000006189
000006190
000006191
000006192
000006193
000006194
000006195
000006196
000006197
000006198
000006199
000006200
000006201
000006202
000006203
000006204
000006205
000006206
000006207
000006208
000006209
000006210
000006211
000006212
000006213
000006214
000006215
000006216
000006217
000006218
000006219
000006220
000006221
000006222
000006223
000006224
000006225
000006226
000006227
000006228
000006229
000006230
000006231
000006232
000006233
000006234
000006235
000006236
000006237
000006238
000006239
000006240
000006241
000006242
000006243
000006244
000006245
000006246
000006247
000006248
000006249
000006250
000006251
000006252
000006253
000006254
000006255
000006256
000006257
000006258
000006259
000006260
000006261
000006262
000006263
000006264
000006265
000006266
000006267
000006268
000006269
000006270
000006271
000006272
000006273
000006274
000006275
000006276
000006277
000006278
000006279
000006280
000006281
000006282
000006283
000006284
000006285
000006286
000006287
000006288
000006289
000006290
000006291
000006292
000006293
000006294
000006295
000006296
000006297
000006298
000006299
000006300
000006301
000006302
000006303
000006304
000006305
000006306
000006307
000006308
000006309
000006310
000006311
000006312
000006313
000006314
000006315
000006316
000006317
000006318
000006319
000006320
000006321
000006322
000006323
000006324
000006325
000006326
000006327
000006328
000006329
000006330
000006331
000006332
000006333
000006334
000006335
000006336
000006337
000006338
000006339
000006340
000006341
000006342
000006343
000006344
000006345
000006346
000006347
000006348
000006349
000006350
000006351
000006352
000006353
000006354
000006355
000006356
000006357
000006358
000006359
000006360
000006361
000006362
000006363
000006364
000006365
000006366
000006367
000006368
000006369
000006370
000006371
000006372
000006373
000006374
000006375
000006376
000006377
000006378
000006379
000006380
000006381
000006382
000006383
000006384
000006385
000006386
000006387
000006388
000006389
000006390
000006391
000006392
000006393
000006394
000006395
000006396
000006397
000006398
000006399
000006400
000006401
000006402
000006403
000006404
000006405
000006406
000006407
000006408
000006409
000006410
000006411
000006412
000006413
000006414
000006415
000006416
000006417
000006418
000006419
000006420
000006421
000006422
000006423
000006424
000006425
000006426
000006427
000006428
000006429
000006430
000006431
000006432
000006433
000006434
000006435
000006436
000006437
000006438
000006439
000006440
000006441
000006442
000006443
000006444
000006445
000006446
000006447
000006448
000006449
000006450
000006451
000006452
000006453
000006454
000006455
000006456
000006457
000006458
000006459
000006460
000006461
000006462
000006463
000006464
000006465
000006466
000006467
000006468
000006469
000006470
000006471
000006472
000006473
000006474
000006475
000006476
000006477
000006478
000006479
000006480
000006481
000006482
000006483
000006484
000006485
000006486
000006487
000006488
000006489
000006490
000006491
000006492
000006493
000006494
000006495
000006496
000006497
000006498
000006499
000006500
000006501
000006502
000006503
000006504
000006505
000006506
000006507
000006508
000006509
000006510
000006511
000006512
000006513
000006514
000006515
000006516
000006517
000006518
000006519
000006520
000006521
000006522
000006523
000006524
000006525
000006526
000006527
000006528
000006529
000006530
000006531
000006532
000006533
000006534
000006535
000006536
000006537
000006538
000006539
000006540
000006541
000006542
000006543
000006544
000006545
000006546
000006547
000006548
000006549
000006550
000006551
000006552
000006553
000006554
000006555
000006556
000006557
000006558
000006559
000006560
000006561
000006562
000006563
000006564
000006565
000006566
000006567
000006568
000006569
000006570
000006571
000006572
000006573
000006574
000006575
000006576
000006577
000006578
000006579
000006580
000006581
000006582
000006583
000006584
000006585
000006586
000006587
000006588
000006589
000006590
000006591
000006592
000006593
000006594
000006595
000006596
000006597
000006598
000006599
000006600
000006601
000006602
000006603
000006604
000006605
000006606
000006607
000006608
000006609
000006610
000006611
000006612
000006613
000006614
000006615
000006616
000006617
000006618
000006619
000006620
000006621
000006622
000006623
000006624
000006625
000006626
000006627
000006628
000006629
000006630
000006631
000006632
000006633
000006634
000006635
000006636
000006637
000006638
000006639
000006640
000006641
000006642
000006643
000006644
000006645
000006646
000006647
000006648
000006649
000006650
000006651
000006652
000006653
000006654
000006655
000006656
000006657
000006658
000006659
000006660
000006661
000006662
000006663
000006664
000006665
000006666
000006667
000006668
000006669
000006670
000006671
000006672
000006673
000006674
000006675
000006676
000006677
000006678
000006679
000006680
000006681
000006682
000006683
000006684
000006685
000006686
000006687
000006688
000006689
000006690
000006691
000006692
000006693
000006694
000006695
000006696
000006697
000006698
000006699
000006700
000006701
000006702
000006703
000006704
000006705
000006706
000006707
000006708
000006709
000006710
000006711
000006712
000006713
000006714
000006715
000006716
000006717
000006718
000006719
000006720
000006721
000006722
000006723
000006724
000006725
000006726
000006727
000006728
000006729
000006730
000006731
000006732
000006733
000006734
000006735
000006736
000006737
000006738
000006739
000006740
000006741
000006742
000006743
000006744
000006745
000006746
000006747
000006748
000006749
000006750
000006751
000006752
000006753
000006754
000006755
000006756
000006757
000006758
000006759
000006760
000006761
000006762
000006763
000006764
000006765
000006766
000006767
000006768
000006769
000006770
000006771
000006772
000006773
000006774
000006775
000006776
000006777
000006778
000006779
000006780
000006781
000006782
000006783
000006784
000006785
000006786
000006787
000006788
000006789
000006790
000006791
000006792
000006793
000006794
000006795
000006796
000006797
000006798
000006799
000006800
000006801
000006802
000006803
000006804
000006805
000006806
000006807
000006808
000006809
000006810
000006811
000006812
000006813
000006814
000006815
000006816
000006817
000006818
000006819
000006820
000006821
000006822
000006823
000006824
000006825
000006826
000006827
000006828
000006829
000006830
000006831
000006832
000006833
000006834
000006835
000006836
000006837
000006838
000006839
000006840
000006841
000006842
000006843
000006844
000006845
000006846
000006847
000006848
000006849
000006850
000006851
000006852
000006853
000006854
000006855
000006856
000006857
000006858
000006859
000006860
000006861
000006862
000006863
000006864
000006865
000006866
000006867
000006868
000006869
000006870
000006871
000006872
000006873
000006874
000006875
000006876
000006877
000006878
000006879
000006880
000006881
000006882
000006883
000006884
000006885
000006886
000006887
000006888
000006889
000006890
000006891
000006892
000006893
000006894
000006895
000006896
000006897
000006898
000006899
000006900
000006901
000006902
000006903
000006904
000006905
000006906
000006907
000006908
000006909
000006910
000006911
000006912
000006913
000006914
000006915
000006916
000006917
000006918
000006919
000006920
000006921
000006922
000006923
000006924
000006925
000006926
000006927
000006928
000006929
000006930
000006931
000006932
000006933
000006934
000006935
000006936
000006937
000006938
000006939
000006940
000006941
000006942
000006943
000006944
000006945
000006946
000006947
000006948
000006949
000006950
000006951
000006952
000006953
000006954
000006955
000006956
000006957
000006958
000006959
000006960
000006961
000006962
000006963
000006964
000006965
000006966
000006967
000006968
000006969
000006970
000006971
000006972
000006973
000006974
000006975
000006976
000006977
000006978
000006979
000006980
000006981
000006982
000006983
000006984
000006985
000006986
000006987
000006988
000006989
000006990
000006991
000006992
000006993
000006994
000006995
000006996
000006997
000006998
000006999
000007000
000007001
000007002
000007003
000007004
000007005
000007006
000007007
000007008
000007009
000007010
000007011
000007012
000007013
000007014
000007015
000007016
000007017
000007018
000007019
000007020
000007021
000007022
000007023
000007024
000007025
000007026
000007027
000007028
000007029
000007030
000007031
000007032
000007033
000007034
000007035
000007036
000007037
000007038
000007039
000007040
000007041
000007042
000007043
000007044
000007045
000007046
000007047
000007048
000007049
000007050
000007051
000007052
000007053
000007054
000007055
000007056
000007057
000007058
000007059
000007060
000007061
000007062
000007063
000007064
000007065
000007066
000007067
000007068
000007069
000007070
000007071
000007072
000007073
000007074
000007075
000007076
000007077
000007078
000007079
000007080
000007081
000007082
000007083
000007084
000007085
000007086
000007087
000007088
000007089
000007090
000007091
000007092
000007093
000007094
000007095
000007096
000007097
000007098
000007099
000007100
000007101
000007102
000007103
000007104
000007105
000007106
000007107
000007108
000007109
000007110
000007111
000007112
000007113
000007114
000007115
000007116
000007117
000007118
000007119
000007120
000007121
000007122
000007123
000007124
000007125
000007126
000007127
000007128
000007129
000007130
000007131
000007132
000007133
000007134
000007135
000007136
000007137
000007138
000007139
000007140
000007141
000007142
000007143
000007144
000007145
000007146
000007147
000007148
000007149
000007150
000007151
000007152
000007153
000007154
000007155
000007156
000007157
000007158
000007159
000007160
000007161
000007162
000007163
000007164
000007165
000007166
000007167
000007168
000007169
000007170
000007171
000007172
000007173
000007174
000007175
000007176
000007177
000007178
000007179
000007180
000007181
000007182
000007183
000007184
000007185
000007186
000007187
000007188
000007189
000007190
000007191
000007192
000007193
000007194
000007195
000007196
000007197
000007198
000007199
000007200
000007201
000007202
000007203
000007204
000007205
000007206
000007207
000007208
000007209
000007210
000007211
000007212
000007213
000007214
000007215
000007216
000007217
000007218
000007219
000007220
000007221
000007222
000007223
000007224
000007225
000007226
000007227
000007228
000007229
000007230
000007231
000007232
000007233
000007234
000007235
000007236
000007237
000007238
000007239
000007240
000007241
000007242
000007243
000007244
000007245
000007246
000007247
000007248
000007249
000007250
000007251
000007252
000007253
000007254
000007255
000007256
000007257
000007258
000007259
000007260
000007261
000007262
000007263
000007264
000007265
000007266
000007267
000007268
000007269
000007270
000007271
000007272
000007273
000007274
000007275
000007276
000007277
000007278
000007279
000007280
000007281
000007282
000007283
000007284
000007285
000007286
000007287
000007288
000007289
000007290
000007291
000007292
000007293
000007294
000007295
000007296
000007297
000007298
000007299
000007300
000007301
000007302
000007303
000007304
000007305
000007306
000007307
000007308
000007309
000007310
000007311
000007312
000007313
000007314
000007315
000007316
000007317
000007318
000007319
000007320
000007321
000007322
000007323
000007324
000007325
000007326
000007327
000007328
000007329
000007330
000007331
000007332
000007333
000007334
000007335
000007336
000007337
000007338
000007339
000007340
000007341
000007342
000007343
000007344
000007345
000007346
000007347
000007348
000007349
000007350
000007351
000007352
000007353
000007354
000007355
000007356
000007357
000007358
000007359
000007360
000007361
000007362
000007363
000007364
000007365
000007366
000007367
000007368
000007369
000007370
000007371
000007372
000007373
000007374
000007375
000007376
000007377
000007378
000007379
000007380
000007381
000007382
000007383
000007384
000007385
000007386
000007387
000007388
000007389
000007390
000007391
000007392
000007393
000007394
000007395
000007396
000007397
000007398
000007399
000007400
000007401
000007402
000007403
000007404
000007405
000007406
000007407
000007408
000007409
000007410
000007411
000007412
000007413
000007414
000007415
000007416
000007417
000007418
000007419
000007420
000007421
000007422
000007423
000007424
000007425
000007426
000007427
000007428
000007429
000007430
000007431
000007432
000007433
000007434
000007435
000007436
000007437
000007438
000007439
000007440
000007441
000007442
000007443
000007444
000007445
000007446
000007447
000007448
000007449
000007450
000007451
000007452
000007453
000007454
000007455
000007456
000007457
000007458
000007459
000007460
000007461
000007462
000007463
000007464
000007465
000007466
000007467
000007468
000007469
000007470
000007471
000007472
000007473
000007474
000007475
000007476
000007477
000007478
000007479
000007480
000007481
000007482
000007483
000007484
000007485
000007486
000007487
000007488
000007489
000007490
000007491
000007492
000007493
000007494
000007495
000007496
000007497
000007498
000007499
000007500
000007501
000007502
000007503
000007504
000007505
000007506
000007507
000007508
000007509
000007510
000007511
000007512
000007513
000007514
000007515
000007516
000007517
000007518
000007519
000007520
000007521
000007522
000007523
000007524
000007525
000007526
000007527
000007528
000007529
000007530
000007531
000007532
000007533
000007534
000007535
000007536
000007537
000007538
000007539
000007540
000007541
000007542
000007543
000007544
000007545
000007546
000007547
000007548
000007549
000007550
000007551
000007552
000007553
000007554
000007555
000007556
000007557
000007558
000007559
000007560
000007561
000007562
000007563
000007564
000007565
000007566
000007567
000007568
000007569
000007570
000007571
000007572
000007573
000007574
000007575
000007576
000007577
000007578
000007579
000007580
000007581
000007582
000007583
000007584
000007585
000007586
000007587
000007588
000007589
000007590
000007591
000007592
000007593
000007594
000007595
000007596
000007597
000007598
000007599
000007600
000007601
000007602
000007603
000007604
000007605
000007606
000007607
000007608
000007609
000007610
000007611
000007612
000007613
000007614
000007615
000007616
000007617
000007618
000007619
000007620
000007621
000007622
000007623
000007624
000007625
000007626
000007627
000007628
000007629
000007630
000007631
000007632
000007633
000007634
000007635
000007636
000007637
000007638
000007639
000007640
000007641
000007642
000007643
000007644
000007645
000007646
000007647
000007648
000007649
000007650
000007651
000007652
000007653
000007654
000007655
000007656
000007657
000007658
000007659
000007660
000007661
000007662
000007663
000007664
000007665
000007666
000007667
000007668
000007669
000007670
000007671
000007672
000007673
000007674
000007675
000007676
000007677
000007678
000007679
000007680
000007681
000007682
000007683
000007684
000007685
000007686
000007687
000007688
000007689
000007690
000007691
000007692
000007693
000007694
000007695
000007696
000007697
000007698
000007699
000007700
000007701
000007702
000007703
000007704
000007705
000007706
000007707
000007708
000007709
000007710
000007711
000007712
000007713
000007714
000007715
000007716
000007717
000007718
000007719
000007720
000007721
000007722
000007723
000007724
000007725
000007726
000007727
000007728
000007729
000007730
000007731
000007732
000007733
000007734
000007735
000007736
000007737
000007738
000007739
000007740
000007741
000007742
000007743
000007744
000007745
000007746
000007747
000007748
000007749
000007750
000007751
000007752
000007753
000007754
000007755
000007756
000007757
000007758
000007759
000007760
000007761
000007762
000007763
000007764
000007765
000007766
000007767
000007768
000007769
000007770
000007771
000007772
000007773
000007774
000007775
000007776
000007777
000007778
000007779
000007780
000007781
000007782
000007783
000007784
000007785
000007786
000007787
000007788
000007789
000007790
000007791
000007792
000007793
000007794
000007795
000007796
000007797
000007798
000007799
000007800
000007801
000007802
000007803
000007804
000007805
000007806
000007807
000007808
000007809
000007810
000007811
000007812
000007813
000007814
000007815
000007816
000007817
000007818
000007819
000007820
000007821
000007822
000007823
000007824
000007825
000007826
000007827
000007828
000007829
000007830
000007831
000007832
000007833
000007834
000007835
000007836
000007837
000007838
000007839
000007840
000007841
000007842
000007843
000007844
000007845
000007846
000007847
000007848
000007849
000007850
000007851
000007852
000007853
000007854
000007855
000007856
000007857
000007858
000007859
000007860
000007861
000007862
000007863
000007864
000007865
000007866
000007867
000007868
000007869
000007870
000007871
000007872
000007873
000007874
000007875
000007876
000007877
000007878
000007879
000007880
000007881
000007882
000007883
000007884
000007885
000007886
000007887
000007888
000007889
000007890
000007891
000007892
000007893
000007894
000007895
000007896
000007897
000007898
000007899
000007900
000007901
000007902
000007903
000007904
000007905
000007906
000007907
000007908
000007909
000007910
000007911
000007912
000007913
000007914
000007915
000007916
000007917
000007918
000007919
000007920
000007921
000007922
000007923
000007924
000007925
000007926
000007927
000007928
000007929
000007930
000007931
000007932
000007933
000007934
000007935
000007936
000007937
000007938
000007939
000007940
000007941
000007942
000007943
000007944
000007945
000007946
000007947
000007948
000007949
000007950
000007951
000007952
000007953
000007954
000007955
000007956
000007957
000007958
000007959
000007960
000007961
000007962
000007963
000007964
000007965
000007966
000007967
000007968
000007969
000007970
000007971
000007972
000007973
000007974
000007975
000007976
000007977
000007978
000007979
000007980
000007981
000007982
000007983
000007984
000007985
000007986
000007987
000007988
000007989
000007990
000007991
000007992
000007993
000007994
000007995
000007996
000007997
000007998
000007999
000008000
000008001
000008002
000008003
000008004
000008005
000008006
000008007
000008008
000008009
000008010
000008011
000008012
000008013
000008014
000008015
000008016
000008017
000008018
000008019
000008020
000008021
000008022
000008023
000008024
000008025
000008026
000008027
000008028
000008029
000008030
000008031
000008032
000008033
000008034
000008035
000008036
000008037
000008038
000008039
000008040
000008041
000008042
000008043
000008044
000008045
000008046
000008047
000008048
000008049
000008050
000008051
000008052
000008053
000008054
000008055
000008056
000008057
000008058
000008059
000008060
000008061
000008062
000008063
000008064
000008065
000008066
000008067
000008068
000008069
000008070
000008071
000008072
000008073
000008074
000008075
000008076
000008077
000008078
000008079
000008080
000008081
000008082
000008083
000008084
000008085
000008086
000008087
000008088
000008089
000008090
000008091
000008092
000008093
000008094
000008095
000008096
000008097
000008098
000008099
000008100
000008101
000008102
000008103
000008104
000008105
000008106
000008107
000008108
000008109
000008110
000008111
000008112
000008113
000008114
000008115
000008116
000008117
000008118
000008119
000008120
000008121
000008122
000008123
000008124
000008125
000008126
000008127
000008128
000008129
000008130
000008131
000008132
000008133
000008134
000008135
000008136
000008137
000008138
000008139
000008140
000008141
000008142
000008143
000008144
000008145
000008146
000008147
000008148
000008149
000008150
000008151
000008152
000008153
000008154
000008155
000008156
000008157
000008158
000008159
000008160
000008161
000008162
000008163
000008164
000008165
000008166
000008167
000008168
000008169
000008170
000008171
000008172
000008173
000008174
000008175
000008176
000008177
000008178
000008179
000008180
000008181
000008182
000008183
000008184
000008185
000008186
000008187
000008188
000008189
000008190
000008191
000008192
000008193
000008194
000008195
000008196
000008197
000008198
000008199
000008200
000008201
000008202
000008203
000008204
000008205
000008206
000008207
000008208
000008209
000008210
000008211
000008212
000008213
000008214
000008215
000008216
000008217
000008218
000008219
000008220
000008221
000008222
000008223
000008224
000008225
000008226
000008227
000008228
000008229
000008230
000008231
000008232
000008233
000008234
000008235
000008236
000008237
000008238
000008239
000008240
000008241
000008242
000008243
000008244
000008245
000008246
000008247
000008248
000008249
000008250
000008251
000008252
000008253
000008254
000008255
000008256
000008257
000008258
000008259
000008260
000008261
000008262
000008263
000008264
000008265
000008266
000008267
000008268
000008269
000008270
000008271
000008272
000008273
000008274
000008275
000008276
000008277
000008278
000008279
000008280
000008281
000008282
000008283
000008284
000008285
000008286
000008287
000008288
000008289
000008290
000008291
000008292
000008293
000008294
000008295
000008296
000008297
000008298
000008299
000008300
000008301
000008302
000008303
000008304
000008305
000008306
000008307
000008308
000008309
000008310
000008311
000008312
000008313
000008314
000008315
000008316
000008317
000008318
000008319
000008320
000008321
000008322
000008323
000008324
000008325
000008326
000008327
000008328
000008329
000008330
000008331
000008332
000008333
000008334
000008335
000008336
000008337
000008338
000008339
000008340
000008341
000008342
000008343
000008344
000008345
000008346
000008347
000008348
000008349
000008350
000008351
000008352
000008353
000008354
000008355
000008356
000008357
000008358
000008359
000008360
000008361
000008362
000008363
000008364
000008365
000008366
000008367
000008368
000008369
000008370
000008371
000008372
000008373
000008374
000008375
000008376
000008377
000008378
000008379
000008380
000008381
000008382
000008383
000008384
000008385
000008386
000008387
000008388
000008389
000008390
000008391
000008392
000008393
000008394
000008395
000008396
000008397
000008398
000008399
000008400
000008401
000008402
000008403
000008404
000008405
000008406
000008407
000008408
000008409
000008410
000008411
000008412
000008413
000008414
000008415
000008416
000008417
000008418
000008419
000008420
000008421
000008422
000008423
000008424
000008425
000008426
000008427
000008428
000008429
000008430
000008431
000008432
000008433
000008434
000008435
000008436
000008437
000008438
000008439
000008440
000008441
000008442
000008443
000008444
000008445
000008446
000008447
000008448
000008449
000008450
000008451
000008452
000008453
000008454
000008455
000008456
000008457
000008458
000008459
000008460
000008461
000008462
000008463
000008464
000008465
000008466
000008467
000008468
000008469
000008470
000008471
000008472
000008473
000008474
000008475
000008476
000008477
000008478
000008479
000008480
000008481
000008482
000008483
000008484
000008485
000008486
000008487
000008488
000008489
000008490
000008491
000008492
000008493
000008494
000008495
000008496
000008497
000008498
000008499
000008500
000008501
000008502
000008503
000008504
000008505
000008506
000008507
000008508
000008509
000008510
000008511
000008512
000008513
000008514
000008515
000008516
000008517
000008518
000008519
000008520
000008521
000008522
000008523
000008524
000008525
000008526
000008527
000008528
000008529
000008530
000008531
000008532
000008533
000008534
000008535
000008536
000008537
000008538
000008539
000008540
000008541
000008542
000008543
000008544
000008545
000008546
000008547
000008548
000008549
000008550
000008551
000008552
000008553
000008554
000008555
000008556
000008557
000008558
000008559
000008560
000008561
000008562
000008563
000008564
000008565
000008566
000008567
000008568
000008569
000008570
000008571
000008572
000008573
000008574
000008575
000008576
000008577
000008578
000008579
000008580
000008581
000008582
000008583
000008584
000008585
000008586
000008587
000008588
000008589
000008590
000008591
000008592
000008593
000008594
000008595
000008596
000008597
000008598
000008599
000008600
000008601
000008602
000008603
000008604
000008605
000008606
000008607
000008608
000008609
000008610
000008611
000008612
000008613
000008614
000008615
000008616
000008617
000008618
000008619
000008620
000008621
000008622
000008623
000008624
000008625
000008626
000008627
000008628
000008629
000008630
000008631
000008632
000008633
000008634
000008635
000008636
000008637
000008638
000008639
000008640
000008641
000008642
000008643
000008644
000008645
000008646
000008647
000008648
000008649
000008650
000008651
000008652
000008653
000008654
000008655
000008656
000008657
000008658
000008659
000008660
000008661
000008662
000008663
000008664
000008665
000008666
000008667
000008668
000008669
000008670
000008671
000008672
000008673
000008674
000008675
000008676
000008677
000008678
000008679
000008680
000008681
000008682
000008683
000008684
000008685
000008686
000008687
000008688
000008689
000008690
000008691
000008692
000008693
000008694
000008695
000008696
000008697
000008698
000008699
000008700
000008701
000008702
000008703
000008704
000008705
000008706
000008707
000008708
000008709
000008710
000008711
000008712
000008713
000008714
000008715
000008716
000008717
000008718
000008719
000008720
000008721
000008722
000008723
000008724
000008725
000008726
000008727
000008728
000008729
000008730
000008731
000008732
000008733
000008734
000008735
000008736
000008737
000008738
000008739
000008740
000008741
000008742
000008743
000008744
000008745
000008746
000008747
000008748
000008749
000008750
000008751
000008752
000008753
000008754
000008755
000008756
000008757
000008758
000008759
000008760
000008761
000008762
000008763
000008764
000008765
000008766
000008767
000008768
000008769
000008770
000008771
000008772
000008773
000008774
000008775
000008776
000008777
000008778
000008779
000008780
000008781
000008782
000008783
000008784
000008785
000008786
000008787
000008788
000008789
000008790
000008791
000008792
000008793
000008794
000008795
000008796
000008797
000008798
000008799
000008800
000008801
000008802
000008803
000008804
000008805
000008806
000008807
000008808
000008809
000008810
000008811
000008812
000008813
000008814
000008815
000008816
000008817
000008818
000008819
000008820
000008821
000008822
000008823
000008824
000008825
000008826
000008827
000008828
000008829
000008830
000008831
000008832
000008833
000008834
000008835
000008836
000008837
000008838
000008839
000008840
000008841
000008842
000008843
000008844
000008845
000008846
000008847
000008848
000008849
000008850
000008851
000008852
000008853
000008854
000008855
000008856
000008857
000008858
000008859
000008860
000008861
000008862
000008863
000008864
000008865
000008866
000008867
000008868
000008869
000008870
000008871
000008872
000008873
000008874
000008875
000008876
000008877
000008878
000008879
000008880
000008881
000008882
000008883
000008884
000008885
000008886
000008887
000008888
000008889
000008890
000008891
000008892
000008893
000008894
000008895
000008896
000008897
000008898
000008899
000008900
000008901
000008902
000008903
000008904
000008905
000008906
000008907
000008908
000008909
000008910
000008911
000008912
000008913
000008914
000008915
000008916
000008917
000008918
000008919
000008920
000008921
000008922
000008923
000008924
000008925
000008926
000008927
000008928
000008929
000008930
000008931
000008932
000008933
000008934
000008935
000008936
000008937
000008938
000008939
000008940
000008941
000008942
000008943
000008944
000008945
000008946
000008947
000008948
000008949
000008950
000008951
000008952
000008953
000008954
000008955
000008956
000008957
000008958
000008959
000008960
000008961
000008962
000008963
000008964
000008965
000008966
000008967
000008968
000008969
000008970
000008971
000008972
000008973
000008974
000008975
000008976
000008977
000008978
000008979
000008980
000008981
000008982
000008983
000008984
000008985
000008986
000008987
000008988
000008989
000008990
000008991
000008992
000008993
000008994
000008995
000008996
000008997
000008998
000008999
000009000
000009001
000009002
000009003
000009004
000009005
000009006
000009007
000009008
000009009
000009010
000009011
000009012
000009013
000009014
000009015
000009016
000009017
000009018
000009019
000009020
000009021
000009022
000009023
000009024
000009025
000009026
000009027
000009028
000009029
000009030
000009031
000009032
000009033
000009034
000009035
000009036
000009037
000009038
000009039
000009040
000009041
000009042
000009043
000009044
000009045
000009046
000009047
000009048
000009049
000009050
000009051
000009052
000009053
000009054
000009055
000009056
000009057
000009058
000009059
000009060
000009061
000009062
000009063
000009064
000009065
000009066
000009067
000009068
000009069
000009070
000009071
000009072
000009073
000009074
000009075
000009076
000009077
000009078
000009079
000009080
000009081
000009082
000009083
000009084
000009085
000009086
000009087
000009088
000009089
000009090
000009091
000009092
000009093
000009094
000009095
000009096
000009097
000009098
000009099
000009100
000009101
000009102
000009103
000009104
000009105
000009106
000009107
000009108
000009109
000009110
000009111
000009112
000009113
000009114
000009115
000009116
000009117
000009118
000009119
000009120
000009121
000009122
000009123
000009124
000009125
000009126
000009127
000009128
000009129
000009130
000009131
000009132
000009133
000009134
000009135
000009136
000009137
000009138
000009139
000009140
000009141
000009142
000009143
000009144
000009145
000009146
000009147
000009148
000009149
000009150
000009151
000009152
000009153
000009154
000009155
000009156
000009157
000009158
000009159
000009160
000009161
000009162
000009163
000009164
000009165
000009166
000009167
000009168
000009169
000009170
000009171
000009172
000009173
000009174
000009175
000009176
000009177
000009178
000009179
000009180
000009181
000009182
000009183
000009184
000009185
000009186
000009187
000009188
000009189
000009190
000009191
000009192
000009193
000009194
000009195
000009196
000009197
000009198
000009199
000009200
000009201
000009202
000009203
000009204
000009205
000009206
000009207
000009208
000009209
000009210
000009211
000009212
000009213
000009214
000009215
000009216
000009217
000009218
000009219
000009220
000009221
000009222
000009223
000009224
000009225
000009226
000009227
000009228
000009229
000009230
000009231
000009232
000009233
000009234
000009235
000009236
000009237
000009238
000009239
000009240
000009241
000009242
000009243
000009244
000009245
000009246
000009247
000009248
000009249
000009250
000009251
000009252
000009253
000009254
000009255
000009256
000009257
000009258
000009259
000009260
000009261
000009262
000009263
000009264
000009265
000009266
000009267
000009268
000009269
000009270
000009271
000009272
000009273
000009274
000009275
000009276
000009277
000009278
000009279
000009280
000009281
000009282
000009283
000009284
000009285
000009286
000009287
000009288
000009289
000009290
000009291
000009292
000009293
000009294
000009295
000009296
000009297
000009298
000009299
000009300
000009301
000009302
000009303
000009304
000009305
000009306
000009307
000009308
000009309
000009310
000009311
000009312
000009313
000009314
000009315
000009316
000009317
000009318
000009319
000009320
000009321
000009322
000009323
000009324
000009325
000009326
000009327
000009328
000009329
000009330
000009331
000009332
000009333
000009334
000009335
000009336
000009337
000009338
000009339
000009340
000009341
000009342
000009343
000009344
000009345
000009346
000009347
000009348
000009349
000009350
000009351
000009352
000009353
000009354
000009355
000009356
000009357
000009358
000009359
000009360
000009361
000009362
000009363
000009364
000009365
000009366
000009367
000009368
000009369
000009370
000009371
000009372
000009373
000009374
000009375
000009376
000009377
000009378
000009379
000009380
000009381
000009382
000009383
000009384
000009385
000009386
000009387
000009388
000009389
000009390
000009391
000009392
000009393
000009394
000009395
000009396
000009397
000009398
000009399
000009400
000009401
000009402
000009403
000009404
000009405
000009406
000009407
000009408
000009409
000009410
000009411
000009412
000009413
000009414
000009415
000009416
000009417
000009418
000009419
000009420
000009421
000009422
000009423
000009424
000009425
000009426
000009427
000009428
000009429
000009430
000009431
000009432
000009433
000009434
000009435
000009436
000009437
000009438
000009439
000009440
000009441
000009442
000009443
000009444
000009445
000009446
000009447
000009448
000009449
000009450
000009451
000009452
000009453
000009454
000009455
000009456
000009457
000009458
000009459
000009460
000009461
000009462
000009463
000009464
000009465
000009466
000009467
000009468
000009469
000009470
000009471
000009472
000009473
000009474
000009475
000009476
000009477
000009478
000009479
000009480
000009481
000009482
000009483
000009484
000009485
000009486
000009487
000009488
000009489
000009490
000009491
000009492
000009493
000009494
000009495
000009496
000009497
000009498
000009499
000009500
000009501
000009502
000009503
000009504
000009505
000009506
000009507
000009508
000009509
000009510
000009511
000009512
000009513
000009514
000009515
000009516
000009517
000009518
000009519
000009520
000009521
000009522
000009523
000009524
000009525
000009526
000009527
000009528
000009529
000009530
000009531
000009532
000009533
000009534
000009535
000009536
000009537
000009538
000009539
000009540
000009541
000009542
000009543
000009544
000009545
000009546
000009547
000009548
000009549
000009550
000009551
000009552
000009553
000009554
000009555
000009556
000009557
000009558
000009559
000009560
000009561
000009562
000009563
000009564
000009565
000009566
000009567
000009568
000009569
000009570
000009571
000009572
000009573
000009574
000009575
000009576
000009577
000009578
000009579
000009580
000009581
000009582
000009583
000009584
000009585
000009586
000009587
000009588
000009589
000009590
000009591
000009592
000009593
000009594
000009595
000009596
000009597
000009598
000009599
000009600
000009601
000009602
000009603
000009604
000009605
000009606
000009607
000009608
000009609
000009610
000009611
000009612
000009613
000009614
000009615
000009616
000009617
000009618
000009619
000009620
000009621
000009622
000009623
000009624
000009625
000009626
000009627
000009628
000009629
000009630
000009631
000009632
000009633
000009634
000009635
000009636
000009637
000009638
000009639
000009640
000009641
000009642
000009643
000009644
000009645
000009646
000009647
000009648
000009649
000009650
000009651
000009652
000009653
000009654
000009655
000009656
000009657
000009658
000009659
000009660
000009661
000009662
000009663
000009664
000009665
000009666
000009667
000009668
000009669
000009670
000009671
000009672
000009673
000009674
000009675
000009676
000009677
000009678
000009679
000009680
000009681
000009682
000009683
000009684
000009685
000009686
000009687
000009688
000009689
000009690
000009691
000009692
000009693
000009694
000009695
000009696
000009697
000009698
000009699
000009700
000009701
000009702
000009703
000009704
000009705
000009706
000009707
000009708
000009709
000009710
000009711
000009712
000009713
000009714
000009715
000009716
000009717
000009718
000009719
000009720
000009721
000009722
000009723
000009724
000009725
000009726
000009727
000009728
000009729
000009730
000009731
000009732
000009733
000009734
000009735
000009736
000009737
000009738
000009739
000009740
000009741
000009742
000009743
000009744
000009745
000009746
000009747
000009748
000009749
000009750
000009751
000009752
000009753
000009754
000009755
000009756
000009757
000009758
000009759
000009760
000009761
000009762
000009763
000009764
000009765
000009766
000009767
000009768
000009769
000009770
000009771
000009772
000009773
000009774
000009775
000009776
000009777
000009778
000009779
000009780
000009781
000009782
000009783
000009784
000009785
000009786
000009787
000009788
000009789
000009790
000009791
000009792
000009793
000009794
000009795
000009796
000009797
000009798
000009799
000009800
000009801
000009802
000009803
000009804
000009805
000009806
000009807
000009808
000009809
000009810
000009811
000009812
000009813
000009814
000009815
000009816
000009817
000009818
000009819
000009820
000009821
000009822
000009823
000009824
000009825
000009826
000009827
000009828
000009829
000009830
000009831
000009832
000009833
000009834
000009835
000009836
000009837
000009838
000009839
000009840
000009841
000009842
000009843
000009844
000009845
000009846
000009847
000009848
000009849
000009850
000009851
000009852
000009853
000009854
000009855
000009856
000009857
000009858
000009859
000009860
000009861
000009862
000009863
000009864
000009865
000009866
000009867
000009868
000009869
000009870
000009871
000009872
000009873
000009874
000009875
000009876
000009877
000009878
000009879
000009880
000009881
000009882
000009883
000009884
000009885
000009886
000009887
000009888
000009889
000009890
000009891
000009892
000009893
000009894
000009895
000009896
000009897
000009898
000009899
000009900
000009901
000009902
000009903
000009904
000009905
000009906
000009907
000009908
000009909
000009910
000009911
000009912
000009913
000009914
000009915
000009916
000009917
000009918
000009919
000009920
000009921
000009922
000009923
000009924
000009925
000009926
000009927
000009928
000009929
000009930
000009931
000009932
000009933
000009934
000009935
000009936
000009937
000009938
000009939
000009940
000009941
000009942
000009943
000009944
000009945
000009946
000009947
000009948
000009949
000009950
000009951
000009952
000009953
000009954
000009955
000009956
000009957
000009958
000009959
000009960
000009961
000009962
000009963
000009964
000009965
000009966
000009967
000009968
000009969
000009970
000009971
000009972
000009973
000009974
000009975
000009976
000009977
000009978
000009979
000009980
000009981
000009982
000009983
000009984
000009985
000009986
000009987
000009988
000009989
000009990
000009991
000009992
000009993
000009994
000009995
000009996
000009997
000009998
000009999
000010000
000010001
000010002
000010003
000010004
000010005
000010006
000010007
000010008
000010009
000010010
000010011
000010012
000010013
000010014
000010015
000010016
000010017
000010018
000010019
000010020
000010021
000010022
000010023
000010024
000010025
000010026
000010027
000010028
000010029
000010030
000010031
000010032
000010033
000010034
000010035
000010036
000010037
000010038
000010039
000010040
000010041
000010042
000010043
000010044
000010045
000010046
000010047
000010048
000010049
000010050
000010051
000010052
000010053
000010054
000010055
000010056
000010057
000010058
000010059
000010060
000010061
000010062
000010063
000010064
000010065
000010066
000010067
000010068
000010069
000010070
000010071
000010072
000010073
000010074
000010075
000010076
000010077
000010078
000010079
000010080
000010081
000010082
000010083
000010084
000010085
000010086
000010087
000010088
000010089
000010090
000010091
000010092
000010093
000010094
000010095
000010096
000010097
000010098
000010099
000010100
000010101
000010102
000010103
000010104
000010105
000010106
000010107
000010108
000010109
000010110
000010111
000010112
000010113
000010114
000010115
000010116
000010117
000010118
000010119
000010120
000010121
000010122
000010123
000010124
000010125
000010126
000010127
000010128
000010129
000010130
000010131
000010132
000010133
000010134
000010135
000010136
000010137
000010138
000010139
000010140
000010141
000010142
000010143
000010144
000010145
000010146
000010147
000010148
000010149
000010150
000010151
000010152
000010153
000010154
000010155
000010156
000010157
000010158
000010159
000010160
000010161
000010162
000010163
000010164
000010165
000010166
000010167
000010168
000010169
000010170
000010171
000010172
000010173
000010174
000010175
000010176
000010177
000010178
000010179
000010180
000010181
000010182
000010183
000010184
000010185
000010186
000010187
000010188
000010189
000010190
000010191
000010192
000010193
000010194
000010195
000010196
000010197
000010198
000010199
000010200
000010201
000010202
000010203
000010204
000010205
000010206
000010207
000010208
000010209
000010210
000010211
000010212
000010213
000010214
000010215
000010216
000010217
000010218
000010219
000010220
000010221
000010222
000010223
000010224
000010225
000010226
000010227
000010228
000010229
000010230
000010231
000010232
000010233
000010234
000010235
000010236
000010237
000010238
000010239
000010240
000010241
000010242
000010243
000010244
000010245
000010246
000010247
000010248
000010249
000010250
000010251
000010252
000010253
000010254
000010255
000010256
000010257
000010258
000010259
000010260
000010261
000010262
000010263
000010264
000010265
000010266
000010267
000010268
000010269
000010270
000010271
000010272
000010273
000010274
000010275
000010276
000010277
000010278
000010279
000010280
000010281
000010282
000010283
000010284
000010285
000010286
000010287
000010288
000010289
000010290
000010291
000010292
000010293
000010294
000010295
000010296
000010297
000010298
000010299
000010300
000010301
000010302
000010303
000010304
000010305
000010306
000010307
000010308
000010309
000010310
000010311
000010312
000010313
000010314
000010315
000010316
000010317
000010318
000010319
000010320
000010321
000010322
000010323
000010324
000010325
000010326
000010327
000010328
000010329
000010330
000010331
000010332
000010333
000010334
000010335
000010336
000010337
000010338
000010339
000010340
000010341
000010342
000010343
000010344
000010345
000010346
000010347
000010348
000010349
000010350
000010351
000010352
000010353
000010354
000010355
000010356
000010357
000010358
000010359
000010360
000010361
000010362
000010363
000010364
000010365
000010366
000010367
000010368
000010369
000010370
000010371
000010372
000010373
000010374
000010375
000010376
000010377
000010378
000010379
000010380
000010381
000010382
000010383
000010384
000010385
000010386
000010387
000010388
000010389
000010390
000010391
000010392
000010393
000010394
000010395
000010396
000010397
000010398
000010399
000010400
000010401
000010402
000010403
000010404
000010405
000010406
000010407
000010408
000010409
000010410
000010411
000010412
000010413
000010414
000010415
000010416
000010417
000010418
000010419
000010420
000010421
000010422
000010423
000010424
000010425
000010426
000010427
000010428
000010429
000010430
000010431
000010432
000010433
000010434
000010435
000010436
000010437
000010438
000010439
000010440
000010441
000010442
000010443
000010444
000010445
000010446
000010447
000010448
000010449
000010450
000010451
000010452
000010453
000010454
000010455
000010456
000010457
000010458
000010459
000010460
000010461
000010462
000010463
000010464
000010465
000010466
000010467
000010468
000010469
000010470
000010471
000010472
000010473
000010474
000010475
000010476
000010477
000010478
000010479
000010480
000010481
000010482
000010483
000010484
000010485
000010486
000010487
000010488
000010489
000010490
000010491
000010492
000010493
000010494
000010495
000010496
000010497
000010498
000010499
000010500
000010501
000010502
000010503
000010504
000010505
000010506
000010507
000010508
000010509
000010510
000010511
000010512
000010513
000010514
000010515
000010516
000010517
000010518
000010519
000010520
000010521
000010522
000010523
000010524
000010525
000010526
000010527
000010528
000010529
000010530
000010531
000010532
000010533
000010534
000010535
000010536
000010537
000010538
000010539
000010540
000010541
000010542
000010543
000010544
000010545
000010546
000010547
000010548
000010549
000010550
000010551
000010552
000010553
000010554
000010555
000010556
000010557
000010558
000010559
000010560
000010561
000010562
000010563
000010564
000010565
000010566
000010567
000010568
000010569
000010570
000010571
000010572
000010573
000010574
000010575
000010576
000010577
000010578
000010579
000010580
000010581
000010582
000010583
000010584
000010585
000010586
000010587
000010588
000010589
000010590
000010591
000010592
000010593
000010594
000010595
000010596
000010597
000010598
000010599
000010600
000010601
000010602
000010603
000010604
000010605
000010606
000010607
000010608
000010609
000010610
000010611
000010612
000010613
000010614
000010615
000010616
000010617
000010618
000010619
000010620
000010621
000010622
000010623
000010624
000010625
000010626
000010627
000010628
000010629
000010630
000010631
000010632
000010633
000010634
000010635
000010636
000010637
000010638
000010639
000010640
000010641
000010642
000010643
000010644
000010645
000010646
000010647
000010648
000010649
000010650
000010651
000010652
000010653
000010654
000010655
000010656
000010657
000010658
000010659
000010660
000010661
000010662
000010663
000010664
000010665
000010666
000010667
000010668
000010669
000010670
000010671
000010672
000010673
000010674
000010675
000010676
000010677
000010678
000010679
000010680
000010681
000010682
000010683
000010684
000010685
000010686
000010687
000010688
000010689
000010690
000010691
000010692
000010693
000010694
000010695
000010696
000010697
000010698
000010699
000010700
000010701
000010702
000010703
000010704
000010705
000010706
000010707
000010708
000010709
000010710
000010711
000010712
000010713
000010714
000010715
000010716
000010717
000010718
000010719
000010720
000010721
000010722
000010723
000010724
000010725
000010726
000010727
000010728
000010729
000010730
000010731
000010732
000010733
000010734
000010735
000010736
000010737
000010738
000010739
000010740
000010741
000010742
000010743
000010744
000010745
000010746
000010747
000010748
000010749
000010750
000010751
000010752
000010753
000010754
000010755
000010756
000010757
000010758
000010759
000010760
000010761
000010762
000010763
000010764
000010765
000010766
000010767
000010768
000010769
000010770
000010771
000010772
000010773
000010774
000010775
000010776
000010777
000010778
000010779
000010780
000010781
000010782
000010783
000010784
000010785
000010786
000010787
000010788
000010789
000010790
000010791
000010792
000010793
000010794
000010795
000010796
000010797
000010798
000010799
000010800
000010801
000010802
000010803
000010804
000010805
000010806
000010807
000010808
000010809
000010810
000010811
000010812
000010813
000010814
000010815
000010816
000010817
000010818
000010819
000010820
000010821
000010822
000010823
000010824
000010825
000010826
000010827
000010828
000010829
000010830
000010831
000010832
000010833
000010834
000010835
000010836
000010837
000010838
000010839
000010840
000010841
000010842
000010843
000010844
000010845
000010846
000010847
000010848
000010849
000010850
000010851
000010852
000010853
000010854
000010855
000010856
000010857
000010858
000010859
000010860
000010861
000010862
000010863
000010864
000010865
000010866
000010867
000010868
000010869
000010870
000010871
000010872
000010873
000010874
000010875
000010876
000010877
000010878
000010879
000010880
000010881
000010882
000010883
000010884
000010885
000010886
000010887
000010888
000010889
000010890
000010891
000010892
000010893
000010894
000010895
000010896
000010897
000010898
000010899
000010900
000010901
000010902
000010903
000010904
000010905
000010906
000010907
000010908
000010909
000010910
000010911
000010912
000010913
000010914
000010915
000010916
000010917
000010918
000010919
000010920
000010921
000010922
000010923
000010924
000010925
000010926
000010927
000010928
000010929
000010930
000010931
000010932
000010933
000010934
000010935
000010936
000010937
000010938
000010939
000010940
000010941
000010942
000010943
000010944
000010945
000010946
000010947
000010948
000010949
000010950
000010951
000010952
000010953
000010954
000010955
000010956
000010957
000010958
000010959
000010960
000010961
000010962
000010963
000010964
000010965
000010966
000010967
000010968
000010969
000010970
000010971
000010972
000010973
000010974
000010975
000010976
000010977
000010978
000010979
000010980
000010981
000010982
000010983
000010984
000010985
000010986
000010987
000010988
000010989
000010990
000010991
000010992
000010993
000010994
000010995
000010996
000010997
000010998
000010999
000011000
000011001
000011002
000011003
000011004
000011005
000011006
000011007
000011008
000011009
000011010
000011011
000011012
000011013
000011014
000011015
000011016
000011017
000011018
000011019
000011020
000011021
000011022
000011023
000011024
000011025
000011026
000011027
000011028
000011029
000011030
000011031
000011032
000011033
000011034
000011035
000011036
000011037
000011038
000011039
000011040
000011041
000011042
000011043
000011044
000011045
000011046
000011047
000011048
000011049
000011050
000011051
000011052
000011053
000011054
000011055
000011056
000011057
000011058
000011059
000011060
000011061
000011062
000011063
000011064
000011065
000011066
000011067
000011068
000011069
000011070
000011071
000011072
000011073
000011074
000011075
000011076
000011077
000011078
000011079
000011080
000011081
000011082
000011083
000011084
000011085
000011086
000011087
000011088
000011089
000011090
000011091
000011092
000011093
000011094
000011095
000011096
000011097
000011098
000011099
000011100
000011101
000011102
000011103
000011104
000011105
000011106
000011107
000011108
000011109
000011110
000011111
000011112
000011113
000011114
000011115
000011116
000011117
000011118
000011119
000011120
000011121
000011122
000011123
000011124
000011125
000011126
000011127
000011128
000011129
000011130
000011131
000011132
000011133
000011134
000011135
000011136
000011137
000011138
000011139
000011140
000011141
000011142
000011143
000011144
000011145
000011146
000011147
000011148
000011149
000011150
000011151
000011152
000011153
000011154
000011155
000011156
000011157
000011158
000011159
000011160
000011161
000011162
000011163
000011164
000011165
000011166
000011167
000011168
000011169
000011170
000011171
000011172
000011173
000011174
000011175
000011176
000011177
000011178
000011179
000011180
000011181
000011182
000011183
000011184
000011185
000011186
000011187
000011188
000011189
000011190
000011191
000011192
000011193
000011194
000011195
000011196
000011197
000011198
000011199
000011200
000011201
000011202
000011203
000011204
000011205
000011206
000011207
000011208
000011209
000011210
000011211
000011212
000011213
000011214
000011215
000011216
000011217
000011218
000011219
000011220
000011221
000011222
000011223
000011224
000011225
000011226
000011227
000011228
000011229
000011230
000011231
000011232
000011233
000011234
000011235
000011236
000011237
000011238
000011239
000011240
000011241
000011242
000011243
000011244
000011245
000011246
000011247
000011248
000011249
000011250
000011251
000011252
000011253
000011254
000011255
000011256
000011257
000011258
000011259
000011260
000011261
000011262
000011263
000011264
000011265
000011266
000011267
000011268
000011269
000011270
131235410
131235428
131235435
131235442
131235453
207303703
207303710
207303728
207303735
207303742
206375361
206375379
206375386
206375393
206375404
206375411
125548639
125548646
125548653
125548660
125548678
131241032
131241049
131241057
131241064
131241071
102648466
102648477
102648484
102648491
102648502
200135391
200135402
200135419
200135427
200135434
200135441
127554996
127555002
127555017
127555027
127555034
127555041
207178961
207178979
207178986
207178993
207179006
207179013
202154248
202154255
202154262
202154271
202154287
202154294
203637919
203637926
203637933
203637940
203637958
203637965
160010854
160010861
160010879
160010886
160010893
160010904
205740540
205740558
205740565
205740572
205740586
205598525
205598532
205598549
205598557
205598564
205598571
175312488
175312495
175312506
175312513
175312520
202264680
202264698
202264709
202264716
202264723
202264730
208509364
208509371
208509389
208509396
208509407
208509414
200451628
200451635
200451642
200451651
200451667
202689172
202689185
202689197
202689208
202689215
202689222
205317519
205317526
205317533
205317540
205317558
205317565
205514228
205514235
205514242
205514253
205514267
208427159
208427166
208427173
208427180
208427198
208427209
121263094
121263105
121263112
121263122
121263137
121263144
121263151
200324612
200324627
200324634
200324641
200324659
204587369
204587376
204587383
204587390
204587401
204587419
200191721
200191739
200191746
200191753
200191760
204544154
204544161
204544179
204544186
204544193
204544204
207171696
207171707
207171714
207171721
207171739
207171746
204510878
204510885
204510892
204510903
204510910
204510928
208171449
208171457
208171464
208171471
208171489
148078277
148078287
148078294
148078305
148078312
148078320
176897219
176897226
176897233
176897240
176897258
207603711
207603729
207603736
207603743
207603750
206865358
206865365
206865372
206865389
206865397
200420248
200420255
200420262
200420270
200420287
200420294
204056728
204056735
204056742
204056752
204056767
208393739
208393746
208393753
208393760
208393778
208393785
208894999
208895001
208895019
208895026
208895033
208895040
200342011
200342027
200342034
200342041
200342059
200342066
207833228
207833235
207833242
207833254
207833267
148005129
148005136
148005143
148005150
148005168
206955738
206955745
206955752
206955762
206955777
206955784
206955791
208406812
208406827
208406834
208406841
208406859
208406866
201081410
201081427
201081434
201081441
201081459
121780425
121780437
121780444
121780451
121780469
130274168
130274175
130274182
130274199
130274200
205695230
205695248
205695255
205695262
205695275
206791121
206791139
206791146
206791153
206791160
203859528
203859535
203859542
203859557
203859567
203859574
203859581
200025337
200025347
200025354
200025361
200025379
200025386
205668750
205668767
205668774
205668781
205668799
205668803
205493759
205493766
205493773
205493780
205493798
205493809
205335289
205335296
205335307
205335314
205335321
130610633
130610640
130610658
130610665
130610672
130610685
207623888
207623895
207623906
207623913
207623920
131297013
131297020
131297038
131297045
131297052
131297062
203041568
203041577
203041584
203041591
203041602
203041610
204469659
204469666
204469673
204469680
204469698
206706039
206706046
206706053
206706060
206706078
130837741
130837759
130837766
130837773
130837780
203376440
203376458
203376465
203376472
203376480
831266430
831266448
831266455
831266462
831266477
204244908
204244915
204244922
204244930
204244947
204244954
121069399
121069401
121069417
121069424
121069431
121069449
206157672
206157683
206157697
206157708
206157715
206157722
208015440
208015458
208015465
208015472
208015480
200760254
200760261
200760279
200760286
200760293
200760304
200789682
200789697
200789708
200789715
200789722
200789735
204946199
204946209
204946217
204946224
204946231
204946249
206760977
206760987
206760994
206761007
206761014
206761021
203353819
203353826
203353833
203353840
203353858
208177086
208177093
208177104
208177111
208177129
208177136
202039947
202039954
202039961
202039979
202039986
131388114
131388121
131388139
131388146
131388153
131388160
203319652
203319667
203319674
203319681
203319699
175155229
175155236
175155243
175155250
175155268
200796599
200796604
200796617
200796624
200796631
207697850
207697867
207697874
207697881
207697899
207697902
208394549
208394556
208394563
208394570
208394588
208394595
206425031
206425049
206425056
206425063
206425070
205353910
205353928
205353935
205353942
205353958
203240579
203240586
203240593
203240604
203240611
203240629
208014153
208014160
208014178
208014185
208014192
208014203
207746677
207746684
207746691
207746702
207746711
207746727
208031505
208031512
208031528
208031537
208031544
208031551
131245244
131245251
131245269
131245276
131245283
131245290
204477289
204477296
204477307
204477314
204477321
204477339
203837970
203837987
203837994
203838007
203838014
203838021
201199087
201199094
201199105
201199112
201199125
201829671
201829689
201829696
201829707
201829714
201829721
207178559
207178566
207178573
207178580
207178598
175446423
175446430
175446448
175446455
175446462
205278258
205278265
205278272
205278281
205278297
206314369
206314376
206314383
206314390
206314401
208592239
208592246
208592253
208592260
208592278
208592285
205209014
205209027
205209034
205209041
205209059
205209066
208285934
208285941
208285959
208285966
208285973
208285980
208911352
208911364
208911377
208911384
208911391
208911402
207619733
207619740
207619758
207619765
207619772
207619782
201118651
201118669
201118676
201118683
201118690
201118701
207454922
207454931
207454947
207454954
207454961
201136471
201136489
201136496
201136507
201136514
201136521
206665642
206665655
206665667
206665674
206665681
131230267
131230274
131230281
131230299
131230303
175324679
175324686
175324693
175324704
175324711
208282863
208282870
208282888
208282895
208282906
208282913
204704228
204704235
204704242
204704253
204704267
204704274
204704281
204622539
204622546
204622553
204622560
204622578
206056890
206056901
206056919
206056926
206056933
206056940
205506911
205506929
205506936
205506943
205506950
201415130
201415147
201415154
201415161
201415179
208616238
208616245
208616252
208616266
208616277
208616284
208616291
207798275
207798282
207798290
207798300
207798318
207798325
207730648
207730655
207730662
207730678
207730687
207024290
207024301
207024319
207024326
207024333
207024340
208264705
208264712
208264726
208264737
208264744
208264751
201671285
201671292
201671303
201671310
201671328
201671335
110532497
110532508
110532515
110532522
110532536
202754031
202754047
202754054
202754061
202754079
202754086
124647449
124647456
124647463
124647470
124647488
124647495
204246695
204246706
204246713
204246720
204246738
204246745
175012099
175012100
175012117
175012124
175012131
175012149
200304914
200304927
200304934
200304941
200304959
200304966
207721332
207721347
207721357
207721364
207721371
201988296
201988307
201988314
201988321
201988339
201988346
131342519
131342526
131342533
131342540
131342558
206126958
206126965
206126972
206126981
206126997
206127002
207750797
207750800
207750818
207750825
207750832
207750840
208202244
208202251
208202269
208202276
208202283
208202290
121739294
121739305
121739312
121739320
121739337
121739344
206260551
206260569
206260576
206260583
206260590
206260601
203728824
203728831
203728849
203728856
203728863
203728870
204843622
204843637
204843644
204843651
204843669
204843676
020428396
020428407
020428414
020428421
020428439
020428446
201388084
201388091
201388102
201388113
201388127
201388134
201388141
206794943
206794950
206794968
206794975
206794982
206794993
202130788
202130795
202130806
202130813
202130820
202130838
106064288
106064295
106064306
106064313
106064320
201601924
201601931
201601949
201601956
201601963
201601970
200180842
200180853
200180867
200180874
200180881
203111958
203111965
203111972
203111985
203111997
207994943
207994950
207994968
207994975
207994982
206519675
206519687
206519694
206519705
206519712
120525298
120525309
120525316
120525323
120525330
120551599
120551606
120551617
120551624
120551631
120551649
119677024
119677031
119677049
119677056
119677063
119677070
205715505
205715512
205715529
205715537
205715544
205715551
103197664
103197671
103197689
103197696
103197707
103197714
208099577
208099584
208099591
208099602
208099613
208099627
202430740
202430757
202430764
202430771
202430789
102222278
102222285
102222292
102222303
102222310
102222328
205557101
205557119
205557126
205557133
205557140
203131238
203131245
203131252
203131262
203131277
203711508
203711515
203711522
203711530
203711547
203711554
203155972
203155980
203155997
203156000
203156017
203156024
030201201
030201219
030201226
030201233
030201240
101128388
101128395
101128406
101128413
101128420
207887916
207887927
207887934
207887941
207887959
207869886
207869893
207869904
207869911
207869929
207869936
201710158
201710165
201710172
201710186
201710197
201710208
201710215
204718548
204718555
204718562
204718571
204718587
203470879
203470886
203470893
203470904
203470911
208461332
208461340
208461357
208461364
208461371
206740642
206740657
206740664
206740671
206740689
203278619
203278626
203278633
203278640
203278658
203278665
206082742
206082757
206082764
206082771
206082789
101060268
101060275
101060282
101060294
101060300
101060318
208656898
208656909
208656916
208656923
208656930
121223299
121223305
121223317
121223324
121223331
121223349
207311080
207311098
207311109
207311116
207311123
207311130
205297017
205297027
205297034
205297041
205297059
205297066
201336632
201336645
201336657
201336664
201336671
207471941
207471957
207471964
207471971
207471989
207471996
204200228
204200235
204200242
204200257
204200267
204200274
204200281
203332718
203332725
203332732
203332743
203332757
203332764
203332771
117076419
117076427
117076434
117076441
117076459
117076466
205464412
205464429
205464437
205464444
205464451
175243597
175243608
175243615
175243622
175243636
175243647
121499504
121499511
121499529
121499536
121499543
121499550
103831660
103831677
103831684
103831691
103831702
103831713
202850177
202850184
202850191
202850202
202850216
202850227
207575888
207575895
207575906
207575913
207575920
207010180
207010198
207010209
207010216
207010223
207010230
203532494
203532505
203532512
203532520
203532537
203532544
203754228
203754235
203754242
203754250
203754267
207957350
207957368
207957375
207957382
207957396
207957400
112046095
112046106
112046113
112046120
112046138
112046145
204191590
204191601
204191619
204191626
204191633
204191640
206755260
206755278
206755285
206755292
206755303
206755310
825007722
825007738
825007747
825007754
825007761
205708215
205708222
205708239
205708247
205708254
205708261
204050433
204050440
204050458
204050465
204050472
204050481
130277068
130277075
130277082
130277092
130277100
130277118
201876176
201876183
201876190
201876201
201876219
201876226
202026558
202026565
202026572
202026585
202026597
202026608
202026615
207227458
207227465
207227472
207227488
207227497
207227508
207227515
208359797
208359808
208359815
208359822
208359839
208359847
203851378
203851385
203851392
203851403
203851410
208823308
208823315
208823322
208823332
208823347
208823354
208823361
175144414
175144421
175144439
175144446
175144453
175144460
200229378
200229385
200229392
200229403
200229410
203108079
203108086
203108093
203108104
203108111
102634659
102634666
102634673
102634680
102634698
102634709
207920277
207920284
207920291
207920302
207920313
207920327
200643532
200643543
200643557
200643564
200643571
202664963
202664977
202664984
202664991
202665004
202665011
206612878
206612885
206612892
206612903
206612910
206612928
202811377
202811384
202811391
202811402
202811414
202811427
207828697
207828708
207828715
207828722
207828737
207828747
202811733
202811740
202811758
202811765
202811772
202811782
200867338
200867345
200867352
200867368
200867377
200867384
200867391
207832286
207832293
207832304
207832311
207832329
207832336
119531973
119531980
119531998
119532000
119532018
119532025
206253674
206253681
206253699
206253705
206253717
206253724
205832580
205832597
205832608
205832615
205832622
205832632
816053208
816053215
816053222
816053230
816053247
816053254
203397178
203397185
203397192
203397203
203397210
203397228
207530050
207530067
207530074
207530081
207530099
207530102
207548478
207548485
207548492
207548503
207548510
207548528
117524777
117524784
117524791
117524802
117524812
206366679
206366686
206366693
206366704
206366711
206366729
121655184
121655191
121655202
121655211
121655227
121655234
121655241
130799486
130799493
130799504
130799511
130799529
130799536
103576595
103576600
103576618
103576625
103576632
103576648
130350032
130350049
130350057
130350064
130350071
200740629
200740636
200740643
200740650
200740668
205500328
205500335
205500342
205500356
205500367
201996670
201996688
201996695
201996706
201996713
201996720
203789478
203789485
203789492
203789503
203789510
201883587
201883594
201883605
201883612
201883624
201883637
123534740
123534758
123534765
123534772
123534780
205887985
205887992
205888005
205888012
205888020
205888037
206806931
206806947
206806954
206806961
206806979
207426296
207426307
207426314
207426321
207426339
207426346
204376125
204376137
204376144
204376151
204376169
204376176
205540963
205540970
205540988
205540995
205541008
205541015
201311102
201311118
201311127
201311134
201311141
206268530
206268548
206268555
206268562
206268575
200010156
200010167
200010174
200010181
200010199
200010209
207542728
207542735
207542742
207542758
207542767
205294329
205294337
205294344
205294351
205294369
205294376
836014497
836014508
836014515
836014522
836014534
175019873
175019880
175019898
175019909
175019916
175019923
115880187
115880194
115880205
115880212
115880229
115880237
204934229
204934236
204934243
204934250
204934268
204934275
020128598
020128609
020128616
020128623
020128630
020128648
203130652
203130668
203130677
203130684
203130691
203130702
831122280
831122298
831122309
831122316
831122323
831122330
204869888
204869895
204869906
204869913
204869920
030198844
030198851
030198869
030198876
030198883
030198890
202734849
202734856
202734863
202734870
202734888
202734895
203115579
203115586
203115593
203115604
203115611
203115629
117580078
117580085
117580092
117580103
117580110
117580128
202745023
202745030
202745048
202745055
202745062
123553598
123553609
123553616
123553623
123553630
200121623
200121630
200121648
200121655
200121662
200121674
201225443
201225450
201225468
201225475
201225482
201225495
201772053
201772067
201772074
201772081
201772099
832010868
832010875
832010882
832010896
832010900
202738954
202738961
202738979
202738986
202738993
202739006
207755879
207755886
207755893
207755904
207755911
200340243
200340250
200340268
200340275
200340282
200340296
831652745
831652752
831652769
831652777
831652784
831652791
206469330
206469348
206469355
206469362
206469377
208018319
208018326
208018333
208018340
208018358
208483439
208483446
208483453
208483460
208483478
208483485
109569954
109569961
109569979
109569986
109569993
109570006
201241433
201241440
201241458
201241465
201241472
201241480
206654514
206654521
206654539
206654546
206654553
206654560
202833498
202833509
202833516
202833523
202833530
208808968
208808975
208808982
208808990
208809002
208809010
205888553
205888560
205888578
205888585
205888592
205888603
148098628
148098635
148098642
148098654
148098667
207170808
207170815
207170822
207170830
207170847
207170854
205804402
205804413
205804427
205804434
205804441
201972228
201972235
201972242
201972250
201972267
206578689
206578696
206578707
206578714
206578721
208003744
208003751
208003769
208003776
208003783
208003790
175071838
175071845
175071852
175071863
175071877
175071884
175071891
114517208
114517215
114517222
114517233
114517247
114517254
114517261
204621113
204621120
204621138
204621145
204621152
204621160
204297049
204297056
204297063
204297070
204297088
204297095
208372360
208372378
208372385
208372392
208372403
208372410
205232246
205232257
205232264
205232271
205232289
207973433
207973447
207973454
207973461
207973479
208650286
208650297
208650308
208650315
208650322
110566453
110566460
110566478
110566485
110566492
110566503
205614118
205614125
205614132
205614141
205614157
202088218
202088225
202088232
202088247
202088257
202088264
202088271
175170302
175170315
175170327
175170334
175170341
201409767
201409774
201409781
201409799
201409803
206762568
206762575
206762582
206762597
206762600
206762618
206762625
204476988
204476995
204477008
204477015
204477022
206258276
206258283
206258290
206258301
206258319
206258326
208350339
208350346
208350353
208350360
208350378
208350385
206396957
206396964
206396971
206396989
206396996
147214243
147214250
147214268
147214275
147214282
147214294
207453432
207453442
207453457
207453464
207453471
200568752
200568761
200568777
200568784
200568791
200568802
208354799
208354800
208354818
208354825
208354832
208354841
202212178
202212185
202212192
202212203
202212210
202212228
203489776
203489783
203489790
203489801
203489819
203489826
203101138
203101145
203101152
203101165
203101177
208166887
208166894
208166905
208166912
208166921
208166937
130534477
130534484
130534491
130534502
130534510
130534527
203163905
203163912
203163927
203163937
203163944
203163951
207273270
207273288
207273295
207273306
207273313
207273320
203804300
203804318
203804325
203804332
203804343
206651913
206651920
206651938
206651945
206651952
206651963
204926638
204926645
204926652
204926663
204926677
204926684
204926691
208060275
208060282
208060299
208060300
208060318
208060325
206469420
206469437
206469444
206469451
206469469
203358296
203358307
203358314
203358321
203358339
203358346
203762919
203762926
203762933
203762940
203762958
203762965
206351457
206351467
206351474
206351481
206351499
206351500
202833263
202833270
202833288
202833295
202833306
202833313
175311087
175311094
175311105
175311112
175311128
175311137
203408547
203408557
203408564
203408571
203408589
203284643
203284650
203284668
203284675
203284682
203284691
202330618
202330625
202330632
202330646
202330657
207546096
207546107
207546114
207546121
207546139
207546146
202724355
202724367
202724374
202724381
202724399
202724408
207024187
207024194
207024205
207024212
207024224
175212676
175212687
175212694
175212705
175212712
175212729
202282899
202282905
202282917
202282924
202282931
202282949
202243113
202243120
202243138
202243145
202243152
202243166
203177787
203177794
203177805
203177812
203177824
203177837
204019879
204019886
204019893
204019904
204019911
202817768
202817775
202817782
202817795
202817800
202817818
202817825
207470086
207470093
207470104
207470111
207470129
207470136
205871486
205871493
205871504
205871511
205871529
205871536
207791448
207791455
207791462
207791477
207791487
207791494
207791505
208719964
208719971
208719989
208719996
208720009
208720016
208226149
208226156
208226163
208226170
208226188
208715542
208715550
208715567
208715574
208715581
115131309
115131316
115131323
115131330
115131348
115131355
831168986
831168993
831169006
831169013
831169020
831169038
148087642
148087650
148087667
148087674
148087681
201250119
201250126
201250133
201250140
201250158
206534949
206534956
206534963
206534970
206534988
200219074
200219081
200219099
200219107
200219117
200219124
175303425
175303432
175303449
175303457
175303464
175303471
117631868
117631875
117631882
117631895
117631900
203911028
203911035
203911042
203911058
203911067
203911074
203911081
200000714
200000721
200000739
200000746
200000753
200000760
206909609
206909616
206909623
206909630
206909648
206909655
203054934
203054941
203054959
203054966
203054973
203054980
160069728
160069735
160069742
160069751
160069767
160069774
160069781
204612250
204612267
204612274
204612281
204612299
204612302
207458319
207458326
207458333
207458340
207458358
201764632
201764647
201764654
201764661
201764679
201764686
203510512
203510522
203510537
203510544
203510551
202180734
202180741
202180759
202180766
202180773
202180780
208601414
208601421
208601439
208601446
208601453
208601460
201986758
201986765
201986772
201986784
201986797
201986808
202181462
202181475
202181487
202181494
202181505
202181512
207812262
207812272
207812287
207812294
207812305
207812312
200096287
200096294
200096305
200096312
200096320
200096337
125541954
125541961
125541979
125541986
125541993
125542006
206440978
206440987
206440994
206441007
206441014
206441021
205586398
205586409
205586416
205586423
205586430
205892758
205892765
205892772
205892784
205892797
202449177
202449184
202449191
202449202
202449213
202449227
208447158
208447165
208447172
208447181
208447197
106628148
106628155
106628162
106628176
106628187
103000362
103000375
103000387
103000394
103000405
103000412
130576215
130576227
130576234
130576241
130576259
115579878
115579885
115579892
115579903
115579910
115579928
202364457
202364467
202364474
202364481
202364499
202364500
200964399
200964405
200964417
200964424
200964431
200964449
208903672
208903685
208903697
208903708
208903715
208903722
203390739
203390746
203390753
203390760
203390778
208693804
208693811
208693829
208693836
208693843
208693850
122095639
122095646
122095653
122095660
122095678
127609813
127609820
127609838
127609845
127609852
127609860
202323869
202323876
202323883
202323890
202323901
202323919
130944597
130944608
130944615
130944622
130944634
130944647
205576201
205576219
205576226
205576233
205576240
204543052
204543063
204543077
204543084
204543091
204543102
205648679
205648686
205648693
205648704
205648711
204146780
204146798
204146809
204146816
204146823
204146830
131203028
131203035
131203042
131203057
131203067
201899164
201899171
201899189
201899196
201899207
201899214
204365379
204365386
204365393
204365404
204365411
204365429
203765153
203765160
203765178
203765185
203765192
203765203
208313611
208313629
208313636
208313643
208313650
200952496
200952500
200952518
200952525
200952532
202897351
202897369
202897376
202897383
202897390
202897401
208271443
208271450
208271468
208271475
208271482
208271490
207054230
207054248
207054255
207054262
207054279
202116074
202116087
202116094
202116105
202116112
148135891
148135902
148135918
148135927
148135934
148135941
205725830
205725848
205725855
205725862
205725875
205339215
205339227
205339234
205339241
205339259
206112798
206112809
206112816
206112823
206112830
206112848
203382258
203382265
203382272
203382280
203382297
204009301
204009319
204009326
204009333
204009340
206832059
206832066
206832073
206832080
206832098
106627203
106627217
106627224
106627231
106627249
106627256
204044672
204044680
204044697
204044708
204044715
204044722
204392052
204392067
204392077
204392084
204392091
204392102
200229314
200229321
200229339
200229346
200229353
200229360
203875541
203875557
203875564
203875571
203875589
203875596
208498829
208498836
208498843
208498850
208498868
205977756
205977767
205977774
205977781
205977799
205977809
202508729
202508736
202508743
202508750
202508768
202508775
130392370
130392387
130392394
130392405
130392412
130392423
202732168
202732175
202732182
202732197
202732200
202732218
202732225
208125673
208125680
208125698
208125709
208125716
208125723
202886789
202886796
202886807
202886814
202886821
202886839
202307879
202307886
202307893
202307904
202307911
202307929
204600578
204600585
204600592
204600603
204600610
130869340
130869358
130869365
130869372
130869389
207162918
207162925
207162932
207162946
207162957
200471424
200471431
200471449
200471456
200471463
200471470
205689843
205689850
205689868
205689875
205689882
205689895
208150349
208150356
208150363
208150370
208150388
202755941
202755957
202755964
202755971
202755989
208375488
208375495
208375506
208375513
208375520
208375538
205248418
205248425
205248432
205248442
205248457
201228279
201228286
201228293
201228304
201228311
201228329
201715333
201715340
201715358
201715365
201715372
202739999
202740001
202740019
202740026
202740033
202740040
204715331
204715349
204715356
204715363
204715370
200739609
200739616
200739623
200739630
200739648
200739655
202305878
202305885
202305892
202305903
202305910
202305928
205319235
205319242
205319259
205319267
205319274
205319281
205462938
205462945
205462952
205462961
205462977
205462984
205462991
206937042
206937058
206937067
206937074
206937081
200989395
200989406
200989413
200989420
200989438
200989445
205486661
205486679
205486686
205486693
205486704
205486711
206055297
206055308
206055315
206055322
206055333
206055347
119597959
119597966
119597973
119597980
119597998
119598000
204455570
204455588
204455595
204455606
204455613
204455620
207852488
207852495
207852506
207852513
207852520
207852538
205436929
205436936
205436943
205436950
205436968
204766541
204766557
204766564
204766571
204766589
200781423
200781437
200781444
200781451
200781469
175205850
175205867
175205874
175205881
175205899
175205902
130322780
130322798
130322809
130322816
130322823
130322830
202338878
202338885
202338892
202338903
202338910
131445597
131445608
131445615
131445622
131445639
131445647
202943140
202943158
202943165
202943172
202943182
206146430
206146448
206146455
206146462
206146474
208859489
208859496
208859507
208859514
208859521
203264758
203264765
203264772
203264788
203264797
205848904
205848911
205848929
205848936
205848943
205848950
206231044
206231051
206231069
206231076
206231083
206231090
208899238
208899245
208899252
208899260
208899277
201211269
201211276
201211283
201211290
201211301
207139403
207139410
207139428
207139435
207139442
207139456
206490221
206490239
206490246
206490253
206490260
200686101
200686117
200686124
200686131
200686149
200686156
202758768
202758775
202758782
202758792
202758800
202758818
121697354
121697361
121697379
121697386
121697393
121697404
200010886
200010893
200010904
200010911
200010929
200010936
205566328
205566335
205566342
205566358
205566367
206909518
206909527
206909534
206909541
206909559
206909566
200230590
200230601
200230619
200230626
200230633
200230640
126552163
126552170
126552188
126552195
126552206
126552213
208225734
208225741
208225759
208225766
208225773
208225780
130560034
130560041
130560059
130560066
130560073
130560080
204435272
204435280
204435297
204435308
204435315
204435322
200508972
200508988
200508997
200509009
200509017
200509024
127008894
127008905
127008912
127008922
127008937
127008944
127008951
204558741
204558759
204558766
204558773
204558780
206916112
206916129
206916137
206916144
206916151
207540501
207540517
207540524
207540531
207540549
207540556
207321733
207321740
207321758
207321765
207321772
207321784
131454549
131454557
131454564
131454571
131454589
205905069
205905077
205905084
205905091
205905102
205905111
205526796
205526807
205526814
205526821
205526839
205526846
103932377
103932384
103932391
103932402
103932411
103932427
126552149
126552156
204398468
204398475
204398482
204398490
204398500
204398518
205145329
205145336
205145343
205145350
205145368
205145375
126552220
206890831
206890849
206890856
206890863
206890870
204941960
204941978
204941985
204941992
204942005
204942012
175239524
175239531
175239549
175239556
175239563
175239570
205925158
205925165
205925172
205925188
205925197
205925208
205925215
202235344
202235351
202235369
202235376
202235383
202235390
203094074
203094081
203094099
203094104
203094117
203094124
203094131
208607748
208607755
208607762
208607777
208607787
207246704
207246711
207246729
207246736
207246743
207246750
201859324
201859337
201859344
201859351
201859369
110539424
110539431
110539449
110539456
110539463
110539470
117664163
117664170
117664188
117664195
117664206
117664213
121118558
121118565
121118572
121118589
121118597
204522987
204522994
204523007
204523014
204523021
205791129
205791136
205791143
205791150
205791168
175344297
175344308
175344315
175344322
175344334
202744252
202744269
202744277
202744284
202744291
202744302
207552941
207552957
207552964
207552971
207552989
201847047
201847057
201847064
201847071
201847089
202930148
202930157
202930164
202930171
202930189
202930196
207839267
207839277
207839284
207839291
207839302
207839310
204780464
204780471
204780489
204780496
204780507
204780514
205744268
205744275
205744282
205744290
205744300
205744318
206161659
206161667
206161674
206161681
206161699
206161701
204818833
204818840
204818858
204818865
204818872
204818880
207730790
207730801
207730819
207730826
207730833
207730840
204275519
204275526
204275533
204275540
204275558
200332524
200332531
200332549
200332556
200332563
200332570
104014354
104014361
104014379
104014386
104014393
104014404
160060768
160060775
160060782
160060792
160060800
121384740
121384758
121384765
121384772
121384781
103675559
103675566
103675573
103675580
103675598
103675609
831564010
831564028
831564035
831564042
831564058
202750305
202750312
202750328
202750337
202750344
202750351
130258064
130258071
130258089
130258096
130258107
130258114
121286844
121286851
121286869
121286876
121286883
121286890
811167695
811167706
811167713
811167720
811167738
811167745
203540441
203540459
203540466
203540473
203540480
020997629
020997636
020997643
020997650
020997668
020997675
124599869
124599876
124599883
124599890
124599901
204604459
204604466
204604473
204604480
204604498
204604509
206873173
206873180
206873198
206873209
206873216
206873223
831065728
831065737
831065744
831065751
831065769
831065776
201599898
201599900
201599918
201599925
201599932
201599940
206047724
206047731
206047749
206047756
206047763
206047770
201363633
201363647
201363654
201363661
201363679
160132461
160132477
160132484
160132491
160132502
160132514
121365042
121365051
121365067
121365074
121365081
130411581
130411599
130411609
130411617
130411624
130411631
202502288
202502295
202502306
202502313
202502320
202767048
202767055
202767062
202767076
202767087
202080260
202080278
202080285
202080292
202080303
202080310
175942558
175942565
175942572
175942584
175942597
811131090
811131101
811131119
811131126
811131133
811131140
148133901
148133919
148133926
148133933
148133940
103124096
103124100
103124118
103124125
103124132
130350018
130350025
115052349
115052356
115052363
115052370
115052388
200649298
200649300
200649318
200649325
200649332
200649340
202502441
202502459
202502466
202502473
202502480
131347231
131347249
131347256
131347263
131347270
130843737
130843744
130843751
130843769
130843776
203385279
203385286
203385293
203385304
203385311
203385329
203291399
203291408
203291417
203291424
203291431
206151185
206151192
206151203
206151210
206151228
206151235
203587220
203587238
203587245
203587252
203587260
206126075
206126082
206126097
206126100
206126118
206126125
205799019
205799026
205799033
205799040
205799058
202764372
202764388
202764397
202764408
202764415
202764422
207050723
207050730
207050748
207050755
207050762
207050770
030112400
030112418
030112425
030112432
030112447
207422084
207422091
207422102
207422114
207422127
207422134
207422141
204718295
204718306
204718313
204718320
204718338
204718345
200661621
200661637
200661644
200661651
200661669
206857849
206857856
206857863
206857870
206857888
160079373
160079380
160079398
160079409
160079416
160079423
201040028
201040035
201040042
201040051
201040067
201040074
201040081
201568310
201568328
201568335
201568342
201568354
205447338
205447345
205447352
205447366
205447377
205890743
205890757
205890764
205890771
205890789
823057228
823057235
823057242
823057258
823057267
823057274
823057281
204915684
204915691
204915702
204915712
204915727
204915734
204915741
838115986
838115993
838116006
838116013
838116020
838116038
130825550
130825568
130825575
130825582
130825590
130825600
112080553
112080560
112080578
112080585
112080592
112080603
205044611
205044629
205044636
205044643
205044650
205542688
205542697
205542708
205542715
205542722
205542730
206758420
206758438
206758445
206758452
206758469
175295051
175295067
175295074
175295081
175295099
175295104
206962362
206962373
206962387
206962394
206962405
206962412
040212178
040212185
040212192
040212203
040212210
040212228
207107238
207107245
207107252
207107265
207107277
811024521
811024537
811024544
811024551
811024569
207299128
207299137
207299144
207299151
207299169
207299176
200092050
200092068
200092075
200092082
200092090
200092100
127558547
127558557
127558564
127558571
127558589
200557179
200557186
200557193
200557204
200557211
200557229
113566309
113566316
113566323
113566330
113566348
113566355
206079661
206079679
206079686
206079693
206079704
206079711
203283452
203283460
203283477
203283484
203283491
203283502
202645681
202645699
202645707
202645717
202645724
202645731
200553558
200553565
200553572
200553580
200553597
200553608
204776576
204776583
204776590
204776601
204776619
204776626
123034468
123034475
123034482
123034497
123034500
123034518
123034525
200871240
200871258
200871265
200871272
200871280
204694951
204694969
204694976
204694983
204694990
204695003
202443416
202443427
202443434
202443441
202443459
202443466
109078080
109078097
109078108
109078115
109078122
109078132
206468221
206468239
206468246
206468253
206468260
204248041
204248059
204248066
204248073
204248080
202654869
202654876
202654883
202654890
202654901
202654919
119648663
119648670
119648688
119648695
119648706
119648713
101611013
101611020
101611038
101611045
101611052
101704371
101704389
101704396
101704407
101704414
101704421
208814031
208814049
208814056
208814063
208814070
208795773
208795780
208795798
208795809
208795816
208795823
205357830
205357848
205357855
205357862
205357877
831262574
831262581
831262599
831262600
831262617
831262624
205577239
205577246
205577253
205577260
205577278
205577285
205463787
205463794
205463805
205463812
205463824
205463837
202919449
202919456
202919463
202919470
202919488
202919495
201842042
201842050
201842067
201842074
201842081
204346090
204346101
204346119
204346126
204346133
204346140
203903063
203903070
203903088
203903095
203903106
203903113
202796434
202796441
202796459
202796466
202796473
202796480
115707769
115707776
115707783
115707790
115707801
131290944
131290951
131290969
131290976
131290983
131290990
203044648
203044655
203044662
203044677
203044687
130841476
130841483
130841490
130841501
130841519
130841526
200962989
200962996
200963009
200963016
200963023
200963030
829032040
829032057
829032064
829032071
829032089
101511671
101511689
101511696
101511707
101511714
101511721
825214888
825214895
825214906
825214913
825214920
825214938
205902202
205902218
205902227
205902234
205902241
204740587
204740594
204740605
204740612
204740625
131046438
131046445
131046452
131046465
131046477
131046484
131046491
040429858
040429865
040429872
040429883
040429897
833092448
833092455
833092462
833092475
833092487
201217628
201217635
201217642
201217653
201217667
110570601
110570619
110570626
110570633
110570640
204324998
204325000
204325018
204325025
204325032
204325046
130919398
130919409
130919416
130919423
130919430
130919448
040258275
040258282
040258294
040258300
040258318
040258325
205875342
205875353
205875367
205875374
205875381
203181650
203181668
203181675
203181682
203181694
203181700
206538901
206538919
206538926
206538933
206538940
200716069
200716076
200716083
200716090
200716101
200962213
200962220
200962238
200962245
200962252
125006295
125006300
125006318
125006325
125006332
125006348
831842958
831842965
831842972
831842988
831842997
202583121
202583137
202583144
202583151
202583169
202583176
206696278
206696285
206696292
206696303
206696310
206696328
040056398
040056409
040056416
040056423
040056430
200976330
200976348
200976355
200976362
200976371
833034014
833034021
833034039
833034046
833034053
833034060
201952987
201952994
201953007
201953014
201953021
201953039
131067189
131067197
131067208
131067215
131067222
131067231
205330648
205330655
205330662
205330677
205330687
205330694
205330705
117553704
117553711
117553729
117553736
117553743
117553750
130984264
130984271
130984289
130984296
130984307
130984314
811058639
811058646
811058653
811058660
811058678
811058685
205801769
205801776
205801783
205801790
205801801
205801819
206890336
206890347
206890354
206890361
206890379
204365774
204365781
204365799
204365800
204365817
204365824
200339814
200339821
200339839
200339846
200339853
200339860
104016953
104016960
104016978
104016985
104016992
104017005
201171419
201171426
201171433
201171440
201171458
119667731
119667749
119667756
119667763
119667770
106562987
106562997
106563008
106563017
106563024
106563031
207521303
207521310
207521328
207521335
207521342
207521355
208859539
208859546
208859553
208859560
208859578
207903887
207903897
207903908
207903915
207903922
207903930
113587278
113587285
113587292
113587303
113587310
113587328
115170778
115170785
115170792
115170803
115170810
115170828
200106094
200106105
200106112
200106121
200106137
200106144
200106151
208413387
208413394
208413405
208413412
208413423
208413437
201837695
201837700
201837718
201837725
201837732
201837748
121905823
121905830
121905848
121905855
121905862
121905870
202555744
202555757
202555764
202555771
202555789
202555796
200808553
200808560
200808578
200808585
200808592
200808603
823023418
823023425
823023432
823023447
823023457
202876154
202876161
202876179
202876186
202876193
202876204
113028723
113028730
113028748
113028755
113028762
113028772
207470823
207470830
207470848
207470855
207470862
207470873
200362994
200363007
200363014
200363021
200363039
200363046
201776704
201776717
201776724
201776731
201776749
201776756
131358441
131358459
131358466
131358473
131358480
131173791
131173802
131173815
131173827
131173834
131173841
115633756
115633767
115633774
115633781
115633799
208803939
208803946
208803953
208803960
208803978
208803985
831702529
831702536
831702543
831702550
831702568
202282389
202282397
202282408
202282415
202282422
202282431
130328534
130328541
130328559
130328566
130328573
130328580
040451258
040451267
040451274
040451281
040451299
040451300
121792941
121792959
121792966
121792973
121792980
205443585
205443592
205443603
205443610
205443628
205443635
201961833
201961840
201961858
201961865
201961872
201961883
207349832
207349847
207349857
207349864
207349871
200800389
200800396
200800407
200800414
200800421
200800439
207611544
207611551
207611569
207611576
207611583
207611590
201516185
201516192
201516203
201516210
201516228
201516235
175393956
175393967
175393974
175393981
175393999
175394001
106553464
106553471
106553489
106553496
106553507
106553514
205092848
205092855
205092862
205092870
205092887
207178609
207178616
207178623
207178630
205807829
205807836
205807843
205807850
205807868
208304548
208304555
208304562
208304572
208304587
208304594
200099148
200099155
200099162
200099170
200099187
202653128
202653137
202653144
202653151
202653169
202090475
202090482
202090497
202090500
202090518
202090525
203128498
203128509
203128516
203128523
203128530
203128548
200887401
200887419
200887426
200887433
200887440
201350450
201350468
201350475
201350482
201350493
201350500
104593271
104593289
104593296
104593307
104593314
104593321
131066444
131066451
131066469
131066476
131066483
131066490
206785809
206785816
206785823
206785830
206785848
206785855
130547649
130547656
130547663
130547670
130547688
205357035
205357047
205357054
205357061
205357079
205357086
201971578
201971585
201971592
201971603
201971610
201017798
201017809
201017816
201017823
201017830
201017848
126649299
126649306
126649317
126649324
126649331
200100198
200100209
200100216
200100223
200100230
123634420
123634438
123634445
123634452
123634462
205119131
205119149
205119156
205119163
205119170
831498471
831498489
831498496
831498507
831498514
831498521
207711832
207711847
207711854
207711861
207711879
207711886
126528479
126528486
126528493
126528504
126528511
126528529
115655048
115655055
115655062
115655074
115655087
200536202
200536217
200536224
200536231
200536249
200536256
175126059
175126067
175126074
175126081
175126099
175126101
203118988
203118995
203119008
203119015
203119022
203119034
200698379
200698386
200698393
200698404
200698411
206413463
206413470
206413488
206413495
206413506
206413513
207285842
207285857
207285867
207285874
207285881
175228823
175228830
175228848
175228855
175228862
175228872
121013518
121013525
121013532
121013540
121013557
121013564
207857567
207857574
207857581
207857599
207857603
207842519
207842526
207842533
207842540
207842558
202993638
202993645
202993652
202993667
202993677
206363252
206363260
206363277
206363284
206363291
206363302
040377087
040377094
040377105
040377112
040377123
110569823
110569830
110569848
110569855
110569862
110569877
119040747
119040757
119040764
119040771
119040789
119040796
201782194
201782200
201782218
201782225
201782232
201782247
207012110
207012128
207012135
207012142
207012152
102274677
102274684
102274691
102274702
102274713
102274727
207571733
207571740
207571758
207571765
207571772
207571787
113579833
113579840
113579858
113579865
113579872
113579886
203008851
203008869
203008876
203008883
203008890
203008901
202437919
202437926
202437933
202437940
202437958
202437965
127032543
127032557
127032564
127032571
127032589
127032596
102012408
102012415
102012422
102012433
102012447
102012454
102012461
204970035
204970047
204970054
204970061
204970079
202512460
202512478
202512485
202512492
202512503
202512510
205256831
205256849
205256856
205256863
205256870
206016579
206016586
206016593
206016604
206016611
206016629
207489880
207489898
207489909
207489916
207489923
207489930
201453849
201453856
201453863
201453870
201453888
207489768
207489777
207489784
207489791
207489802
207489810
030421090
030421101
030421119
030421126
030421133
030421140
208600275
208600287
208600294
208600305
208600312
207235227
207235234
207235241
207235259
207235266
130579230
130579248
130579255
130579262
130579271
202154718
202154725
202154732
202154745
202154757
112017019
112017026
112017033
112017040
112017058
112017065
208427262
208427278
208427287
208427294
208427305
208427312
836145287
836145297
836145308
836145315
836145322
836145330
125010897
125010900
125010918
125010925
125010932
125010940
201463512
201463521
201463537
201463544
201463551
160113128
160113135
160113142
160113152
160113167
204939443
204939450
204939468
204939475
204939482
204939492
203911658
203911665
203911672
203911684
203911697
203911708
115685632
115685645
115685657
115685664
115685671
206659073
206659080
206659098
206659109
206659116
206659123
205031770
205031788
205031795
205031806
205031813
205031820
833077122
833077138
833077147
833077154
833077161
103574033
103574040
103574058
103574065
103574072
103574080
102127944
102127951
102127969
102127976
102127983
102127990
201846090
201846101
201846119
201846126
201846133
201846140
126534699
126534700
126534717
126534724
126534731
208739924
208739931
208739949
208739956
208739963
208739970
147146597
147146600
147146618
147146625
147146632
147146640
203621886
203621893
203621904
203621911
203621929
203621936
200078296
200078307
200078314
200078321
200078339
200078346
205314359
205314366
205314373
205314380
205314398
205314409
115831464
115831471
115831489
115831496
115831507
115831514
114034889
114034896
114034907
114034914
114034921
114034939
208035674
208035681
208035699
208035705
208035717
208035724
206388939
206388946
206388953
206388960
206388978
206388985
204753079
204753086
204753093
204753104
204753111
204753129
206483629
206483636
206483643
206483650
206483668
206483675
204473230
204473248
204473255
204473262
204473272
207176622
207176638
207176647
207176654
207176661
102241660
102241677
102241684
102241691
102241702
102241712
200979223
200979230
200979248
200979255
200979262
200979275
113550098
113550109
113550116
113550123
113550130
113550148
203539186
203539193
203539204
203539211
203539229
203539236
201771922
201771937
201771944
201771951
201771969
207985194
207985200
207985218
207985225
207985232
207985247
200187395
200187406
200187413
200187420
200187438
200187445
206235181
206235199
206235206
206235217
206235224
206235231
208063871
208063887
208063894
208063905
208063912
208063924
200162775
200162787
200162794
200162805
200162812
200162828
205173741
205173759
205173766
205173773
205173780
204263164
204263171
204263189
204263196
204263207
204263214
208109459
208109466
208109473
208109480
208109498
205359849
205359856
205359863
205359870
205359888
203645862
203645873
203645887
203645894
203645905
203645912
202791750
202791768
202791775
202791782
202791797
202791800
205023460
205023478
205023485
205023492
205023503
205023510
201829595
201829600
201829618
201829625
201829632
201829648
202910610
202910628
202910635
202910642
202910655
205390245
205390257
205390264
205390271
205390289
121856479
121856486
121856493
121856504
121856511
204934019
204934026
204934033
204934040
204934058
206608328
206608335
206608342
206608354
206608367
206608374
206608381
175180218
175180225
175180232
175180240
175180257
208226779
208226786
208226793
208226804
208226811
202547059
202547066
202547073
202547080
202547098
202547109
205182206
205182217
205182224
205182231
205182249
205182256
204084453
204084460
204084478
204084485
204084492
204084503
202678724
202678731
202678749
202678756
202678763
202678770
206754639
206754646
206754653
206754660
206754678
206754685
208904354
208904361
208904379
208904386
208904393
208904404
207491778
207491785
207491792
207491803
207491810
202867109
202867116
202867123
202867130
202867148
202867155
207491739
207491746
207491753
207491760
207728138
207728145
207728152
207728160
207728177
201142249
201142257
201142264
201142271
201142289
201142296
208612599
208612605
208612617
208612624
208612631
206347472
206347481
206347497
206347508
206347515
206347522
208871598
208871609
208871616
208871623
208871630
207279031
207279049
207279056
207279063
207279070
208885854
208885861
208885879
208885886
208885893
208885904
207228948
207228955
207228962
207228977
207228987
208281971
208281989
208281996
208282009
208282016
208282023
205486818
205486825
205486832
205486847
205486857
205486864
205486871
205924953
205924960
205924978
205924985
205924992
205925005
205289621
205289639
205289646
205289653
205289660
202491169
202491176
202491183
202491190
202491201
202491219
207901679
207901686
207901693
207901704
207901711
202674619
202674626
202674633
202674640
202674658
207816887
207816894
207816905
207816912
207816923
207045128
207045135
207045142
207045153
207045167
207045174
207045181
208778329
208778336
208778343
208778350
208778368
208778375
203784488
203784495
203784506
203784513
203784520
206544014
206544021
206544039
206544046
206544053
206544060
203158413
203158420
203158438
203158445
203158452
203158462
207015341
207015359
207015366
207015373
207015380
205210410
205210428
205210435
205210442
205210454
207175303
207175310
207175328
207175335
207175342
207175354
207487228
207487235
207487242
207487253
207487267
207487274
207487281
147198700
147198718
147198725
147198732
147198744
208592463
208592470
208592488
208592495
208592506
208592513
131192311
131192329
131192336
131192343
131192350
148094989
148094996
148095009
148095016
148095023
148095030
207611423
207611430
207611448
207611455
207611462
207611470
202192252
202192263
202192277
202192284
202192291
202192302
205179370
205179388
205179395
205179406
205179413
205179420
203715339
203715346
203715353
203715360
203715378
203715385
175115188
175115195
175115206
175115213
175115220
115889599
115889609
115889617
115889624
115889631
206324469
206324477
206324484
206324491
206324502
206324511
206439064
206439077
206439084
206439091
206439102
121061349
121061356
121061363
121061370
121061388
121061395
114679338
114679345
114679352
114679367
114679377
114679384
114679391
103224855
103224862
103224879
103224887
103224894
103224905
205851779
205851786
205851793
205851804
205851811
200952468
200952475
200952482
204278999
204279001
204279019
204279026
204279033
204279040
208422938
208422945
208422952
208422960
208422977
160077529
160077536
160077543
160077550
160077568
117683594
117683605
117683612
117683621
117683637
117683644
117683651
175310359
175310366
175310373
175310380
175310398
175337089
175337096
175337107
175337114
175337121
204598433
204598440
204598458
204598465
204598472
204598482
207251110
207251128
207251135
207251142
207251151
203044694
203044705
203044712
203044720
206575745
206575757
206575764
206575771
206575789
206190170
206190188
206190195
206190206
206190213
206190220
202024532
202024544
202024557
202024564
202024571
202905780
202905798
202905809
202905816
202905823
202905830
131388461
131388477
131388484
131388491
131388502
131388514
206806673
206806687
206806694
206806705
206806712
200482709
200482716
200482723
200482730
200482748
200482755
208773385
208773392
208773403
208773410
208773428
208773435
206196999
206197001
206197019
206197026
206197033
206197040
207485375
207485387
207485394
207485405
207485412
200893685
200893692
200893703
200893710
200893728
200893735
200904352
200904363
200904377
200904384
200904391
200904402
207517422
207517432
207517447
207517454
207517461
208443462
208443478
208443487
208443494
208443505
208443512
205246876
205246883
205246890
205246901
205246919
205246926
200695205
200695212
200695227
200695237
200695244
200695251
208787147
208787157
208787164
208787171
208787189
208787196
205382876
205382883
205382890
205382901
205382919
205382926
205925788
205925795
205925806
205925813
205925820
205925838
206069197
206069208
206069215
206069222
206069230
206069247
208811313
208811327
208811334
208811341
208811359
121287978
121287985
121287992
121288005
121288012
121288023
206416720
206416737
206416744
206416751
206416769
207444159
207444166
207444173
207444180
207444198
207444209
175087778
175087785
175087792
175087803
175087810
101557996
101558009
101558016
101558023
101558030
101558048
130952055
130952067
130952074
130952081
130952099
203436229
203436236
203436243
203436250
203436268
207973543
207973550
207973568
207973575
207973582
207973596
131145386
131145393
131145404
131145411
131145429
131145436
201268334
201268341
201268359
201268366
201268373
201268380
148139719
148139726
148139733
148139740
148139758
206630310
206630328
206630335
206630342
206630355
200798034
200798041
200798059
200798066
200798073
200798080
203681328
203681335
203681342
203681350
203681367
203681374
130857879
130857886
130857893
130857904
130857911
203688924
203688931
203688949
203688956
203688963
203688970
205519912
205519920
205519937
205519944
205519951
202614974
202614981
202614999
202615001
202615019
202615026
206715159
206715166
206715173
206715180
206715198
206715209
207366383
207366397
207366408
207366415
207366422
207366436
130913388
130913395
130913406
130913413
130913420
207193988
207193995
207194008
207194015
207194022
207194037
201682090
201682100
201682118
201682125
201682132
201682143
203722112
203722127
203722134
203722141
203722159
203722166
208886689
208886696
208886707
208886714
208886721
208886739
175150132
175150143
175150157
175150164
175150171
203092098
203092109
203092116
203092123
203092130
203092148
207845376
207845383
207845390
207845401
207845419
207845426
206920534
206920541
206920559
206920566
206920573
206920580
201441195
201441206
201441213
201441220
201441238
201441245
207953754
207953761
207953779
207953786
207953793
207953804
202873585
202873592
202873603
202873610
202873628
202873635
147071235
147071247
147071254
147071261
147071279
147071286
103521543
103521550
103521568
103521575
103521582
103521597
208011698
208011709
208011716
208011723
208011730
200726063
200726070
200726088
200726095
200726106
200726113
204682828
204682835
204682842
204682853
204682867
207064228
207064235
207064242
207064257
207064267
207064274
207064281
175063084
175063097
175063108
175063115
175063122
175063137
203870108
203870115
203870122
203870133
203870147
203870154
203870161
201394849
201394856
201394863
201394870
201394888
201394895
206516278
206516285
206516292
206516303
206516310
206516328
206574178
206574185
206574192
206574203
206574210
206574228
208616373
208616380
208616398
208616409
208616416
208616423
205532774
205532781
205532799
205532805
205532817
205532824
208019194
208019200
208019218
208019225
208019232
208019247
203963441
203963459
203963466
203963473
203963480
205452794
205452805
205452812
205452820
205452837
205452844
204860795
204860800
204860818
204860825
204860832
204860848
206065245
206065252
206065269
206065277
206065284
206065291
206245389
206245396
206245407
206245414
206245421
204316948
204316955
204316962
204316978
204316987
204316994
204317007
206838101
206838119
206838126
206838133
206838140
202386249
202386257
202386264
202386271
202386289
201694750
201694768
201694775
201694782
201694799
201694800
201699879
201699886
201699893
201699904
201699911
208021354
208021361
208021379
208021386
208021393
208021404
121338554
121338561
121338579
121338586
121338593
121338604
208284519
208284526
208284533
208284540
208284558
208284565
203427397
203427408
203427415
203427422
203427435
203427447
207022204
207022211
207022229
207022236
207022243
207022250
204883261
204883279
204883286
204883293
204883304
204883311
208560298
208560309
208560316
208560323
208560330
208560348
204848449
204848456
204848463
204848470
204848488
200298641
200298659
200298666
200298673
200298680
207085539
207085546
207085553
207085560
207085578
207085585
204713163
204713177
204713184
204713191
204713202
204352061
204352079
204352086
204352093
204352104
204352111
102096324
102096331
102096349
102096356
102096363
102096370
111588641
111588659
111588666
111588673
111588680
203316379
203316386
203316393
203316404
203316411
836037019
836037026
836037033
836037040
836037058
836037065
123035698
123035709
123035716
123035723
123035730
123035748
208307260
208307277
208307284
208307291
208307302
208307313
126020071
126020089
126020096
126020107
126020114
126020121
203428549
203428556
203428563
203428570
203428588
831648152
831648167
831648177
831648184
831648191
831648202
203376045
203376052
203376069
203376077
203376084
203376091
831278728
831278735
831278742
831278754
831278767
831278774
831278781
103021357
103021367
103021374
103021381
103021399
103021400
030052832
030052840
030052857
030052864
030052871
207831330
207831348
207831355
207831362
207831376
101748108
101748115
101748122
101748135
101748147
101748154
101748161
130568038
130568045
130568052
130568062
130568077
130736888
130736895
130736906
130736913
130736920
201622249
201622256
201622263
201622270
201622288
201622295
204199441
204199459
204199466
204199473
204199480
108689491
108689502
108689519
108689527
108689534
108689541
204973869
204973876
204973883
204973890
204973901
208455532
208455540
208455557
208455564
208455571
207285269
207285276
207285283
207285290
207285301
207285319
175727676
175727687
175727694
175727705
175727712
175727729
200180276
200180283
200180290
200180301
200180319
200180326
201056491
201056502
201056516
201056527
201056534
201056541
124618604
124618611
124618629
124618636
124618643
124618650
204297202
204297219
204297227
204297234
204297241
128544959
128544966
128544973
128544980
128544998
128545000
203196249
203196257
203196264
203196271
203196289
103800258
103800265
103800272
103800280
103800297
117668553
117668560
117668578
117668585
117668592
117668603
201490349
201490356
201490363
201490370
201490388
201490395
811209500
811209518
811209525
811209532
811209544
126098700
126098718
126098725
126098732
126098747
203529039
203529046
203529053
203529060
203529078
040708523
040708530
040708548
040708555
040708562
040708576
204710195
204710206
204710213
204710220
204710238
204710245
205501049
205501056
205501063
205501070
205501088
205501095
204705052
204705063
204705077
204705084
204705091
204705102
131484388
131484397
131484408
131484415
131484422
131484430
131384678
131384685
131384692
131384703
131384710
115557935
115557942
115557959
115557967
115557974
115557981
124627279
124627286
124627293
124627304
124627311
160103696
160103707
160103714
160103721
160103739
160103746
203526729
203526737
203526744
203526751
203526769
822020077
822020084
822020091
822020102
822020119
822020127
200967203
200967210
200967228
200967235
200967242
200967256
202762065
202762072
202762089
202762097
202762108
202762115
203526776
203526783
203526790
203526801
208185510
208185528
208185535
208185542
208185551
131159749
131159756
131159763
131159770
131159788
202899377
202899384
202899391
202899402
202899413
202899427
102086020
102086038
102086045
102086052
102086061
103120778
103120785
103120792
103120803
103120810
131077750
131077768
131077775
131077782
131077793
131077800
040355233
040355240
040355258
040355265
040355272
200477836
200477847
200477854
200477861
200477879
200477886
201281463
201281470
201281488
201281495
201281506
201281513
207314805
207314817
207314824
207314831
207314849
207314856
200316833
200316840
200316858
200316865
200316872
200316880
204579372
204579389
204579397
204579408
204579415
204579422
203946495
203946506
203946513
203946520
203946538
203946545
040134427
040134434
040134441
040134459
040134466
201364539
201364546
201364553
201364560
201364578
201176487
201176494
201176505
201176512
201176523
201176537
202984137
202984144
202984151
202984169
202984176
040185189
040185197
040185208
040185215
040185222
040185231
200346146
200346157
200346164
200346171
200346189
103786748
103786755
103786762
103786770
103786787
208518153
208518160
208518178
208518185
208518192
208518203
131013242
131013259
131013267
131013274
131013281
203302358
203302365
203302372
203302388
203302397
207075573
207075580
207075598
207075609
207075616
207075623
203545401
203545417
203545424
203545431
203545449
203545456
203337170
203337188
203337195
203337206
203337213
203337220
200946262
200946274
200946287
200946294
200946305
200946312
830169462
830169479
830169487
830169494
830169505
830169512
207185127
207185137
207185144
207185151
207185169
121456503
121456517
121456524
121456531
121456549
121456556
130545769
130545776
130545783
130545790
130545801
130545819
200584984
200584991
200585004
200585011
200585029
200585036
825167285
825167292
825167303
825167310
825167328
825167335
200462578
200462585
200462592
200462603
200462610
208917362
208917377
208917387
208917394
208917405
208917412
206988994
206989007
206989014
206989021
206989039
206989046
121303628
121303635
121303642
121303658
121303667
130786599
130786606
130786617
130786624
130786631
130786649
200564622
200564637
200564647
200564654
200564661
128557650
128557668
128557675
128557682
128557698
128557700
103283113
103283120
103283138
103283145
103283152
103283163
121192398
121192409
121192416
121192423
121192430
121265985
121265992
121266005
121266012
121266026
121266037
126055909
126055916
126055923
126055930
126055948
126055955
126037576
126037583
126037590
126037601
126037619
126037626
203825312
203825325
203825337
203825344
203825351
119536222
119536237
119536244
119536251
119536269
206066443
206066450
206066468
206066475
206066482
206066490
121627360
121627377
121627384
121627391
121627402
121627413
175062821
175062839
175062846
175062853
175062860
148148903
148148910
148148928
148148935
148148942
148148952
201223454
201223467
201223474
201223481
201223499
207651414
207651421
207651439
207651446
207651453
207651460
148032119
148032126
148032133
148032140
148032158
204018581
204018599
204018608
204018617
204018624
204018631
204987662
204987678
204987687
204987694
204987705
204987712
202454384
202454391
202454402
202454410
202454427
202454434
204987769
204987776
204987783
204987790
204987801
204987819
201930396
201930407
201930414
201930421
201930439
201930446
130518373
130518380
130518398
130518409
130518416
130518423
175434969
175434976
175434983
175434990
175435003
175435010
200977432
200977440
200977457
200977464
200977471
201476239
201476246
201476253
201476260
201476278
201476285
204865612
204865620
204865637
204865644
204865651
203227578
203227585
203227592
203227603
203227610
203227628
121845479
121845486
121845493
121845504
121845511
121845529
040194285
040194292
040194303
040194310
040194328
040194335
202704902
202704915
202704927
202704934
202704941
208918628
208918635
208918642
208918650
208918667
148001401
148001419
148001426
148001433
148001440
030229332
030229341
030229357
030229364
030229371
117694014
117694021
117694039
117694046
117694053
117694060
202298818
202298825
202298832
202298843
202298857
205811445
205811457
205811464
205811471
205811489
205811496
203478040
203478057
203478064
203478071
203478089
103768419
103768426
103768433
103768440
103768458
103768465
112597013
112597020
112597038
112597045
112597052
112597066
205767587
205767594
205767605
205767612
205767623
201222290
201222301
201222319
201222326
201222333
201222340
820176686
820176693
820176704
820176711
820176729
820176736
204649130
204649148
204649155
204649162
204649170
200932469
200932476
200932483
200932490
200932501
200932519
175246554
175246561
175246579
175246586
175246593
175246604
206064168
206064175
206064182
206064190
206064200
202566878
202566885
202566892
202566903
202566910
040010226
040010237
040010244
040010251
040010269
041024097
041024108
041024115
041024122
041024137
205533562
205533577
205533584
205533591
205533602
205533615
205113139
205113146
205113153
205113160
205113178
115132368
115132375
115132382
115132395
115132400
115132418
115132425
203545844
203545851
203545869
203545876
203545883
203545890
102883429
102883436
102883443
102883450
102883468
115867085
115867097
115867108
115867115
115867122
115867138
205941714
205941721
205941739
205941746
205941753
205941760
131202830
131202848
131202855
131202862
131202873
201953929
201953936
201953943
201953950
201953968
131086589
131086596
131086607
131086614
131086621
830125779
830125786
830125793
830125804
830125811
830125829
123562184
123562191
123562202
123562210
123562227
123562234
204161373
204161387
204161394
204161405
204161412
207046098
207046109
207046116
207046123
207046130
207046148
204984399
204984406
204984417
204984424
204984431
204984449
206527075
206527082
206527096
206527100
206527118
206527125
203729709
203729716
203729723
203729730
203729748
203729755
113592371
113592389
113592396
113592407
113592414
113592421
202629442
202629454
202629467
202629474
202629481
825065654
825065661
825065679
825065686
825065693
825065704
204535988
204535995
204536008
204536015
204536022
204536031
207472411
207472429
207472436
207472443
207472450
205156329
205156336
205156343
205156350
205156368
205156375
204828012
204828027
204828037
204828044
204828051
202463401
202463419
202463426
202463433
202463440
202608754
202608761
202608779
202608786
202608793
202608804
208413844
208413857
208413864
208413871
208413889
208413896
200159168
200159175
200159182
200159199
200159200
202347254
202347261
202347279
202347286
202347293
202347304
121818471
121818489
121818496
121818507
121818514
121818521
203808359
203808366
203808373
203808380
203808398
203808409
102891760
102891778
102891785
102891792
102891803
102891810
207517828
207517835
207517842
207517853
207517867
207517874
207517881
204611076
204611083
204611090
204611101
204611119
204611126
206471139
206471146
206471153
206471160
206471178
204626128
204626135
204626142
204626157
204626167
117563495
117563506
117563513
117563520
117563538
117563545
205519264
205519271
205519289
205519296
205519307
205519314
205698479
205698486
205698493
205698504
205698511
205698529
208827071
208827089
208827096
208827107
208827114
208827121
202285952
202285961
202285977
202285984
202285991
202286004
203652458
203652465
203652472
203652484
203652497
131449841
131449859
131449866
131449873
131449880
200491551
200491569
200491576
200491583
200491590
200491601
831740729
831740736
831740743
831740750
831740768
030124185
030124192
030124203
030124210
030124228
030124235
203212163
203212170
203212188
203212195
203212206
203212213
200815010
200815028
200815035
200815042
200815058
200820178
200820185
200820192
200820203
200820210
200820228
823065821
823065837
823065844
823065851
823065869
823065876
206385028
206385035
206385042
206385052
206385067
206385074
206385081
206408377
206408384
206408391
206408402
206408415
206408427
206331920
206331938
206331945
206331952
206331964
103910669
103910676
103910683
103910690
103910701
103910719
127023387
127023394
127023405
127023412
127023428
127023437
200491220
200491238
200491245
200491252
200491263
820124052
820124061
820124077
820124084
820124091
820124102
205403338
205403345
205403352
205403361
205403377
205403384
205403391
202218697
202218708
202218715
202218722
202218735
131358039
131358046
131358053
131358060
131358078
204471699
204471705
204471717
204471724
204471731
204471749
121114314
121114321
121114339
121114346
121114353
121114360
208049834
208049841
208049859
208049866
208049873
208049880
131366395
131366406
131366413
131366420
131366438
131366445
201561942
201561952
201561967
201561974
201561981
202436728
202436735
202436742
202436752
202436767
202436774
202436781
206807860
206807878
206807885
206807892
206807903
206807910
207784158
207784165
207784172
207784187
207784197
200058759
200058767
200058774
200058781
200058799
200058801
202947441
202947459
202947466
202947473
202947480
206033831
206033849
206033856
206033863
206033870
120028549
120028556
120028563
120028570
120028588
120028595
204302865
204302877
204302884
204302891
204302902
203075832
203075842
203075857
203075864
203075871
200540546
200540557
200540564
200540571
200540589
200540596
131018951
131018969
131018976
131018983
131018990
131019003
103080821
103080839
103080846
103080853
103080860
200325729
200325736
200325743
200325750
200325768
109033198
109033209
109033216
109033223
109033230
109033248
117667572
117667584
117667597
117667608
117667615
117667622
114528237
114528247
114528254
114528261
114528279
200993148
200993155
200993162
200993176
200993187
200993194
200993205
115829424
115829431
115829449
115829456
115829463
115829470
206035889
206035896
206035907
206035914
206035921
204910089
204910096
204910107
204910114
204910121
203079784
203079791
203079802
203079814
203079827
203079834
203079841
123632679
123632686
123632693
123632704
123632711
123632729
202481709
202481716
202481723
202481730
202481748
202481755
207911748
207911755
207911762
207911771
207911787
207911794
202201018
202201025
202201032
202201040
202201057
833126249
833126256
833126263
833126270
833126288
833126295
102058722
102058737
102058747
102058754
102058761
202303603
202303610
202303628
202303635
202303642
202303658
202447849
202447856
202447863
202447870
202447888
203984453
203984460
203984478
203984485
203984492
203984503
205629743
205629757
205629764
205629771
205629789
201225169
201225176
201225183
201225190
201225201
201225219
207521488
207521495
207521506
207521513
207521520
160030159
160030166
160030173
160030180
160030198
205570262
205570270
205570287
205570294
205570305
205570312
206482598
206482609
206482616
206482623
206482630
207452113
207452120
207452138
207452145
207452152
206396423
206396430
206396448
206396455
206396462
206396477
207646602
207646618
207646627
207646634
207646641
208845728
208845735
208845742
208845750
208845767
147085898
147085909
147085916
147085923
147085930
206147475
206147482
206147490
206147500
206147518
206147525
205873334
205873341
205873359
205873366
205873373
205873380
207275702
207275716
207275727
207275734
207275741
208505031
208505049
208505056
208505063
208505070
207513255
207513267
207513274
207513281
207513299
204264412
204264423
204264437
204264444
204264451
120565563
120565570
120565588
120565595
120565606
120565613
205466908
205466915
205466922
205466933
205466947
205466954
205466961
205058931
205058949
205058956
205058963
205058970
207984689
207984696
207984707
207984714
207984721
207984739
205901876
205901883
205901890
205901901
205901919
205901926
207108354
207108361
207108379
207108386
207108393
207108404
207286264
207286271
207286289
207286296
207286307
207286314
202066428
202066435
202066442
202066455
202066467
204727134
204727141
204727159
204727166
204727173
204727180
205562486
205562493
205562504
205562511
205562529
205562536
205455420
205455438
205455445
205455452
205455466
175360481
175360497
175360508
175360515
175360522
175360534
207339368
207339375
207339382
207339395
207339400
103954434
103954441
103954459
103954466
103954473
103954480
208497531
208497549
208497556
208497563
208497570
206381688
206381695
206381706
206381713
206381720
123515523
123515537
123515544
123515551
123515569
123515576
203324454
203324461
203324479
203324486
203324493
203324504
205292418
205292425
205292432
205292440
205292457
205292464
201684788
201684795
201684806
201684813
201684820
207063770
207063788
207063795
207063806
207063813
207063820
207714398
207714409
207714416
207714423
207714430
207714448
205468318
205468325
205468332
205468348
205468357
205468364
205468371
206615600
206615618
206615625
206615632
206615644
202995233
202995240
202995258
202995265
202995272
202995287
203924698
203924709
203924716
203924723
203924730
205279118
205279125
205279132
205279144
205279157
205279164
205279171
200543311
200543329
200543336
200543343
200543350
207436187
207436194
207436205
207436212
207436227
207436237
208829766
208829777
208829784
208829791
208829802
208471878
208471885
208471892
208471903
208471910
208471928
207684503
207684510
207684528
207684535
207684542
207684557
206031360
206031378
206031385
206031392
206031403
206031410
175260931
175260949
175260956
175260963
175260970
201989688
201989697
201989708
201989715
201989722
201989730
208320374
208320381
208320399
208320404
208320417
208320424
204245650
204245668
204245675
204245682
204245698
204245700
206421927
206421937
206421944
206421951
206421969
207196475
207196482
207196499
207196500
207196518
207196525
207227554
207227561
207227579
207227586
207227593
207227604
204287489
204287496
204287507
204287514
204287521
204287539
206381987
206381994
206382007
206382014
206382021
206382039
203696821
203696839
203696846
203696853
203696860
203002439
203002446
203002453
203002460
203002478
208711832
208711846
208711857
208711864
208711871
104648561
104648579
104648586
104648593
104648604
104648611
202034238
202034245
202034252
202034264
202034277
202034284
202034291
207291101
207291119
207291126
207291133
207291140
206405253
206405267
206405274
206405281
206405299
206405306
175319461
175319479
175319486
175319493
175319504
175319511
201893179
201893186
201893193
201893204
201893211
201893229
208757370
208757388
208757395
208757406
208757413
208757420
206911040
206911058
206911065
206911072
206911089
203406079
203406086
203406093
203406104
203406111
203406129
208622839
208622846
208622853
208622860
208622878
208622885
208172363
208172370
208172388
208172395
208172406
208172413
206070630
206070648
206070655
206070662
206070670
201575591
201575600
201575618
201575625
201575632
201575644
208810677
208810684
208810691
208810702
208810719
208810727
208641768
208641775
208641782
208641797
208641800
207521748
207521755
207521762
207521776
207521787
207521794
207521805
208639500
208639518
208639525
208639532
208639547
200837734
200837747
200837754
200837761
200837779
200837786
208444219
208444226
208444233
208444240
208444258
201244059
201244066
201244073
201244080
201244098
206793777
206793784
206793791
206793802
206793815
206793827
208724178
208724185
208724192
208724203
208724210
208724228
206132270
206132288
206132295
206132306
206132313
206132320
206992423
206992430
206992448
206992455
206992462
206992470
204979320
204979338
204979345
204979352
204979362
207142698
207142709
207142716
207142723
207142730
203485288
203485297
203485308
203485315
203485322
203485330
207236279
207236286
207236293
207236304
207236311
207236329
206518261
206518279
206518286
206518293
206518304
206518311
205361597
205361608
205361615
205361622
205361637
207143362
207143379
207143387
207143394
207143405
207143412
201567653
201567660
201567678
201567685
201567692
201567703
160128308
160128315
160128322
160128333
160128347
160128354
160128361
207199973
207199980
207199998
207200009
207200016
207200023
208660989
208660996
208661009
208661016
208661023
208661030
207708071
207708089
207708096
207708107
207708114
207708121
206046818
206046825
206046832
206046844
206046857
200454297
200454300
200454318
200454325
200454332
200454340
126746218
126746225
126746232
126746248
126746257
126746264
126746271
203526064
203526071
203526089
203526096
203526107
203526114
207054287
206767818
206767825
206767832
206767842
206767857
206767864
206767871
207294551
207294567
207294574
207294581
207294599
207294604
208797799
208797804
208797817
208797824
208797831
208797849
205953983
205953990
205954003
205954010
205954028
205954035
207180211
207180229
207180236
207180243
207180250
206761822
206761830
206761847
206761854
206761861
201810728
201810735
201810742
201810753
201810767
203505013
203505020
203505038
203505045
203505052
203505068
205320013
205320020
205320038
205320045
205320052
205320062
208908349
208908356
208908363
208908370
208908388
147054568
147054575
147054582
147054593
147054600
147054618
205834534
205834541
205834559
205834566
205834573
205834580
204382948
204382955
204382962
204382973
204382987
204382994
208002119
208002126
208002133
208002140
208002158
207001594
207001605
207001612
207001622
207001637
207001644
207001651
207934847
207934857
207934864
207934871
207934889
207934896
206627879
206627887
206627894
206627905
206627912
206627921
201067609
201067616
201067623
201067630
201067648
201067655
206078189
206078196
206078207
206078214
206078221
206078239
208173376
208173383
208173390
208173401
208173419
208173426
205281749
205281756
205281763
205281770
205281788
206005038
206005045
206005052
206005064
206005077
206005084
206005091
208166969
208166976
208166983
208166990
208167003
208167010
130989119
130989126
130989133
130989140
130989158
203829015
203829022
203829039
203829047
203829054
203829061
205553850
205553868
205553875
205553882
205553897
205553900
201080713
201080720
201080738
201080745
201080752
201080763
119045149
119045156
119045163
119045170
119045188
131117821
131117839
131117846
131117853
131117860
205515116
205515127
205515134
205515141
205515159
208322820
208322838
208322845
208322852
208322866
202507488
202507495
202507506
202507513
202507520
206760243
206760250
206760268
206760275
206760282
206760298
831721419
831721426
831721433
831721440
831721458
831721465
208241012
208241024
208241037
208241044
208241051
201460338
201460345
201460352
201460360
201460377
201460384
207571644
207571651
207571669
207571676
207571683
207571690
200937174
200937181
200937199
200937201
200937217
200937224
200937231
206163860
206163878
206163885
206163892
206163903
206163910
200198722
200198737
200198744
200198751
200198769
205477210
205477228
205477235
205477242
205477258
205914603
205914610
205914628
205914635
205914642
205914658
200537721
200537739
200537746
200537753
200537760
203632391
203632402
203632418
203632427
203632434
203632441
105546787
105546794
105546805
105546812
105546826
207978939
207978946
207978953
207978960
207978978
811111910
811111928
811111935
811111942
811111959
206045805
206045812
206045829
206045837
206045844
206045851
205879230
205879248
205879255
205879262
205879272
202997743
202997750
202997768
202997775
202997782
202997791
207708897
207708908
207708915
207708922
207708935
208016478
208016485
208016492
208016503
208016510
208016528
204093790
204093801
204093819
204093826
204093833
204093840
204626039
204626046
204626053
204626060
204626078
204626085
201396914
201396921
201396939
201396946
201396953
201396960
200185832
200185840
200185857
200185864
200185871
201396978
201396985
126624965
126624972
126624989
126624997
126625000
126625017
204507348
204507355
204507362
204507370
204507387
204507394
202370153
202370160
202370178
202370185
202370192
202370203
131228451
131228469
131228476
131228483
131228490
131228501
201403248
201403255
201403262
201403274
201403287
127634179
127634186
127634193
127634204
127634211
175265686
175265693
175265704
175265711
175265729
175265736
105554264
105554271
105554289
105554296
105554307
105554314
200503612
200503622
200503637
200503644
200503651
201272655
201272667
201272674
201272681
201272699
131352004
131352011
131352029
131352036
131352043
131352050
207345712
207345727
207345734
207345741
207345759
204460238
204460247
204460254
204460261
204460279
205245219
205245226
205245233
205245240
205245258
117000439
117000447
117000454
117000461
117000479
117000486
126576787
126576794
126576805
126576812
126576827
126576837
204173230
204173247
204173254
204173261
204173279
147042231
147042249
147042256
147042263
147042270
201517159
201517166
201517173
201517180
201517198
201517209
131240610
131240628
131240635
131240642
131240650
205129175
205129182
205129192
205129200
205129218
205129225
202342549
202342556
202342563
202342570
202342588
202342595
109011579
109011586
109011593
109011604
109011611
109011629
104623572
104623582
104623597
104623608
104623615
104623622
115128409
115128416
115128423
115128430
115128448
115128455
206912078
206912085
206912092
206912103
206912110
206912128
206566110
206566128
206566135
206566142
206566156
207427804
207427811
207427829
207427836
207427843
207427850
119102148
119102155
119102162
119102170
119102187
119102194
204508795
204508806
204508813
204508820
204508838
204508845
126501119
126501126
126501133
126501140
126501158
126501165
202362758
202362765
202362772
202362784
202362797
202362808
203309018
203309025
203309032
203309048
203309057
102657376
102657387
102657394
102657405
102657412
102657429
208689752
208689763
208689777
208689784
208689791
208689802
205029399
205029400
205029417
205029424
205029431
205029449
205857508
205857515
205857522
205857533
205857547
205857554
205857561
204332962
204332977
204332984
204332991
204333004
204333011
208248811
208248829
208248836
208248843
208248850
206612369
206612376
206612383
206612390
206612401
206612419
208844672
208844682
208844697
208844708
208844715
208844722
201954949
201954956
201954963
201954970
201954988
201954995
205804886
205804893
205804904
205804911
205804929
205804936
201878889
201878896
201878907
201878914
201878921
203133659
203133666
203133673
203133680
203133698
208063848
208063855
208063862
040755291
040755302
040755315
040755327
040755334
040755341
813086295
813086306
813086313
813086320
813086338
813086345
204794962
204794976
204794987
204794994
204795007
204795014
202325838
202325845
202325852
202325860
202325877
202325884
208714141
208714159
208714166
208714173
208714180
204666464
204666471
204666489
204666496
204666507
204666514
106572087
106572094
106572105
106572112
106572123
205254588
205254595
205254606
205254613
205254620
131167863
131167870
131167888
131167895
131167906
131167913
040696238
040696245
040696252
040696260
040696277
040696284
202902859
202902866
202902873
202902880
202902898
202902909
103845068
103845075
103845082
103845094
103845100
206945621
206945637
206945644
206945651
206945669
204427998
204428000
204428018
204428025
204428032
204428043
101769369
101769376
101769383
101769390
101769401
101769419
204804787
204804794
204804805
204804812
204804820
204804837
201483123
201483130
201483148
201483155
201483162
201483177
102048849
102048856
102048863
102048870
102048888
102048895
123758236
123758247
123758254
123758261
123758279
123758286
200887091
200887102
200887119
200887127
200887134
200887141
175218505
175218512
175218526
175218537
175218544
175218551
106617397
106617408
106617415
106617422
106617430
106617447
206042531
206042549
206042556
206042563
206042570
147079494
147079500
147079518
147079525
147079532
147079547
825003649
825003656
825003663
825003670
825003688
204030078
204030085
204030092
204030103
204030110
204619386
204619393
204619404
204619411
204619429
204619436
204624351
204624369
204624376
204624383
204624390
204624401
114543338
114543345
114543352
114543369
114543377
040719548
040719555
040719562
040719570
040719587
040719594
104605624
104605631
104605649
104605656
104605663
104605670
040592339
040592346
040592353
040592360
040592378
208219343
208219350
208219368
208219375
208219382
208219391
201830451
201830467
201830474
201830481
201830499
201830504
175243049
175243056
175243063
175243070
175243088
175243095
115944348
115944355
115944362
115944371
115944387
200887159
200887166
200887173
200887180
202968802
202968815
202968827
202968834
202968841
201041774
201041781
201041799
201041809
201041817
201041824
205072888
205072895
205072906
205072913
205072920
205072938
203800177
203800184
203800191
203800202
203800219
203800227
207179020
200715088
200715095
200715106
200715113
200715120
202188987
202188994
202189007
202189014
202189021
202189039
203235475
203235482
203235490
203235500
203235518
203235525
203038759
203038766
203038773
203038780
203038798
203038809
205722930
205722948
205722955
205722962
205722971
205867776
205867783
205867790
205867801
205867819
205867826
206581361
206581379
206581386
206581393
206581404
206581411
206731601
206731619
206731626
206731633
206731640
206731658
206731665
206731672
206731680
206731697
206734622
206734636
206734647
206734654
206734661
205920264
205920271
205920289
205920296
205920307
205920314
200780424
200780431
200780449
200780456
200780463
200780470
833006043
833006050
833006068
833006075
833006082
833006092
202380877
202380884
202380891
202380902
202380915
202380927
203373889
203373896
203373907
203373914
203373921
131374876
131374883
131374890
131374901
131374919
131374926
207145210
207145228
207145235
207145242
207145257
817086666
817086677
817086684
817086691
817086702
102834713
102834720
102834738
102834745
102834752
102834766
126502484
126502491
126502502
126502510
126502527
126502534
200446638
200446645
200446652
200446660
200446677
200446684
201845768
201845775
201845782
201845795
201845800
123678840
123678858
123678865
123678872
123678888
030202328
030202335
030202342
030202357
030202367
207027549
207027557
207027564
207027571
207027589
207027596
206013686
206013693
206013704
206013711
206013729
206013736
206018644
206018651
206018669
206018676
206018683
206018690
130259369
130259376
130259383
130259390
130259401
112625879
112625886
112625893
112625904
112625911
112625929
201945551
201945569
201945576
201945583
201945590
201945601
121344258
121344265
121344272
121344285
121344297
121344308
121344315
203506389
203506396
203506407
203506414
203506421
203506439
201390352
201390363
201390377
201390384
201390391
201390402
207491013
207491027
207491034
207491041
207491059
208336243
208336250
208336268
208336275
208336282
208336290
203061494
203061505
203061512
203061524
203061537
203061544
203061551
175266934
175266941
175266959
175266966
175266973
175266980
200868340
200868358
200868365
200868372
200868383
130717610
130717628
130717635
130717642
130717654
838112659
838112666
838112673
838112680
838112698
838112709
201003802
201003817
201003827
201003834
201003841
121357768
121357775
121357782
121357793
121357800
121357818
205205776
205205783
205205790
205205801
205205819
205205826
206446407
206446417
206446424
206446431
206446449
206446456
203030189
203030196
203030207
203030214
203030221
203030239
207541462
207541474
207541487
207541494
207541505
207541512
202322087
202322094
202322105
202322112
202322125
206348649
206348656
206348663
206348670
206348688
206353742
206353756
206353767
206353774
206353781
207865024
207865037
207865044
207865051
207865069
111535238
111535247
111535254
111535261
111535279
131045181
131045197
131045208
131045215
131045222
131045234
208612089
208612097
208612108
208612115
208612122
208612131
175297196
175297207
175297214
175297221
175297239
175297246
202105339
202105347
202105354
202105361
202105379
202105386
207777288
207777295
207777306
207777313
207777320
201547704
201547711
201547729
201547736
201547743
201547750
204078952
204078965
204078977
204078984
204078991
204079004
200409401
200409419
200409426
200409433
200409440
205006960
205006977
205006984
205006991
205007004
205007011
131348080
131348098
131348109
131348116
131348123
131348130
207043903
207043910
207043928
207043935
207043942
207043954
200618995
200619008
200619015
200619022
200619038
200619047
205444096
205444107
205444114
205444121
205444139
205444146
205029659
205029666
205029673
205029680
205029698
205029709
205052280
205052298
205052309
205052316
205052323
205052330
205878897
205878908
205878915
205878922
205878936
205878947
207960072
207960088
207960097
207960108
207960115
207960122
125001869
125001876
125001883
125001890
125001901
203535775
203535782
203535791
203535800
203535818
203535825
115834154
115834161
115834179
115834186
115834193
115834204
207400270
207400287
207400294
207400305
207400312
207400322
200291419
200291426
200291433
200291440
200291458
203626997
203627006
203627017
203627024
203627031
203627049
207988933
207988940
207988958
207988965
207988972
207988982
205152462
205152477
205152487
205152494
205152505
205152512
202516238
202516245
202516252
202516263
202516277
203275480
203275498
203275509
203275516
203275523
203275530
201215972
201215980
201215997
201216001
201216017
201216024
201216031
200570671
200570689
200570696
200570707
200570714
200570721
205619720
205619738
205619745
205619752
205619765
204612979
204612986
204612993
204613006
204613013
204613020
206245300
206245318
206245325
206245332
206245347
101079350
101079368
101079375
101079382
101079394
101079400
206462663
206462670
206462688
206462695
206462706
206462713
202896477
202896484
202896491
202896502
202896510
202896527
203707698
203707709
203707716
203707723
203707730
203707748
204121357
204121364
204121371
204121389
204121396
119665260
119665278
119665285
119665292
119665303
119665310
205577538
205577545
205577552
205577567
205577577
205577584
205577591
202820248
202820255
202820262
202820271
202820287
202820294
206308398
206308409
206308416
206308423
206308430
206308448
200319719
200319726
200319733
200319740
200319758
205294102
205294113
205294127
205294134
205294141
206603014
206603021
206603039
206603046
206603053
206603060
104021822
104021834
104021847
104021854
104021861
127006249
127006256
127006263
127006270
127006288
203394118
203394125
203394132
203394147
203394157
202274571
202274589
202274596
202274607
202274614
202274621
203050373
203050380
203050398
203050409
203050416
203050423
825355579
825355586
825355593
825355604
825355611
200526162
200526171
200526187
200526194
200526205
200526212
206657930
206657948
206657955
206657962
206657976
200625096
200625107
200625114
200625121
200625139
200625146
115264149
115264156
115264163
115264170
115264188
203388810
203388827
203388834
203388841
203388859
131343279
131343286
131343293
131343304
131343311
131343329
102765622
102765637
102765644
102765651
102765669
200563748
200563755
200563762
200563774
200563787
200563794
206709569
206709576
206709583
206709590
206709601
131478219
131478227
131478234
131478241
131478259
205899560
205899578
205899585
205899592
205899603
205899610
205495258
205495265
205495272
205495283
205495297
833086819
833086826
833086833
833086840
833086858
208555098
208555109
208555116
208555123
208555130
201477818
201477825
201477832
201477840
201477857
112581639
112581646
112581653
112581660
112581678
112581685
204881495
204881506
204881513
204881520
204881538
204881545
207084202
207084213
207084227
207084234
207084241
122061868
122061875
122061882
122061892
122061900
122061918
203413262
203413270
203413287
203413294
203413305
203413312
175108998
175109000
175109018
175109025
175109032
203663903
203663910
203663928
203663935
203663942
203663951
101035254
101035261
101035279
101035286
101035293
101035304
119522351
119522369
119522376
119522383
119522390
119522401
202021575
202021582
202021598
202021600
202021618
202021625
201676161
201676179
201676186
201676193
201676204
201676211
117041119
117041127
117041134
117041141
117041159
020286630
020286648
020286655
020286662
020286676
020346209
020346216
020346223
020346230
020346248
020346255
204208538
204208545
204208552
204208569
204208577
103919278
103919287
103919294
103919305
103919312
103919320
108011964
108011971
108011989
108011996
108012009
108012016
206013889
206013896
206013907
206013914
206013921
206013939
203491460
203491478
203491485
203491492
203491503
203491510
103613319
103613326
103613333
103613340
103613358
203411076
203411083
203411090
203411101
203411119
203411126
204392127
204392134
204392141
204392159
204392166
202966769
202966776
202966783
202966790
202966801
205505649
205505656
205505663
205505670
205505688
205505695
103069744
103069757
103069764
103069771
103069789
103069796
205934328
205934335
205934342
205934356
205934367
205934374
205934381
203185296
203185307
203185314
203185321
203185339
203185346
205351304
205351311
205351329
205351336
205351343
205351350
202950551
202950569
202950576
202950583
202950590
202950601
201691601
201691619
201691626
201691633
201691640
205696528
205696535
205696542
205696559
205696567
205709840
205709858
205709865
205709872
205709880
175211788
175211795
175211806
175211813
175211820
207265943
207265957
207265964
207265971
207265989
206985707
206985717
206985724
206985731
206985749
206985756
200118958
200118965
200118972
200118982
200118997
207491176
207491187
207491194
207491205
207491212
204353843
204353850
204353868
204353875
204353882
204353891
175433842
175433855
175433867
175433874
175433881
200654639
200654646
200654653
200654660
200654678
206081511
206081527
206081534
206081541
206081559
206081566
121135575
121135582
121135599
121135600
121135618
121135625
206501785
206501792
206501803
206501810
206501828
206501835
204020642
204020657
204020664
204020671
204020689
204156479
204156486
204156493
204156504
204156511
203313511
203313529
203313536
203313543
203313550
207467528
207467535
207467542
207467555
207467567
131440689
131440696
131440707
131440714
131440721
208773271
208773289
208773296
208773307
208773314
208773321
101133734
101133741
101133759
101133766
101133773
101133780
202975864
202975871
202975889
202975896
202975907
202975914
203668170
203668188
203668195
203668206
203668213
203668220
813196703
813196717
813196724
813196731
813196749
813196756
115296499
115296502
115296517
115296524
115296531
115296549
207402363
207402377
207402384
207402391
207402402
825060251
825060269
825060276
825060283
825060290
825060301
121173049
121173056
121173063
121173070
121173088
121173095
206604529
206604536
206604543
206604550
206604568
206604575
126682858
126682865
126682872
126682884
126682897
204619072
204619087
204619094
204619105
204619112
204085384
204085391
204085402
204085413
204085427
204085434
204085441
202987119
202987126
202987133
202987140
202987158
202987165
200734028
200734035
200734042
200734058
200734067
200734074
200734081
206388840
206388857
206388864
206388871
206388889
202161614
202161627
202161634
202161641
202161659
131146919
131146926
131146933
131146940
131146958
131146965
202662549
202662556
202662563
202662570
202662588
202662595
205200971
205200989
205200996
205201009
205201016
205201023
200446780
200446798
200446809
200446816
200446823
200446830
204047088
204047095
204047106
204047113
204047120
201611231
201611249
201611256
201611263
201611270
205873633
205873640
205873658
205873665
205873672
205873680
204696966
204696977
204696984
204696991
204697004
204697011
204245771
204245789
204245796
204245807
204245814
204245821
207102262
207102278
207102287
207102294
207102305
207102312
201962643
201962650
201962668
201962675
201962682
201962693
207807888
207807895
207807906
207807913
207807920
207807938
202325941
202325959
202325966
202325973
202325980
207873112
207873124
207873137
207873144
207873151
205853214
205853221
205853239
205853246
205853253
205853260
204022359
204022366
204022373
204022380
204022398
131352146
131352157
131352164
131352171
131352189
208237989
208237996
208238009
208238016
208238023
208238030
208781738
208781745
208781752
208781760
208781777
208781784
207418189
207418196
207418207
207418214
207418221
207418239
206683971
206683989
206683996
206684009
206684016
206684023
208326174
208326181
208326199
208326201
208326217
208326224
207087903
207087910
207087928
207087935
207087942
200697359
200697366
200697373
200697380
200697398
200697409
160063611
160063629
160063636
160063643
160063650
148118187
148118194
148118205
148118212
148118229
148118237
207718959
207718966
207718973
207718980
207718998
207719000
115864655
115864667
115864674
115864681
115864699
115864708
206246174
206246181
206246199
206246200
206246217
206246224
207993649
207993656
207993663
207993670
207993688
207993695
207364841
207364859
207364866
207364873
207364880
206836890
206836901
206836919
206836926
206836933
206836940
111590464
111590471
111590489
111590496
111590507
111590514
204485649
204485656
204485663
204485670
204485688
204485695
207743389
207743396
207743407
207743414
207743421
202823785
202823792
202823803
202823810
202823828
202823835
202514017
202514027
202514034
202514041
202514059
202514066
175076098
175076109
175076116
175076123
175076130
115878179
115878186
115878193
115878204
115878211
208733273
208733280
208733298
208733309
208733316
208733323
130056290
130056301
130056319
130056326
130056333
130056340
203253579
203253587
203253594
203253605
203253612
203253621
208047491
208047502
208047519
208047527
208047534
208047541
131331711
131331729
131331736
131331743
131331750
204147505
204147512
204147525
204147537
204147544
204147551
203738761
203738779
203738786
203738793
203738804
203738811
200415824
200415831
200415849
200415856
200415863
200415870
202198534
202198547
202198554
202198561
202198579
202198586
202993175
202993182
202993193
202993200
202993218
202993225
204721131
204721149
204721156
204721163
204721170
107060549
107060556
107060563
107060570
107060588
201381150
201381168
201381175
201381182
201381195
201381200
200523294
200523305
200523312
200523320
200523337
200523344
200799969
200799976
200799983
200799990
200800001
203839810
203839828
203839835
203839842
203839859
207872188
207872195
207872206
207872213
207872220
207872238
204122861
204122879
204122886
204122893
204122904
204122911
208539432
208539443
208539457
208539464
208539471
201526350
201526368
201526375
201526382
201526390
201526400
203888871
203888889
203888896
203888907
203888914
203888921
208032685
208032692
208032703
208032710
208032728
208032735
206841581
206841599
206841609
206841617
206841624
206841631
205818277
205818284
205818291
205818302
205818310
205818327
207054732
207054742
207054757
207054764
207054771
205651419
205651426
205651433
205651440
205651458
208300069
208300076
208300083
208300090
208300101
208300119
208405287
208405294
208405305
208405312
208405323
200853139
200853146
200853153
200853160
200853178
207597272
207597282
207597297
207597308
207597315
207597322
205650203
205650210
205650228
205650235
205650242
205650255
208691194
208691205
208691212
208691224
208691237
208691244
208691251
204028077
204028084
204028091
204028102
204028112
203276760
203276778
203276785
203276792
203276803
203276810
208780134
208780141
208780159
208780166
208780173
208780180
208082503
208082510
208082528
208082535
208082542
208082554
203384063
203384070
203384088
203384095
203384106
203384113
207764942
207764952
207764967
207764974
207764981
208460209
208460216
208460223
208460230
208460248
208460255
205553918
205553925
203201334
203201341
203201359
203201366
203201373
203201380
208591564
208591571
208591589
208591596
208591607
208591614
205261878
205261885
205261892
205261903
205261910
205261928
205835180
205835198
205835209
205835216
205835223
205835230
207283033
207283040
207283058
207283065
207283072
207283084
130998253
130998260
130998278
130998285
130998292
130998303
204445487
204445494
204445505
204445512
204445527
204445537
202651289
202651296
202651307
202651314
202651321
202651339
208059611
208059629
208059636
208059643
208059650
202968978
202968987
202968994
202969007
202969014
202969021
206288999
206289001
206289019
206289026
206289033
206289040
208720984
208720991
208721004
208721011
208721029
208721036
206455074
206455081
206455099
206455101
206455117
206455124
206685381
206685399
206685406
206685417
206685424
206685431
130645787
130645794
130645805
130645812
130645822
130645837
208072548
208072555
208072562
208072576
208072587
203229928
203229935
203229942
203229958
203229967
204822098
204822109
204822116
204822123
204822130
204822148
206037331
206037349
206037356
206037363
206037370
205777275
205777282
205777290
205777300
205777318
205777325
207564685
207564692
207564703
207564710
207564728
207564735
205967673
205967680
205967698
205967709
205967716
205967723
206351570
206351588
206351595
206351606
206351613
206351620
206478639
206478646
206478653
206478660
206478678
207530754
207530761
207530779
207530786
207530793
207530804
204229781
204229799
204229809
204229817
204229824
204229831
208177638
208177645
208177652
208177667
208177677
208177684
208177691
203486777
203486787
203486794
203486805
203486812
203486820
207939929
207939936
207939943
207939950
207939968
205754134
205754141
205754159
205754166
205754173
205754180
131325982
131325990
131326002
131326010
131326027
131326034
831610828
831610835
831610842
831610858
831610867
203998452
203998467
203998474
203998481
203998499
203998505
207779638
207779645
207779652
207779660
207779677
207779684
206437998
206438000
206438018
206438025
206438032
204363022
204363038
204363047
204363054
204363061
123648384
123648391
123648402
123648412
123648427
123648434
123648441
207444344
207444351
207444369
207444376
207444383
207444390
208839052
208839065
208839077
208839084
208839091
208839102
206930471
206930489
206930496
206930507
206930514
206930521
204108687
204108694
204108705
204108712
204108723
204108737
208437388
208437395
208437406
208437413
208437420
208437438
208516501
208516519
208516526
208516533
208516540
204030174
204030181
204030199
204030200
204030217
204030224
208915962
208915977
208915984
208915991
208916004
208916011
207304381
207304399
207304406
207304417
207304424
207304431
203658863
203658870
203658888
203658895
203658906
203658913
208279575
208279582
208279596
208279600
208279618
208279625
205745459
205745466
205745473
205745480
205745498
205745509
205399929
205399936
205399943
205399950
205399968
206624268
206624275
206624282
206624296
206624300
204780749
204780756
204780763
204780770
204780788
204780795
204279478
204279485
204279492
204279503
204279510
204279528
206423219
206423226
206423233
206423240
206423258
208820439
208820447
208820454
208820461
208820479
208713887
208713897
208713908
208713915
208713922
208713930
203956087
203956094
203956105
203956112
203956120
203956137
203705619
203705626
203705633
203705640
203705658
206710518
206710525
206710532
206710545
206710557
203290545
203290557
203290564
203290571
203290589
200087690
200087701
200087719
200087726
200087733
200087740
201753914
201753921
201753939
201753946
201753953
201753960
204838273
204838280
204838298
204838309
204838316
204838323
207056929
207056936
207056943
207056950
207056968
201316569
201316576
201316583
201316590
201316601
201316619
200886242
200886256
200886267
200886274
200886281
208678332
208678349
208678357
208678364
208678371
200784198
200784209
200784216
200784223
200784230
206742074
206742081
206742099
206742100
206742117
206742124
205404645
205404657
205404664
205404671
205404689
205404696
201284018
201284025
201284032
201284048
201284057
201284064
201284071
206945530
206945548
206945555
206945562
206945579
175390451
175390469
175390476
175390483
175390490
175390501
201716232
201716241
201716257
201716264
201716271
207063012
207063026
207063037
207063044
207063051
201415599
201415604
201415617
201415624
201415631
201070480
201070498
201070509
201070516
201070523
201070530
205391334
205391341
205391359
205391366
205391373
205391380
207142239
207142246
207142253
207142260
207142278
114563668
114563675
114563682
114563693
114563700
114563718
126135116
126135127
126135134
126135141
126135159
126135166
117593848
117593855
117593862
117593874
117593887
822110813
822110820
822110838
822110845
822110852
822110860
201196529
201196536
201196543
201196550
201196568
205231550
205231568
205231575
205231582
205231599
205231600
128042013
128042020
128042038
128042045
128042052
128042061
208517343
208517350
208517368
208517375
208517382
208517393
124132812
124132821
124132837
124132844
124132851
831419449
831419456
831419463
831419470
831419488
125511587
125511594
125511605
125511612
125511621
125511637
102640103
102640110
102640128
102640135
102640142
102640154
200364148
200364155
200364162
200364171
200364187
110548779
110548786
110548793
110548804
110548811
207621168
207621175
207621182
207621190
207621200
202492723
202492730
202492748
202492755
202492762
202492770
040467660
040467677
040467684
040467691
040467702
040467712
128006379
128006387
128006394
128006405
128006412
128006421
200782877
200782884
200782891
200782902
200782912
200782927
206749834
206749841
206749859
206749866
206749873
206749880
200440852
200440863
200440877
200440884
200440891
200440902
200461490
200461501
200461519
200461526
200461533
200461540
200425099
200425105
200425117
200425124
200425131
131444698
131444709
131444716
131444723
131444730
201379352
201379366
201379377
201379384
201379391
201379402
121276049
121276056
121276063
121276070
121276088
205941575
205941582
205941593
205941600
205941618
205941625
121235020
121235038
121235045
121235052
121235066
204808697
204808700
204808718
204808725
204808732
204808740
202621901
202621919
202621926
202621933
202621940
104034242
104034257
104034264
104034271
104034289
203881542
203881558
203881567
203881574
203881581
203428232
203428245
203428257
203428264
203428271
120023228
120023235
120023242
120023257
120023267
125046362
125046370
125046387
125046394
125046405
125046412
117609028
117609035
117609042
117609052
117609067
201081772
201081789
201081797
201081808
201081815
201081822
117063928
117063935
117063942
117063958
117063967
206308003
206308010
206308028
206308035
206308042
206308053
200132210
200132228
200132235
200132242
200132257
131335421
131335439
131335446
131335453
131335460
176517688
176517695
176517706
176517713
176517720
115165724
115165731
115165749
115165756
115165763
115165770
117008134
117008141
117008159
117008166
117008173
117008180
200635261
200635279
200635286
200635293
200635304
200635311
207499272
207499287
207499294
207499305
207499312
835003569
835003576
835003583
835003590
835003601
202403379
202403386
202403393
202403404
202403411
202403429
206052244
206052251
206052269
206052276
206052283
206052290
205613048
205613055
205613062
205613073
205613087
205613094
121128029
121128036
121128043
121128050
121128068
121128075
040761248
040761255
040761262
040761279
040761287
200241238
200241245
200241252
200241260
200241277
208424632
208424647
208424654
208424661
208424679
208424686
104616389
104616396
104616407
104616414
104616421
104616439
203443138
203443145
203443152
203443161
203443177
203443184
203443191
206803278
206803285
206803292
206803303
206803310
121467549
121467556
121467563
121467570
121467588
121467595
208388069
208388076
208388083
208388090
208388101
126098643
126098650
126098668
126098675
126098682
126098694
207406030
207406048
207406055
207406062
207406077
130148212
130148228
130148237
130148244
130148251
203933081
203933099
203933108
203933117
203933124
203933131
040025997
040026001
040026017
040026024
040026031
204235229
204235236
204235243
204235250
204235268
203933897
203933900
203933918
203933925
203933932
203933940
040031808
040031815
040031822
040031834
040031847
040031854
040031861
205329813
205329820
205329838
205329845
205329852
205329863
202761579
202761586
202761593
202761604
202761611
206222561
206222579
206222586
206222593
206222604
206222611
119661874
119661881
119661899
119661900
119661917
119661924
811127601
811127619
811127626
811127633
811127640
202380578
202380585
202380592
202380603
202380610
202380628
827182817
827182827
827182834
827182841
827182859
827182866
200950905
200950912
200950929
200950937
200950944
200950951
205862747
205862754
205862761
205862779
205862786
206557823
206557830
206557848
206557855
206557862
206557872
203360272
203360283
203360297
203360308
203360315
203360322
130517937
130517944
130517951
130517969
130517976
175437972
175437980
175437997
175438000
175438017
175438024
101056978
101056985
101056992
101057005
101057012
122030634
122030641
122030659
122030666
122030673
122030680
202291058
202291065
202291072
202291083
202291097
200310474
200310481
200310499
200310500
200310517
200310524
130480638
130480645
130480652
130480660
130480677
130480684
204498130
204498148
204498155
204498162
204498173
131347413
131347427
131347434
131347441
131347459
123756901
123756919
123756926
123756933
123756940
201800876
201800883
201800890
201800901
201800919
201800926
201073131
201073149
201073156
201073163
201073170
201696630
201696648
201696655
201696662
201696677
020754196
020754207
020754214
020754221
020754239
020754246
105553842
105553858
105553867
105553874
105553881
206243274
206243281
206243299
206243306
206243317
206243324
828066311
828066327
828066334
828066341
828066359
201126324
201126331
201126349
201126356
201126363
201126370
831636353
831636367
831636374
831636381
831636399
831636406
200992459
200992466
200992473
200992480
200992498
200992509
206493922
206493935
206493947
206493954
206493961
201029398
201029409
201029416
201029423
201029430
201029448
121816164
121816171
121816189
121816196
121816207
121816214
205051004
205051011
205051029
205051036
205051043
205051050
200215761
200215777
200215784
200215791
200215802
200215814
202114620
202114638
202114645
202114652
202114660
200764085
200764092
200764103
200764110
200764128
200764135
831816212
831816226
831816237
831816244
831816251
200791985
200791997
200792006
200792017
200792024
200792031
131265663
131265670
131265688
131265695
131265706
131265713
121286771
121286787
121286794
121286805
121286812
121286824
827213938
827213945
827213952
827213969
827213977
200155579
200155586
200155593
200155604
200155611
200155629
200760012
200760020
200760037
200760044
200760051
160079804
160079811
160079829
160079836
160079843
160079850
207059423
207059430
207059448
207059455
207059462
207059471
829038003
829038010
829038028
829038035
829038042
829038053
131510714
131510721
131510739
131510746
131510753
131510760
119522488
119522497
119522508
119522515
119522522
119522530
206813639
206813646
206813653
206813660
206813678
107055178
107055185
107055192
107055203
107055210
131401309
131401316
131401323
131401330
131401348
131401355
203176048
203176055
203176062
203176077
203176087
203176094
203176105
206061948
206061955
206061962
206061976
206061987
206061994
203641579
203641586
203641593
203641604
203641611
103904972
103904981
103904997
103905002
103905017
103905024
103905031
203033931
203033947
203033954
203033961
203033979
203033986
202425429
202425436
202425443
202425450
202425468
205980578
205980585
205980592
205980603
205980610
208044075
208044082
208044099
208044100
208044118
208044125
175073419
175073426
175073433
175073440
175073458
102692670
102692687
102692694
102692705
102692712
102692722
200855040
200855058
200855065
200855072
200855080
208091242
208091259
208091267
208091274
208091281
202793299
202793307
202793317
202793324
202793331
202793349
207642970
207642988
207642995
207643008
207643015
207643022
203512851
203512869
203512876
203512883
203512890
203512901
203749708
203749715
203749722
203749733
203749747
203749754
203749761
208527711
208527729
208527736
208527743
208527750
203445934
203445947
203445954
203445961
203445979
121126619
121126626
121126633
121126640
121126658
121126665
121162845
121162857
121162864
121162871
121162889
121162896
121664258
121664265
121664272
121664284
121664297
121664308
206795212
206795220
206795237
206795244
206795251
128561663
128561677
128561684
128561691
128561702
128561716
208739842
208739856
208739867
208739874
208739881
202109769
202109776
202109783
202109790
202109801
202109819
201998689
201998696
201998707
201998714
201998721
201998739
202106560
202106577
202106584
202106591
202106602
202106612
122045271
122045287
122045294
122045305
122045312
122045324
201445603
201445610
201445628
201445635
201445642
203169139
203169146
203169153
203169160
203169178
203162251
203162269
203162276
203162283
203162290
203162301
205544285
205544292
205544303
205544310
205544328
205544335
831170948
831170955
831170962
831170975
831170987
204807648
204807655
204807662
204807671
204807687
204807694
202435590
202435601
202435619
202435626
202435633
202435640
123611350
123611368
123611375
123611382
123611397
123611400
204223718
204223725
204223732
204223743
204223757
204223764
204223771
130020020
130020038
130020045
130020052
130020061
121663672
121663680
121663697
121663708
121663715
121663722
205385349
205385356
205385363
205385370
205385388
205385395
123649899
123649901
123649917
123649924
123649931
121247318
121247325
121247332
121247343
121247357
201038689
201038696
201038707
201038714
201038721
201038739
121024895
121024906
121024913
121024920
121024938
121024945
200376022
200376038
200376047
200376054
200376061
200798689
200798696
200798707
200798714
200798721
203445648
203445655
203445662
203445676
203445687
203445694
203445705
130410287
130410294
130410305
130410312
130410325
822099975
822099982
822099997
822100000
822100018
822100025
203921385
203921392
203921403
203921410
203921428
203921435
131318547
131318557
131318564
131318571
131318589
131318596
206847513
206847520
206847538
206847545
206847552
204304038
204304045
204304052
204304064
204304077
208752601
208752619
208752626
208752633
208752640
203217299
203217302
203217317
203217324
203217331
204362333
204362340
204362358
204362365
204362372
204362380
204771771
204771789
204771796
204771807
204771814
204771821
160057619
160057626
160057633
160057640
160057658
160057665
117011059
117011066
117011073
117011080
117011098
107049008
107049015
107049022
107049033
107049047
107049054
107049061
200177312
200177320
200177337
200177344
200177351
131059204
131059211
131059229
131059236
131059243
131059250
201039759
201039766
201039773
201039780
201039798
201039809
205710878
205710885
205710892
205710903
205710910
205710928
130146179
130146186
130146193
130146204
130146211
200440560
