UIC_Query,URL,Заглавие (Статус),Състояние към дата,ЕИК/ПИК,Фирмено дело,Фирма/Наименование,Правна форма,Държава,Област и Община,Населено място,Адрес,Предмет на дейност,Физическо лице,Other_Data
824026449,https://portal.registryagency.bg/CR/Reports/ActiveConditionTabResult?uic=824026449,"ЕТ ""САХАРА - 64 - СИЛВИЯ САЧАНСКА""",27.09.2026г.,824026449,527/1991 440,САХАРА - 64 - СИЛВИЯ САЧАНСКА,Едноличен търговец,БЪЛГАРИЯ,"Област: Плевен, Община: Плевен","гр. Плевен, п.к. 5800","бул./ул. ул. ИЛИНДЕН № 62 Телефон: 849509, 0878933087, Адрес на електронна поща: satchanska@abv.bg","ПPOИЗBOДCTBO, ИЗKУПУBAHE И PEAЛИЗAЦИЯ HA СЛАДКАРСКИ ИЗДЕЛИЯ, БЕЗАЛКОХОЛНИ НАПИТКИ, БИРА, ПУКАНКИ, ФЪСТЪЦИ, ПРОИЗВОДСТВО, ИЗКУПУВАНЕ И РЕАЛИЗАЦИЯ НА СЕЛСКОСТОПАНСКА ПРОДУКЦИЯ В СТРАНАТА И ЧУЖБИНА, ШИВАШКИ УСЛУГИ, БРОДЕРИЯ, МАШИННО И РЪЧНО ПЛЕТИВО, РЕСТОРАНТЬОРСТВО, ХОТЕЛИЕРСКИ УСЛУГИ, АУДИО И ВИДЕО ЗАПИСИ, ОКАЗИОН, БУТИК, ПРОДАЖБА НА ПАРФЮМЕРИЯ, АВТО-ТЕНЕКЕДЖИЙСКИ УСЛУГИ, ДЪРВОДЕЛСКИ УСЛУГИ, СТРОИТЕЛСТВО И СТРОИТЕЛНО БОЯДЖИЙСТВО, ТРАНСПОРТНИ УСЛУГИ С ЛЕК И ТОВАРЕН АВТОМОБИЛ, ФОТОГРАФИЯ, МАШИНОПИСНИ УСЛУГИ, ГЛЕДАНЕ НА МАЛКИ ДЕЦА.",СИЛВИЯ ХАРИЕВА САЧАНСКА-МАРАЗОВА,
824026463,https://portal.registryagency.bg/CR/Reports/ActiveConditionTabResult?uic=824026463,"ЕТ ""САШО ПЕТЕВ""",27.09.2026г.,824026463,322/1990 440,САШО ПЕТЕВ,Едноличен търговец,БЪЛГАРИЯ,"Област: Плевен, Община: Плевен","гр. Плевен, п.к. 5800","ж.к. СТОРГОЗИЯ, бл. 74 Б, вх. Б, ет. 2, ап. 6","TAKCИMETPOB ПPEBOЗ HA ПЪTHИЦИ И TOBAPИ C ЛEK ABTOMOБИЛ, ПPOИЗBOДCTBO, ИЗKУПУBAHE, ПPEPAБOTKA, BHOC ИЗHOC И TЪPГOBИЯ C BCЯKAKЪB BИД CEЛCKOCTOПAHCKA ПPOДУKЦИЯ, MECO И MECHИ ПPOДУKTИ, MЛЯKO И MЛ. ПPOДУKTИ, ЯЙЦA И ПTИЦИ, EДЬP И ДPEБEH ДOБИTЬK, ПPECHИ И KOHCEPBИPAHИ ПЛOДOBE И ЗEЛEHЧУЦИ, ПPOИЗBOДCTBO, ИЗKУПУBAHE И TЪPГOBИЯ C BCЯKAKBИ BИДOBE AЛKOXOЛHИ И БEЗAЛKOXOЛHИ HAПИTKИ/БEЗ ПPOИЗBOДCTBO HA AЛKOXOЛ/, KAФE, ЦИГAPИ, CEMKИ, ЯДKИ, BHOC-ИЗHOC И TЪPГOBИЯ B CTPAHATA И ЧУЖБИHA C BCЯKAKBИ CTOKИ PAЗPEШEHИ OT ЗAKOHA, TЪPГOBCKO ПPEДCTABИTEЛCTBO/БEЗ ПPOЦECУAЛHO/, ПOCPEДHИЧECKA ДEЙHOCT, OKAЗИOHHA TЪPГOBИЯ И ДPУГA BЪTPEШHO TЪPГOBCKA И BЪHШHO TЪPГOBCKA ДEЙHOCTИ, PAЗKPИBAHE И EKCПЛOATAЦИЯ HA ФИPMEHИ MAГAЗИHИ, БУTИЦИ, KAФE-AПEPATИBИ, ИЗBЪPШBAHE HA BCЯKAKЪB BИД TAKCИMETPOBИ УCЛУГИ B CTPAHATA И ЧУЖБИHA CЬC COБCTBEH И HAET ПPEBOЗ, TPAHCПOPTHA ДEЙHOCT B CTPAHATA И ЧУЖБИHA, OPГAHИЗИPAHE HA BЪTPEШEH И MEЖДУHAPOДEH TУPИЗЪM, PECTOPAHTЬOPCTBO, XOTEЛИEPCTBO И MOTEЛИEPCTBO, ДИCKOTEЧHA ДEЙHOCT, BИДEOЗAПИCHA И ЗBУKOЗAПИCHA ДEЙHOCTИ, ДABAHE HA BИДEO KACETИ ПOД HAEM, ШИBAШKИ И ПЛETAЧHИ УCЛУГИ, ПOДДPЪЖKA И PEMOHT HA БИTOBA TEXHИKA, PAДИO TEЛEBИЗИOHHИ УCЛУГИ, PEMOHT И ПOДДPЪЖKA HA BOДOCHAБДИTEЛHИ И KAHAЛИЗAЦИOHHИ ИHCTAЛAЦИИ, CTPOИTEЛHA И CTPOИTEЛHO PEMOHTHИ ДEЙHOCTИ, ДЪPBOДEЛCKИ, ФOTOГPAФCKИ, TEHEKEДЖИЙCKИ И ABTOCEPBИЗHИ УCЛУГИ, ПЪTHA ПOMOЩ, ПPOИЗBOДCTBO И TЪPГOBИЯ C BCЯKAKBИ BИДOBE ЦBETЯ И ДEKOPATИBHИ PACTEHИЯ.",САШО ПЕТЕВ НИКОЛОВ,
202349757,https://portal.registryagency.bg/CR/Reports/ActiveConditionTabResult?uic=202349757,"""Жадин"" ЕООД",27.09.2026г.,202349757,,Жадин,Еднолично дружество с ограничена отговорност,БЪЛГАРИЯ,"Област: София (столица), Община: Столична","гр. София, п.к. 1510","р-н Подуяне, бул./ул. ул. Уошбърн № 61, ет. 2, ап. 3 Адрес на електронна поща: office@megabalans.com","Покупка на стоки с цел препродажбата им в първоначален, преработен или обработен вид, търговия на едро и дребно, комисионна, спедиционна, складова, лизингова, транспортна дейност в страната и чужбина, сделки с интелектуална собственост, строителство на съоражения, търговско представителство, посредничество и агентство на местни и чуждестранни физически и юридически лица в страната и чужбина, хотелиерство, ресторантьорство, вътрешен и международен туризъм, рекламна дейност, внос, износ, реекспорт, бартер, както и всички други дейности, които не са забранени от нормативни актове.",,"{""4. Изписване на чужд език"": ""Jadin Ltd"", ""5а. Адрес за кореспонденция с НАП на територията на страната"": ""Държава: БЪЛГАРИЯ\nОбласт: София (столица), Община: Столична\nНаселено място: гр. София, п.к. 1510\nр-н Подуяне\nбул./ул. ул. Уошбърн № 61, ет. 2, ап. 3"", ""7. Управители"": ""Таня Христова Петрова, Държава: БЪЛГАРИЯ"", ""23. Едноличен собственик на капитала"": ""Таня Христова Петрова, Държава: БЪЛГАРИЯ"", ""31. Размер"": ""255.65 €"", ""32. Внесен капитал"": ""255.65 €""}"
202034059,https://portal.registryagency.bg/CR/Reports/ActiveConditionTabResult?uic=202034059,"""ДЖЕНЕРАЛ СТРОЙ ИНЖЕНЕРИНГ"" ООД",27.09.2026г.,202034059,,ДЖЕНЕРАЛ СТРОЙ ИНЖЕНЕРИНГ,Дружество с ограничена отговорност,БЪЛГАРИЯ,"Област: Варна, Община: Варна","гр. Варна, п.к. 9009","бул./ул. ул.ХР. СМИРНЕНСКИ, бл. 79, ет. 15, ап. 70","Въшно и вътрешно оформление на жилищни,стопански и административни сгради- зидарски и кофражни работи, мазилки, железарски и довършителни работи в сградите, бояджийски работи, декоративни мазилки, вътрешни и външни облицовки и настилки, леки преградни стени и окачени тавани и други в страната и в чужбина. Строително-ремонтни услуги.Монтаж на парно, топлоизолиращи, отоплителни системи, както и хидроизолации и соларни системи на жилищни.стопански и административни сгради. ВИК И ЕЛ услуги- изграждане и монтаж на водопроводи, канализации и инсталации, цялостно изграждане на електроинсталации на жилищни, стопански и административни сгради в страната и чужбина. Монтаж на всякакъв вид санитария за бани и кухни - вани, душ кабини, мивки, моно блокове, бойлери и др.Възстановяване, обновяване, консервация и реставрация на сгради в страната и в чужбина.Подземно и надземно, строителство- всякакви форми. Изготвяне и реализация на проекти за интериорно и екстериорно проектиюане, обзавеждане и изграждане, архитектурни и дизайнерски решения за всички видове сгради Търговска и външноикономическа дейност в страната и в чужбина. Транспорт, внос и износ на всички видове строителни материали, промишлени стоки, стоки за бита, електроника-електрически компоненти, полупроводникови устройства, както и на всички други стоки разрешени от закона. Транспортна дейност, товаро-разтоварна дейност, превозна дейност с всякакви транспортни средства в страната и в чужбина.Транспортна, превозна и спедиционна дейност, пътнически и товаро-транспортни услуги в страната и в чужбина/след получаване на лиценз/Транспорт, внос и износ на всякакви системи и уреди за видеонаблюдение и охрана, както и изграждане на такива системи. Покупко-продажба, внос, износ, отдаване под наем на всякаква строителна техника. Подготовка и организиране курсово обучение, квалификация и преквалификация на специалисти в областта на строителството за работа в страната и чужбина, след лиценз, както и наемане на преподавателски състав и изпитни комисии. Посредническа и предприемаческа дейност / след регистрация/ за оказване на съдействие, намиране и наемане на работа в страната и чужбина на кадри в областта на строителството. Обмен на кадри в областта на строителството в страната и в чужбина.Юридически и счетоводни консултативни услуги, проверка, подготовка и изготвяне на документи, комисионна дейност, както и всяка друга дейност, незабранена от закона",,"{""4. Изписване на чужд език"": ""GENERAL STORY ENGINEERING"", ""7. Управители"": ""ТОНИ ПЕТРОВ МАРИНОВ, Държава: БЪЛГАРИЯ\nСТЕФАН АНГЕЛОВ БЕНКОВ, Държава: БЪЛГАРИЯ"", ""11. Начин на представляване"": ""заедно"", ""19. Съдружници"": ""ТОНИ ПЕТРОВ МАРИНОВ, Държава: БЪЛГАРИЯ, Размер на дяловото участие: 50.00 лв.\nСТЕФАН АНГЕЛОВ БЕНКОВ, Държава: БЪЛГАРИЯ, Размер на дяловото участие: 50.00 лв."", ""31. Размер"": ""51.13 €"", ""32. Внесен капитал"": ""51.13 €""}"
202034067,https://portal.registryagency.bg/CR/Reports/ActiveConditionTabResult?uic=202034067,"ЕТ ""Инж. Невена Дамова""",27.09.2026г.,202034067,,Инж. Невена Дамова,Едноличен търговец,БЪЛГАРИЯ,"Област: Пазарджик, Община: Велинград","гр. Велинград, п.к. 4600",бул./ул. Цар Иван Асен II № 2,"Проектиране и строителство на сгради и съоръжения. Производство и покупка на строителни и промишлени стоки и суровини, разрешени от закона, с цел да ги препродаде в първоначален, преработен или обработен вид в страната и чужбина. Търговско представителство и посредничество. Туристически, превозни, ремонтни, ресторантьорски, дърводелски и консултантски дейности и услуги, разрешени от закона. Вътрешна и външна търговия на едро и дребно с всякакви стоки и вещи, разрешени от закона, като дейностите ще се осъществяват в страната и чужбина.",НЕВЕНА НИКОЛОВА ДАМОВА,"{""4. Изписване на чужд език"": ""Inzh. Nevena Damova"", ""5а. Адрес за кореспонденция с НАП на територията на страната"": ""Държава: БЪЛГАРИЯ\nОбласт: Пазарджик, Община: Велинград\nНаселено място: гр. Велинград, п.к. 4600\nбул./ул. Цар Иван Асен II № 2""}"
202034074,https://portal.registryagency.bg/CR/Reports/ActiveConditionTabResult?uic=202034074,"""СВЕТИЛИЯ"" ЕООД",27.09.2026г.,202034074,,СВЕТИЛИЯ,Еднолично дружество с ограничена отговорност,БЪЛГАРИЯ,"Област: Перник, Община: Перник","гр. Перник, п.к. 2304","ж.к. ИЗТОК, бул./ул. РАШО ДИМИТРОВ, бл. 76, вх. А, ет. 4, ап. 11 Телефон: 089656696","Търговия на едро и дребно, външно и вътрешно търговска дейност в страната и чужбина, внос и износ, счетоводни услуги, консултантски услуги, комисионни, спедиционни и превозни сделки, складови сделки, рекламни, информационни, както и всяка друга търговска дейност, незабранена от закона.",,"{""4. Изписване на чужд език"": ""SVETILIYA EOOD"", ""7. Управители"": ""ИЛИЯ ЙОРДАНОВ ВУЧЕВ, Държава: БЪЛГАРИЯ"", ""23. Едноличен собственик на капитала"": ""ИЛИЯ ЙОРДАНОВ ВУЧЕВ, Държава: БЪЛГАРИЯ"", ""31. Размер"": ""255.65 €"", ""32. Внесен капитал"": ""255.65 €""}"
200725207,https://portal.registryagency.bg/CR/Reports/ActiveConditionTabResult?uic=200725207,"""СКОРПИОН ИНВЕСТМЪНТ 64"" ЕООД - в ликвидация",27.09.2026г.,200725207,,СКОРПИОН ИНВЕСТМЪНТ 64,Еднолично дружество с ограничена отговорност,БЪЛГАРИЯ,"Област: Добрич, Община: Балчик","гр. Балчик, п.к. 9600",бул./ул. УЛ.ЧЕРНО МОРЕ № 78 Телефон: 73267,"РЕСТОРАНТЬОРСТВО, ЕКСПЛОАТАЦИЯ НА ТЪРГОВСКИ ОБЕКТИ, ВНОС-ИЗНОС, АНИМАТОРСКА ДЕЙНОСТ, ПОКУПКО-ПРОДАЖБА НА АВТОМОБИЛИ, КОМИСИОННА ДЕЙНОСТ, ТЪРГОВИЯ С ПРОМИШЛЕНИ СТОКИ, СЕЛСКОСТОПАНСКА ДЕЙНОСТ, ОРГАНИЗИРАНЕ НА СПОРТНИ РАЗВЛЕЧЕНИЯ, ХОТЕЛИЕРСТВО",,"{""4. Изписване на чужд език"": ""SKORPION INVESTMENT 64"", ""7. Управители"": ""ДЕТЕЛИН ПАВЛОВ ЯНАКИЕВ, Държава: БЪЛГАРИЯ"", ""23. Едноличен собственик на капитала"": ""ДЕТЕЛИН ПАВЛОВ ЯНАКИЕВ, Държава: БЪЛГАРИЯ"", ""26. Прекратяване на търговската дейност"": ""Прекратяване на търговската дейност"", ""31. Размер"": ""2556.46 €"", ""32. Внесен капитал"": ""1278.23 €""}"
200725214,https://portal.registryagency.bg/CR/Reports/ActiveConditionTabResult?uic=200725214,"""СИЛВЪР ТРЪСТ"" ЕАД - в ликвидация",27.09.2026г.,200725214,,СИЛВЪР ТРЪСТ,Еднолично акционерно дружество,БЪЛГАРИЯ,"Област: Варна, Община: Варна","гр. Варна, п.к. 9000","р-н Одесос, бул./ул. ул. Параскева Николау № 4, ет. 2","лизингова дейност; Реклама, консултантски и информационни услуги; Маркетинг и инженеринг; търговско представителство и посредничество; покупка, строеж или обзавеждане на недвижими имоти с цел продажба или отдаване под наем; посреднически услуги при покупко-продажба, замяна и отдаване под наем на недвижими имоти; строителни, строително-ремонтни и проектантски услуги; хотелиерство и ресторантьорство ( след получаване на лиценз ); покупка на стоки или други вещи с цел препродажба в първоначален, преработен или обработен вид; производство и търговия с горива, гориво– смазочни материали и всякакви петролни продукти; комисионни, спедиционни и превозни сделки и услуги; туристически, рекламни, информационни, програмни, импресарски услуги; ремонт на електро- и водопроводни инсталации; поддържане и ремонт на аудио-визуални уреди, ремонт на музикални инструменти; отдаване на видеокасети под наем; ремонт на компютри, компютърна и друга електронна офистехника (копирни апарати, факсапарати, принтери, климатици и други).",,"{""4. Изписване на чужд език"": ""SILVER TRUST"", ""10. Представители"": ""Калина Стоянова Русева, Държава: БЪЛГАРИЯ"", ""12. Съвет на директорите"": ""Дата на изтичане на мандата: 18.11.2016 г.\nДИМИТЪР БЛАГОВЕСТОВ ЯНАКИЕВ, Държава: БЪЛГАРИЯ\nКалина Стоянова Русева, Държава: БЪЛГАРИЯ"", ""23. Едноличен собственик на капитала"": ""АБ КЪМПАНИ ЛИМИТЕД, Чуждестранно юридическо лице, Държава: МАЛТА"", ""26. Прекратяване на търговската дейност"": ""Прекратяване на търговската дейност"", ""31. Размер"": ""33986980.17 €"", ""31а. Акции"": ""Акция:\nВид: ПОИМЕННИ, НАЛИЧНИ, Брой акции: 66473, Номинална стойност: 511.29 €"", ""32. Внесен капитал"": ""33986980.17 €"", ""33. Непарична вноска"": ""Описание: Непарична вноска от едноличния собственик “ОЛ СИЙЗ ПРОПЪРТИ 2” ООД на вземания както следва: - към “ХИЛ СИТИ” АД, гр. Варна, произтичащо от Договор за междуфирмен заем от дата 28.01.2008 год. за 16 500 евро, Договор за междуфирмен заем от дата 25.04.2008 год. за 31 000 евро и Договор за междуфирмен заем от 26.05.2008 год. за 31 000 евро, което вземане към настоящия момент ведно натрупаните договорни лихви възлиза на 182 808, 84 лв. - към “ФИНАНС ИНЖЕНЕРИНГ” АД, гр. Търговище, произтичащо от Договор за междуфирмен заем от дата 25.03.2008 год. за 53 000 лева, Договор за междуфирмен заем от дата 22.08.2008 год. за 23 000 лева, което вземане по двата договора към настоящия момент възлиза на 61 288, 95 лева. - към “КАДИ” ООД, гр. Аксаково, произтичащо от договор за междуфирмен заем от дата 01.10.2007 год. за 40 000 лева, което към настоящия момент възлиза на 43 516, 85 лв. - към “Бългериън Хоум 2006” ЕООД, гр. варна, по договор за междуфирмен заем от дата 12.11.2007 год. за 62 300 лева, което към настоящия момент възлиза на 72 219, 75 лв. - към “Ол Сийз Пропърти” ЕООД, гр. Варна, произтичащо от: Договор за междуфирмен заем от дата 04.12.2007 год. за 220 000 евро; Договор за междуфирмен заем от дата 06.12.2007 год. за 626 000 евро; Договор за междуфирмен заем от дата 28.01.2008 год. за 45 000 евро; Договор за междуфирмен заем от дата 28.02.2008 год. за 80 000 лева; Договор за междуфирмен заем от дата 26.03.2008 год. за 40 000 евро; Договор за междуфирмен заем от дата 04.04.2008 год. за 3 500 евро; Договор за междуфирмен заем от дата 25.04.2008 год. за 44 000 евро; Договор за междуфирмен заем от дата 28.04.2008 год. за 12 000 лева; Договор за междуфирмен заем от дата 26.05.2008 год. за 43 000 евро; Договор за междуфирмен заем от дата 26.06.2008 год. за 40 000 евро; Договор за междуфирмен заем от дата 27.06.2008 год. за 4 200 евро; Договор за междуфирмен заем от дата 30.06.2008 год. за 480 000 лева; Договор за междуфирмен заем от дата 25.07.2008 год. за 18 000 евро; Договор за междуфирмен заем от дата 27.10.2008 год. за 40 000 евро. Към настоящия момент вземането към “Ол Сийз Пропърти” ЕООД е в размер на 3 069 565, 78 лева. - към “ИМЕКС 2000” ЕООД, гр. Шумен, произтичащо от Договор за междуфирмен заем от дата 04.12.2007 год. за 248 000 евро, което вземане към настоящия момент възлиза на 543 347, 53 лева; - към “ХОРИЗОНТ АНГЕЛОВ” ООД, гр. Варна, произтичащо от Споразумение от дата 15.11.2007 год. за главница в размер на 1 343 000 лева и натрупани лихви до тази дата - 29 374, 20 лева; Договор за междуфирмен заем от дата 03.12.2007 год. за 550 000 евро; Договор за междуфирмен заем от дата 04.12.2007 год. за 928 000 евро, и по Договор за междуфирмен заем от дата 02.06.2008 год. за 940 000 евро, които вземания в техния общ размер към настоящия момент възлизат на 5 298 721, 64 лева; - към “ОФИС МЕНИДЖМЪНТ” ЕООД, гр. Варна, произтичащо от Договор за междуфирмен заем от дата 04.12.2007 г. за 126 100 евро; Договор за заем от дата 21.04.2008 г. за 95 000 лева; Договор за междуфирмен заем от дата 01.08.2008 год. за 68 000 лева, които вземания към настоящия момент възлизат в техния общ размер на 454 694, 86 лева. - към “Ол Сийз Мениджмънт” Лтд., Маршалови острови, произтичащо от Договор за вътрешнофирмен заем от дата 23.11.2007 г. за 30 000 000 евро, което към настоящия момент възлиза на 46 807 488, 30 лева. - към “ПАУЕР ЛАЙН СИСТЕМС БЪЛГАРИЯ” ЕООД, гр. Варна, произтичащо от Договор за междуфирмен заем от дата 27.06.2008 г. за 27 100 евро, което към настоящия момент възлиза на 56 846, 61 лева. - към “АР ДИ ЕФ - АКЦИОНЕРНА ОБЩНОСТ” АД, гр. Търговище, произтичащо от Договор за междуфирмен заем от дата 27.06.2008 г. за 39 200 евро, възлизащо към настоящия момент на 82 228, 32 лева. - към “АДВОКАТСКО ДРУЖЕСТВО “СКОЧЕВ И СЪДРУЖНИЦИ”, гр. Варна, произтичащо от Договор за междуфирмен заем от дата 17.04.2008 г. за 99 000 лева, което към настоящия момент възлиза на 110 040, 30 лева. - към “АБ КЪМПАНИ ЛИМИТЕД”, Малта, произтичащо от Договор № АЛСПР2- АБ/05-02 от дата 22.05.2007 г., представляващо аванс за доставка на стоки, което към настоящия момент възлиза на 8 695 620, 18 лева. - към “Уинфийлд Къмпани Лимитед”, Маршалови острови, произтичащо от Споразумение от дата 23.01.2009 г., което към настоящия момент възлиза на 495 000 лева. - към “ПОРТ ИНВЕСТМЪНТ ДЕВЕЛОПМЪНТ- БЪЛГАРИЯ 2” ЕАД, представляващо вземане по записан, но невнесен акционерен капитал, в размер на 499 787 лева. Така описаната непарична вноска е оценена по реда на чл. 72 и сл. от ТЗ с експертно заключение, изготвено от три вещи лица, назначени от Агенцията по вписванията- Търговски регистър, с Акт за нзначаване № 20090415151027/ 16.04.2009 год.\nСтойност: 66473000.00 лв.\nНомер на акт за назначаване на вещи лица: 20090415151027/16.04.2009""}"
200725221,https://portal.registryagency.bg/CR/Reports/ActiveConditionTabResult?uic=200725221,"""ПАЛАШЕВ"" ЕООД",27.09.2026г.,200725221,,ПАЛАШЕВ,Еднолично дружество с ограничена отговорност,БЪЛГАРИЯ,"Област: Пазарджик, Община: Пазарджик","гр. Пазарджик, п.к. 4400","бул./ул. България № 58, ет. 2, ап. 2 Телефон: 0896/898707","ремонт на автомобили, монтаж, ремонт и експлоатация на АГУ; покупка на стоки или други вещи с цел препродажба в първоначален, преработен или обработен вид; организиране на счетоводно отчитане и съставяне на финансови отчети по реда на Закона за счетоводството; консултанска дейност и всякакви други дейности и услуги, които не са забранени от закона",,"{""4. Изписване на чужд език"": ""PALASHEV"", ""7. Управители"": ""БОРИСЛАВ АНГЕЛОВ ПАЛАШЕВ, Държава: БЪЛГАРИЯ"", ""23. Едноличен собственик на капитала"": ""БОРИСЛАВ АНГЕЛОВ ПАЛАШЕВ, Държава: БЪЛГАРИЯ"", ""31. Размер"": ""2556.46 €"", ""32. Внесен капитал"": ""2556.46 €""}"
104591135,https://portal.registryagency.bg/CR/Reports/ActiveConditionTabResult?uic=104591135,"""СКОРПИОН-64"" ЕООД",27.09.2026г.,104591135,312/2002 410,СКОРПИОН-64,Еднолично дружество с ограничена отговорност,БЪЛГАРИЯ,"Област: Велико Търново, Община: Велико Търново","гр. Велико Търново, п.к. 5000","бул./ул. ул. Александър Бурмов № 46, къща Телефон: 0888 282 000, Адрес на електронна поща: start_78@abv.bg","СТРОИТЕЛСТВО НА ЖИЛИЩНИ И ПРОМИШЛЕНИ СГРАДИ; РАБОТА С БЛАГОРОДНИ МЕТАЛИ ЗА РЕГИСТРАЦИЯ В МИНИСТЕРСТВО НА ИКОНОМИКАТА, СЪГЛАСНО ВАЛУТНИЯ ЗАКОН ЧЛ.13, АЛ.1 ЗА ИЗВЪРШВАНЕ НА ДЕЙНОСТТА - ГР. ДЕБЕЛЕЦ /ГАРОВ РАЙОН/, ПРОМИШЛЕНА ЗОНА и ДЕЙНОСТИ НЕЗАБРАНЕНИ ОТ ЗАКОНА.",,"{""4. Изписване на чужд език"": ""SKORPION - 64"", ""5а. Адрес за кореспонденция с НАП на територията на страната"": ""Държава: БЪЛГАРИЯ\nОбласт: Велико Търново, Община: Велико Търново\nНаселено място: гр. Велико Търново, п.к. 5000\nбул./ул. ул. АЛЕКСАНДЪР БУРМОВ № 46"", ""6а. Основна дейност по НКИД"": ""Група по НКИД: 41.20\nКлас по НКИД: Строителство на жилищни и нежилищни сгради"", ""7. Управители"": ""ИВАН ЖИВКОВ ДАМЯНОВ, Държава: БЪЛГАРИЯ"", ""23. Едноличен собственик на капитала"": ""ИВАН ЖИВКОВ ДАМЯНОВ, Държава: БЪЛГАРИЯ"", ""31. Размер"": ""2500.00 €"", ""32. Внесен капитал"": ""2500.00 €""}"
104591142,https://portal.registryagency.bg/CR/Reports/ActiveConditionTabResult?uic=104591142,"""ЕКОТЕРА"" ООД",27.09.2026г.,104591142,285/2002 410,ЕКОТЕРА,Дружество с ограничена отговорност,БЪЛГАРИЯ,"Област: Велико Търново, Община: Златарица","с. Горско ново село, п.к. 5155",бул./ул. . № .,"Селскостопанска дейност, зеленчукопроизводство, лозарство, овощарство, пчеларство и производство на пчелни майки, животновъдство, производство и реализация на многогодишни етерично- маслени и лечебни растения; търговско представителство и посредничество.",,"{""7. Управители"": ""ТИХОМИР ДИМИТРОВ БАХНЕВ, Държава: БЪЛГАРИЯ\nСТЕФАН НЕДЯЛКОВ ТЕРЗИЕВ, Държава: БЪЛГАРИЯ"", ""11. Начин на представляване"": ""по друг начин:\nЗАЕДНО И ПООТДЕЛНО"", ""19. Съдружници"": ""ТИХОМИР ДИМИТРОВ БАХНЕВ, Държава: БЪЛГАРИЯ, Размер на дяловото участие: 2500.00 лв.\nСТЕФАН НЕДЯЛКОВ ТЕРЗИЕВ, Държава: БЪЛГАРИЯ, Размер на дяловото участие: 2500.00 лв."", ""31. Размер"": ""2556.46 €"", ""32. Внесен капитал"": ""1789.52 €""}"
103577595,https://portal.registryagency.bg/CR/Reports/ActiveConditionTabResult?uic=103577595,"ЕТ ""ФЕНИКС ПЛЮС - ВАЛЕНТИН НИКОЛОВ""",27.09.2026г.,103577595,3375/2000 310,ФЕНИКС ПЛЮС - ВАЛЕНТИН НИКОЛОВ,Едноличен търговец,БЪЛГАРИЯ,"Област: Варна, Община: Варна","гр. Варна, п.к. 9010","р-н Приморски, бул./ул. ул. ПОДВИС бл. 30 вх.Г ет.1 ап.7","ПОКУПКА НА СТОКИ ИЛИ ДРУГИ ВЕЩИ С ЦЕЛ ПРОДАЖБА; ПРОДАЖБА НА СТОКИ ОТ СОБСТВЕНО ПРОИЗВОДСТВО, ТЪРГОВСКО ПРЕДСТАВИТЕЛСТВО И ПОСРЕДНИЧЕСТВО; КОМИСИОННИ, ПРЕВОЗНИ И СПЕДИЦИОННИ СДЕЛКИ; ХОТЕЛИЕРСКИ, ТУРИСТИЧЕСКИ УСЛУГИ; РЕКЛАМНИ УСЛУГИ; ПОКУПКА, СТРОЕЖ, ОБЗАВЕЖДАНЕ НА НЕДВИЖИМИ ИМОТИ С ЦЕЛ ПРОДАЖБА.",ВАЛЕНТИН ПЕТРОВ НИКОЛОВ,
200780253,https://portal.registryagency.bg/CR/Reports/ActiveConditionTabResult?uic=200780253,"""ИНО ТЕХ ПЛЮС"" ЕООД",27.09.2026г.,200780253,,ИНО ТЕХ ПЛЮС,Еднолично дружество с ограничена отговорност,БЪЛГАРИЯ,"Област: София (столица), Община: Столична","гр. София, п.к. 1330","р-н Красна поляна, ж.к. РАЗСАДНИКА, бул./ул. ул. ""РИБЕН БУКВАР"", бл. 12, вх. Д, ет. 4, ап. 127","Разработване на технологични процеси съгласно научната организация на производството, труда и управлението, проектантска дейност, инженерингови услуги, строителство, както и всяка друга дейност, която не е забранена от закон.",,"{""4. Изписване на чужд език"": ""INO TEH PLUS LTD"", ""7. Управители"": ""АЛЕКСАНДЪР ПЕТРОВ ИЛИЕВ, Държава: БЪЛГАРИЯ"", ""23. Едноличен собственик на капитала"": ""АЛЕКСАНДЪР ПЕТРОВ ИЛИЕВ, Държава: БЪЛГАРИЯ"", ""31. Размер"": ""2556.46 €"", ""32. Внесен капитал"": ""2556.46 €""}"
200780260,https://portal.registryagency.bg/CR/Reports/ActiveConditionTabResult?uic=200780260,"""ИРИНИ ХАДЖИМИХАИЛ - 2009"" ЕООД",27.09.2026г.,200780260,,ИРИНИ ХАДЖИМИХАИЛ - 2009,Еднолично дружество с ограничена отговорност,БЪЛГАРИЯ,"Област: Варна, Община: Варна","гр. Варна, п.к. 9000","р-н Одесос, бул./ул. УЛ. ВЕЛИКО ХРИСТОВ № 37, ет. 2, ап. 6 Телефон: 052601914","ПОКУПКА НА СТОКИ ИЛИ ДРУГИ ВЕЩИ С ЦЕЛ ДА ГИ ПРЕПРОДАДЕ В ПЪРВОНАЧАЛЕН, ПРЕРАБОТЕН ИЛИ ОБРАБОТЕН ВИД, ПРОДАЖБА НА СТОКИ ОТ СОБСТВЕНО ПРОИЗОВДСТВО, ВЪНШНА И ВЪТРЕШНО ТЪРГОВСКА ДЕЙНОСТ, ТЪРГОВСКО ПРЕДСТАВИТЕЛСТВО И ПОСРЕДНИЧЕСТВО, ХОТЕЛИЕРСКИ, ТУРИСТИЧЕСКИ, РЕКЛАМНИ, ИНФОРМАЦИОННИ, ПРОГРАМНИ, ИМПРЕСАРСКИ ИЛИ ДРУГИ УСЛУГИ, ПОКУПКА, СТРОЕЖ ИЛИ ОБЗАВЕЖДАНЕ НА НЕДВИЖИМИ ИМОТИ С ЦЕЛ ПРОДАЖБА, ЛИЗИНГ, КАКТО И ВСЯКАКЪВ ДРУГ ВИД ТЪРГОВСКИ СДЕЛКИ, НЕЗАБРАНЕНИ ОТ ЗАКОНИТЕ НА РЕПУБЛИКА БЪЛГАРИЯ.",,"{""4. Изписване на чужд език"": ""IRINI HADJIMIHAIL - 2009"", ""7. Управители"": ""ИРИНИ ХАДЖИМИХАИЛ, Държава: БЪЛГАРИЯ"", ""23. Едноличен собственик на капитала"": ""ИРИНИ ХАДЖИМИХАИЛ, Държава: БЪЛГАРИЯ"", ""31. Размер"": ""2556.46 €"", ""32. Внесен капитал"": ""2556.46 €""}"
200780278,https://portal.registryagency.bg/CR/Reports/ActiveConditionTabResult?uic=200780278,"""СОФТАЙМ 64"" ЕООД",27.09.2026г.,200780278,,СОФТАЙМ 64,Еднолично дружество с ограничена отговорност,БЪЛГАРИЯ,"Област: София (столица), Община: Столична","гр. София, п.к. 1000","р-н Лозенец, ж.к. ЛОЗЕНЕЦ, бул./ул. бул.АРСЕНАЛСКИ № 97, вх. А, ет. 3, ап. 9 Телефон: 02 865 99 72, Адрес на електронна поща: softaim@abv.bg","ВЪНШНА И ВЪТРЕШНА ТЪРГОВИЯ НА ЕДРО И ДРЕБНО С ВСЯКАКЪВ ВИД СТОКИ ЗА ПРОМИШЛЕНО И ЛИЧНО ПОТРЕБЛЕНИЕ, РАЗРЕШЕНИ ОТ ЗАКОНА, РАЗКРИВАНЕ НА СОБСТВЕНИ ТЪРГОВСКИ ОБЕКТИ, ПРОИЗВОДСТВО НА СТОКИ С ЦЕЛ ПРОДАЖБА, ПРЕДПРИЕМАЧЕСКА ДЕЙНОСТ, МАРКЕТИНГОВИ ПРОУЧВАНИЯ И СПЕЦИАЛЕН АНАЛИЗ НА ПАЗАРИ И ТЪРГОВСКИ ПРЕДПРИЯТИЯ, РЕКЛАМНА ДЕЙНОСТ, КОНСУЛТАНТСКА ДЕЙНОСТ, ИЗГОТВЯНЕ НА ИНВЕСТИЦИОННИ ПРОЕКТИ, ФИНАНСОВИ И СЧЕТОВОДНИ УСЛУГИ, ПРЕДСТАВИТЕЛСТВО И ПОСРЕДНИЧЕСТВО НА БЪЛГАРСКИ И ЧУЖДЕСТРАННИ ФИЗИЧЕСКИ И ЮРИДИЧЕСКИ ЛИЦА, СПЕДИТОРСКА И ТРАНСПОРТНА ДЕЙНОСТ, РАЗРАБОТКА НА ИНФОРМАЦИОННИ ТЕХНОЛОГИИ И ПРОИЗВОДСТВЕНИ ИНОВАЦИИ, ПОКУПКО - ПРОДАЖБА НА НЕДВИЖИМИ ИМОТИ, КАКТО И ВСЯКА ДРУГА ДЕЙНОСТ, НЕЗАБРАНЕНА ОТ ДЕЙСТВАЩОТО ЗАКОНОДАТЕЛСТВО.",,"{""4. Изписване на чужд език"": ""SOFTAIM 64"", ""7. Управители"": ""ЙОРДАНКА ИВАНОВА КАЛЧЕВА, Държава: БЪЛГАРИЯ"", ""23. Едноличен собственик на капитала"": ""ЙОРДАНКА ИВАНОВА КАЛЧЕВА, Държава: БЪЛГАРИЯ"", ""31. Размер"": ""2556.46 €"", ""32. Внесен капитал"": ""894.76 €""}"
203270889,https://portal.registryagency.bg/CR/Reports/ActiveConditionTabResult?uic=203270889,"""ВИЗУАЛНИ ИДЕИ"" ЕООД",27.09.2026г.,203270889,,ВИЗУАЛНИ ИДЕИ,Еднолично дружество с ограничена отговорност,БЪЛГАРИЯ,"Област: София (столица), Община: Столична","гр. София, п.к. 1164","р-н Лозенец, ж.к. Лозенец, бул./ул. ул. Кирил Видински № 2, ет. 2, ап. 4 Адрес на електронна поща: aneta.tsankova@gmail.com","Графичен дизайн и организиране на събития и маркетингови кампании в страната и чужбина, рекламна и консултантска дейност, разработка и продажба на софтуер, интеграция на информационни системи, покупка на стоки и вещи в страната и чужбина с цел препродажба в първоначален, преработен или обработен вид, търговско представителство и посредничество, агентство на местни и чуждестранни физически и юридически лица, лизингова дейност, сделки с интелектуална собственост, движими и недвижими имоти, извършване на всички търговски сделки, изброени в чл.1 ал.1 от Търговския закон с изключение на тези, за които отделен закон предвижда извършването им с разрешение на държавен орган – чл.119, ал.3 от Търговския закон",,"{""4. Изписване на чужд език"": ""VIZUALNI IDEI Ltd"", ""6а. Основна дейност по НКИД"": ""Група по НКИД: 62.09\nКлас по НКИД: Други дейности в областта на информационните технологии"", ""7. Управители"": ""Анета Оскарова Цанкова, Държава: БЪЛГАРИЯ"", ""23. Едноличен собственик на капитала"": ""Анета Оскарова Цанкова, Държава: БЪЛГАРИЯ"", ""31. Размер"": ""51.13 €"", ""32. Внесен капитал"": ""51.13 €""}"
838190864,https://portal.registryagency.bg/CR/Reports/ActiveConditionTabResult?uic=838190864,"ЕТ ""СТАНКА ИВАНОВА - 64"" - Заличен търговец/ЮЛНЦ",27.09.2026г.,,,,,,,,,,,"{""27. Заличаване на търговеца/ЮЛНЦ"": ""Заличен търговец/ЮЛНЦ""}"
204629455,https://portal.registryagency.bg/CR/Reports/ActiveConditionTabResult?uic=204629455,"""ХОЛИСТИЧЕН ЦЕНТЪР НИКОЛ"" ЕООД",27.09.2026г.,204629455,,ХОЛИСТИЧЕН ЦЕНТЪР НИКОЛ,Еднолично дружество с ограничена отговорност,БЪЛГАРИЯ,"Област: Пловдив, Община: Пловдив","гр. Пловдив, п.к. 4000","р-н Южен, бул./ул. ул. Горно Броди № 14","дейности по прилагане на неконвенционални методи за благоприятно въздействие върху здравето, консултантски услуги, както и всяка незабранена от закона дейност",,"{""4. Изписване на чужд език"": ""HOLISTICHEN TSENTAR NIKOL LTD"", ""7. Управители"": ""СВЕТЛАНА ЕМИЛОВА ВОЙНИКОВА, Държава: БЪЛГАРИЯ"", ""23. Едноличен собственик на капитала"": ""СВЕТЛАНА ЕМИЛОВА ВОЙНИКОВА, Държава: БЪЛГАРИЯ"", ""31. Размер"": ""5.11 €"", ""32. Внесен капитал"": ""5.11 €""}"
104629432,https://portal.registryagency.bg/CR/Reports/ActiveConditionTabResult?uic=104629432,"""СТРОЙКОРЕКТ - 64"" ЕООД",27.09.2026г.,104629432,1412/2004 410,СТРОЙКОРЕКТ - 64,Еднолично дружество с ограничена отговорност,БЪЛГАРИЯ,"Област: Велико Търново, Община: Велико Търново","гр. Велико Търново, п.к. 5000",бул./ул. ул. ДИМИТЪР НАЙДЕНОВ 16 Телефон: 0888959333,"СТРОИТЕЛНО-МОНТАЖНИ И РЕМОНТИ ДЕЙНОСТИ ВЪВ ВСИЧКИ РАЗНОВИДНОСТИ; ВЪТРЕШНО И ВЪНШНОТЪРГОВСКА ДЕЙНСТ ВЪВ ВСИЧКИ РАЗНОВИДНОСТИ, ВНОС, ИЗНОС, БАРТЕР, РЕЕКСПОРТ, ДИСТРИБУТОРСКА ДЕЙНОСТ; РАЗКРИВАНЕ И ЕКСПЛОАТАЦИЯ НА МАГАЗИНИ, АТЕЛИЕТА, ПАРКИНГИ И ГАРАЖИ ЗА СОБСТВЕНИ НУЖДИ, ЗА ОТДАВАНЕ ПОД НАЕМ, НА ОКАЗИОННИ, КОМИСИОННИ МАГАЗИНИ И АНТИКВАРИАТ; РАЗКРИВАНЕ И ЕКСПЛОАТАЦИЯ НА ТУРИСТИЧЕСКИ КОМПЛЕКСИ И ЗАВЕДЕНИЯ ЗА ОБЩЕСТВЕНО ХРАНЕНЕ ВЪВ ВСИИЧКИ РАЗНОВИДНОСТИ; ИЗВЪРШВАНЕ НА АУДИО, ВИДЕО И ФОТО УСЛУГИ, РЕКЛАМНА ДЕЙНОСТ, ОРГАНИЗИРАНЕ И ПРЕДПЕЧАТНА ПОДГОТОВКА, НАБОР И ПЕЧАТ НА ВСИЧКИ ВИДОВЕ ПРОИЗВЕДЕНИЯ И ЛИТЕРАТУРА, КОНСУЛТАНСКИ УСЛУГИ, ПРОДАЖБА ВА МАТЕРИАЛИ И КАСЕТИ; ВЪТРЕШЕН И МЕЖДУНАРОДЕН ТУРИЗЪМ, ТУРИСТИЧЕСКИ И ПРЕВОДАЧЕСКИ УСЛУГИ; ТРАНСПОРТНИ УСЛУГИ СЪС СОБСТВЕН И НАЕТ ТРАНСПОРТ, АВТОРЕМОНТИ УСЛУГИ; ОТДАВАНЕ ПОД НАЕМ НА МПС И ВЕЩИ; СПЕДИТОРСКА ДЕЙНОСТ, СКЛАДОВА, НОУ-ХАУ, ЛИЗИНГОВА ДЕЙНОСТ, АГЕНСТВО, ПОСРЕДНИЧЕСТВО, ПОКУПКА, СТРОЕЖ ИЛИ ОБЗАВЕЖДАНЕ НА НЕДВИЖИМИ ИМОТИ С ЦЕЛ ПРОДАЖБА, ПРЕДСТАВИТЕЛСТВО НА МЕСТНИ И ЧУЖДЕСТРАННИ ЛИЦА В СТРАНАТА И ЧУЖБИНА, КАКТО И ВСИЧКИ ДРУГИ ДЕЙНОСТИ И УСЛУГИ В СТРАНАТА И ЧУЖБИНА, НЕЗАБРАНЕНИ СЪС ЗАКОН.",,"{""6а. Основна дейност по НКИД"": ""Група по НКИД: 4521\nКлас по НКИД: ОБЩО СТРОИТЕЛСТВО НА СГРАДИ И СТРОИТЕЛНИ СЪОРЪЖЕНИЯ"", ""7. Управители"": ""АТАНАС АНГЕЛОВ АТАНАСОВ"", ""23. Едноличен собственик на капитала"": ""АТАНАС АНГЕЛОВ АТАНАСОВ"", ""31. Размер"": ""2556.46 €"", ""32. Внесен капитал"": ""2556.46 €""}"
104629447,https://portal.registryagency.bg/CR/Reports/ActiveConditionTabResult?uic=104629447,"ЕТ ""АЛЕФ - АНДРЕЙ ИЛИЕВ"" - Заличен търговец/ЮЛНЦ",27.09.2026г.,,,,,,,,,,,"{""27. Заличаване на търговеца/ЮЛНЦ"": ""Заличен търговец/ЮЛНЦ""}"
104629454,https://portal.registryagency.bg/CR/Reports/ActiveConditionTabResult?uic=104629454,"""ДОМБИ ГРУП"" ЕООД",27.09.2026г.,104629454,1378/2004 410,ДОМБИ ГРУП,Еднолично дружество с ограничена отговорност,БЪЛГАРИЯ,"Област: Велико Търново, Община: Велико Търново","гр. Велико Търново, п.к. 5000","бул./ул. Сергей Румянцев № 63, ет. 2, ап. 4","Покупка на стоки или други вещи с цел да ги препродаде в първоначален, преработен или обработен вид; продажба на стоки от собствено производство; търговско представителство и посредничество; комисионни, спедиционни и превозни сделки; складови сделки; хотелиерски, туристически, рекламни, информационни, програмни, импресарски или други услуги; покупка, строеж или обзавеждане на недвижими имоти с цел продажба; търговия на едро и дребно с промишлени стоки и селскостопанска продукция; транспортни услуги, както и всички други дейности, незабранени от закона.",,"{""4. Изписване на чужд език"": ""DOMBI GRUP"", ""6а. Основна дейност по НКИД"": ""Група по НКИД: 5010\nКлас по НКИД: ТЪРГОВИЯ С АВТОМОБИЛИ."", ""7. Управители"": ""ВАЛЕРИЯ КИРЧЕВА КИРИЛОВА, Държава: БЪЛГАРИЯ"", ""23. Едноличен собственик на капитала"": ""ВАЛЕРИЯ КИРЧЕВА КИРИЛОВА, Държава: БЪЛГАРИЯ"", ""31. Размер"": ""2556.46 €"", ""32. Внесен капитал"": ""2556.46 €""}"
102895627,https://portal.registryagency.bg/CR/Reports/ActiveConditionTabResult?uic=102895627,"""КАГЕЯН"" ООД",27.09.2026г.,102895627,2699/2004 210,КАГЕЯН,Дружество с ограничена отговорност,БЪЛГАРИЯ,"Област: Бургас, Община: Бургас","гр. Бургас, п.к. 8000","ж.к. Сарафово, бул./ул. ул.Комсомолска № 5 Г Телефон: 056/873311, Факс: 056/873322","Производство на селскостопанска продукция сс цел продажба в първоначален,преработен или обработен вид, изграждане и експлоатация на лозови масиви, производство и търговия с вино и спиртни напитки,покупка на стоки или други вещи с цел да ги препродаде в първоначален,преработен или обработен вид,продажба на стоки от собствено производство,производство, търговско представителство и посредничество, комисионни, спедиционни, превозни сделки, в страната и в чужбина, складови сделки, лицензионни сделки, стоков контрол, сделки с интелектуална собственост, хотелиерски, туристически,рекламни, информационни, програмни, импресарски услуги или други услуги, покупка, строеж или обзавеждане на недвижими имоти с цел прадажба, лизинг.",,"{""4. Изписване на чужд език"": ""\""KAGEJAN\""LTD"", ""5а. Адрес за кореспонденция с НАП на територията на страната"": ""Държава: БЪЛГАРИЯ\nОбласт: Бургас, Община: Бургас\nНаселено място: гр. Бургас, п.к. 8000\nж.к. Сарафово, бул./ул. ул.Комсомолска № 5 Г, ет. 4, ап. 15"", ""7. Управители"": ""Георги Янчев Патриков, Държава: БЪЛГАРИЯ"", ""19. Съдружници"": ""\""ИНТЕРНЕШЪНЪЛ ГРУП\"" ООД, ЕИК/ПИК 102227923, Държава: БЪЛГАРИЯ, Размер на дяловото участие: 4000.00 лв.\nГеорги Янчев Патриков, Държава: БЪЛГАРИЯ, Размер на дяловото участие: 500.00 лв.\nКалоян Янчев Патриков, Държава: БЪЛГАРИЯ, Размер на дяловото участие: 500.00 лв."", ""31. Размер"": ""2556.46 €"", ""32. Внесен капитал"": ""2556.46 €""}"
102895634,https://portal.registryagency.bg/CR/Reports/ActiveConditionTabResult?uic=102895634,"""АВЕНЮ"" ЕООД",27.09.2026г.,102895634,2696/2004 210,АВЕНЮ,Еднолично дружество с ограничена отговорност,БЪЛГАРИЯ,"Област: Бургас, Община: Бургас","гр. Бургас, п.к. 8000",бул./ул. ул.”Славянска” № 71,"ПPOИЗBOДCTBO HA ПPOДУKЦИЯ C ЦEЛ ПPOДAЖБA B ПЪPBOHAЧAЛEH, ПPEPAБOTEH ИЛИ OБPAБOTEH BИД, ИЗГPAЖДAHE И EKCПЛOATAЦИЯ HA ЛOЗOBИ MACИBИ, ПPOИЗBOДCTBO И TЪPГOBИЯ C BИHO И CПИPTHИ HAПИTKИ, ПOKУПKA HA CTOKИ ИЛИ ДPУГИ BEЩИ C ЦEЛ ДA ГИ ПPEПPOДAДE B ПЪPBOHAЧAЛEH, ПPEPAБOTEH ИЛИ OБPAБOTEH BИД, ПPOДAЖБA HA CTOKИ OT COБCTBEHO ПPOИЗBOДCTBO, TЪPГOBCKO ПPEДCTABИTEЛCTBO И ПOCPEДHИЧECTBO, KOMИCИOHHИ, CПEДИЦИOHHИ И ПPEBOЗHИ CДEЛKИ B CTPAHATA И ЧУЖБИHA, CKЛAДOBИ CДEЛKИ, ЛИЦEHЗИOHHИ CДEЛKИ, CTOKOB KOHTPOЛ, CДEЛKИ C ИHTEЛEKTУAЛHA COБCTBEHOCT, XOTEЛИEPCKИ, TУPИCTИЧECKИ, PEKЛAMHИ, ИHФOPMAЦИOHHИ, ПPOГPAMHИ, ИMПPECAPCKИ УCЛУГИ ИЛИ ДPУГИ УCЛУГИ, ПOKУПKA, CTPOEЖ ИЛИ OБЗABEЖДAHE HA HEДBИЖИMИ ИMOTИ C ЦEЛ ПPOДAЖБA, ЛИЗИHГ.",,"{""4. Изписване на чужд език"": ""AVENUE"", ""5а. Адрес за кореспонденция с НАП на територията на страната"": ""Държава: БЪЛГАРИЯ\nОбласт: Бургас, Община: Бургас\nНаселено място: гр. Бургас, п.к. 8000\nбул./ул. ул.”Славянска” № 71"", ""7. Управители"": ""МИТКО КЪНЧЕВ ЕДРЕВ, Държава: БЪЛГАРИЯ"", ""23. Едноличен собственик на капитала"": ""МИТКО КЪНЧЕВ ЕДРЕВ, Държава: БЪЛГАРИЯ"", ""31. Размер"": ""2556.46 €"", ""32. Внесен капитал"": ""2556.46 €""}"
201197887,https://portal.registryagency.bg/CR/Reports/ActiveConditionTabResult?uic=201197887,"""КОЛЕВИ БРАДЪРС"" ЕООД",27.09.2026г.,201197887,,КОЛЕВИ БРАДЪРС,Еднолично дружество с ограничена отговорност,БЪЛГАРИЯ,"Област: Варна, Община: Варна","гр. Варна, п.к. 9010","р-н Приморски, бул./ул. ул. Евлоги Георгиев, бл. 23, вх. Д, ет. 7, ап. 100","КОРАБЕН БРОКЕРАЖ И АГЕНТИРАНЕ НА КОРАБИ; ИМПОРТ И ЕКСПОРТ НА СТОКИ И УСЛУГИ; ПРОИЗВОДСТВЕНА И ТЪРГОВСКА ДЕЙНОСТ; ПРЕВОЗНА, ТУРИСТИЧЕСКА, РЕКЛАМНА, ИНФОРМАЦИОННА, КОМИСИОННА, СПЕДИЦИОННА, ЛИЗИНГОВА ДЕЙНОСТ; ТЪРГОВСКО ПРЕДСТАВИТЕЛСТВО И ПОСРЕДНИЧЕСТВО; КОНСУЛТАНТСКИ УСЛУГИ.",,"{""4. Изписване на чужд език"": ""KOLEVI BROTHERS"", ""7. Управители"": ""НИКОЛАЙ ДИМИТРОВ КОЛЕВ, Държава: БЪЛГАРИЯ"", ""23. Едноличен собственик на капитала"": ""НИКОЛАЙ ДИМИТРОВ КОЛЕВ, Държава: БЪЛГАРИЯ"", ""31. Размер"": ""5.11 €"", ""32. Внесен капитал"": ""5.11 €""}"
201197894,https://portal.registryagency.bg/CR/Reports/ActiveConditionTabResult?uic=201197894,"""ГУИДО КОМЕРС"" ЕООД",27.09.2026г.,201197894,,ГУИДО КОМЕРС,Еднолично дружество с ограничена отговорност,БЪЛГАРИЯ,"Област: София (столица), Община: Столична","гр. София, п.к. 1301","р-н Възраждане, бул./ул. БРАТЯ МИЛАДИНОВИ № 40","ТЪРГОВИЯ НА ЕДРО И ДРЕБНО В СТРАНАТА И ЧУЖБИНА; ВНОС, ИЗНОС, РЕЕКСПОРТ; ХОТЕЛИЕРСТВО И РЕСТОРАНТЬОРСТВО; ТЪРГОВСКО ПРЕДСТАВИТЕЛСТВО И ПОСРЕДНИЧЕСТВО В СТРАНАТА И ЧУЖБИНА; ЛИЗИНГ, РЕКЛАМНА ДЕЙНОСТ; ТРАНСПОРТНА И СПЕДИТОРСКА ДЕЙНОСТ; ОРГАНИЗИРАНЕ НА ТУРИЗЪМ В СТРАНАТА И ЧУЖБИНА, КАКТО И ВСЯКА ДРУГА ДЕЙНОСТ, ЗА КОЯТО НЯМА ИЗРИЧНА ЗАКОНОВА ЗАБРАНА.",,"{""7. Управители"": ""БЕЯЗЪТ ФИКРИ ТЕЗДЖАН, Държава: БЪЛГАРИЯ"", ""23. Едноличен собственик на капитала"": ""БЕЯЗЪТ ФИКРИ ТЕЗДЖАН, Държава: БЪЛГАРИЯ"", ""31. Размер"": ""102.26 €"", ""32. Внесен капитал"": ""102.26 €""}"
205912068,https://portal.registryagency.bg/CR/Reports/ActiveConditionTabResult?uic=205912068,"""ЗЕМГРУП 2020"" ООД",27.09.2026г.,205912068,,ЗЕМГРУП 2020,Дружество с ограничена отговорност,БЪЛГАРИЯ,"Област: Перник, Община: Земен","гр. Земен, п.к. 2440",бул./ул. махала Митова № 1,"Закупуване, наемане, арендуване и обработка на земеделски земи; производство, изкупуване, съхранение, преработка и търговия със селско-стопанска продукция; отдаване под наем на земеделска техника; търговско представителство и посредничество; спедиционни и превозни сделки; строителство и строително-ремонтни услуги; транспортни услуги; дърводобив, автсервизна дейност - диагностика, сервиз и доставка на резервни части за автомобили; поддържане на пътна инфраструктура, снегопочистване и снегоизвозване, опесъчаване, както и всички други търговски дейности незабранени от закона.",,"{""7. Управители"": ""Станислав Георгиев Владимиров, Държава: БЪЛГАРИЯ\nЦветелин Николов Цветанов, Държава: БЪЛГАРИЯ"", ""11. Начин на представляване"": ""по друг начин:\nзаедно и поотделно"", ""19. Съдружници"": ""Станислав Георгиев Владимиров, Държава: БЪЛГАРИЯ\nЦветелин Николов Цветанов, Държава: БЪЛГАРИЯ"", ""31. Размер"": ""511.29 €"", ""32. Внесен капитал"": ""511.29 €""}"
205912075,https://portal.registryagency.bg/CR/Reports/ActiveConditionTabResult?uic=205912075,"""ЕвроБат88"" ЕООД",27.09.2026г.,205912075,,ЕвроБат88,Еднолично дружество с ограничена отговорност,БЪЛГАРИЯ,"Област: София, Община: Самоков","с. Широки дол, п.к. 2013",бул./ул. ул. 27 № 7,"Търговия на едро и дребно, внос и износ, търговско представителство и посредничество, хотелиерство, ресторантьорство, както и всякакви други дейности, незабранени със закон, а такива, за които се изисква разрешение на държавен орган, след получаване на същото",,"{""4. Изписване на чужд език"": ""EvroBat88 Ltd"", ""7. Управители"": ""ИВАН ИВАНОВ СПАСОВ, Държава: БЪЛГАРИЯ"", ""23. Едноличен собственик на капитала"": ""ИВАН ИВАНОВ СПАСОВ, Държава: БЪЛГАРИЯ"", ""31. Размер"": ""255.65 €"", ""32. Внесен капитал"": ""255.65 €""}"
205912082,https://portal.registryagency.bg/CR/Reports/ActiveConditionTabResult?uic=205912082,"""ТЕРИ КОНСУЛТ 64"" ООД",27.09.2026г.,205912082,,ТЕРИ КОНСУЛТ 64,Дружество с ограничена отговорност,БЪЛГАРИЯ,"Област: Варна, Община: Варна","гр. Варна, п.к. 9000","р-н Приморски, бул./ул. УЛ.БРЕГАЛНИЦА № 48, ет. 1, ап. 1","ВЪТРЕШНА И ВЪНШНА ТЪРГОВИЯ, РЕЕКСПОРТ; БАРТЕРНИ И КОМИСИОННИ СДЕЛКИ; ПОСРЕДНИЧЕСКА И МАРКЕТИНГОВА ДЕЙНОСТ; ХОТЕЛИЕРСТВО И РЕСТОРАНТЬОРСТВО; ТУРИЗЪМ; СТРОИТЕЛНА ДЕЙНОСТ; РЕМОНТНА И МОНТАЖНА ДЕЙНОСТ; ПРЕВОЗ НА ПЪТНИЦИ И ТОВАРИ; ОРГАНИЗИРАНЕ НА СЧЕТОВОДНО ОТЧИТАНЕ И СЪСТАВЯНЕ НА ГОДИШНИ, МЕЖДИННИ И ДРУГИ ФИНАНСОВИ ОТЧЕТИ ПО РЕДА НА ЗСЧ, КОМУНАЛНО-БИТОВИ УСЛУГИ НА ФИЗИЧЕСКИ И ЮРИДИЧЕСКИ ЛИЦА; МАШИНОПИСНИ И КСЕРОКС УСЛУГИ.",,"{""4. Изписване на чужд език"": ""TERY CONSULT 64 LTD."", ""7. Управители"": ""РУМЕН ИВАНОВ ЛИЛОВ, Държава: БЪЛГАРИЯ\nРУМЯНА ТОДОРОВА ЛИЛОВА, Държава: БЪЛГАРИЯ"", ""11. Начин на представляване"": ""по друг начин:\nЗАЕДНО И ПООТДЕЛНО"", ""19. Съдружници"": ""РУМЕН ИВАНОВ ЛИЛОВ, Държава: БЪЛГАРИЯ, Размер на дяловото участие: 50.00 лв.\nРУМЯНА ТОДОРОВА ЛИЛОВА, Държава: БЪЛГАРИЯ, Размер на дяловото участие: 50.00 лв."", ""31. Размер"": ""51.13 €"", ""32. Внесен капитал"": ""51.13 €""}"
205912090,https://portal.registryagency.bg/CR/Reports/ActiveConditionTabResult?uic=205912090,"""БЪЛГАРСКИ УЛТРА МАРАТОНИ 2020"" Сдружение",27.09.2026г.,205912090,,БЪЛГАРСКИ УЛТРА МАРАТОНИ 2020,Сдружение,БЪЛГАРИЯ,"Област: Пловдив, Община: Асеновград","гр. Асеновград, п.к. 4230","бул./ул. Лозница № 2, вх. Б, ет. 8, ап. 67",,,"{""6б. Цели"": ""Изготвяне на анализи, стратегии, концепции и планове за състоянието и развитието на социалното предприемачество и лечностно развитие, развитието на гражданското общество, развитие на спорта, изкуството и културата, развитие на културното наследство и туризма, развитие на образованието. Привличане, мотивиране и развитие на младите хора в сферата на социалното предприемачество и личностно развитие, развитието на гражданското общество развитие на спорта, изкуството и културата, развитие на културното наследство и туризма, развитие на образованието. Подготовка, изготвяне и реализиране на проекти в сферата на социалната насоченост, социалното предприемачество и личностно развитие, развитие на спорта, изкуството и културата, развитие на образованието."", ""6в. Средства за постигане на целите"": ""Организиране на културни, спортни събития и семинари за социално предприемачество и личностно развитие, издателска дейност, разработване на информационни продукти и материали, сътрудничество с държавни и общински органи, търговски дружества, юридически лица с нестопанска цели други институции, организиране на образователни курсове, школи, семинари, лекции с цел повишаване на информираността в обществото относно демократичното развитие на гражданското общество и демократичните институции, развитие на изкуството и културата, развитие на културното наследство и туризма, развитие на образованието, организиране на фонд „Социално предприемачество”, средствата на който да послужат за подпомагане на личностното развитие, развитието на гражданското общество, развитието на спорта, изкуството и културата, развитие на културното наследство и туризма, развитие на образованието, изготвяне на анализи, стратегии, концепции и планове за развитие на социалната система в РБългария, организация и участие в международни прояви, семинари, програми, проекти, дарения"", ""6г. Предмет на допълнителна стопанска дейност"": ""Организиране на културни, спортни събития и семинари за социално предприемачество и личностно развитие , издателска дейност, разработване на информационни продукти и материали, организиране на събития и медийни кампании"", ""10а. Представляващи"": ""Иван Желязков Димитров, Държава: БЪЛГАРИЯ, Длъжност: управител"", ""12г. Органи"": ""Общо събрание\nУправителен съвет"", ""12д. Органи на управление"": ""Начин, по който се определя мандатът: пет години съгласно устава\nНаименование на органа на управление: управител\nИван Желязков Димитров, Държава: БЪЛГАРИЯ\nНИКОЛАЙ БОРИСЛАВОВ МАРАНГОЗОВ, Държава: БЪЛГАРИЯ\nДАНИЕЛ ЛОЗАНОВ ПАНЕВ, Държава: БЪЛГАРИЯ\nДимитрина Костадинова Марангозова, Държава: БЪЛГАРИЯ"", ""16в. Срок на юридическото лице с нестопанска цел"": ""Начин, по който се определя срокът: безсрочно"", ""17г. Определено за извършване на дейност в частна полза"": ""Да""}"
200518379,https://portal.registryagency.bg/CR/Reports/ActiveConditionTabResult?uic=200518379,"ЕТ ""МИТЕВИ - МИРОСЛАВ МИТЕВ""",27.09.2026г.,200518379,,МИТЕВИ - МИРОСЛАВ МИТЕВ,Едноличен търговец,БЪЛГАРИЯ,"Област: Стара Загора, Община: Стара Загора","гр. Стара Загора, п.к. 6000","бул./ул. СТЕФАН КАРАДЖА № 26, вх. В, ет. 8, ап. 79","ПОКУПКА НА СТОКИ ИЛИ ДРУГИ ВЕЩИ С ЦЕЛ ПРЕПРОДАЖБА В ПЪРВОНАЧАЛЕН, ПЕРАБОТЕН ИЛИ ОБРАБОТЕН ВИД, ПРОДАЖБА НА СТОКИ ОТ СОБСТВЕНО ПРОИЗВОДСТВО, ХОТЕЛИЕРСКИ (СЛЕД ЛИЦЕНЗ), ТУРИСТИЧЕСКИ, РЕКЛАМНИ, ИНФОРМАЦИОННИ, СТРОЕЖ ИЛИ ОБЗАВЕЖДАНЕ НА НЕДВИЖИМИ ИМОТИ С ЦЕЛ ПРОДАЖБА, ВНОС И ИЗНОС НА СТОКИ И ТОВАРИ, А СЪЩО И ВСИЧКИ ТЪРГОВСКИ СДЕЛКИ ИЛИ ДЕЙНОСТИ, КОИТО НЕ СА ЗАБРАНЕНИ ОТ ЗАКОНА (ДЕЙНОСТИТЕ, ПОДЛЕЖАЩИ НА ЛИЦЕНЗИРАНЕ ИЛИ НА РАЗРЕШИТЕЛЕН РЕЖИМ ЩЕ БЪДАТ ИЗВЪРШВАНИ СЛЕД СНАБДЯВАНЕ НА СЪОТВЕТЕН ЛИЦЕНЗ ИЛИ РАЗРЕШЕНИЕ)",МИРОСЛАВ ЙОРДАНОВ МИТЕВ,
103171737,https://portal.registryagency.bg/CR/Reports/ActiveConditionTabResult?uic=103171737,"ЕТ ""ТЪРГОВСКА КЪЩА ЕТИЕН - Етиен Алшех""",27.09.2026г.,103171737,898/1991 310,ТЪРГОВСКА КЪЩА ЕТИЕН - Етиен Алшех,Едноличен търговец,БЪЛГАРИЯ,"Област: Варна, Община: Девня","гр. Девня, п.к. 9160","бул./ул. кв.""РЕКА ДЕВНЯ"" ул.""Съединение"" № 74","РЕСТОРАНТЬОРСТВО, ХОТЕЛИЕРСТВО, ВНОС-ИЗНОС, ОКАЗИОН, ТУРИСТИЧЕСКИ И ПОСРЕДНИЧЕСКИ УСЛУГИ НА ГРАЖДАНИ И ФИРМИ, ТАКСИМЕТРОВИ УСЛУГИ - ПРЕВОЗ НА ХОРА И ТОВАРИ, СЕРВИЗНИ УСЛУГИ, ПРЕВОДИ, БИТОВИ УСЛУГИ - ФРИЗЬОРСТВО, ШИВАЧЕСТВО, СТРОИТЕЛСТВО.",ЕТИЕН САЛИМ АЛШЕХ,
108003565,https://portal.registryagency.bg/CR/Reports/ActiveConditionTabResult?uic=108003565,"ЕТ ""ТАНЯ - МИРОСЛАВ СРЕБРОВ""",27.09.2026г.,108003565,146/1996 510,ТАНЯ - МИРОСЛАВ СРЕБРОВ,Едноличен търговец,БЪЛГАРИЯ,"Област: Кърджали, Община: Момчилград","гр. Момчилград, п.к. 6800",бул./ул. ул. ГЕОРГИ БЕНКОВСКИ № 18,"Търговия с хранителни и промишлени стоки, изкупуване и продажба на селскостопанска продукция, внос, износ, реекспорт, бартерни сделки и други компенсационни услуги, ресторантьорство и хотелиерство, транспортни услуги, търговска и друга стопанска дейност в страната и чужбина.",МИРОСЛАВ ЮЛИЯНОВ СРЕБРОВ,"{""4. Изписване на чужд език"": ""ЕТ ТANIA - MIROSLAV SREBROV""}"
108003572,https://portal.registryagency.bg/CR/Reports/ActiveConditionTabResult?uic=108003572,"ЕТ ""ЧЕЧО - СТЕФАН ИВАНОВ""",27.09.2026г.,108003572,250/1996 510,ЧЕЧО - СТЕФАН ИВАНОВ,Едноличен търговец,БЪЛГАРИЯ,"Област: Кърджали, Община: Кърджали","гр. Кърджали, п.к. 6600",бул./ул. ул. СТАДИОНСКА № 7,"ТРАНСПОРТНИ УСЛУГИ, ПРЕВОЗ НА ПЪТНИЦИ И ТОВАРИ В СТРАНАТА И ЧУЖБИНА, ПРОИЗВОДСТВО И ПРОДАЖБА НА ВСИЧКИ ВИДОВЕ ТОПЛИ И СТУДЕНИ ЗАКУСКИ, ГРИЛ, СКАРА, ЧОРБИ, АЛАМИНУТИ, СПЕЦИАЛИТЕТИ, ПРОДАЖБА НА ВСИЧКИ ВИДОВЕ БЕЗАЛКОХОЛНИ НАПИТКИ, СПИРТНИ НАПИТКИ, БИРА, ЧАЙ, КАФЕ, МЛЯКО, БОЗА, СЛАДКАРСКИ И ТЕСТЕНИ ИЗДЕЛИЯ, ЯДКИ, СЕМКИ, ЦИГАРИ И КИБРИТ, РЕСТОРАНТЬОРСТВО И ХОТЕЛИЕРСТВО, РАЗКРИВАНЕ И ЕКСПЛОАТИРАНЕ НА САЛОНИ ЗА РАЗВЛЕКАТЕЛНИ ИГРИ/БЕЗ ХАЗАРТ/, БРЪСНАРО-ФРИЗЬОРСКИ И КОЗМЕТИЧНИ САЛОНИ, ТЪРГОВИЯ В СТРАНАТА И В ЧУЖБИНА ЧРЕЗ ВНОС И ИЗНОС НА ЖИВОТИНСКА, СЕЛСКОСТОПАНСКА И РИБНА ПРОДУКЦИЯ, ТЪРГОВИЯ ЧРЕЗ ВНОС И ИЗНОС В СТРАНАТА И В ЧУЖБИНА С ПРОМИШЛЕНИ И ХРАНИТЕЛНИ СТОКИ, КАНЦЕЛАРСКИ СТОКИ, БЕЗАЛКОХОЛНИ И СПИРТНИ НАПИТКИ, БИРА, МЛЕЧНИ ПРОИЗВЕДЕНИЯ, ВСИЧКИ ВИДОВЕ ОБЛЕКЛА И ОБУВКИ, БЕЛЬО, КОЖИ И КОЖЕНИ ИЗДЕЛИЯ, ТОРОВЕ, ПЕСЦЕТИДИ, СЕМЕНА И ПОСЕВНИ МАТЕРИАЛИ, ВТОРИЧНИ СУРОВИНИ, ПЛАСТМАСОВИ ИЗДЕЛИЯ, ГОРИВА, ЖЕЛЕЗАРИЯ, СТРОИТЕЛЕН МАТЕРИАЛ, СТОКИ ОТ КИНКАЛЕРИЯ, ПАСМАНТЕРИЯ, ГАЛАНТЕРИЯ, БИЖУТЕРИЯ /БЕЗ ЗЛАТО/, ГЪБИ, ДИВОРАСТЯЩИ ПЛОДОВЕ, ОХЛЮВИ, ПРОИЗВОДСТВО И ТЪРГОВИЯ С ВСИЧКИ ВИДОВЕ КОЛБАСИ И МЕСНИ ДЕЛИКАТЕСИ, УРЕЖДАНЕ НА ЕКСКУРЗИИ В СТРАНАТА И ЧУЖБИНА, ОКАЗИОННА, АНТИКВАРНА, КОМИСИОННА, ПОСРЕДНИЧЕСКА, КОНФЕКЦИОННА ТЪРГОВИЯ, ТЪРГОВИЯ С АУДИОВИЗУАЛНА ТЕХНИКА, МАШИНОПИСНИ, ШЛОСЕРСКИ, ШИВАШКИ, ПЛЕТАЧЕСКИ, ДЪРВОДЕЛСКИ И ВСИЧКИ ДРУГИ, ПОЗВОЛЕНИ ОТ ЗАКОНА, КАКТО И ВСЯКА ДРУГА ДЕЙНОСТ НЕЗАБРАНЕНА ОТ ЗАКОНА.",СТЕФАН ИВАНОВ УШЕВ,
101625171,https://portal.registryagency.bg/CR/Reports/ActiveConditionTabResult?uic=101625171,"ЕТ ""ТУФЧО САНДЪКЧИЕВ - 64"" - Заличен търговец/ЮЛНЦ",27.09.2026г.,,,,,,,,,,,"{""27. Заличаване на търговеца/ЮЛНЦ"": ""Заличен търговец/ЮЛНЦ""}"
101625187,https://portal.registryagency.bg/CR/Reports/ActiveConditionTabResult?uic=101625187,"""ДЖАМПИ"" ООД - в ликвидация",27.09.2026г.,101625187,1162/2002 120,ДЖАМПИ,Дружество с ограничена отговорност,БЪЛГАРИЯ,"Област: Благоевград, Община: Хаджидимово","гр. Хаджидимово, п.к. 2933","бул./ул. ул. ""Места"" № 4","Покупка на стоки или други вещи с цел продажба в първоначален, преработен или обработен вид; продажба на стоки от собствено производство;търговско представителство и посредничество; комисионни, спедиционни и превозни сделки; складови сделки; стоков контрол; сделки с интелектуална собственост; шивашки услуги; хотелиерски, туристически, рекламни, информационни, програмни, импресарски услуги; лизинг; покупка, строеж или обзавеждане на недвижими имоти с цел продажба.",,"{""4. Изписване на чужд език"": ""\""GIAMPI\"" Ltd."", ""7. Управители"": ""Джампаоло Зуанети, Държава: ИТАЛИЯ\nАндрей Петров Симеонов, Държава: БЪЛГАРИЯ"", ""11. Начин на представляване"": ""по друг начин:\nзаедно и поотделно"", ""19. Съдружници"": ""АНДРЕЙ ПЕТРОВ СИМЕОНОВ, Държава: БЪЛГАРИЯ, Размер на дяловото участие: 100.00 лв.\n“ЗУАН” ЕООД, ЕИК/ПИК 204454027, Държава: БЪЛГАРИЯ, Размер на дяловото участие: 4900.00 лв."", ""26. Прекратяване на търговската дейност"": ""Прекратяване на търговската дейност"", ""31. Размер"": ""2556.46 €"", ""32. Внесен капитал"": ""2556.46 €""}"
120023858,https://portal.registryagency.bg/CR/Reports/ActiveConditionTabResult?uic=120023858,"ЕТ ""ИРИНА ЯКИМОВА"" - Заличен търговец/ЮЛНЦ",27.09.2026г.,,,,,,,,,,,"{""27. Заличаване на търговеца/ЮЛНЦ"": ""Заличен търговец/ЮЛНЦ""}"
103870057,https://portal.registryagency.bg/CR/Reports/ActiveConditionTabResult?uic=103870057,"ЕТ ""ГЕОТЕХ - ГЕОРГИ ТОДОРОВ"" - Заличен търговец/ЮЛНЦ",27.09.2026г.,,,,,,,,,,,"{""27. Заличаване на търговеца/ЮЛНЦ"": ""Заличен търговец/ЮЛНЦ""}"
103870064,https://portal.registryagency.bg/CR/Reports/ActiveConditionTabResult?uic=103870064,"""ПАСИФИК КОМЕРС"" ООД - Заличен търговец/ЮЛНЦ",27.09.2026г.,,,,,,,,,,,"{""27. Заличаване на търговеца/ЮЛНЦ"": ""Заличен търговец/ЮЛНЦ""}"
103870071,https://portal.registryagency.bg/CR/Reports/ActiveConditionTabResult?uic=103870071,"""ФИНАНС КОНСУЛТ-64"" ЕООД",27.09.2026г.,103870071,1069/2004 310,ФИНАНС КОНСУЛТ-64,Еднолично дружество с ограничена отговорност,БЪЛГАРИЯ,"Област: Варна, Община: Варна","гр. Варна, п.к. 9000","р-н Одесос, бул./ул. ул. ОКОЛЧИЦА № 6","ПРОИЗВОДСТВО И ТЪРГОВИЯ С ПРОМИШЛЕНИ СТОКИ И СЪОРАЖЕНИЯ , ИЗКУПУВАНЕ, ПРЕРАБОТКА И ТЪРГОВИЯ СЪС СЕЛСКОСТОПАНСКА ПРОДУКЦИЯ, ТЪРГОВИЯ С БИОЛОГИЧНО АКТИВНИ ДОБАВКИ; ПРОИЗВОДСТВО И ПРОДАЖБА НА ХЛЕБНИ ИЗДЕЛИЯ И ХРАНИТЕЛНИ ПРОДУКТИ,ТЪРГОВСКО ПРЕДСТАВИТЕЛСТВО И ПОСРЕДНИЧЕСТВО, КОНСУЛТАНСКИ И МАРКЕТИНГОВИ УСЛУГИ; ПОДДРЪЖКА, СГЛОБКА, ЕКСПЛОАТАЦИЯ И ТЪРГОВИЯ С КОМПЮТРИ И ДРУГА ЕЛЕКТРОННА ТЕХНИКА; УСЛУГИ С ИНЖЕНЕРНА ТЕХНИКА, КОМИСИОННИ, СПЕДИЦИОННИ И ПРЕВОЗНИ И СКЛАДОВИ СДЕЛКИ; СДЕЛКИ С ИНТЕЛЕКТУАЛНА СОБСТВЕНОСТ; РЕСТОРАНТЬОРСКА, ТУРОПЕРАТОРСКА И ХОТЕЛИЕРСКА ДЕЙНОСТ /СЛЕД ЛИЦЕНЗ/ РЕКЛАМНИ, ИНФОРМАЦИОННИ, ПРОГРАМНИ И ИМПРЕСАРСКИ УСЛУГИ, СТРОЕЖ, ОБЗАВЕЖДАНЕ И ТЪРГОВИЯ С НЕДВИЖИМИ ИМОТИ, ЛИЗИНГ, ВЪНШНА И ВЪТРЕШНА ТЪРГОВСКА ДЕЙНОСТ, СЧЕТОВОДНИ УСЛУГИ И КОНСУЛТАЦИИ, ОЦЕНКА НА ЗЕМЕДЕЛСКИ ЗЕМИ И НЕДВИЖИМИ ИМОТИ, РЕМОНТ И ТЪРГОВИЯ С АВТОМОБИЛИ, ШИВАШКИ УСЛУГИ; ОРГАНИЗИРАНЕ И ПРОВЕЖДАНЕ НА ОБРАЗОВАТЕЛНИ И КВАЛИФИКАЦИОННИ КУРСОВЕ; ОРГАНИЗИРАНЕ НА РАЗВЛЕКАТЕЛНИ ИГРИ.",,"{""4. Изписване на чужд език"": ""FINANS KONSULT -64"", ""7. Управители"": ""МИЛЕНА ПЕТКОВА ИВАНОВА"", ""23. Едноличен собственик на капитала"": ""МИЛЕНА ПЕТКОВА ИВАНОВА"", ""31. Размер"": ""2556.46 €"", ""32. Внесен капитал"": ""2556.46 €""}"
811192877,https://portal.registryagency.bg/CR/Reports/ActiveConditionTabResult?uic=811192877,"ЕТ ""КРЪСТЮ ВЕСЕЛИНКОВ-ТОНИ-3"" - Заличен търговец/ЮЛНЦ",27.09.2026г.,,,,,,,,,,,"{""27. Заличаване на търговеца/ЮЛНЦ"": ""Заличен търговец/ЮЛНЦ""}"
121207918,https://portal.registryagency.bg/CR/Reports/ActiveConditionTabResult?uic=121207918,"ЕТ ""ХАРД-64 - ВАСИЛ ВЪЛЧАНОВ""",27.09.2026г.,121207918,1429/1991 110,ХАРД-64 - ВАСИЛ ВЪЛЧАНОВ,Едноличен търговец,БЪЛГАРИЯ,"Област: София (столица), Община: Столична","гр. София, п.к. 1407","р-н Лозенец, бул./ул. бул. Н.ВАПЦАРОВ, бл. 36, вх. 1, ет. 13, ап. 75 Телефон: 0878530521","ВЪНШНОТЪРГОВСКА ДЕЙНОСТ, ВНОС, ИЗНОС НА СТОКИ, РЕКЛАМНА /БЕЗ КИНО И ПЕЧАТ/ И ИМПРЕСАРСКА ДЕЙНОСТ,ИНФОРМАЦИОННО-РАЗПРОСТРАНИТЕЛСКА ДЕЙНОСТ, ТРАНСПОРТНА ДЕЙНОСТ, В И ИЗВЪН СТРАНАТА, ТАКСИМЕТРОВИ ПРЕВОЗИ НА ПЪТНИЦИ И ТОВАРИ, МАРКЕТИНГ, ИНЖИНЕРИНГОВА ДЕЙНОСТ, ПРОИЗВОДСТВО И РЕАЛИЗАЦИЯ НА КАФЕ, СЛАДОЛЕДИ, СЛАДКАРСКИ ИЗДЕЛИЯ, БЕЗАЛКОХОЛНИ НАПИТКИ, ГОФРЕТИ, ПАЛАЧИНКИ, ЦИГАРИ\НЕСОБСТВЕНО ПРОИЗВОДСТВО\, САНДВИЧИ ЮВЕЛИРНА ДЕЙНОСТ\БЕЗ БЛАГОРОДНИ МЕТАЛИ И СКЪПОЦЕННИ КАМЪНИ\, ПРОИЗВОДСТВО И ТЪРГОВИЯ НА СТОКИ ЗА ШИРОКО ПОТРЕБЛЕНИЕ, СЕЛСКОСТОПАНСКА ПРОДУКЦИЯ И ЦВЕТЯ В И ИЗВЪН СТРАНАТА, РЕСТОРАНТЬОРСТВО ХОТЕЛИЕРСТВО, КАКТО И ВСЯКА ДРУГА ДЕЙНОСТ,КОЯТО НЕ Е ЗАБРАНЕНА ОТ ЗАКОНА.",ВАСИЛ ГЕОРГИЕВ ВЪЛЧАНОВ,"{""4. Изписване на чужд език"": ""HARD-64VASIL VALCHANOV"", ""6а. Основна дейност по НКИД"": ""Група по НКИД: 5248\nКлас по НКИД: ТЪРГОВИЯ С ДРУГИ СТОКИ""}"
200590528,https://portal.registryagency.bg/CR/Reports/ActiveConditionTabResult?uic=200590528,"""МЕТЕ 99"" ЕООД",27.09.2026г.,200590528,,МЕТЕ 99,Еднолично дружество с ограничена отговорност,БЪЛГАРИЯ,"Област: Варна, Община: Варна","гр. Варна, п.к. 9000","бул./ул. ""Херман Шкорпил"" № 7 Телефон: 0898/649856","Търговия на едро и дребно, внос и износ, производство, изкупуване, преработка и продажба на промишлени стоки, вкл. за бита, автомобили, строителна техника, водни плавателни съдове и всички незабранени от закона дейности, а когато е необходимо разрешително- след издаването на съответното такова.",,"{""4. Изписване на чужд език"": ""METE 99"", ""7. Управители"": ""ИВЕЛИН АНДОНОВ СТОЯНОВ"", ""23. Едноличен собственик на капитала"": ""ИВЕЛИН АНДОНОВ СТОЯНОВ"", ""31. Размер"": ""2556.46 €"", ""32. Внесен капитал"": ""894.76 €""}"
200590535,https://portal.registryagency.bg/CR/Reports/ActiveConditionTabResult?uic=200590535,"""ТЕСА 77"" ЕООД",27.09.2026г.,200590535,,ТЕСА 77,Еднолично дружество с ограничена отговорност,БЪЛГАРИЯ,"Област: Бургас, Община: Бургас","гр. Бургас, п.к. 8000","ж.к. МЕДЕН РУДНИК, бл. 6, вх. 6, ет. 3, ап. 9","РАЗКРИВАНЕ НА МАГАЗИН ЗА ПРОДАЖБА НА СТОКИ, ПOKУПKA HA CTOKИ ИЛИ ДРУГИ BEЩИ C ЦEЛ ПPOДАДАЖБА B ПЪPBOHAЧAЛEH, ПPEPAБOTEH ИЛИ OБPAБOTEH BИД, ПPOДAЖБA HA CTOKИ OT COБCTBEHO ПPOИЗBOДCTBO, ТЪРГОВСКО ПРЕДСТАВИТЕЛСТВО И ПОСРЕДНИЧЕСТВО, KOMИCИOHHИ, CПEДИЦИOHHИ И ПРЕВОЗНИ СДЕЛКИ, СКЛАДОВИ СДЕЛКИ, СДЕЛКИ С ИНТЕЛЕКТУАЛНА СОБСТВЕНОСТ, ХОТЕЛИЕРСКИ, ТУРИСТИЧЕСКИ, РЕКЛАМНИ, ИНФОРМАЦИОННИ, ПРОГРАМНИ, ИМПРЕСАРСКИ ИЛИ ДРУГИ УСЛУГИ, ПОКУПКА, СТРОЕЖ ИЛИ ОБЗАВЕЖДАНЕ НА НЕДВИЖИМ ИМОТ С ЦЕЛ ПРОДАЖБА, ЛИЗИНГ.",,"{""4. Изписване на чужд език"": ""TESA 77"", ""7. Управители"": ""ТЕОДОРА МИНЧЕВА МИНКОВА"", ""23. Едноличен собственик на капитала"": ""ТЕОДОРА МИНЧЕВА МИНКОВА"", ""31. Размер"": ""2556.46 €"", ""32. Внесен капитал"": ""2556.46 €""}"
114088560,https://portal.registryagency.bg/CR/Reports/ActiveConditionTabResult?uic=114088560,"ЕТ ""ФАУР - БРАНИМИРА БОЖИНОВА""",27.09.2026г.,114088560,2210/1992 440,ФАУР - БРАНИМИРА БОЖИНОВА,Едноличен търговец,БЪЛГАРИЯ,"Област: Плевен, Община: Белене","гр. Белене, п.к. 5930",бул./ул. ул. Б.ПЕЕВ № 40,"ПРОИЗВОДСТВО. ИЗКУПУВАНЕ. ПРЕРАБОТКА И РЕАЛИЗАЦИЯ. ВНОС И ИЗНОС НА СЕЛСКОСТОПАНСКА ПРОДУКЦИЯ ОТ ЖИВОТИНСКИ И РАСТИТЕЛЕН ПРОИЗХОД РИБОВЪДСТВО. ЗЕЛЕНЧУКОПРОИЗВОДСТВО ЧРЕЗ ТЪРГОВСКИ ОБЕКТИ НА ФИРМАТА. ПРОИЗВОДСТВО И ТЪРГОВИЯ. ВНОС И ИЗНОС НА ГАЗИРАНИ БЕЗАЛКОХОЛНИ. РАЗХЛАДИТЕЛНИ И МИНЕРАЛНИ НАПИТКИ. ЕКСТРАКТИ. КАФЕ. ЗАХАР. СЛАДКАРСКИ ИЗДЕЛИЯ. ЯДКИ. ПЧЕЛНИ ПРОДУКТИ. ИНВЕНТАР. ТЪРГОВИЯ НА ЕДРО И ДРЕБНО В СТРАНАТА. ВНОС И ИЗНОС НА ПРОМИШЛЕНИ И ХРАНИТЕЛНИ СТОКИ. ВКЛ. В МАГАЗИНИ НА ФИРМАТА. РАЗКРИВАНЕ И ЕКСПЛОАТАЦИЯ НА СЕЛСКОСТОПАНСКИ И ХУМАНИТАРНИ АПТЕКИ. ПРОДАЖБА НА ЛЕКАРСТВЕН И СРЕДСТВА /СЛЕД СЪОТВЕТНО РАЗРЕШЕНИЕ/, РЕСТОРАНТСКА ДЕЙНОСТ - РАЗКРИВАНЕ И ЕКСПЛОАТАЦИЯ НА РЕСТОРАНТИ. БАР-КАФЕНЕТА. СЕРВИРАНЕ НА АЛКОХОЛНИ И БЕЗАЛКОХОЛНИ НАПИТКИ. ХРАНА. ЗАКУСКИ. КАФЕ. ЧАЙ. ИЗВЪРШВАНЕ НА МЕТАЛНИ /БЕЗ БЛАГОРОДНИ МЕТАЛИ/. ДЪРВОДЕЛСКИ. ШИВАШКИ. А ПЛЕТАЧЕСКИ УСЛУГИ. РЕМОНТ НА БИТОВА ТЕХНИКА. ТАКСИМЕТРОВИ УСЛУГИ - ПРЕВОЗ НА ПЪТНИЦИ И ТОВАРИ В СТРАНАТА И В ЧУЖБИНА СЪС СОБСТВЕН И НАЕТ ПРЕВОЗ. БАРТЕРНИ И КОНСИГНАЦИОННИ СДЕЛКИ. РЕЕКСПОРТ.",БРАНИМИРА ЦВЕТАНОВА БОЖИНОВА,"{""6а. Основна дейност по НКИД"": ""Група по НКИД: 4711\nКлас по НКИД: ТЪРГОВИЯ НА ДРЕБНО""}"
103296235,https://portal.registryagency.bg/CR/Reports/ActiveConditionTabResult?uic=103296235,"ЕТ ""КЕРИ - ЮКСЕЛ ХАМИД""",27.09.2026г.,103296235,4133/1998 310,КЕРИ - ЮКСЕЛ ХАМИД,Едноличен търговец,БЪЛГАРИЯ,"Област: Варна, Община: Варна","гр. Варна, п.к. 9000","р-н Аспарухово, бул./ул. БУЛ. НАРОДНИ БУДИТЕЛИ № 49, ет. 8, ап. 137","ПРОДАЖБА НА СТОКИ ОТ СОБСТВЕНО ПРОИЗВОДСТВО; ТЪРГОВСКО ПРЕДСТАВИТЕЛСТВО И ПОСРЕДНИЧЕСТВО; КОМИСИОННИ, СПЕДИЦИОННИ И ПРЕВОЗНИ СДЕЛКИ; СКЛАДОВИ СДЕЛКИ; ЛИЦЕНЗИОННИ СДЕЛКИ; СТОКОВ КОНТРОЛ; СДЕЛКИ С ИНТЕЛЕКТУАРНА СОБСТВЕНОСТ; ХОТЕЛИЕРСКИ /СЛЕД ЛИЗЕНЗ/, ТУРИСТИЧЕСКИ / СЛЕД ЛИЦЕНЗ/, РЕКЛАМНИ, ИНФОРМАЦИОННИ, ПРОГРАМНИ, ИМПРЕСАРСКИ ИЛИ ДРУГИ УСЛУГИ; ПОКУПКА, СТРОЕЖ ИЛИ ОБЗАВЕЖДАНЕ НА НЕДВИЖИМИ ИМОТИ С ЦЕЛ ПРОДАЖБА; ЛИЗИНГ.",ЮКСЕЛ ИБРЯМ ХАМИД,
103296242,https://portal.registryagency.bg/CR/Reports/ActiveConditionTabResult?uic=103296242,"ЕТ ""ТОНИЛИЙ - АНТОН ДИМИТРОВ""",27.09.2026г.,103296242,376/1999 310,ТОНИЛИЙ - АНТОН ДИМИТРОВ,Едноличен търговец,БЪЛГАРИЯ,"Област: Варна, Община: Провадия","гр. Провадия, п.к. 9200",бул./ул. ул. СВ.СВ.КИРИЛ И МЕТОДИЙ 141,"Продажба на стоки от собствено производство; търговско представителство и посредничество; комисионни, спедиционни и превозни сделки; складови сделки; лицензионни сделки; стоков контрол; сделки с интелектуална собственост; хотелиерски и туристически, след лиценз, рекламни, информационни, програмни, импресарски или други услуги; покупка, строеж или обзавеждане на недвижими имоти с цел продажба; лизинг",АНТОН ЙОВЧЕВ ДИМИТРОВ,
824009211,https://portal.registryagency.bg/CR/Reports/ActiveConditionTabResult?uic=824009211,"ЕТ ""АВРОРА-65 - РУМЕН КЪНЧЕВ""",27.09.2026г.,824009211,2940/1990 440,АВРОРА-65 - РУМЕН КЪНЧЕВ,Едноличен търговец,БЪЛГАРИЯ,"Област: Плевен, Община: Плевен","гр. Плевен, п.к. 5800",бул./ул. ул.Аврора № 65 Телефон: 064 847986,ПЪТНИЧЕСКИ И ТОВАРНИ ТАКСИМЕТРОВИ УСЛУГИ. СТРУГАРСКИ. ФРЕЗИСТКИ. ШЛОСЕРСКИ. ЗАВАРЪЧНИ. ЕЛЕКТР0ТЕХНИЧЕСКИ. СТРОИТЕЛИИ. АВТОРЕМОНТНИ И ТЕНЕКЕДЖИИСКИ УСЛУГИ. ИЗРАБОТВАНЕ И ПРОДАЖБА НА МЕХАНИЧНИ ДЕТАЙЛИ И ВЪЗЛИ. ПЛАСТМАСОВИ ИЗДЕЛИЯ. ЕЛЕКТРОННИ ИЗДЕЛИЯ. МЕХАНИЧНО И ЕЛ. НЕСТАНДАРТНО ОБОРУДВАНЕ. РЕМОНТ И ПОДРЪЖКА НА ТАКИВА. ПРОИЗВОДСТВО НА ОКОМПЛЕКТОВКИ ЗА ТРОЛЕЙБУСНИ МРЕЖИ. ПРОИЗВОДСТВО И ПРОДАЖБА НА ПЛОДОВЕ. ЗЕЛЕНЧУЦИ. МЕСО. ЗАКУСКИ. РОЗОВО МАСЛО. ПАШКУЛИ И ДP. СЕЛСКОСТОПАНСКА ПРОДУКЦИЯ. ПРОИЗВОДСТВО И ПРОДАЖБА НА ПРОМИШЛЕНИ СТОКИ ЗА БИТА РЕСТОРАНТЬОРСТВО И ХОТЕЛИЕРСТВО. ОБЗАВЕЖДАНЕ И СТОПАНИСВАНЕ НА ДЕТСКИ ПЛОЩАДКИ. ТЪРГОВСКА И ПОСРЕДНИЧЕСКА ДЕЙНОСТ В СТРАНАТА И ЧУЖБИНА .,РУМЕН КЪНЧЕВ КЪНЧЕВ,"{""6а. Основна дейност по НКИД"": ""Група по НКИД:\nКлас по НКИД: ПРОИЗВОДСТВО И ТЪРГОВИЯ С ОБОРУДВАНЕ""}"
203291933,https://portal.registryagency.bg/CR/Reports/ActiveConditionTabResult?uic=203291933,"""""КУМАНОВИ"""" ЕООД",27.09.2026г.,203291933,,"""КУМАНОВИ""",Еднолично дружество с ограничена отговорност,БЪЛГАРИЯ,"Област: Търговище, Община: Попово","гр. Попово, п.к. 7800","бул./ул. ""Марко Николов"" № 26, бл. -, вх. -, ет. -, ап. -","Дърводобив, мебелно производство , дъскорезно производство, търговия с всички видове селскостопански и промишлени стоки, внос и износ на същите, производство на подсадъчен материал, транспортна дейност, проектиране и инжинерингова дейност, експорт и реекспорт, цялостна вътрешно и външно търговска дейност, консултантски услуги, както и всяка друга не забранена от закона дейност,след снабдяване със съответният лиценз за тези дейности за които се изисква такъв.",,"{""4. Изписване на чужд език"": ""\""KUMANOVI\""LTD"", ""7. Управители"": ""СЕВЕРИН ПЕТРОВ КУМАНОВ, Държава: БЪЛГАРИЯ"", ""23. Едноличен собственик на капитала"": ""СЕВЕРИН ПЕТРОВ КУМАНОВ, Държава: БЪЛГАРИЯ"", ""31. Размер"": ""10.23 €"", ""32. Внесен капитал"": ""10.23 €""}"
203291940,https://portal.registryagency.bg/CR/Reports/ActiveConditionTabResult?uic=203291940,"""ЗАЛОЖНА КЪЩА РИЪЛ ДИЪЛ"" ЕООД",27.09.2026г.,203291940,,ЗАЛОЖНА КЪЩА РИЪЛ ДИЪЛ,Еднолично дружество с ограничена отговорност,БЪЛГАРИЯ,"Област: Пловдив, Община: Калояново","с. Калояново, п.к. 4173","бул./ул. УЛ.ХРИСТО БОТЕВ № 26 Телефон: 0877259620, Адрес на електронна поща: zlatanskiead@abv.bg","Предоставяне на парични заеми, обезпечени със залог върху движими вещи по занятие и извършване на други търговски сделки, когато това е необходимо във връзка с осъществяването на дейността „заложна къща”, в това число работа с благородни метали и скъпоценни камъни и изделия с и от тях след извършване на съответната регистрация за упражняване на дейността, като всички дейности, за които е необходимо издаването на лиценз или разрешение ще бъдат упражнявани след получаването му.",,"{""4. Изписване на чужд език"": ""ZALOJNA KUSHTA REAL DEAL LTD"", ""6а. Основна дейност по НКИД"": ""Група по НКИД: 6492\nКлас по НКИД: ДРУГИ ФОРМИ НА ПРЕДОСТАВЯНЕ НА КРЕДИТ"", ""7. Управители"": ""МАРИУС ХАЗРАТ ГУЛИ АГАБЕЙКИ ХРИС, Държава: БЪЛГАРИЯ"", ""23. Едноличен собственик на капитала"": ""МАРИУС ХАЗРАТ ГУЛИ АГАБЕЙКИ ХРИС, Държава: БЪЛГАРИЯ"", ""31. Размер"": ""25.56 €"", ""32. Внесен капитал"": ""25.56 €""}"
102020892,https://portal.registryagency.bg/CR/Reports/ActiveConditionTabResult?uic=102020892,"ЕТ ""АЛМАК-65 - АХМЕД ХЮСЕИН"" - Заличен търговец/ЮЛНЦ",27.09.2026г.,,,,,,,,,,,"{""27. Заличаване на търговеца/ЮЛНЦ"": ""Заличен търговец/ЮЛНЦ""}"
105586276,https://portal.registryagency.bg/CR/Reports/ActiveConditionTabResult?uic=105586276,"""ИЗОСТРОЙ"" ООД",27.09.2026г.,105586276,325/2007 130,ИЗОСТРОЙ,Дружество с ограничена отговорност,БЪЛГАРИЯ,"Област: Видин, Община: Видин","гр. Видин, п.к. 3700","бул./ул. ул. ЕКЗАРХ ЙОСИФ I № 103, вх. А, ет. 1, ап. 2","ПPOИЗBOДCTBO HA CEЛCKOCTOПAHCKA ПPOДУKЦИЯ C ЦEЛ ПPOДAЖБA И ИЗHOC; ИЗKУПУBAHE, CЪXPAHЯBAHE, ПPOДAЖБA И OБPAБOTKA HA БИЛKИ И ИЗBЛИЧAHE HA ETEPИЧHИ MACЛA; CTPOИTEЛCTBO HA ЖИЛИШHИ, AДMИHИCPTPATИBHИ И OБЩECTBEHИ CГPAДИ И ИHФPACTУKTУPHИ OБEKTИ; CTPOИTEЛCTBO B ЧУЖБИHA, ПPOEKTИPAHE И KOHCУЛTAHTCKA ДEЙHOCT; ИЗKOПHИ PAБOTИ, KAHAЛHИ И OTBOДHИTEЛHИ CЪOPЪЖEHИЯ, OБЩECTBEHИ B и K CЪOPЪЖEHИЯ; ПЪTHO - CTPOИTEЛHИ PAБOTИ, ACФAЛTOПOЛAГAHE; ПPOИЗBOДCTBO HA CTOMAБETOHOBИ EЛEMEHTИ, METAЛHИ, ДЪPBEHИ И AЛУMИHИEBИ KOHCTPУKЦИИ; HAEMAHE И ПOCPEДHИЧECTBO ЗA HAEMAHE HA PAБOTHA PЪKA B CTPAHATA И ЧУЖБИHA; ПOKУПKA HA CTOKИ И ДPУГИ BEЩИ C ПPEПPOДAЖБA B ПЪPBOHAЧAЛEH, ПPEPAБOTEH ИЛИ OБPAБOTEH BИД; ПPOИЗBOДCTBO HA СTOKИ C ЦEЛ ПPOДAЖБA; KOMИCИOHHA, CПEДИЦИOHHA, CKЛAДOBA И ЛИЗИHГOBИ ДEЙHOCTИ, TЪPГOBИЯ HA EДPO И ДPEБHO C BCИЧKИ BИДOBE CTOKИ И УCЛУГИ B ПЪPBOHAЧAЛEH, OБPAБOTEH И ПPEPAБOTEH BИД; TPAHCПOPTHA ДEЙHOCT, BKЛЮЧИTEЛHO TИP ПPEBOЗИ B CTPAHATA И ЧУЖБИHA; OXPAHИTEЛHA ДEЙHOCT - PAЗPEШEHA ПO CЪOTBETHИЯ PEД; BЪHШHO - TЪPГOBCKA ДEЙHOCT, TЪPГOBИЯ B БEЗMИTHИ ЗOHИ, BHOC, ИЗHOC, EKCПOPT И PEEKCПOPT, PAЗPEШEHИ ПO CЪOTBETHИЯ PEД; TЪPГOBCKO И MИTHИЧECKO ПPEДCTABИTEЛCTBO И ПOCPEДHИЧECTBO; ПOKУПKA, CTPOEЖ И OБЗABEЖДAHE HA HEДBИЖИMИ ИMOTИ C ЦEЛ ПPOДAЖБA И OTДABAHE ПOД HAEM; XOTEЛИEPCTBO, PECTOPAHTЬOPCTBO, TУPИCTИЧECKA, ИHФOPMAЦИOHHA И ПPOГPAMHA ДEЙHOCT И ПPEДOCTABЯHE HA ДPУГИ ПOДOБHИ УCЛУГИ, PAЗPEШEHИ ПO CЪOTBETHИЯ PEД; CДEЛKИ C ИHTEЛEKTУAЛHA COБCTBEHOCT, PAЗPEШEHИ ПO CЪOTBETHИЯ PEД; ИЗДATEЛCKA И ПEЧATAPCKA ДEЙHOCT; BAЛУTHИ CДEЛKИ И CДEЛKИ C БЛAГOPOДHИ METAЛИ, PAЗPEШEHИ ПO CЪOTBETHИЯ PEД; BCИЧKИ ДPУГИ ДEЙHOCTИ, PAЗPEШEHИ CЪC ЗAKOH ИЛИ ДPУГ HOPMATИBEH AKT HA P. БЪЛГAPИЯ.",,"{""4. Изписване на чужд език"": ""IZOSTROI"", ""6а. Основна дейност по НКИД"": ""Група по НКИД: 4120\nКлас по НКИД: СТРОИТЕЛСТВО НА ЖИЛИЩНИ И НЕЖИЛИЩНИ СГРАДИ"", ""7. Управители"": ""МАТЕЙ АНТОНОВ МАТЕЕВ, Държава: БЪЛГАРИЯ"", ""19. Съдружници"": ""МАТЕЙ АНТОНОВ МАТЕЕВ, Държава: БЪЛГАРИЯ, Размер на дяловото участие: 2500.00 лв."", ""31. Размер"": ""2556.46 €"", ""32. Внесен капитал"": ""2556.46 €""}"
207855769,https://portal.registryagency.bg/CR/Reports/ActiveConditionTabResult?uic=207855769,"""СТИМ БИЛДИНГ"" ЕООД",27.09.2026г.,207855769,,СТИМ БИЛДИНГ,Еднолично дружество с ограничена отговорност,БЪЛГАРИЯ,"Област: Пловдив, Община: Пловдив","гр. Пловдив, п.к. 4003","р-н Северен, бул./ул. ул. Карловска № 36","Строителство; покупко-продажба, изграждане и управление на недвижими имоти; вътрешно и външнотърговска дейност; посредническа и комисионерска дейност; консултантска дейност; всяка друга незабранена от закона дейност.",,"{""4. Изписване на чужд език"": ""STEM BUILDING Ltd."", ""7. Управители"": ""СТОЯН ПЕНЧЕВ СТОЯНОВ, Държава: БЪЛГАРИЯ"", ""23. Едноличен собственик на капитала"": ""СТОЯН ПЕНЧЕВ СТОЯНОВ, Държава: БЪЛГАРИЯ"", ""31. Размер"": ""510.00 €"", ""32. Внесен капитал"": ""510.00 €""}"
201424363,https://portal.registryagency.bg/CR/Reports/ActiveConditionTabResult?uic=201424363,"""ПАКО ЕНД ДЖИЛИАН"" ООД",27.09.2026г.,201424363,,ПАКО ЕНД ДЖИЛИАН,Дружество с ограничена отговорност,БЪЛГАРИЯ,"Област: София (столица), Община: Столична","гр. София, п.к. 1750","р-н Младост, ж.к. МЛАДОСТ 1, бл. 27, вх. 1, ет. 4, ап. 27","вътрешна и външна търговия на едро и дребно на стоки от всякакъв вид, производство и покупка на стоки с цел продажба, транспортна, превозна, складова, комисионна, туристическа, ресторантьорска, хотелиерска дейност, търговско представителство и посредничество, предоставяне услуги на населението, маркетингови и консултантски услуги, внос, износ, реекспорт, стоков контрол, лизинг, както всякакви други търговски сделки и дейности, незабранени със закон или друг нормативен акт.",,"{""4. Изписване на чужд език"": ""PACO & JILIAN OOD"", ""7. Управители"": ""ИЛИАНА ВЛАДОВА ГЛУШКОВА, Държава: БЪЛГАРИЯ\nПЛАМЕН ИВАНОВ ГЛУШКОВ, Държава: БЪЛГАРИЯ"", ""11. Начин на представляване"": ""по друг начин:\nЗАЕДНО И ПООТДЕЛНО"", ""19. Съдружници"": ""ИЛИАНА ВЛАДОВА ГЛУШКОВА, Държава: БЪЛГАРИЯ, Размер на дяловото участие: 52.00 лв.\nПЛАМЕН ИВАНОВ ГЛУШКОВ, Държава: БЪЛГАРИЯ, Размер на дяловото участие: 48.00 лв."", ""31. Размер"": ""51.13 €"", ""32. Внесен капитал"": ""51.13 €""}"
201424370,https://portal.registryagency.bg/CR/Reports/ActiveConditionTabResult?uic=201424370,"""СТРОФИКС"" ООД",27.09.2026г.,201424370,,СТРОФИКС,Дружество с ограничена отговорност,БЪЛГАРИЯ,"Област: Варна, Община: Варна","гр. Варна, п.к. 9010","р-н Приморски, бул./ул. бул. ВАСИЛ ЛЕВСКИ, бл. 1А, вх. Г, ет. 6, ап. 71 Адрес на електронна поща: Strofix_varna@abv.bg","ПОКУПКА НА СТОКИ И ДРУГИ ВЕЩИ С ЦЕЛ ПРЕПРОДАЖБА В ПЪРВОНАЧАЛЕН, ПРЕРАБОТЕН ИЛИ ОБРАБОТЕН ВИД, ПРОИЗВОДСТВО И ТЪРГОВИЯ С ВСЯКАКВИ РАЗРЕШЕНИ СЪС ЗАКОН СТОКИ, СУРОВИНИ И МАТЕРИАЛИ, ПРЕВОЗНА, КОМИСИОННА, СПЕДИЦИОННА, СКЛАДОВА, ТУРИСТИЧЕСКА, РЕКЛАМНА, ИНФОРМАЦИОННА, ПРОГРАМНА, МАРКЕТИНГОВА, ИНВЕСТИЦИОННА И ЛИЗИНГОВА ДЕЙНОСТ, ХОТЕЛИЕРСТВО, РЕСТОРАНТЬОРСТВО, РАЗРЕШЕНИ ПО СЪОТВЕТНИЯ ЗАКОНОВ РЕД ВАЛУТНИ СДЕЛКИ И СДЕЛКИ С ИНТЕЛЕКТУАЛНА СОБСТВЕНОСТ, ТЪРГОВСКО ПРЕДСТАВИТЕЛСТВО, ПОСРЕДНИЧЕСТВО И АГЕНТСТВО НА МЕСТНИ И ЧУЖДЕСТРАННИ ФИРМИ, ТЪРГОВСКИ ДРУЖЕСТВА И ФИЗИЧЕСКИ ЛИЦА, КАКТО И ВСЯКАКВИ ДРУГИ ДЕЙНОСТИ И УСЛУГИ, НЕЗАБРАНЕНИ СЪС ЗАКОН.",,"{""4. Изписване на чужд език"": ""STROFIX"", ""7. Управители"": ""МОМЧИЛ СВЕТОСЛАВОВ СЛАВОВ, Държава: БЪЛГАРИЯ"", ""19. Съдружници"": ""ИВАН ВЕЛИЧКОВ ВЕЛИЧКОВ, Държава: БЪЛГАРИЯ, Размер на дяловото участие: 2400.00 лв.\nМОМЧИЛ СВЕТОСЛАВОВ СЛАВОВ, Държава: БЪЛГАРИЯ, Размер на дяловото участие: 2600.00 лв."", ""31. Размер"": ""2556.46 €"", ""32. Внесен капитал"": ""2556.46 €""}"
208852975,https://portal.registryagency.bg/CR/Reports/ActiveConditionTabResult?uic=208852975,"""Матерхорн Пропъртис"" ООД",27.09.2026г.,208852975,,Матерхорн Пропъртис,Дружество с ограничена отговорност,БЪЛГАРИЯ,"Област: София (столица), Община: Столична","гр. София, п.к. 1404","р-н Триадица, бул./ул. Димитър Сагаев № 19","Покупко-продажба, отдаване под наем и управление на недвижими имоти, инвестиционна и строителна дейност, търговско представителство, посредничество и агентство на местни и чуждестранни физически и юридически лица в страната и чужбина, консултантска и маркетингова дейност, покупко-продажба на стоки в страната и в чужбина, както и всяка друга дейност, незабранена от закона.",,"{""4. Изписване на чужд език"": ""Matterhorn Properties"", ""7. Управители"": ""Любен Христов Урумов, Държава: БЪЛГАРИЯ\nНадежда Кирилова Благоева, Държава: БЪЛГАРИЯ"", ""11. Начин на представляване"": ""заедно"", ""19. Съдружници"": ""Надежда Кирилова Благоева, Държава: БЪЛГАРИЯ, Размер на дяловото участие: 500.00 €\nЛюбен Христов Урумов, Държава: БЪЛГАРИЯ, Размер на дяловото участие: 500.00 €"", ""31. Размер"": ""1000.00 €"", ""32. Внесен капитал"": ""1000.00 €""}"
103625912,https://portal.registryagency.bg/CR/Reports/ActiveConditionTabResult?uic=103625912,"ЕТ ""ДИЛИЖАНС - ГЕОРГИ ТОРЛАКОВ""",27.09.2026г.,103625912,6811/1992 310,ДИЛИЖАНС - ГЕОРГИ ТОРЛАКОВ,Едноличен търговец,БЪЛГАРИЯ,"Област: Варна, Община: Варна","гр. Варна, п.к. 9000","р-н Одесос, бул./ул. ул. ГЕОРГИ ПЕТРОВ № 11, вх. В, ет. 2, ап. 6","ВЪТРЕШНО И ВЪНШНОТЪРГОВСКА ДЕЙНОСТ, ПРЕВОЗНА ДЕЙНОСТ, ТЪРГОВСКО ПРЕДСТАВИТЕЛСТВО И ПОСРЕДНИЧЕСТВО.",ГЕОРГИ КОСТАДИНОВ ТОРЛАКОВ,
103625920,https://portal.registryagency.bg/CR/Reports/ActiveConditionTabResult?uic=103625920,"ЕТ ""АТАНАС МАНЧЕВ - 65"" - Заличен търговец/ЮЛНЦ",27.09.2026г.,,,,,,,,,,,"{""27. Заличаване на търговеца/ЮЛНЦ"": ""Заличен търговец/ЮЛНЦ""}"
205267048,https://portal.registryagency.bg/CR/Reports/ActiveConditionTabResult?uic=205267048,"""ГалДиВет"" ООД",27.09.2026г.,205267048,,ГалДиВет,Дружество с ограничена отговорност,БЪЛГАРИЯ,"Област: София (столица), Община: Столична",гр. София,"р-н Младост, ж.к. МЛАДОСТ 4, бл. 465, вх. 4, ет. 6, ап. 86","ВЕТЕРИНАРНОМЕДИЦИНСКА ДЕЙНОСТ, ТЪРГОВИЯ НА ДРЕБНО С ДРУГИ ХРАНИТЕЛНИ СТОКИ, КАКТО И ВСЯКА ДРУГА ДЕЙНОСТ, КОЯТО НЕ Е ЗАБРАНЕНА СЪС ЗАКОН.",,"{""4. Изписване на чужд език"": ""GalDiVet Ltd."", ""6а. Основна дейност по НКИД"": ""Група по НКИД: 7500\nКлас по НКИД: ВЕТЕРИНАРНОМЕДИЦИНСКА ДЕЙНОСТ"", ""7. Управители"": ""ДИАНА ПЕТРОВА ПИРАЛКОВА, Държава: БЪЛГАРИЯ"", ""19. Съдружници"": ""ДИАНА ПЕТРОВА ПИРАЛКОВА, Държава: БЪЛГАРИЯ, Размер на дяловото участие: 500.00 лв.\nГАЛИН ЕНЧЕВ СТОЯНОВ, Държава: БЪЛГАРИЯ, Размер на дяловото участие: 500.00 лв."", ""31. Размер"": ""511.29 €"", ""32. Внесен капитал"": ""511.29 €""}"
205267055,https://portal.registryagency.bg/CR/Reports/ActiveConditionTabResult?uic=205267055,"""БЕЙБИ ГОЛД 65"" ЕООД",27.09.2026г.,205267055,,БЕЙБИ ГОЛД 65,Еднолично дружество с ограничена отговорност,БЪЛГАРИЯ,"Област: Сливен, Община: Сливен","гр. Сливен, п.к. 8800","бул./ул. ул. ""Абланово"" № 11А","Покупка на стоки или други вещи с цел продажба в първоначален, преработен или обработен вид в страната и чужбина; търговско представителство и посредничество; продажба на стоки собствено производство; вътрешен и международен транспорт; товарен транспорт; спедиционни и превозни сделки; шивашка дейност; земеделски производител; покупко-продажба на плодове и зеленчуци на едро и дребно; сделки с интелектуална собственост; ресторантьорство, хотелиерски, туристически, рекламни, информационни и други услуги, покупка, строеж и обзавеждане на недвижими имоти с цел продажба, както и предоставянето на всички незабранени от закона услуги.",,"{""7. Управители"": ""ЙОРДАН НЕДЕВ НИКОЛОВ, Държава: БЪЛГАРИЯ"", ""23. Едноличен собственик на капитала"": ""ЙОРДАН НЕДЕВ НИКОЛОВ, Държава: БЪЛГАРИЯ"", ""31. Размер"": ""51.13 €"", ""32. Внесен капитал"": ""51.13 €""}"
205267062,https://portal.registryagency.bg/CR/Reports/ActiveConditionTabResult?uic=205267062,"""АСПАЙЪР ХОСПИТАЛИТИ ИНТЕРНЕШАНЪЛ"" ЕООД",27.09.2026г.,205267062,,АСПАЙЪР ХОСПИТАЛИТИ ИНТЕРНЕШАНЪЛ,Еднолично дружество с ограничена отговорност,БЪЛГАРИЯ,"Област: Бургас, Община: Бургас","гр. Бургас, п.к. 8000",бул./ул. Рилска № 42,"Търговия, покупка на стоки и други вещи с цел препродажба в първоначален, преработен или обработен вид; производство на стоки с цел продажба; магазинерство, консултантски, маркетингови и инженерингови сделки; туристически, туроператорски сделки, включително туризъм, хотелиерство и ресторантьорство; консултантски услуги; посредническа дейност по операции с недвижими имоти; външнотърговски сделки; внос и износ на стоки; комисионни, спедиционни, транспортни, складови и лизингови сделки; транспортна дейност в страна и чужбина; сделки на търговско представителство и посредничество на местни и чужди лица и дружества; извършване на сделки с интелектуална собственост, включително с технологично оборудване и ноу-хау; покупка, строеж или обзавеждане на недвижими имоти с цел продажба или отдаване под наем, включително извършване на всякакъв вид строително-монтажни работи в страната и чужбина; както и всякакъв друг вид дейност, сделки и услуги, които не са забранени от закона;",,"{""4. Изписване на чужд език"": ""Aspire Hospitality International"", ""7. Управители"": ""ИВАЙЛО ВЕСКОВ ЛЕФТЕРОВ, Държава: БЪЛГАРИЯ"", ""23. Едноличен собственик на капитала"": ""ИВАЙЛО ВЕСКОВ ЛЕФТЕРОВ, Държава: БЪЛГАРИЯ"", ""31. Размер"": ""250.00 €"", ""32. Внесен капитал"": ""250.00 €""}"
205267072,https://portal.registryagency.bg/CR/Reports/ActiveConditionTabResult?uic=205267072,"""Клоуд енд сан"" ЕООД",27.09.2026г.,205267072,,Клоуд енд сан,Еднолично дружество с ограничена отговорност,БЪЛГАРИЯ,"Област: Благоевград, Община: Сандански","гр. Сандански, п.к. 2800","бул./ул. пл. „България” № 2, ет. 1","СОФТУЕРНИ УСЛУГИ, КОМПЮТЪРНИ УСЛУГИ, ПРОГРАМИРАНЕ, КОНСУЛТАНТСКИ УСЛУГИ. ПОКУПКА НА СТОКИ ИЛИ ДРУГИ ВЕЩИ С ЦЕЛ ДА ГИ ПРЕПРОДАДЕ В ПЪРВОНАЧАЛЕН, ПРЕРАБОТЕН ИЛИ ОБРАБОТЕН ВИД; ТЪРГОВСКО ПРЕДСТАВИТЕЛСТВО И ПОСРЕДНИЧЕСТВО; ТРАНСПОРТНА ДЕЙНОСТ; КОМИСИОННИ, СПЕДИЦИОННИ И ПРЕВОЗНИ СДЕЛКИ В СТРАНАТА И ЧУЖБИНА; СКЛАДОВИ СДЕЛКИ; СДЕЛКИ С ИНТЕЛЕКТУАЛНА СОБСТВЕНОСТ; ТАКСИМЕТРОВИ И ТРАНСПОРТНИ УСЛУГИ В СТРАНАТА И ЧУЖБИНА; ВНОС И ИЗНОС НА СТОКИ; ХОТЕЛИЕРСКИ, ТУРИСТИЧЕСКИ, РЕСТОРАНТЬОРСКИ И ИМПРЕСАРСКИ УСЛУГИ; ПРОДАЖБА НА ЦИГАРИ, АЛКОХОЛНИ НАПИТКИ И ДРУГИ АКЦИЗНИ СТОКИ (СЛЕД ВЗЕМАНЕ НА СЪОТВЕТНОТО РАЗРЕШЕНИЕ ПО УСТАНОВЕНИЯ РЕД); ПОКУПКА, СТРОЕЖ И ОБЗАВЕЖДАНЕ НА НЕДВИЖИМИ ИМОТИ С ЦЕЛ ПРОДАЖБА И ВСЯКАКЪВ ДРУГ ВИД ДЕЙНОСТ, НЕЗАБРАНЕНА ОТ ЗАКОНА.",,"{""4. Изписване на чужд език"": ""„Cloud and sun” Ltd."", ""7. Управители"": ""Тони Мандукос, Държава: АВСТРАЛИЯ"", ""23. Едноличен собственик на капитала"": ""Тони Мандукос, Държава: АВСТРАЛИЯ"", ""31. Размер"": ""102.26 €"", ""32. Внесен капитал"": ""102.26 €""}"
130309498,https://portal.registryagency.bg/CR/Reports/ActiveConditionTabResult?uic=130309498,"ЕТ ""БОРИСЛАВ ВЛАДИМИРОВ - 65""",27.09.2026г.,130309498,7853/2000 110,БОРИСЛАВ ВЛАДИМИРОВ - 65,Едноличен търговец,БЪЛГАРИЯ,"Област: София (столица), Община: Столична","гр. София, п.к. 1324","р-н Люлин, ж.к. ЛЮЛИН, бл. 981, вх. Б, ет. 4, ап. 37","ТУРИСТИЧЕСКА ДЕЙНОСТ В СТРАНАТА И ЧУЖБИНА, РЕСТОРАНТЬОРСТВО И ХОТЕЛИЕРСТВО, ТРАНСПОРТНИ И ТАКСИМЕТРОВИ УСЛУГИ В СТРАНАТА И ЧУЖБИНА, КОНСУЛТАНТСКА ДЕЙНОСТ, МАРКЕТИНГОВА, МЕНИДЖЪРСКА И ЛИЗИНГОВА ДЕЙНОСТ, ПРОЕКТИРАНЕ, ПРОИЗВОДСТВО И ПРОДАЖБА НА ТЕХНОЛОГИЧНИ МАШИНИ, СЪОРЪЖЕНИЯ И ЕКИПИРОВКА, ИНЖЕНЕРИНГОВА ДЕЙНОСТ И ДОСТАВКА НА ТЕХНОЛОГИЧНО ОБОРУДВАНЕ, СЪЗДАВАНЕ И УЧАСТИЕ В ТЪРГОВСКИ ВЕРИГИ И ЕКСПЛОАТАЦИЯТА ИМ, СПЕДИТОРСКИ И ТЪРГОВСКИ УСЛУГИ, ПРЕДПРИЕМАЧЕСТВО, ПОКУПКА, СТРОЕЖ И ОБЗАВЕЖДАНЕ НА НЕДВИЖИМИ ИМОТИ С ЦЕЛ ЕКСПЛОАТАЦИЯ И ПРОДАЖБА, СТРОИТЕЛНО-МОНТАЖНА ДЕЙНОСТ И ПОДДРЪЖКА НА СЪОРЪЖЕНИЯ, ПРЕДСТАВИТЕЛСТВО, КОМИСИОНЕРСТВО, ПОСРЕДНИЧЕСТВО И АГЕНТСТВО НА БЪЛГАРСКИ И ЧУЖДЕСТРАННИ ЛИЦА В СТРАНАТА И ЧУЖБИНА, СЕРВИЗНА ДЕЙНОСТ И РЕМОНТ НА АВТОМОБИЛИ, БИТОВА ТЕХНИКА, МАШИНИ И СЪОРЪЖЕНИЯ И ДРУГИ ДЕЙНОСТИ НЕЗАБРАНЕНИ ОТ ЗАКОНА",БОРИСЛАВ ВЛАДИМИРОВ ВЛАДИМИРОВ,
130309509,https://portal.registryagency.bg/CR/Reports/ActiveConditionTabResult?uic=130309509,"ЕТ ""ТАНЯ АНДРЕЕВА"" - Заличен търговец/ЮЛНЦ",27.09.2026г.,,,,,,,,,,,"{""27. Заличаване на търговеца/ЮЛНЦ"": ""Заличен търговец/ЮЛНЦ""}"
130309523,https://portal.registryagency.bg/CR/Reports/ActiveConditionTabResult?uic=130309523,"""ДИКРА 2000"" ООД",27.09.2026г.,130309523,7410/2000 110,ДИКРА 2000,Дружество с ограничена отговорност,БЪЛГАРИЯ,"Област: София (столица), Община: Столична","гр. София, п.к. 1336","р-н Люлин, бул./ул. ж.к. ЛЮЛИН ул. 709-ТА бл. 734 вх.А ап.12","ТЪРГОВСКА ДЕЙНОСТ В СТРАНАТА И ЧУЖБИНА, ТУРИЗЪМ, ХОТЕЛИЕРСТВО, РЕСТОРАНТЬОРСТВО, РЕКЛАМНА И ИЗДАТЕЛСКА ДЕЙНОСТ, КОМИСИОНЕРСКА, АГЕНТСКА, ПРЕДСТАВИТЕЛСКА И ПОСРЕДНИЧЕСКА ДЕЙНОСТ, ЛИЗИНГОВА ДЕЙНОСТ, КОНСУЛТАНТСКА ДЕЙНОСТ В ОБЛАСТТА НА ФИНАНСИТЕ И ПРАВОТО, МАРКЕТИНГ И МЕНИДЖМЪНТ, ВЪНШНОИКОНОМИЧЕСКА ДЕЙНОСТ, КАКТО И ДРУГИ ДЕЙНОСТИ, НЕЗАБРАНЕНИ ИЗРИЧНО ОТ ЗАКОНА.",,"{""7. Управители"": ""ДАНИЕЛА ГЕОРГИЕВА ИЛИЕВА, Държава: БЪЛГАРИЯ"", ""19. Съдружници"": ""КРАСИМИРА ИГНАТОВА НАЙДЕНОВА, Държава: БЪЛГАРИЯ\nДАНИЕЛА ГЕОРГИЕВА ИЛИЕВА, Държава: БЪЛГАРИЯ"", ""31. Размер"": ""2556.46 €"", ""32. Внесен капитал"": ""2556.46 €""}"
203541019,https://portal.registryagency.bg/CR/Reports/ActiveConditionTabResult?uic=203541019,"""МИРОСЛАВ СЕЛЕНА"" ЕООД",27.09.2026г.,203541019,,МИРОСЛАВ СЕЛЕНА,Еднолично дружество с ограничена отговорност,БЪЛГАРИЯ,"Област: Русе, Община: Борово","с. Горно Абланово, п.к. 7173","бул./ул. АНА ВЕНТУРА № 2 Телефон: +359892318482, Адрес на електронна поща: atanasovi@atanasovi.bg","ПРОИЗВОДСТВО И ПОКУПКА НА ПРОМИШЛЕНИ, ХРАНИТЕЛНИ И ВСЯКАКВИ ДРУГИ СТОКИ ИЛИ ВЕЩИ С ЦЕЛ ДА БЪДАТ ПРЕПРОДАДЕНИ В ПЪРВОНАЧАЛЕН ИЛИ ПРЕРАБОТЕН ВИД; ТЪРГОВСКИ СДЕЛКИ НА ТЕРИТОРИЯТА НА СТРАНАТА И ЧУЖБИНА, РАЗРЕШЕНИ ОТ ЗАКОНА; АВТОРЕМОНТНИ УСЛУГИ; РАЗКРИВАНЕ И ЕКСПЛОАТАЦИЯ НА УВЕСЕЛИТЕЛНИ ЗАВЕДЕНИЯ И ЗАВЕДЕНИЯ ЗА ОБЩЕСТВЕНО ХРАНЕНЕ; ВЪТРЕШЕН И МЕЖДУНАРОДЕН ТУРИЗЪМ; РЕМОНТ НА БИТОВА ТЕХНИКА; СТРОИТЕЛНА И СТРОИТЕЛНО - РЕМОНТНА ДЕЙНОСТ; СПЕДИТОРСКА И РЕКЛАМНА ДЕЙНОСТ; ХОТЕЛИЕРСТВО; ТЪРГОВСКО ПРЕДСТАВИТЕЛСТВО И ПОСРЕДНИЧЕСТВО ;ТРАНСПОРТНИ И ТАКСИМЕТРОВИ УСЛУГИ; ВСИЧКИ ДРУГИ ДЕЙНОСТИ, КОИТО НЕ СА ЗАБРАНЕНИ СЪС ЗАКОН.",,"{""4. Изписване на чужд език"": ""MIROSLAV SELENA LTD"", ""6а. Основна дейност по НКИД"": ""Група по НКИД: 4711\nКлас по НКИД: ТЪРГОВИЯ НА ДРЕБНО"", ""7. Управители"": ""АНТОН АНГЕЛОВ АСЕНОВ, Държава: БЪЛГАРИЯ"", ""23. Едноличен собственик на капитала"": ""АНТОН АНГЕЛОВ АСЕНОВ, Държава: БЪЛГАРИЯ"", ""31. Размер"": ""255.65 €"", ""32. Внесен капитал"": ""255.65 €""}"
203541027,https://portal.registryagency.bg/CR/Reports/ActiveConditionTabResult?uic=203541027,"""Една фирма"" ЕООД",27.09.2026г.,203541027,,Една фирма,Еднолично дружество с ограничена отговорност,БЪЛГАРИЯ,"Област: София (столица), Община: Столична","гр. София, п.к. 1680","р-н Витоша, бул./ул. Мур № 45, бл. 1, вх. 1, ет. 1, ап. 3 Телефон: 0887981511, Адрес на електронна поща: alek@zvuk.net","Проектиране, изработка, подръжка и интеграция на Интернет, софтуерни и хардуерни приложения и продукти, управление на проекти, консултантска дейност, хостинг услуги, вътрешно и външно търговски сделки, посредническа и консултантска при подбор и наемане на работа на граждани на България и чужбина, както и всички друго дейности, незабранени със закон.",,"{""4. Изписване на чужд език"": ""Edna Firma"", ""5а. Адрес за кореспонденция с НАП на територията на страната"": ""Държава: БЪЛГАРИЯ\nОбласт: София (столица), Община: Столична\nНаселено място: гр. София, п.к. 1680\nр-н Оборище\nбул./ул. Велико Търново № 23, бл. 1, вх. 1, ет. 2, ап. 3"", ""6а. Основна дейност по НКИД"": ""Група по НКИД: 62.01\nКлас по НКИД: Компютърно програмиране"", ""7. Управители"": ""Алек Александров Андреев, Държава: БЪЛГАРИЯ"", ""23. Едноличен собственик на капитала"": ""Алек Александров Андреев, Държава: БЪЛГАРИЯ"", ""31. Размер"": ""306.78 €"", ""32. Внесен капитал"": ""306.78 €""}"
115558791,https://portal.registryagency.bg/CR/Reports/ActiveConditionTabResult?uic=115558791,"ЕТ ""ДИКАПА - ДИМИТЪР СТАМЕНОВ""",27.09.2026г.,115558791,2585/2000 530,ДИКАПА - ДИМИТЪР СТАМЕНОВ,Едноличен търговец,БЪЛГАРИЯ,"Област: Пловдив, Община: Пловдив","гр. Пловдив, п.к. 4002","р-н Западен, бул./ул. ул. ЗВЕЗДА № 13, вх. А, ет. 5, ап. 81","ПОКУПКА НА СТОКИ ИЛИ ДРУГИ ВЕЩИ С ЦЕЛ ПРЕПРОДАЖБА В ПЪРВОНАЧАЛЕН ИЛИ ПРЕРАБОТЕН ВИД, ПРОДАЖБА НА СТОКИ ОТ СОБСТВЕНО ПРОИЗВОДСТВО, ТЪРГОВСКО ПРЕДСТАВИТЕЛСТВО И ПОСРЕДНИЧЕСТВО, ПРЕВОЗНИ, КОМИСИОННИ И СКЛАДОВИ СДЕЛКИ, ЛИЗИНГ, КАКТО И ВСЯКА ДРУГА ДЕЙНОСТ, НЕЗАБРАНЕНА ОТ ЗАКОНА.",ДИМИТЪР ГЕОРГИЕВ СТАМЕНОВ,"{""4. Изписване на чужд език"": ""DIKAPA - DIMITAR STAMENOV""}"
115558802,https://portal.registryagency.bg/CR/Reports/ActiveConditionTabResult?uic=115558802,"ЕТ ""ВАНЯ-65 - ИВАНКА НИКОЛОВА""",27.09.2026г.,115558802,2631/2000 530,ВАНЯ-65 - ИВАНКА НИКОЛОВА,Едноличен търговец,БЪЛГАРИЯ,"Област: Пловдив, Община: Сопот","гр. Сопот, п.к. 4330",бул./ул. бул. ИВАН ВАЗОВ № 88 Телефон: 0897946729,"ОСЪЩЕСТВЯВАНЕ НА ТЪРГОВСКА ДЕЙНОСТ ВЪВ ВСИЧКИ РАЗРЕШЕНИ ОТ ЗАКОНА ФОРМИ С ВСИЧКИ РАЗРЕШЕНИ ОТ ЗАКОНА СТОКИ, АЛКОХОЛ, ЦИГАРИ /СЛЕД СЪОТВЕТНИЯ ЛИЦЕНЗ/, ОТКРИВАНЕ НА ЗАВЕДЕНИЯ ЗА ОБЩЕСТВЕНО ХРАНЕНЕ, КАФЕ- АПЕРИТИВ, ВЪНШНОТЪРГОВСКА ДЕЙНОСТ-ВНОС, ИЗНОС, РЕЕКСПОРТ, ПРЕДСТАВИТЕЛСТВО, АГЕНСТВО, КОМИСИОНЕРСТВО И ПОСРЕДНИЧЕСТВО НА БЪЛГАРСКИ И ЧУЖДИ ФИРМИ В СТРАНАТА И ЧУЖБИНА, ПРОИЗВОДСТВО НА ХРАНИТЕЛНИ И НЕХРАНИТЕНИ СТОКИ ЗА ПРОДАЖБА, ПОКУПКА НА СТОКИ И ВЕЩИ ЗА ПРЕПРОДАЖБА В ПЪРВОНАЧАЛЕН, ПРЕРАБОТЕН ИЛИ ОБРАБОТЕН ВИД, ТЪРГОВИЯ С ПЛОДОВЕ, ЗЕЛЕНЧУЦИ, СТРОИТЕЛНА ДЕЙНОСТ, КАКТО И ДРУГИ ДЕЙНОСТИ И УСЛУГИ, КОИТО ПО ПРЕДМЕТ Й ОБЕМ ИЗИСКВАТ ДА СЕ ВОДЯТ ПО ТЪРГОВСКИ НАЧИН И НЕ СА ЗАБРАНЕНИ СЪС ЗАКОН.",ИВАНКА СТОЙЧЕВА НИКОЛОВА,
115558827,https://portal.registryagency.bg/CR/Reports/ActiveConditionTabResult?uic=115558827,"ЕТ ""ХАККЪ БОЗАХМЕДОВ"" - Заличен търговец/ЮЛНЦ",27.09.2026г.,,,,,,,,,,,"{""27. Заличаване на търговеца/ЮЛНЦ"": ""Заличен търговец/ЮЛНЦ""}"
103096957,https://portal.registryagency.bg/CR/Reports/ActiveConditionTabResult?uic=103096957,"""СВОБОДА-ВАРНА"" АД",27.09.2026г.,103096957,1638/1996 310,СВОБОДА-ВАРНА,Акционерно дружество,БЪЛГАРИЯ,"Област: Варна, Община: Варна","гр. Варна, п.к. 9000","р-н Младост, бул./ул. бул. ВЛАДИСЛАВ ВАРНЕНЧИК № 257","Производство на мебели, изделия от дървесина, дограма, бичени материали, транспорт, търговия. Ремонтна дейност; транспортна дейност; производство на изделия и услуги за бита и индустрията; упражняване на независим строителен контрол при проектиране и строителство; техническо ръководство и инвеститорски контрол на обекти; оценка на движима, недвижима и интелектуална собственост; организация на презентации на фирми и стоки; вътрешна и външнотърговска дейност; търговско представителство и посредничество.",,"{""4. Изписване на чужд език"": ""SVOBODA-VARNA"", ""5а. Адрес за кореспонденция с НАП на територията на страната"": ""Държава: БЪЛГАРИЯ\nОбласт: София (столица), Община: Столична\nНаселено място: гр. София, п.к. 1000\nр-н Оборище\nбул./ул. ул. Г.С.РАКОВСКИ № 92"", ""10. Представители"": ""КОСТАДИН НИКОЛАЕВ КОСТАДИНОВ, Държава: БЪЛГАРИЯ"", ""12. Съвет на директорите"": ""КОСТАДИН НИКОЛОВ КОСТАДИНОВ, Държава: БЪЛГАРИЯ\nНИКОЛАЙ КОСТАДИНОВ КОСТАДИНОВ, Държава: БЪЛГАРИЯ\nЙОРДАНКА ВЕЛИКОВА КОСТАДИНОВА, Държава: БЪЛГАРИЯ"", ""31. Размер"": ""25500.00 €"", ""31а. Акции"": ""Акция:\nВид: ПОИМЕННИ, Брой акции: 50000, Номинална стойност: 0.51 €"", ""32. Внесен капитал"": ""25500.00 €""}"
202394179,https://portal.registryagency.bg/CR/Reports/ActiveConditionTabResult?uic=202394179,"""ЕМПАЛИЗАР"" ЕООД",27.09.2026г.,202394179,,ЕМПАЛИЗАР,Еднолично дружество с ограничена отговорност,БЪЛГАРИЯ,"Област: София (столица), Община: Столична","гр. София, п.к. 1799","р-н Младост, ж.к. МЛАДОСТ, бл. 239, вх. 4, ет. 3, ап. 6","Търговска дейност в страната и чужбина, търговия чрез вендинг машини, отдаване под наем и управление на недвижими имоти, търговско представителство и посредничество, дистрибуция на стоки, туристически услуги, както и всички и други дейности, незабранени от закона.",,"{""4. Изписване на чужд език"": ""EMPALIZAR EOOD"", ""7. Управители"": ""ЕМИЛ ДИМИТРОВ ПАВЛОВ, Държава: БЪЛГАРИЯ"", ""23. Едноличен собственик на капитала"": ""ЕМИЛ ДИМИТРОВ ПАВЛОВ, Държава: БЪЛГАРИЯ"", ""31. Размер"": ""511.29 €"", ""32. Внесен капитал"": ""511.29 €""}"
202394186,https://portal.registryagency.bg/CR/Reports/ActiveConditionTabResult?uic=202394186,"""ВЕРИСА 65"" ЕООД",27.09.2026г.,202394186,,ВЕРИСА 65,Еднолично дружество с ограничена отговорност,БЪЛГАРИЯ,"Област: Благоевград, Община: Сандански","гр. Сандански, п.к. 2800",бул./ул. ул.ТОДОР КАБЛЕШКОВ № 2,"производство и продажба на плодове и зеленчуци собствено производство, покупка на промишлени и непромишлени стоки или други вещи с цел да се продадат в първоначален, преработен или обработен вид; производство на стоки за бита с цел да се продадат; производство и сделки със селскостопански стоки, комисионни, спедиционни, складови сделки, търговско представителство и посредничество; външнотърговски сделки с промишлени и непромишлени стоки; хотелиерски, ресторантьорски, туристически, рекламни, информационни, програмни, импресарски услуги; лизинг; сделки с интелектуална собственост; покупко-продажба на недвижими имоти; строеж и обзавеждане на недвижими имоти с цел да се продадат; производство, продажба и монтаж на ПВЦ и алуминиева дограма, стъклопакети, щори и МДФ-врати; таксиметров превоз на пътници и товари; транспорт на пътници и товари в странната и чужбина; превозни сделки в страната и в чужбина със собствени или наети автомобили и други дейностти, които не са забранени от закона",,"{""4. Изписване на чужд език"": ""VERISA 65"", ""5а. Адрес за кореспонденция с НАП на територията на страната"": ""Държава: БЪЛГАРИЯ\nОбласт: Благоевград, Община: Сандански\nНаселено място: гр. Сандански, п.к. 2800\nбул./ул. ул.ТОДОР КАБЛЕШКОВ № 2"", ""7. Управители"": ""РУМЕН ИВАНОВ ПАЧОВ, Държава: БЪЛГАРИЯ"", ""23. Едноличен собственик на капитала"": ""РУМЕН ИВАНОВ ПАЧОВ, Държава: БЪЛГАРИЯ"", ""31. Размер"": ""10.23 €"", ""32. Внесен капитал"": ""10.23 €""}"
202394193,https://portal.registryagency.bg/CR/Reports/ActiveConditionTabResult?uic=202394193,"""ЛАНЗОВ"" ЕООД - в ликвидация",27.09.2026г.,202394193,,ЛАНЗОВ,Еднолично дружество с ограничена отговорност,БЪЛГАРИЯ,"Област: София (столица), Община: Столична","гр. София, п.к. 1330","р-н Красна поляна, ж.к. КРАСНА ПОЛЯНА, бул./ул. РИЖКИ ПРОХОД, бл. 210, вх. А, ет. 1, ап. 1 Телефон: 0898 558 664, Адрес на електронна поща: alanzov@yahoo.com","СТРОИТЕЛСТВО И СТРОИТЕЛНИ УСЛУГИ, УСЛУГИ С ОБЩЕСТВЕНА ЗНАЧИМОСТ, ПОСРЕДНИЧЕСКА ДЕЙНОСТ, ТЪРГОВИЯ, ПРОИЗВОДСТВО, ВНОС И ИЗНОС НА СТОКИ И УСЛУГИ, КОМИСИОННА, РЕКЛАМНА, ПОКУПКО-ПРОДАЖБА НА СТОКИ И НЕДВИЖИМИ ИМОТИ, ВЪНШНОТЪРГОВСКА ДЕЙНОСТ, РЕЕКСПОРТ, КАКТО И ИЗВЪРШВАНЕТО НА ВСЯКАКВИ ДРУГИ ДЕЙНОСТИ И УСЛУГИ, КОИТО НЕ СА ЗАБРАНЕНИ ОТ ЗАКОНИТЕ НА Р БЪЛГАРИЯ.",,"{""4. Изписване на чужд език"": ""LANZOV LTD."", ""7. Управители"": ""КИРИЛ АСЕНОВ ЛАНЗОВ, Държава: БЪЛГАРИЯ"", ""23. Едноличен собственик на капитала"": ""КИРИЛ АСЕНОВ ЛАНЗОВ, Държава: БЪЛГАРИЯ"", ""26. Прекратяване на търговската дейност"": ""Прекратяване на търговската дейност"", ""31. Размер"": ""1.02 €"", ""32. Внесен капитал"": ""1.02 €""}"
202394204,https://portal.registryagency.bg/CR/Reports/ActiveConditionTabResult?uic=202394204,"""РОСИЦА АДЪРСКА"" ЕООД",27.09.2026г.,202394204,,РОСИЦА АДЪРСКА,Еднолично дружество с ограничена отговорност,БЪЛГАРИЯ,"Област: Ловеч, Община: Троян","гр. Троян, п.к. 5600","бул./ул. ул.ХАН АСПАРУХ № 26, ет. 1, ап. 1","КОЗМЕТИЧНИ УСЛУГИ И ДРУГИ УСЛУГИ И ВСИЧКИ ДРУГИ ДЕЙНОСТИ И УСЛУГИ В СТРАНАТА И ЧУЖБИНА, НЕ ЗАБРАНЕНИ ОТ ЗАКОНА.",,"{""4. Изписване на чужд език"": ""ROSITSA ADARSKA LTD"", ""6а. Основна дейност по НКИД"": ""Група по НКИД: 9602\nКлас по НКИД: ДРУГИ ПЕРСОНАЛНИ УСЛУГИ"", ""7. Управители"": ""РОСИЦА ИВАНОВА АДЪРСКА, Държава: БЪЛГАРИЯ"", ""23. Едноличен собственик на капитала"": ""РОСИЦА ИВАНОВА АДЪРСКА, Държава: БЪЛГАРИЯ"", ""31. Размер"": ""51.13 €"", ""32. Внесен капитал"": ""51.13 €""}"
204114761,https://portal.registryagency.bg/CR/Reports/ActiveConditionTabResult?uic=204114761,"""БУЛЕЙДЖЪНТС"" ЕООД",27.09.2026г.,204114761,,БУЛЕЙДЖЪНТС,Еднолично дружество с ограничена отговорност,БЪЛГАРИЯ,"Област: Варна, Община: Варна","гр. Варна, п.к. 9000","р-н Одесос, бул./ул. ул. АНГЕЛ КЪНЧЕВ № 11, ет. 2, ап. 5 Телефон: 0898 552 836, Адрес на електронна поща: bulagentvarna@gmail.com","Търговска дейност в страната и чужбина; Транспортни, спедиторски и агентийски услуги; Опериране на корабен тонаж; Наемане и преотдаване на морски и речни кораби; Корабно агентиране и корабен брокераж; Извършване на независими инспекции, сървеи и одити в областта на корабоплаването; Отдаване под наем и менажиране на собствени и наети дълготрайни активи; Консултантски услуги по целия предмет на дейност, търговско представителство и посредничество; сделки с интелектуална собственост; Митническо агентиране; Организиране на обработка на товари, частично и комплексно; Организиране на мултимодален транспорт в страната и чужбина; Наемане и преотдаване на транспортни средства; Сухоземен транспорт; Посредничество при наемане на различни видове транспорт; Пританищна спедиция и друга спедиция; Внос и износ на стоки; Покупка и продажба на други дружества, както и всяка друга дейност, която не е забранена от закона, както и всяка друга дейност, която не е забранена от закона.",,"{""4. Изписване на чужд език"": ""BULAGENTS"", ""5а. Адрес за кореспонденция с НАП на територията на страната"": ""Държава: БЪЛГАРИЯ\nОбласт: Варна, Община: Варна\nНаселено място: гр. Варна, п.к. 9000\nр-н Одесос\nбул./ул. ул. ГАБРОВО № 37, ет. 2"", ""7. Управители"": ""КОНСТАНТИН АНГЕЛОВ СТРАШИЛОВ, Държава: БЪЛГАРИЯ"", ""23. Едноличен собственик на капитала"": ""КОНСТАНТИН АНГЕЛОВ СТРАШИЛОВ, Държава: БЪЛГАРИЯ"", ""31. Размер"": ""50.00 €"", ""32. Внесен капитал"": ""50.00 €""}"
201663783,https://portal.registryagency.bg/CR/Reports/ActiveConditionTabResult?uic=201663783,"""ХЕЛИОС ДиД"" ЕООД",27.09.2026г.,201663783,,ХЕЛИОС ДиД,Еднолично дружество с ограничена отговорност,БЪЛГАРИЯ,"Област: Пазарджик, Община: Пазарджик","гр. Пазарджик, п.к. 4400","бул./ул. ОСВОБОЖДЕНИЕ № 8, ет. 2, ап. 4 Телефон: +359 893 511519, Адрес на електронна поща: dechko96@abv.bg","ОТКРИВАНЕ НА МАГАЗИННА И СКЛАДОВА МРЕЖА ЗА РАЗВИТИЕ НА ТЪРГОВСКА ДЕЙНОСТ. ВЪНШНА И ВЪТРЕШНА ТЪРГОВИЯ. ПОКУПКА НА СТОКИ ИЛИ ДРУГИ ВЕЩИ С ЦЕЛ ПРОДАЖБА В ПЪРВОНАЧАЛЕН, ПРЕРАБОТЕН ИЛИ ОБРАБОТЕН ВИД; ПРОДАЖБА НА СТОКИ ОТ СОБСТВЕНО ПРОИЗВОДСТВО; РАЗКРИВАНЕ НА ЗАВЕДЕНИЯ ЗА ОБЩЕСТВЕНО ХРАНЕНЕ, КАФЕ - АПЕРАТИВ, РЕСТОРАНТЬОРСТВО, ХОТЕЛИЕРСТВО, ТУРИСТИЧЕСКА И ТУРОПЕРАТОРСКА ДЕЙНОСТ И УСЛУГИ, ПОКУПКА, СТРОЕЖ И/ИЛИ ОТДАВАНЕ ПОД НАЕМ; ТЪРГОВСКО ПРЕДСТАВИТЕЛСТВО И ПОСРЕДНИЧЕСТВО В СТРАНАТА И ЧУЖБИНА; КОМИСИОННИ, СПЕДИЦИОННИ И ПРЕВОЗНИ СДЕЛКИ; СКЛАДОВИ СДЕЛКИ; РЕКЛАМНИ» ИНФОРМАЦИОННИ, ПРОГРАМНИ, АВТОМОНТЬОРСТВО ИЛИ ДРУГИ УСЛУГИ; ЛИЗИНГ; ВЪНШНО - ИКОНОМИЧЕСКА ДЕЙНОСТ И ВСЯКАКВИ ДРУГИ ДЕЙНОСТИ КОИТО НЕ СА ЗАБРАНЕНИ ОТ ЗАКОНА.",,"{""4. Изписване на чужд език"": ""HELIOS D and D Ltd"", ""6а. Основна дейност по НКИД"": ""Група по НКИД: 4771\nКлас по НКИД: Търговия на дребно с облекла"", ""7. Управители"": ""ДИМИТЪР ДАМЯНОВ ДАМЯНОВ, Държава: БЪЛГАРИЯ"", ""23. Едноличен собственик на капитала"": ""ДИМИТЪР ДАМЯНОВ ДАМЯНОВ, Държава: БЪЛГАРИЯ"", ""31. Размер"": ""255.65 €"", ""32. Внесен капитал"": ""255.65 €""}"
201663790,https://portal.registryagency.bg/CR/Reports/ActiveConditionTabResult?uic=201663790,"""ЛУЦИФЕР-2"" ООД",27.09.2026г.,201663790,,ЛУЦИФЕР-2,Дружество с ограничена отговорност,БЪЛГАРИЯ,"Област: Търговище, Община: Търговище","гр. Търговище, п.к. 7700",бул./ул. ПРОМИШЛЕНА ЗОНА Адрес на електронна поща: lucifer_ltd@abv.bg,"Производство и търговия с електрическа енергия от възобновяеми енергийни източници, покупка на стоки и други вещи с цел продажба в първоначален, преработен или обработен вид; търговия на едро и дребно с всички видове промишлени и хранителни стоки, тестени и сладкарски изделия, безалкохолни и спиртни напитки, сладоледи, рибни и пчелни продукти, изделия от дърво, керамика и фаянс, метал, стъкло, каучук, пластмаси; складова, спедиционна и транспортна дейност; покупка, строеж или обзавеждане на недвижими имоти с цел продажба; проектантска, инженерингова и строителна дейност; хотелиерски, туристически, рекламни, информационни, програмни, импресарски, лизингови и други услуги; търговско представителство и посредничество, търговска и външнотърговска, дейност, след регистрация, или получаване на лицензия, за дейностите за които се изискват такива.",,"{""4. Изписване на чужд език"": ""LUCIFER-2 LTD"", ""7. Управители"": ""КРАСИМИР СТОИЛОВ КОЛЕВСКИ, Държава: БЪЛГАРИЯ\nЕЛКА СТАНКОВА КОЛЕВСКА, Държава: БЪЛГАРИЯ"", ""11. Начин на представляване"": ""по друг начин:\nЗАЕДНО И ПООТДЕЛНО"", ""19. Съдружници"": ""КРАСИМИР СТОИЛОВ КОЛЕВСКИ, Държава: БЪЛГАРИЯ, Размер на дяловото участие: 2500.00 лв.\nЕЛКА СТАНКОВА КОЛЕВСКА, Държава: БЪЛГАРИЯ, Размер на дяловото участие: 2500.00 лв."", ""31. Размер"": ""2556.46 €"", ""32. Внесен капитал"": ""2556.46 €""}"
201663801,https://portal.registryagency.bg/CR/Reports/ActiveConditionTabResult?uic=201663801,"""ВЛАННА 65"" ООД",27.09.2026г.,201663801,,ВЛАННА 65,Дружество с ограничена отговорност,БЪЛГАРИЯ,"Област: Добрич, Община: Добрич","гр. Добрич, п.к. 9300","бул./ул. бул. ТРЕТИ МАРТ, бл. 4, вх. Б, ап. 11","ТЪРГОВИЯ И УСЛУГИ В СТРАНАТА И ЧУЖБИНА, РЕСТОРАНТЬОРСТВО, ХОТЕЛИЕРСТВО И ТУРОПЕРАТОРСКА ДЕЙНОСТ; ТЪРГОВСКО ПРЕДСТАВИТЕЛСТВО; РЕКЛАМНА ДЕЙНОСТ, КОЗМЕТИЧНА ДЕЙНОСТ И МАСАЖИ, СОЦИАЛНА ДЕЙНОСТ, ПРОИЗВОДСТВЕНА ДЕЙНОСТ НА СТОКИ И УСЛУГИ, ТРАНСПОРТА И СПЕДИТОРСКА ДЕЙНОСТ, ИНФОРМАЦИОННА И КОНСУЛТАНТСКА ДЕЙНОСТ ЕКСПОРТ, ИМПОРТ, ВКЛЮЧИТЕЛНО РЕЕКСПОРТ НА СТОКИ И УСЛУГИ.",,"{""6а. Основна дейност по НКИД"": ""Група по НКИД:\nКлас по НКИД: КОЗМЕТИЧНИ УСЛУГИ"", ""7. Управители"": ""АННА ФЕДОРОВНА АНАНЬЕВА, Държава: РУСКА ФЕДЕРАЦИЯ"", ""19. Съдружници"": ""АННА ФЕДОРОВНА АНАНЬЕВА, Държава: РУСКА ФЕДЕРАЦИЯ, Размер на дяловото участие: 10.00 лв.\nВЛАДИМИР НЕДЯЛКОВ ТОДОРОВ, Държава: БЪЛГАРИЯ, Размер на дяловото участие: 10.00 лв."", ""31. Размер"": ""10.23 €"", ""32. Внесен капитал"": ""10.23 €""}"
103920777,https://portal.registryagency.bg/CR/Reports/ActiveConditionTabResult?uic=103920777,"""ИЙСТ МЕНИДЖМЪНТ"" ЕООД - в ликвидация",27.09.2026г.,103920777,274/2005 310,ИЙСТ МЕНИДЖМЪНТ,Еднолично дружество с ограничена отговорност,БЪЛГАРИЯ,"Област: Варна, Община: Варна","гр. Варна, п.к. 9000","р-н Одесос, бул./ул. ул. ИВАН ВАЗОВ № 37, партер Телефон: 052/728650, Факс: 052/728665","Вътрешнотърговска и външнотърговска дейност; пътнически, товарни и транспортни услуги в страната и чужбина; търговско представителство, посредничество и агентство на местни и чуждестранни лица в страната и чужбина; комисионни, спедиционни; сделки с интелектуална собственост; хотелиерски, ресторантьорски и туристически услуги; рекламни, информационни, програмни и импресарски услуги; покупка, строеж, обзавеждане на недвижими имоти с цел продажба; лизинг; отдаване под наем и управление на недвижими имоти, както и всяка друга, незабранена от закона дейност.",,"{""4. Изписване на чужд език"": ""EAST MANAGEMENT LTD"", ""7. Управители"": ""АНТОНИЯ АНДРЕЕВА ВЛАДИМИРОВА"", ""23. Едноличен собственик на капитала"": ""НИКОЛАЙ АНГЕЛОВ АНГЕЛОВ"", ""26. Прекратяване на търговската дейност"": ""Прекратяване на търговската дейност"", ""31. Размер"": ""2556.46 €"", ""32. Внесен капитал"": ""2556.46 €""}"
103920784,https://portal.registryagency.bg/CR/Reports/ActiveConditionTabResult?uic=103920784,"""АЛЕКСА 2005"" ЕООД",27.09.2026г.,103920784,279/2005 310,АЛЕКСА 2005,Еднолично дружество с ограничена отговорност,БЪЛГАРИЯ,"Област: Варна, Община: Варна","гр. Варна, п.к. 9002","р-н Приморски, бул./ул. ул. ГЕНЕРАЛ СТОЛИПИН № 4, ет. 4, ап. 7 Телефон: 052/ 655 657, Факс: 052/ 655 657, Адрес на електронна поща: aspen98@abv.bg","ТЪРГОВСКА ДЕЙНОСТ –ВНОС И ИЗНОС; ПОКУПКА НА СТОКИ ИЛИ ДРУГИ ВЕЩИ С ЦЕЛ ПРЕПРОДАЖБА НА ЕДРО И ДРЕБНО В ПЪРВОНАЧАЛЕН, ОБРАБОТЕН ИЛИ ПРЕРАБОТЕН ВИД; КОНСУЛТАНТСКА ДЕЙНОСТ; ПРОИЗВОДСТВО И РЕАЛИЗАЦИЯ НА ПРОМИШЛЕНИ, ХРАНИТЕЛНИ И СЕЛСКОСТОПАНСКИ СТОКИ В СТРАНАТА И ЧУЖБИНА; ТРАНСПОРТНА ДЕЙНОСТ- ПРЕВОЗ НА ПЪТНИЦИ И ТОВАРИ В СТРАНАТА И ЧУЖБИНА; РЕСТОРАНТЬОРСКА И ХОТЕЛИЕРСКА ДЕЙНОСТ /СЛЕД ЛИЦЕНЗ/; ТЪРГОВСКО ПРЕДСТАВИТЕЛСТВО И ПОСРЕДНИЧЕСТВО ; ПОКУПКА, СТРОЕЖ ИЛИ ОБЗАВЕЖДАНЕ НА НЕДВИЖИМИ ИМОТИ С ЦЕЛ ПРОДАЖБА; СДЕЛКИ С ИНТЕЛЕКТУАЛНА СОБСТВЕНОСТ; КОМИСИОННИ, СПЕДИЦИОННИ И ПРЕВОЗНИ СДЕЛКИ; СКЛАДОВИ СДЕЛКИ; РЕКЛАМНИ И ИНФОРМАЦИОННИ УСЛУГИ; СТРОИТЕЛСТВО И ПРОЕКТИРАНЕ.",,"{""4. Изписване на чужд език"": ""ALEKSA 2005"", ""6а. Основна дейност по НКИД"": ""Група по НКИД: 4778\nКлас по НКИД: ТЪРГОВИЯ НА ДРЕБНО С ДРУГИ НЕХРАНИТЕЛНИ СТОКИ НЕКЛАСИФИЦИРАНИ ДРУГАДЕ"", ""7. Управители"": ""НИНА МИНКОВА ХРИСТОВА, Държава: БЪЛГАРИЯ"", ""23. Едноличен собственик на капитала"": ""НИНА МИНКОВА ХРИСТОВА, Държава: БЪЛГАРИЯ"", ""31. Размер"": ""2556.46 €"", ""32. Внесен капитал"": ""1789.52 €""}"
206268135,https://portal.registryagency.bg/CR/Reports/ActiveConditionTabResult?uic=206268135,"""СПОРТС ДИНАМИКС"" ООД",27.09.2026г.,206268135,,СПОРТС ДИНАМИКС,Дружество с ограничена отговорност,БЪЛГАРИЯ,"Област: София (столица), Община: Столична","гр. София, п.к. 1421","р-н Лозенец, бул./ул. Крум Попов № 77","интеграция на системи за лоялност, внедряване на информационни технологии, разработка на мобилни приложения, покупко – продажба на предприятия в сферата на спорта, търговско представителство и посредничество, комисионни и консултантски услуги, както и всяка друга дейност, незабранена от закона.",,"{""4. Изписване на чужд език"": ""SPORTS DYNAMICS LTD"", ""7. Управители"": ""Филип Димитров Димитров, Държава: БЪЛГАРИЯ"", ""19. Съдружници"": ""Тронд Магне Молдскред, Държава: НОРВЕГИЯ, Размер на дяловото участие: 120.00 лв.\n„ЕГРЕГОР“ ЛТД, Идентификация 13790401, Чуждестранно юридическо лице, Държава: ВЕЛИКОБРИТАНИЯ, Размер на дяловото участие: 5802.00 лв.\n„ТОЛАКС ГРУП“ ЛТД, Чуждестранно юридическо лице, Държава: САЩ, Размер на дяловото участие: 5803.00 лв.\n„Уорик спорт” ЕООД, ЕИК/ПИК 206682976, Държава: БЪЛГАРИЯ, Размер на дяловото участие: 625.00 лв.\nМая Руменова Терзиева, Държава: БЪЛГАРИЯ, Размер на дяловото участие: 150.00 лв."", ""31. Размер"": ""6391.15 €"", ""32. Внесен капитал"": ""6391.15 €""}"
206268142,https://portal.registryagency.bg/CR/Reports/ActiveConditionTabResult?uic=206268142,"""Галерия България 65"" ЕООД",27.09.2026г.,206268142,,Галерия България 65,Еднолично дружество с ограничена отговорност,БЪЛГАРИЯ,"Област: Бургас, Община: Сунгурларе","с. Завет, п.к. 8432 Телефон: 0896647676",,"Финансово, стратегическо фирмено консултиране, селско-стопански дейности, включително производство и търговия със земеделски продукти, всякакъв вид услуги, извършвани със земеделска техника, агротехнически мероприятия, услуги н посредничество при проектиране, строителство и обзавеждане на недвижими имоти, услуги в областта на хотелиерството, туристически, ресторантьорски или други услуги в областта на туризма, покупка, строеж или обзавеждане на недвижими имоти с цел продажба, търговско посредничество, представителство и агентство на местни и чужди лица в страната и в чужбина, организация и превоз на товари с автомобилен, железопътен, воден и въздушен транспорт, както и всяка друга дейност, незабранена от закона.",,"{""4. Изписване на чужд език"": ""Galeria Bulgaria 65"", ""7. Управители"": ""ПЕНКА ДИНЕВА КУЦАРОВА, Държава: БЪЛГАРИЯ"", ""23. Едноличен собственик на капитала"": ""ПЕНКА ДИНЕВА КУЦАРОВА, Държава: БЪЛГАРИЯ"", ""31. Размер"": ""51.13 €"", ""32. Внесен капитал"": ""51.13 €""}"
206268154,https://portal.registryagency.bg/CR/Reports/ActiveConditionTabResult?uic=206268154,"""ДИМИТРОВ 95"" ЕООД",27.09.2026г.,206268154,,ДИМИТРОВ 95,Еднолично дружество с ограничена отговорност,БЪЛГАРИЯ,"Област: Бургас, Община: Бургас","гр. Бургас, п.к. 8000","ж.к. ""Братя Миладинови"" № 62, вх. 3, ет. 7, ап. 13","Транспортни услуги и логистика, транспорт на живи животни, внос на автомобили, покупко-продажба, внос, износ на стоки или други вещи с цел препродажба в първоначален, преработен или обработен вид на територията на страната или извън нея;, както и всяка друга, незабранена от закона дейност, организирана като предприятие, което по предмет и обем изисква делата му да се водят по търговски начин, при спазване на съответните разрешителни и лицензионни режими.Дружеството може да открива клонове и представителства и да участва в дружества с местни и чуждестранни лица в страната и в чужбина.",,"{""7. Управители"": ""ИВАН ДИМИТРОВ ДИМИТРОВ, Държава: БЪЛГАРИЯ"", ""23. Едноличен собственик на капитала"": ""ИВАН ДИМИТРОВ ДИМИТРОВ, Държава: БЪЛГАРИЯ"", ""31. Размер"": ""1.02 €"", ""32. Внесен капитал"": ""1.02 €""}"
206268167,https://portal.registryagency.bg/CR/Reports/ActiveConditionTabResult?uic=206268167,"""СДР"" ЕООД",27.09.2026г.,206268167,,СДР,Еднолично дружество с ограничена отговорност,БЪЛГАРИЯ,"Област: София (столица), Община: Столична","гр. София, п.к. 1407","р-н Лозенец, бул./ул. бул. ""Симеоновско шосе"" № 110Б, ап. 5","Управление и отдаване под наем на недвижими имоти; Покупка на недвижими имоти; Строителство на сгради от всякакъв тип; Продажба на недвижими имоти - офиси и жилища, както и всички други дейности незабранени от закона.",,"{""4. Изписване на чужд език"": ""SDR Ltd."", ""5а. Адрес за кореспонденция с НАП на територията на страната"": ""Държава: БЪЛГАРИЯ\nОбласт: София (столица), Община: Столична\nНаселено място: гр. София, п.к. 1407\nр-н Лозенец\nбул./ул. бул.\""Симеоновско шосе\"" № 110Б, ап. 5"", ""7. Управители"": ""ХРИСТО АТАНАСОВ АТАНАСОВ, Държава: БЪЛГАРИЯ"", ""23. Едноличен собственик на капитала"": ""БИТУМИНА МЕНИДЖМЪНТ, ЕИК/ПИК 206670301, Държава: БЪЛГАРИЯ"", ""31. Размер"": ""338322.00 €"", ""32. Внесен капитал"": ""338322.00 €"", ""33. Непарична вноска"": ""Описание: недвижими имоти: 1./ в град Варна, п.к.9000, кк.“Св.Св.Константин и Елена“ (Слънчев ден), а именно: ПОЗЕМЛЕН ИМОТ № 151 /сто петдесет и едно/, находящ се в землището на град Варна, курортен комплекс „Свети Свети Константин и Елена“ („Слънчев ден“), целият с площ от 500 /петстотин/ кв.м., при граници по документ за собственост: път Варна – к.к.“Златни пясъци“, ПИ №150, ПИ №120, който ПОЗЕМЛЕН ИМОТ съгласно Скица на поземлен имот №15-164946-25.02.2019 година, издадена от СГКК град Варна, представлява ПОЗЕМЛЕН ИМОТ с идентификатор 10135.2570.7 /десет хиляди сто тридесет и пет, точка, две хиляди петстотин и седемдесет, точка, седем/ по кадастралната карта и кадастралните регистри на град Варна, Община Варна, Област Варна, одобрени със Заповед № РД-18-92 от 14.10.2008 година на Изпълнителния директор на АГКК, с адрес на поземления имот: град Варна, п.к.9000, кк.“Св.Св.Константин и Елена“ /Слънчев ден/, с площ на имота по приложена кадастрална скица от 500 /петстотин/ квадратни метра с трайно предназначение на територията: Урбанизирана; с начин на трайно ползване: За друг обществен обект, комплекс; Стар идентификатор: няма, номер по предходен план: 151 /сто петдесет и едно/; при съседни поземлени имоти с идентификатори: 10135.2570.11 /десет хиляди сто тридесет и пет, точка, две хиляди петстотин и седемдесет, точка, единадесет/, 10135.2570.53 /десет хиляди сто тридесет и пет, точка, две хиляди петстотин и седемдесет, точка, петдесет и три/, 10135.2570.8 /десет хиляди сто тридесет и пет, точка, две хиляди петстотин и седемдесет, точка, осем/, 10135.2570.6 /десет хиляди сто тридесет и пет, точка, две хиляди петстотин и седемдесет, точка, шест/, 10135.2570.5 /десет хиляди сто тридесет и пет, точка, две хиляди петстотин и седемдесет, точка, пет/, Собствеността на описаният имот се установява от:1. Нотариален акт за покупко-продажба на недвижим имот № 141, том II, рег. № 4230, дело № 291 от 2006 г. на нотариус Тодор Милков, с район на действие РС град Варна, вписан под № 237 в Нотариалната камара, с вх. Рег. № 15321 на Служба по вписванията на гр.Варна, акт. № 50, том XLVIII, дело № 11396 / 26.06.2006 г.; 2. Скица № 15-164946-25.02.2019 г., издадена от Агенция по геодезия, картография и кадастър; 2./ в град Варна, п.к.9000, кк.“Св.Св.Константин и Елена“ (Слънчев ден), а именно: ПОЗЕМЛЕН ИМОТ № 150 /сто и петдесет/, находящ се в землището на град Варна, курортен комплекс „Свети Свети Константин и Елена“ („Слънчев ден“), целият с площ от 500 /петстотин/ кв.м., при граници по документ за собственост: север – градска магистрала Варна –Златни пясъци, изток - ПИ №151, юг - ПИ №120, запад – ПИ № 149, който ПОЗЕМЛЕН ИМОТ съгласно Скица на поземлен имот №15-164947-25.02.2019 година, издадена от СГКК град Варна, представлява ПОЗЕМЛЕН ИМОТ с идентификатор 10135.2570.8 /десет хиляди сто тридесет и пет, точка, две хиляди петстотин и седемдесет, точка, осем/ по кадастралната карта и кадастралните регистри на град Варна, Община Варна, Област Варна, одобрени със Заповед № РД-18-92 от 14.10.2008 година на Изпълнителния директор на АГКК, с адрес на поземления имот: град Варна, п.к.9000, кк.“Св.Св.Константин и Елена“ /Слънчев ден/, с площ на имота по приложена кадастрална скица от 500 /петстотин/ квадратни метра с трайно предназначение на територията: Урбанизирана; с начин на трайно ползване: За друг обществен обект, комплекс; Стар идентификатор: няма, номер по предходен план: 150 /сто и петдесет /; при съседни поземлени имоти с идентификатори: 10135.2570.11 /десет хиляди сто тридесет и пет, точка, две хиляди петстотин и седемдесет, точка, единадесет/, 10135.2570.53 /десет хиляди сто тридесет и пет, точка, две хиляди петстотин и седемдесет, точка, петдесет и три/, 10135.2570.9 /десет хиляди сто тридесет и пет, точка, две хиляди петстотин и седемдесет, точка, девет/, 10135.2570.7 /десет хиляди сто тридесет и пет, точка, две хиляди петстотин и седемдесет, точка, седем/, Собствеността на описаният имот се установява от:1. Нотариален акт за покупко-продажба на недвижим имот № 51, том IV, рег. № 8256 от 11.09.2006г., дело № 512 от 2006 г. на нотариус Павлина Симеонова, с район на действие РС град Варна, вписан под № 335 в Нотариалната камара, с вх. Рег. № 23069 на Служба по вписванията на гр.Варна, акт. № 7, том LXXIV, дело № 17493 / 12.09.2006 г.; 2. Скица № 15-164947-25.02.2019 г., издадена от Агенция по геодезия, картография и кадастър; 3./ в град Варна, п.к.9000, кк.“Св.Св.Константин и Елена“ (Слънчев ден), а именно: ПОЗЕМЛЕН ИМОТ № 149 /сто четиридесет и девет/, находящ се в землището на град Варна, курортен комплекс „Свети Свети Константин и Елена“ („Слънчев ден“), целият с площ от 1 000 /хиляда/ кв.м., идентичен с дял I /първи/, подробно описан в договор за доброволна делба № 252, том X, вх.рег. № 11829 / 18.07.2003 г. на Служба по вписванията гр.Варна, при граници по документ за собственост: градска магистрала Варна –Златни пясъци, ПИ №150 и ПИ №120, който ПОЗЕМЛЕН ИМОТ съгласно Скица на поземлен имот №15-164951-25.02.2019 година, издадена от СГКК град Варна, представлява ПОЗЕМЛЕН ИМОТ с идентификатор 10135.2570.9 /десет хиляди сто тридесет и пет, точка, две хиляди петстотин и седемдесет, точка, девет/ по кадастралната карта и кадастралните регистри на град Варна, Община Варна, Област Варна, одобрени със Заповед № РД-18-92 от 14.10.2008 година на Изпълнителния директор на АГКК, с адрес на поземления имот: град Варна, п.к.9000, кк.“Св.Св.Константин и Елена“ /Слънчев ден/, с площ на имота по приложена кадастрална скица от 997 /деветстотин деветдесет и седем/ квадратни метра с трайно предназначение на територията: Урбанизирана; с начин на трайно ползване: За друг обществен обект, комплекс; Стар идентификатор: няма, номер по предходен план: 149 /сто четиридесет и девет/; при съседни поземлени имоти с идентификатори: 10135.2570.11 /десет хиляди сто тридесет и пет, точка, две хиляди петстотин и седемдесет, точка, единадесет/, 10135.2570.53 /десет хиляди сто тридесет и пет, точка, две хиляди петстотин и седемдесет, точка, петдесет и три/, 10135.2570.8 /десет хиляди сто тридесет и пет, точка, две хиляди петстотин и седемдесет, точка, осем/, Собствеността на описаният имот се установява от:1. Нотариален акт за собственост на недвижим имот № 166, том IV, рег. № 4165, дело № 766 от 2007 г. на нотариус Даниела Върлева, с район на действие РС град Варна, вписан под № 480 в Нотариалната камара, с вх. Рег. № 24830 на Служба по вписванията на гр.Варна, акт. № 7, том LXXVIII, дело № 19050 / 24.08.2007 г.; 2. Скица № 15-164951-25.02.2019 г., издадена от Агенция по геодезия, картография и кадастър; Описаните в т. 1/, 2/ и 3/ имоти, са обединени и съставляват УРЕГУЛИРАН ПОЗЕМЛЕН ИМОТ ІІ – 7, 8, 9 /втори, отреден за имоти с планоснимачни номера седем, осем и девет/ - за жилищна сграда, от квартал 1 /едно/, КК „Св.Св. Константин и Елена“ с площ от 1990 кв.м. /хиляда деветстотин и деветдесет квадратни метра/ по действащия регулационен план на град Варна, КК „Св. Св. Константин и Елена“, одобрен със Заповед № № РД 02-14-2113 от 24.08.2012г. на МРРБ, влязла в сила на 12.10.2012г., при граници/съседи: улица, поземлен имот № 11 /единадесет/, поземлен имот № 5 /пет/, поземлен имот № 6 /шест/ и който УПИ ІІ - 7, 8, 9 е идентичен с предишен УПИ ІІ – 149, 150, 151 от квартал 1 /едно/ по плана КК „Св. Св. Константин и Елена“ /Слънчев ден/, заедно с ПРАВОТО НА СТРОЕЖ за построяването на Жилищна сграда І етап – геозащитни мерки и дейности, за което има издадено разрешение за строеж № 25/ГИ от 13.02.2019г. на главен архитект на община Варна, съгласуван инвестиционен проект от 01.02.2019г. на арх. Виктор Бузев на община Варна, скица -виза за проектиране № 234 от 10.03.2017г. на главен архитект на община Варна.\nСтойност: 661700.00 лв.\nНомер на акт за назначаване на вещи лица: 20200717100441/20.07.2020""}"
205610454,https://portal.registryagency.bg/CR/Reports/ActiveConditionTabResult?uic=205610454,"""ФОРПОСТ-ПЛЮС"" ЕООД",27.09.2026г.,205610454,,ФОРПОСТ-ПЛЮС,Еднолично дружество с ограничена отговорност,БЪЛГАРИЯ,"Област: Добрич, Община: Балчик","с. Рогачево, п.к. 9632",бул./ул. ул. Синчец № 29,"Покупка и/или производство на стоки или други вещи с цел продажба в първоначален, преработен или обработен вид, включително произведения на приложното изкуство и художествени произведения от местен произход и внос; осъществяване на атракционни и други дейности, свързани с всички видове спортове и услуги; организиране на всякакъв вид спортни мероприятия; хотелиерство, ресторантьорство; международен туризъм, селски туризъм; комисионна, спедиционна и складова дейност; дейност на търговско представителство и посредничество; извършване на строително-ремонтна дейност, изготвяне, проектиране и реализация на строителни проекти; покупка, строеж, обзавеждане на недвижими имоти с цел продажба; вътрешна и външнотърговска дейност със стоки и услуги; таксиметрови услуги, международен транспорт - пътнически и товарен, както и всяка друга дейност разрешена от закона, като при необходимост ще придобива съответни лицензи (надлежни разрешения).",,"{""4. Изписване на чужд език"": ""FORPOST-PLUS LTD."", ""7. Управители"": ""Дмитрий Николаевич Калинов, Държава: РУСКА ФЕДЕРАЦИЯ"", ""23. Едноличен собственик на капитала"": ""Дмитрий Николаевич Калинов, Държава: РУСКА ФЕДЕРАЦИЯ"", ""31. Размер"": ""25.56 €"", ""32. Внесен капитал"": ""25.56 €""}"
206943547,https://portal.registryagency.bg/CR/Reports/ActiveConditionTabResult?uic=206943547,"""НЙХ"" ЕООД",27.09.2026г.,206943547,,НЙХ,Еднолично дружество с ограничена отговорност,БЪЛГАРИЯ,"Област: Благоевград, Община: Благоевград","гр. Благоевград, п.к. 2700","бул./ул. ул.Бодрос № 11, ет. 2, ап. 2","Покупка на стоки или други вещи с цел да ги препродаде в първоначален, преработен или обработен вид; продажба на стоки от собствено производство, търговско представителство и посредничество; комисионни, спедиционни, складови и превозни сделки; лицензионни сделки; шивашки, козметични, фризьорски услуги, маникюр и други услуги; сделки с интелектуална собственост; покупка, строеж или обзавеждане на недвижими имоти с цел продажба и/или отдаване под наем; лизингови сделки; хотелиерски, туристически, рекламни, информационни и програмни услуги; производство и търговия на месни и млечни продукти и храни; превозни и таксиметрови услуги в страната и чужбина, както и всякакви други дейности и услуги, незабранени от закона",,"{""4. Изписване на чужд език"": ""NYX PLTD"", ""7. Управители"": ""Надя Йорданова Симеонова, Държава: БЪЛГАРИЯ"", ""23. Едноличен собственик на капитала"": ""Надя Йорданова Симеонова, Държава: БЪЛГАРИЯ"", ""31. Размер"": ""51.13 €"", ""32. Внесен капитал"": ""51.13 €""}"
202650689,https://portal.registryagency.bg/CR/Reports/ActiveConditionTabResult?uic=202650689,"""КТК - КОНСТАНТИН КОСТОВ"" ЕООД",27.09.2026г.,202650689,,КТК - КОНСТАНТИН КОСТОВ,Еднолично дружество с ограничена отговорност,БЪЛГАРИЯ,"Област: София (столица), Община: Столична","гр. София, п.к. 1592","р-н Искър, ж.к. ДРУЖБА, бл. 10, вх. Д, ет. 6, ап. 89","ТЪРГОВИЯ, ТРАНСПОРТНА ДЕЙНОСТ, СТРОИТЕЛСТВО И ПРЕДПРИЕМАЧЕСТВО, ВЪТРЕШНА И ВЪНШНОТЪРГОВСКА ДЕЙНОСТ, ПРОИЗВОДСТВЕНА ДЕЙНОСТ, МЕНИДЖЪРСКА И МАРКЕТИНГОВА ДЕЙНОСТ, ПОСРЕДНИЧЕСТВО, КОНСУЛТАНСКА ДЕЙНОСТ, КОМИСИОННИ УСЛУГИ, ТУРИСТИЧЕСКА ДЕЙНОСТ, ТЪРГОВСКО ПРЕДСТАВИТЕЛСТВО НА БЪЛГАРСКИ И ЧУЖДЕСТРАННИ ЮРИДИЧЕСКИ И ФИЗИЧЕСКИ ЛИЦА, БРЪСНАРО-ФРИЗЬОРСКИ И КОЗМЕТИЧНИ УСЛУГИ КАКТО И ВСЯКАКВИ ДРУГИ РАЗРЕШЕНИ ОТ ЗАКОНА ДЕЙНОСТИ.",,"{""7. Управители"": ""КОНСТАНТИН ТАШКОВ КОСТОВ, Държава: БЪЛГАРИЯ"", ""23. Едноличен собственик на капитала"": ""КОНСТАНТИН ТАШКОВ КОСТОВ, Държава: БЪЛГАРИЯ"", ""31. Размер"": ""10.23 €"", ""32. Внесен капитал"": ""10.23 €""}"
205831577,https://portal.registryagency.bg/CR/Reports/ActiveConditionTabResult?uic=205831577,"""БАР ПРО"" ЕООД",27.09.2026г.,205831577,,БАР ПРО,Еднолично дружество с ограничена отговорност,БЪЛГАРИЯ,"Област: София (столица), Община: Столична","гр. София, п.к. .","р-н Красно село, ж.к. Манастирски ливади, бул./ул. ул. Миленко Радомирец № 13, ап. 8","ПРОИЗВОДСТВО НА ЛЕД И ХРАНИТЕЛНИ ПРОДУКТИ, ВНОС ИЗНОС, ДИСТРИБУЦИЯ И ПРОДАЖБА НА ОБОРУДВАНЕ, КЕТЪРИНГ, КОНСУЛТАНТСКИ УСЛУГИ, КАКТО И ВСЯКА ДРУГА ДЕЙНОСТ РАЗРЕШЕНА ОТ ЗАКОНА.",,"{""4. Изписване на чужд език"": ""\""BAR PRO\"" Ltd."", ""6а. Основна дейност по НКИД"": ""Група по НКИД: 10.89\nКлас по НКИД: Производство на други хранителни продукти, некласифицирани другаде"", ""7. Управители"": ""Ванеса Тихомирова Стаменова, Държава: БЪЛГАРИЯ"", ""23. Едноличен собственик на капитала"": ""ВС Айс ЕООД, ЕИК/ПИК 208615613, Държава: БЪЛГАРИЯ"", ""31. Размер"": ""3323.00 €"", ""32. Внесен капитал"": ""3323.00 €""}"
205831584,https://portal.registryagency.bg/CR/Reports/ActiveConditionTabResult?uic=205831584,"""ГИГА 65"" ЕООД",27.09.2026г.,205831584,,ГИГА 65,Еднолично дружество с ограничена отговорност,БЪЛГАРИЯ,"Област: Варна, Община: Варна","гр. Варна, п.к. 9000","р-н Приморски, бул./ул. ул. Подп. Калитин № 26, ет. 5, ап. 77 Телефон: 0887419903, Адрес на електронна поща: ginkastoikova@gmail.com","Фризьорски услуги; козметични услуги; маникюр; педикюр; ноктопластика; производство и продажба на стоки и услуги; внос и износ; консултантска дейнос; обзавеждане и покупко-продажба на недвижими имоти; извършване на рекламни информационни и други услуги; тьрговско представителство и посредничество и други дейности, незабранени от закона.",,"{""4. Изписване на чужд език"": ""GIGA 65"", ""5а. Адрес за кореспонденция с НАП на територията на страната"": ""Държава: БЪЛГАРИЯ\nОбласт: Варна, Община: Варна\nНаселено място: гр. Варна, п.к. 9000\nр-н Приморски\nбул./ул. Подполковник Калитин № 26, ет. 5, ап. 77"", ""6а. Основна дейност по НКИД"": ""Група по НКИД: 96.21\nКлас по НКИД: Фризьорски и бръснарски услуги"", ""7. Управители"": ""ГИНКА АТАНАСОВА СТОЙКОВА, Държава: БЪЛГАРИЯ"", ""23. Едноличен собственик на капитала"": ""ГИНКА АТАНАСОВА СТОЙКОВА, Държава: БЪЛГАРИЯ"", ""31. Размер"": ""51.13 €"", ""32. Внесен капитал"": ""51.13 €""}"
205831591,https://portal.registryagency.bg/CR/Reports/ActiveConditionTabResult?uic=205831591,"ЕТ ""Ангел79 – Ангел Спасов""",27.09.2026г.,205831591,,Ангел79 – Ангел Спасов,Едноличен търговец,БЪЛГАРИЯ,"Област: Пазарджик, Община: Стрелча","гр. Стрелча, п.к. 4530",бул./ул. ул. Хаджи Димитър № 7,Разработване и реализиране на инвестиционни проекти; бизнес консултации; посредничество; комисионни сделки; рекламни и информационни услуги; изработване и поддържане на софтуер; cдeлки c интелектуална собственост и други сделки и дейности - незабранени със закон.,Ангел Спасов Спасов,"{""4. Изписване на чужд език"": ""SТ Angel79 – Angel Spasov"", ""5а. Адрес за кореспонденция с НАП на територията на страната"": ""Държава: БЪЛГАРИЯ\nОбласт: Пазарджик, Община: Стрелча\nНаселено място: гр. Стрелча, п.к. 4530\nбул./ул. ул. Хаджи Димитър № 7""}"
204275177,https://portal.registryagency.bg/CR/Reports/ActiveConditionTabResult?uic=204275177,"""Сет трейдинг"" ООД",27.09.2026г.,204275177,,Сет трейдинг,Дружество с ограничена отговорност,БЪЛГАРИЯ,"Област: София (столица), Община: Столична","гр. София, п.к. 1756","р-н Младост, ж.к. Дървеница, бл. 19, вх. А, ет. 1, ап. 136","Производство и вътрешна търговия със стоки, покупка и отдаване под наем на недвижими имоти, рекламна дейност, разработване на инвестиционни проекти и други дейности, незабранени от закона.",,"{""4. Изписване на чужд език"": ""SET TRADING LTD"", ""5а. Адрес за кореспонденция с НАП на територията на страната"": ""Държава: БЪЛГАРИЯ\nОбласт: София (столица), Община: Столична\nНаселено място: гр. София, п.к. 1756\nр-н Младост\nж.к. Дървеница, бл. 19, вх. А, ет. 1, ап. 136"", ""7. Управители"": ""Светослава Методиева Георгиева, Държава: БЪЛГАРИЯ\nАсен Огнянов Дуклев, Държава: БЪЛГАРИЯ"", ""11. Начин на представляване"": ""по друг начин:\nзаедно и поотделно"", ""19. Съдружници"": ""Светослава Методиева Георгиева, Държава: БЪЛГАРИЯ, Размер на дяловото участие: 20.00 лв.\nАсен Огнянов Дуклев, Държава: БЪЛГАРИЯ, Размер на дяловото участие: 20.00 лв."", ""31. Размер"": ""20.45 €"", ""32. Внесен капитал"": ""20.45 €""}"
204275184,https://portal.registryagency.bg/CR/Reports/ActiveConditionTabResult?uic=204275184,"""МАРГИТА 2001"" ЕООД",27.09.2026г.,204275184,,МАРГИТА 2001,Еднолично дружество с ограничена отговорност,БЪЛГАРИЯ,"Област: София (столица), Община: Столична","гр. София, п.к. 1000","р-н Илинден, бул./ул. ул.Цар Симеон, бл. 313, вх. А, ет. 2, ап. 5 Телефон: 0888886588","Вътрешна и външна търговия, в това число търговия с хранителни и нехранителни стоки, Вътрешен и международен транспорт и спедиция, Търговия с нови и употребявани автомобили и камиони и автомобилни части, покупка на стоки или други вещи с цел продажба в първоначален, преработен или обработен вид, продажба на стоки собствено производство, търговско посредничество и представителство в страната и чужбина, складова, лицензионна, лизингова, хотелиерска, туристическа; рекламна, информационна, програмна, консултантска дейност, импресарска дейност, покупка, строеж или обзавеждане на недвижими имоти с цел продажба, извършване на строително ремонтни дейности, както и всяка друга дейност незабранена със закон. За дейностите за които съществува разрешителен и лицензионен режим ще се извършват след изваждане на необходимите нормативно изискуеми документи и разрешителни.",,"{""7. Управители"": ""Стоян Панков Стоянов, Държава: БЪЛГАРИЯ"", ""23. Едноличен собственик на капитала"": ""Стоян Панков Стоянов, Държава: БЪЛГАРИЯ"", ""31. Размер"": ""5.11 €"", ""32. Внесен капитал"": ""5.11 €""}"
204275191,https://portal.registryagency.bg/CR/Reports/ActiveConditionTabResult?uic=204275191,"""ВАНКО МОТО"" ЕООД",27.09.2026г.,204275191,,ВАНКО МОТО,Еднолично дружество с ограничена отговорност,БЪЛГАРИЯ,"Област: Пазарджик, Община: Пещера","гр. Пещера, п.к. 4550","бул./ул. Цар Симеон № 3, ап. 6","транспорт на товари и стоки в страната и чужбина, спедиция, посредничества, вътрешна и външна търговия, внос и износ, реекспорт, бартерни сделки. строителство, производство и търговия с промишлени, битови и хранителни стоки; кафе –аператив и ресторантьорство, комисионна, складова, лизингова, хотелиерска, туристическа, рекламна, информационна, програмна, импресарска дейност и извършване на други услуги, които не влизат в противоречие със закона",,"{""4. Изписване на чужд език"": ""\""VANKO MOTO\"" ltd"", ""7. Управители"": ""ИВАН ПЕТРОВ НЕНКОВ, Държава: БЪЛГАРИЯ"", ""23. Едноличен собственик на капитала"": ""ИВАН ПЕТРОВ НЕНКОВ, Държава: БЪЛГАРИЯ"", ""31. Размер"": ""51.13 €"", ""32. Внесен капитал"": ""51.13 €""}"
204275202,https://portal.registryagency.bg/CR/Reports/ActiveConditionTabResult?uic=204275202,"ЕТ ""ДАНИ 65 - ЙОРДАНКА ИВАНОВА""",27.09.2026г.,204275202,,ДАНИ 65 - ЙОРДАНКА ИВАНОВА,Едноличен търговец,БЪЛГАРИЯ,"Област: Габрово, Община: Габрово","гр. Габрово, п.к. 5300",бул./ул. ул. Беленска № 52,"ШИВАШКИ УСЛУГИ. ПОКУПКА НА СТОКИ ИЛИ ДРУГИ ВЕЩИ С ЦЕЛ ПРЕПРОДАЖБА В ПЪРВОНАЧАЛЕН, ПРЕРАБОТЕН ИЛИ ОБРАБОТЕН ВИД. ПРОИЗВОДСТВО И ПРОДАЖБА НА РАЗРЕШЕНИ СТОКИ И ИЗДЕЛИЯ. КОМИСИОННА, СПЕДИЦИОННА И СКЛАДОВА ДЕЙНОСТИ, ВНОС, ИЗНОС. ТЪРГОВСКО ПРЕДСТАВИТЕЛСТВО И ПОСРЕДНИЧЕСТВО. PAЗKPИBAHE И EKCПЛOATAЦИЯ HA MAГAЗИHИ И CKЛAДOBE.ДРУГИ ДЕЙНОСТИ И УСЛУГИ В СТРАНАТА И ЧУЖБИНА, НЕЗАБРАНЕНИ ОТ ЗАКОНИТЕ НА РЕПУБЛИКА БЪЛГАРИЯ.",Йорданка Радославова Иванова,"{""4. Изписване на чужд език"": ""ET DANI 65 - JORDANKA IVANOVA""}"
115641874,https://portal.registryagency.bg/CR/Reports/ActiveConditionTabResult?uic=115641874,"ЕТ ""ДЕЛЧЕВ-65 - ЗАПРЯН ДЕЛЧЕВ""",27.09.2026г.,115641874,1460/1993 530,ДЕЛЧЕВ-65 - ЗАПРЯН ДЕЛЧЕВ,Едноличен търговец,БЪЛГАРИЯ,"Област: Пловдив, Община: Първомай","с. Татарево, п.к. 4282",бул./ул. ул.57-МА № 19 Телефон: 0879172504,"ПРОИЗВОДСТВО И ПОКУПКО-ПРОДАЖБА НА СЕЛСКОСТОПАНСКИ ПРОИЗВЕДЕНИЯ ОТ РАСТИТЕЛЕН И ЖИВОТИНСКИ ПРОИЗХОД В ЕСТЕСТВЕН И ПРЕРАБОТЕН ВИД, ПРОИЗВОДСТВО И ПОКУПКО-ПРОДАЖБА НА ШИВАШКИ. ПЛЕТАЧЕСКИ, ТРИКОТАЖНИ ИЗДЕЛИЯ И ДРУГИ ПРЕДМЕТИ ЗА БИТА. СПОРТА. ТУРИЗМА И ДОМАШНИ НУЖДИ. ПОКУПКО-ПРОДАЖБА НА ХРАНИТЕЛНИ СТОКИ В ЕСТЕСТВЕН И ПРЕРАБОТЕН ВИД, БЕЗАЛКОХОЛНИ, АЛКОХОЛНИ НАПИТКИ И ТЮТЮНЕВИ ИЗДЕЛИЯ, ПОКУПКО-ПРОДАЖБА НА АВТОЧАСТИ. ЕЛЕКТРОМАТЕРИАЛИ И ДРУГИ ПРОМИШЛЕНИ, ВНОС И ИЗНОС НА ПРОИЗВЕДЕНИЯТА - ПРЕДМЕТ НА ДЕЙНОСТТА НА ФИРМАТА.",ЗАПРЯН ГЕОРГИЕВ ДЕЛЧЕВ,
128015322,https://portal.registryagency.bg/CR/Reports/ActiveConditionTabResult?uic=128015322,"ЕТ ""ДИМИТЪР МИТЕВ""",27.09.2026г.,128015322,917/1996 230,ДИМИТЪР МИТЕВ,Едноличен търговец,БЪЛГАРИЯ,"Област: Ямбол, Община: Ямбол","гр. Ямбол, п.к. 8600","ж.к. ВЪЗРАЖДАНЕ, бл. 64, вх. Б, ап. 7 Телефон: 0888995077","ПOKУПKA CTOKИ ИЛИ ДPУГИ BEЩИ C ЦEЛ ДA ПPOДAЖБА, KOMИCИOHHA, СПЕДИЦИОННА, CKЛAДOBA, ЛИЗИНГОВА ДEЙHOCT HA TЪPГOBCKO ПPEДCTABИTEЛCTBO И ПOCPEДHИЧECTBO, ПPEBOЗHA, ХОТЕЛИЕРСКА, ТУРИСТИЧЕСКА, РЕКЛАМНА, ИНФОРМАЦИОННА, ПРОГРАМНА, ИМПРЕСАРСКА ДЕЙНОСТ ИЛИ ПРЕДОСТАВЯНЕ НА ДРУГИ УСЛУГИ, ПРОИЗВОДСТВО НА ВИДЕО И АУДИО ЗВУКОЗАПИСИ С ЦЕЛ ПРОДАЖБА,ПОКУПКА, СТРОЕЖ ИЛИ ОБЗАВЕЖДАНЕ НА НЕДВИЖИМИ ИМОТИ С ЦЕЛ ПРОДАЖБА, ВНОС И ИЗНОС ПО ПРЕДМЕТА НА ДЕЙНОСТ И ВСИЧКИ ДРУГИ ДЕЙНОСТИ, НЕЗАБРАНЕНИ СЪС ЗАКОН.",ДИМИТЪР КОЛЕВ МИТЕВ,
203917764,https://portal.registryagency.bg/CR/Reports/ActiveConditionTabResult?uic=203917764,"""ДЕЛТА КОНСУЛТ ПРОПЪРТИ"" ЕООД",27.09.2026г.,203917764,,ДЕЛТА КОНСУЛТ ПРОПЪРТИ,Еднолично дружество с ограничена отговорност,БЪЛГАРИЯ,"Област: София (столица), Община: Столична","гр. София, п.к. 1407","р-н Лозенец, бул./ул. БЯЛА № 3, ет. 4, ап. 7 Адрес на електронна поща: dcproperty@abv.bg","Покупка на стоки или други вещи с цел препродажба в първоначален, преработен или обработен вид, внос, износ, продажба на стоки от собствено производство, търговско представителство и посредничество на български и чуждестранни физически и юридически лица, включително посреднически услуги при покупко-продажба, замяна и отдаване под наем на недвижими имоти, комисионни, спедиционни и превозни сделки, складови сделки, сделки с интелектуална собственост, хотелиерски, туристически, рекламни, информационни, програмни, импресарски или други услуги, консултанска дейност, покупка, строеж или обзавеждане на недвижими имоти с цел продажба и всяка друга дейност, която по предмет и обем изисква да бъде извършвана по търговски начин и не е забранена за осъществяване от българското законодателство, дори и да не е изброена по-горе.",,"{""4. Изписване на чужд език"": ""DELTA CONSULT PROPERTY LTD."", ""5а. Адрес за кореспонденция с НАП на територията на страната"": ""Държава: БЪЛГАРИЯ\nОбласт: София (столица), Община: Столична\nНаселено място: гр. София, п.к. 1407\nр-н Лозенец\nбул./ул. БЯЛА № 3, ет. 4, ап. 7"", ""7. Управители"": ""НИКОЛАЙ ИЛИАН РАКАДЖИЕВ, Държава: БЪЛГАРИЯ"", ""23. Едноличен собственик на капитала"": ""НИКОЛАЙ ИЛИАН РАКАДЖИЕВ, Държава: БЪЛГАРИЯ"", ""31. Размер"": ""1.02 €"", ""32. Внесен капитал"": ""1.02 €""}"
203917771,https://portal.registryagency.bg/CR/Reports/ActiveConditionTabResult?uic=203917771,"""АТИЛА ФУДС"" ЕООД",27.09.2026г.,203917771,,АТИЛА ФУДС,Еднолично дружество с ограничена отговорност,БЪЛГАРИЯ,"Област: София (столица), Община: Столична","гр. София, п.к. 1000","р-н Витоша, бул./ул. ул. Поп Евстати Витошки № 48","транспортна и спедиторска дейност, озеленяване и дизайн; ресторантьорство и хотелиерство; туристическа дейност; рекламна и импресарска дейност; охранителна дейност; внос и износ на суровини, материали и продукти, вътрешна и външна търговия с хранителни и нехранителни стоки, в това число и акцизни стоки; издателска дейност; лизингова дейност; търговско представителство и посредничество на български и чуждестранни физически и юридически лица; проучване, разработка и реализация на проекти в областта на рекламата, търговията, туризма и услугите; битови услуги; комисионни договори; складова дейност; компютърни услуги; обследване, и организиране и изпълнение на консултантски и проучвателни дейности; предприемаческа дейност, както и всяка друга дейност, не забранена от закона",,"{""4. Изписване на чужд език"": ""ATILA FOODS"", ""5а. Адрес за кореспонденция с НАП на територията на страната"": ""Държава: БЪЛГАРИЯ\nОбласт: София (столица), Община: Столична\nж.к. Драгалевци, бул./ул. ул. Ваклинец № 1"", ""7. Управители"": ""Емилия Славчева Попова, Държава: БЪЛГАРИЯ"", ""11. Начин на представляване"": """", ""23. Едноличен собственик на капитала"": ""Емилия Славчева Попова, Държава: БЪЛГАРИЯ"", ""31. Размер"": ""50.00 €"", ""32. Внесен капитал"": ""50.00 €""}"
208293404,https://portal.registryagency.bg/CR/Reports/ActiveConditionTabResult?uic=208293404,"""МСВ ХИТ КОНСУЛТ"" ЕООД",27.09.2026г.,208293404,,МСВ ХИТ КОНСУЛТ,Еднолично дружество с ограничена отговорност,БЪЛГАРИЯ,"Област: София (столица), Община: Столична","гр. София, п.к. 1000","р-н Витоша, бул./ул. ул. „Ветрушка“ № 7А, ет. 3, ап. 15","ПOCPEДHИЧECTBO ПPИ CKЛЮЧBAHE И ИЗПЪЛHEHИE HA ЗACTPAXOBATEЛHИ ДOГOBOPИ KATO ЗACTPAXOBATEЛEH БPOKEP ИЛИ AГEHT /CЛEД ИЗДABAHE HA ЛИЦEHЗ/, ПРЕДСТАВИТЕЛСТВО НА БЪЛГАРСКИ И ЧУЖДЕСТРАННИ ФИЗИЧЕСКИ И ЮРИДИЧЕСКИ ЛИЦА В СТРАНАТА И ЧУЖБИНА, ОТДАВАНЕ ПОД НАЕМ НА АВТОМОБИЛИ - ЛЕКИ И ТЕЖКО ТОВАРНИ, РЕНТА КАР, ПОКУПКО – ПРОДАЖБА НА АВТОМОБИЛИ, ВНОС НА АВТОМОБИЛИ, КОМИСИОННИ, СПЕДИЦИОННИ, ПРЕВОЗНИ, РЕКЛАМНИ, ИМПРЕСАРСКИ, АГЕНТСТВО, КОНСИГНАЦИЯ, КАКТО И ВСЯКАКЪВ ВИД ДРУГА ДЕЙНОСТ, НЕЗАБРАНЕНА ОТ ЗАКОН.",,"{""4. Изписване на чужд език"": ""„MSV HIT CONSULT” EOOD"", ""7. Управители"": ""Мартин Стоименов Врагов, Държава: БЪЛГАРИЯ"", ""23. Едноличен собственик на капитала"": ""Мартин Стоименов Врагов, Държава: БЪЛГАРИЯ"", ""31. Размер"": ""2556.46 €"", ""32. Внесен капитал"": ""2556.46 €""}"
103310464,https://portal.registryagency.bg/CR/Reports/ActiveConditionTabResult?uic=103310464,"ЕТ ""ГАЛИ 85 - КОСТАДИНКА МИХНЕВА""",27.09.2026г.,103310464,1484/1999 310,ГАЛИ 85 - КОСТАДИНКА МИХНЕВА,Едноличен търговец,БЪЛГАРИЯ,"Област: Варна, Община: Варна","гр. Варна, п.к. 9023","р-н Владислав Варненчик, бул./ул. ж.к. ВЛ.ВАРНЕНЧИК бл. 304 вх.9 ап.137","ПРОИЗВОДСТВО, ПОКУПКА, ПРЕРАБОТКА И ОПАКОВКА НА СТОКИ ИЛИ ДРУГИ ВЕЩИ С ЦЕЛ ПРОДАЖБА В ПЪРВОНАЧАЛЕН, ПРЕРАБОТЕН ИЛИ ОБРАБОТЕН ВИД; ТЪРГОВСКА ДЕЙНОСТ В СТРАНАТА И ЧУЖБИНА; ВНОС-ИЗНОС НА СТОКИ; СЕЛСКОСТОПАНСКА ДЕЙНОСТ И ТЪРГОВИЯ СЪС СЕЛСКОСТОПАНСКИ ПРОДУКТИ В ГОТОВ И ПРЕРАБОТЕН ВИД; ПРОИЗВОДСТВО И ПАКЕТАЖ НА ХРАНИТЕЛНИ И НЕХРАНИТЕЛНИ ПРОДУКТИ; КОМИСИОННА, СПЕДИЦИОННА И ПРЕВОЗНА ДЕЙНОСТ.",КОСТАДИНКА КЪНЕВА МИХНЕВА,"{""4. Изписване на чужд език"": ""GALI 85 - KOSTADINKA MIHNEVA""}"
202868759,https://portal.registryagency.bg/CR/Reports/ActiveConditionTabResult?uic=202868759,"ЕТ ""АГЛЕЯ - ПРЕСЛАВА ЦВЕТКОВА""",27.09.2026г.,202868759,,АГЛЕЯ - ПРЕСЛАВА ЦВЕТКОВА,Едноличен търговец,БЪЛГАРИЯ,"Област: Разград, Община: Разград","гр. Разград, п.к. 7200","бул./ул. бул. БЕЛИ ЛОМ № 27, вх. Б, ет. 1, ап. 12","ТЪРГОВИЯ НА ДРЕБНО И ЕДРО С ПРОМИШЛЕНИ СТОКИ И СЕЛСКОСТОПАНСКИ СТОКИ, ДЕЙНОСТИ СВЪРЗАНИ С УСЛУГИ НА НАСЕЛЕНИЕТО, КАКТО И ВСЯКАКВИ ДРУГИ ДЕЙНОСТИ ПОЗВОЛЕНИ ОТ ЗАКОНА И НЕИЗИСКВАЩИ РАЗЛИЧЕН ОТ ТЪРГОВСКИЯ РЕЖИМ НА РЕГИСТРАЦИЯ.",ПРЕСЛАВА СТОЯНОВА ЦВЕТКОВА,"{""4. Изписване на чужд език"": ""ET \""AGLEJ - PRESLAVA TSVETKOVA\"""", ""6а. Основна дейност по НКИД"": ""Група по НКИД: 4772\nКлас по НКИД: ТЪРГОВИЯ НА ДРЕБНО С ОБУВКИ И КОЖЕНИ ИЗДЕЛИЯ""}"
202868766,https://portal.registryagency.bg/CR/Reports/ActiveConditionTabResult?uic=202868766,"ЕТ ""ДИМИТЪР КОСТАДИНОВ 65""",27.09.2026г.,202868766,,ДИМИТЪР КОСТАДИНОВ 65,Едноличен търговец,БЪЛГАРИЯ,"Област: София (столица), Община: Столична","с. Бусманци, п.к. 1520",бул./ул. ЛАШОВА № 1,"ТЪРГОВИЯ СЪС СТОКИ И УСЛУГИ. КОМИСИОННА, СПЕДИЦИОННА, СКЛАДОВА И ЛИЗИНГОВА ДЕЙНОСТ. ТЪРГОВСКО ПРЕДСТАВИТЕЛСТВО И ПОСРЕДНИЧЕСТВО. ПРЕВОЗНА, ХОТЕЛИЕРСКА, РЕСТОРАНТЬОРСКА, ТУРИСТИЧЕСКА ДЕЙНОСТ.",ДИМИТЪР ТОДОРОВ КОСТАДИНОВ,
202868773,https://portal.registryagency.bg/CR/Reports/ActiveConditionTabResult?uic=202868773,"""ЛИТЪЛ ШИП"" ЕООД",27.09.2026г.,202868773,,ЛИТЪЛ ШИП,Еднолично дружество с ограничена отговорност,БЪЛГАРИЯ,"Област: Благоевград, Община: Благоевград",гр. Благоевград,"ж.к. ЕЛЕНОВО, бл. 23, вх. А, ап. 7","ВЪТРЕШНА И ВЪНШНА ТЪРГОВИЯ, ПОКУПКА НА СТОКИ С ЦЕЛ ПРЕПРОДАЖБА В ПЪРВОНАЧАЛЕН, ПРЕРАБОТЕН ИЛИ ОБРАБОТЕН ВИД, КОМИСИОННА, СПЕДИЦИОННА, СКЛАДОВА, КОНСИГНАЦИОННА, РЕКЛАМНА, ИНФОРМАЦИОННА, ЛИЗИНГОВА, КАКТО И ВСЯКА ДРУГА ДЕЙНОСТ, НЕЗАБРАНЕНА ОТ ЗАКОНА.",,"{""5а. Адрес за кореспонденция с НАП на територията на страната"": ""Държава: БЪЛГАРИЯ\nОбласт: София (столица), Община: Столична\nНаселено място: гр. София, п.к. 1527\nр-н Оборище\nбул./ул. ВАСИЛ ЛЕВСКИ № 150, ет. 4, ап. 3"", ""7. Управители"": ""ИВАН ДИНЕВ, Държава: МАКЕДОНИЯ"", ""23. Едноличен собственик на капитала"": ""ИВАН ДИНЕВ, Държава: МАКЕДОНИЯ"", ""31. Размер"": ""1.02 €"", ""32. Внесен капитал"": ""1.02 €""}"
202868780,https://portal.registryagency.bg/CR/Reports/ActiveConditionTabResult?uic=202868780,"""СТЕПТЕЛ СЕТ 95"" ЕООД",27.09.2026г.,202868780,,СТЕПТЕЛ СЕТ 95,Еднолично дружество с ограничена отговорност,БЪЛГАРИЯ,"Област: София (столица), Община: Столична",гр. София,"р-н Люлин, ж.к. ЛЮЛИН 10, бл. 103, вх. В, ет. 7, ап. 72","ВЪТРЕШНА И ВЪНШНА ТЪРГОВИЯ, ПОКУПКА НА СТОКИ С ЦЕЛ ПРЕПРОДАЖБА В ПЪРВОНАЧАЛЕН, ПРЕРАБОТЕН ИЛИ ОБРАБОТЕН ВИД, КОМИСИОННА, СПЕДИЦИОННА, СКЛАДОВА, КОНСИГНАЦИОННА, РЕКЛАМНА, ИНФОРМАЦИОННА, ЛИЗИНГОВА, КАКТО И ВСЯКА ДРУГА ДЕЙНОСТ, НЕЗАБРАНЕНА ОТ ЗАКОНА.",,"{""5а. Адрес за кореспонденция с НАП на територията на страната"": ""Държава: БЪЛГАРИЯ\nОбласт: София (столица), Община: Столична\nНаселено място: гр. София\nр-н Люлин\nж.к. ЛЮЛИН 10, бл. 103, вх. В, ет. 7, ап. 72"", ""7. Управители"": ""ЗОРАН ТРАЖАНОВ, Държава: МАКЕДОНИЯ"", ""23. Едноличен собственик на капитала"": ""ЗОРАН ТРАЖАНОВ, Държава: МАКЕДОНИЯ"", ""31. Размер"": ""1.02 €"", ""32. Внесен капитал"": ""1.02 €""}"
203247381,https://portal.registryagency.bg/CR/Reports/ActiveConditionTabResult?uic=203247381,"""АРИФ БИЛДИНГ"" ЕООД",27.09.2026г.,203247381,,АРИФ БИЛДИНГ,Еднолично дружество с ограничена отговорност,БЪЛГАРИЯ,"Област: София (столица), Община: Столична","гр. София, п.к. 1000","р-н Средец, бул./ул. ул. Генерал Йосиф Гурко № 52, ет. 2, ап. 4","Покупка на стоки или други вещи с цел да ги продаде в първоначален, преработен или обработен вид; откриване и експлоатация на ресторанти и заведения за бързо обслужване; строителство и ремонт на жилищни и нежилищни сгради; товарен автомобилен транспорт и услуги по преместване; мениджърски и консултантски услуги; внос, износ, специфични търговски операции; продажба на стоки от собствено производство; търговско представителство и посредничество; складови сделки; покупка, строеж и обзавеждане на недвижими имоти с цел продажба, и всяка друга дейност, за която няма изрична законова забрана.",,"{""4. Изписване на чужд език"": ""ARIF BILDING"", ""5а. Адрес за кореспонденция с НАП на територията на страната"": ""Държава: БЪЛГАРИЯ\nОбласт: София (столица), Община: Столична\nНаселено място: гр. София, п.к. 1000\nр-н Средец\nбул./ул. ул. Генерал Йосиф Гурко № 52, ет. 2, ап. 4"", ""6а. Основна дейност по НКИД"": ""Група по НКИД: 41.20\nКлас по НКИД: Строителство на жилищни и нежилищни сгради"", ""7. Управители"": ""АИШЕ ДЖОШКУН, Държава: БЪЛГАРИЯ"", ""23. Едноличен собственик на капитала"": ""АИШЕ ДЖОШКУН, Държава: БЪЛГАРИЯ"", ""31. Размер"": ""5.11 €"", ""32. Внесен капитал"": ""5.11 €""}"
206780541,https://portal.registryagency.bg/CR/Reports/ActiveConditionTabResult?uic=206780541,"""ДЕНТАЛБУКС"" ЕООД",27.09.2026г.,206780541,,ДЕНТАЛБУКС,Еднолично дружество с ограничена отговорност,БЪЛГАРИЯ,"Област: София (столица), Община: Столична","гр. София, п.к. 1172","р-н Изгрев, бул./ул. ж.к. Дианабад, ул. Св. Пимен Зографски № 38, вх. Д, ап. 4","издателство и разпространение на книги и други печатни произведения, търговия в страната и в чужбина на едро и дребно с книги, печатни издания, ученически пособия и материали, настолни игри и др.; организизиране на мероприятия и събития; създаване и разпространение на информация и творчески продукти, издателска дейност, включително издаване на книги, периодика, справочници, каталози и бази от данни, в печатна, електронна или аудио-форма, издаване на мултимедийни и програмни продукти, бизнес приложения, игри и други видове софтуер, работа със смислови единици и съдържание, структуриране на данни, сигурност, компютърно програмиране, разработка на софтуер, конвертиране, адаптиране и друга обработка на данни, предоставяне на информационни услуги и консултации в различни области, предоставяне на професионални напътствия и консултации; посредническа и търговска дейност; лицензиране, производство и преработка, както и всяка друга, незабранена от закона дейност",,"{""4. Изписване на чужд език"": ""DENTALBOOKS"", ""7. Управители"": ""ВЕРА МАРТИНОВА ДАВИДОВА, Държава: БЪЛГАРИЯ"", ""23. Едноличен собственик на капитала"": ""ВЕРА МАРТИНОВА ДАВИДОВА, Държава: БЪЛГАРИЯ"", ""31. Размер"": ""511.29 €"", ""32. Внесен капитал"": ""511.29 €""}"
206780559,https://portal.registryagency.bg/CR/Reports/ActiveConditionTabResult?uic=206780559,"""МИШЕЛ 2022"" ЕООД",27.09.2026г.,206780559,,МИШЕЛ 2022,Еднолично дружество с ограничена отговорност,БЪЛГАРИЯ,"Област: Хасково, Община: Свиленград","гр. Свиленград, п.к. 6500","бул./ул. ул. ""Доктор Страшимир Дочков"" № 20А","земеделска дейност, обработка на земеделски земи, зърнопроизводство, производство на земеделски продукти или други вещи с цел продажба в първоначален, преработен или обработен вид; търговска дейност, покупко– продажба строеж или обзавеждане на недвижими имоти с цел препродажба; консултантски и информационни услуги; търговско представителство; посредничество и агентство на местни и чуждестранни лица в страната и чужбина; посредничество при сключване на сделки с недвижими имоти; комисионна, спедиционна, лизингова дейност; придобиване на дялове и акции и участие в други дружества в страната и чужбина, хотелиерство и ресторантьорство, както и всяка друга дейност, която не е забранена със закон и където е необходимо след издаване на лиценз",,"{""7. Управители"": ""ВИКТОРИЯ ПЛАМЕНОВА ВЪЛЕВА, Държава: БЪЛГАРИЯ"", ""23. Едноличен собственик на капитала"": ""Виктория Пламенова Вълева, Държава: БЪЛГАРИЯ"", ""31. Размер"": ""511.29 €"", ""32. Внесен капитал"": ""511.29 €""}"
206780566,https://portal.registryagency.bg/CR/Reports/ActiveConditionTabResult?uic=206780566,"""ДОГМА 65"" ЕООД",27.09.2026г.,206780566,,ДОГМА 65,Еднолично дружество с ограничена отговорност,БЪЛГАРИЯ,"Област: София (столица), Община: Столична","гр. София, п.к. 1404","р-н Триадица, ж.к. СТРЕЛБИЩЕ, бул./ул. ТУЛЧА, бл. 46, вх. Б, ет. 1, ап. 26 Телефон: 0879440128, Адрес на електронна поща: harry99b@abv.bg","ПРОИЗВОДСТВО И ТЪРГОВИЯ СЪС СТОКИ И УСЛУГИ, РЕСТОРАНТЬОРСКА И ХОТЕЛИЕРСКА ДЕЙНОСТ, КОНСУЛТАНТСКА ДЕЙНОСТ, ТУРИСТИЧЕСКА, СЕРВИЗНА, РЕМОНТНА, ТРАНСПОРТНА, ПРОГРАМНО-ТЕХНИЧЕСКА, ПОСРЕДНИЧЕСКА ДЕЙНОСТ, ВНОС, ИЗНОС, НОУ -ХАУ, ПРЕДСТАВИТЕЛСТВО (БЕЗ ПРОЦЕСУАЛНО) НА ФИЗИЧЕСКИ И ЮРИДИЧЕСКИ ЛИЦА В СТРАНАТА И ЧУЖБИНА, КАКТО И ВСЯКАКВА СТОПАНСКА ДЕЙНОСТ, КОЯТО НЕ Е ЗАБРАНЕНА ОТ ЗАКОНА.",,"{""4. Изписване на чужд език"": ""DOGMA 65 EOOD"", ""5а. Адрес за кореспонденция с НАП на територията на страната"": ""Държава: БЪЛГАРИЯ\nОбласт: София (столица), Община: Столична\nНаселено място: гр. София, п.к. 1618\nр-н Витоша\nж.к. МАНАСТИРСКИ ЛИВАДИ-ЗАПАД, бул./ул. БЯЛО ПОЛЕ № 17, бл. СЕКЦИЯ А, ет. 1"", ""6а. Основна дейност по НКИД"": ""Група по НКИД: 4778\nКлас по НКИД:"", ""7. Управители"": ""ЛАЗАРИНА СЛАВЧЕВА БАЛАБАНОВА, Държава: БЪЛГАРИЯ"", ""23. Едноличен собственик на капитала"": ""ХАРИ ЛЪЧЕЗАРОВ БАЛАБАНОВ, Държава: БЪЛГАРИЯ"", ""31. Размер"": ""306.78 €"", ""32. Внесен капитал"": ""306.78 €""}"
203593127,https://portal.registryagency.bg/CR/Reports/ActiveConditionTabResult?uic=203593127,"Кооперация ""ВЗАИМОСПОМАГАТЕЛНА КООПЕРАЦИЯ ""ПОПУЛЯРНА КАСА АРМЕДА""""",27.09.2026г.,203593127,,"ВЗАИМОСПОМАГАТЕЛНА КООПЕРАЦИЯ ""ПОПУЛЯРНА КАСА АРМЕДА""",Кооперация,БЪЛГАРИЯ,"Област: Разград, Община: Разград","гр. Разград, п.к. 7200","бул./ул. ул. Бели лом № 36, ет. 1, ап. 1 Телефон: 0896635664, Адрес на електронна поща: m_peeva_@abv.bg","Търговско представителство и посредничество на местни и чуждестранни физически и юридически лица; Производство на стоки с цел продажба; Предоставяне на услуги за местни и чуждестранни физически и юридически лица - консултантски, комисионни, информационни, финансово - счетоводни, административни, програмни, размножителни и всички други, незабранени със закон; Предоставяне на заеми само на член - кооператорите за сметка на направените от тях и на техен риск вноски в образуваната по решение на общото събрание взаимоспомагателна каса, съгласно изискванията на чл.36 ал.1 и ал.2 от ЗК и чл.4, т.З от ЗКИ.",,"{""9. Председател"": ""МИЛЕНА ГАНЧЕВА ПЕЕВА, Държава: БЪЛГАРИЯ"", ""13. Управителен съвет"": ""Дата на изтичане на мандата: 23.04.2027 г.\nМИЛЕНА ГАНЧЕВА ПЕЕВА, Държава: БЪЛГАРИЯ\nАНДРЕЙ ПЕТКОВ АНДРЕЕВ, Държава: БЪЛГАРИЯ\nВИРГИНИЯ НЕДЯЛКОВА ХРИСТОВА, Държава: БЪЛГАРИЯ"", ""15. Контролен съвет"": ""Дата на изтичане на мандата: 23.04.2027 г.\nВИКТОР ГЕОРГИЕВ РАДЕВ, Държава: БЪЛГАРИЯ\nМЕХМЕД СЮЛЕЙМАНОВ САДЪКОВ, Държава: БЪЛГАРИЯ""}"
103317099,https://portal.registryagency.bg/CR/Reports/ActiveConditionTabResult?uic=103317099,"""ЕКСПРЕСО-65"" ЕООД",27.09.2026г.,103317099,1899/1999 310,ЕКСПРЕСО-65,Еднолично дружество с ограничена отговорност,БЪЛГАРИЯ,"Област: Варна, Община: Варна","гр. Варна, п.к. 9000","р-н Приморски, ж.к. С.О АКЧЕЛАР № 522 640 Телефон: 052/500-605, Адрес на електронна поща: rumgna_lazarova@abv.bg","Вътрешно и външно търговска дейност, търговско представителство и посредничество, комисионна дейност, издателска дейност, маркетинг, проектантска дейност, ремонтна, сервизна, строителна, снабдителска, транспортна дейност, екскурзоводска, туристическа, както и всяка друга дейност незабранена от закона.",,"{""4. Изписване на чужд език"": ""ECSRES-65"", ""5а. Адрес за кореспонденция с НАП на територията на страната"": ""Държава: БЪЛГАРИЯ\nОбласт: Варна, Община: Варна\nНаселено място: гр. Варна, п.к. 9010\nр-н Приморски\nж.к. ЧАЙКА, бл. 10, вх. Б, ет. 2, ап. 18"", ""6а. Основна дейност по НКИД"": ""Група по НКИД: 2511\nКлас по НКИД: ПРОИЗВОДСТВО НА МЕТАЛНИ КОНСТРУКЦИИ И ЧАСТИ ОТ ТЯХ"", ""7. Управители"": ""ОГНЯН АТАНАСОВ АНГЕЛОВ, Държава: БЪЛГАРИЯ"", ""23. Едноличен собственик на капитала"": ""ОГНЯН АТАНАСОВ АНГЕЛОВ, Държава: БЪЛГАРИЯ"", ""31. Размер"": ""2556.46 €"", ""32. Внесен капитал"": ""2556.46 €""}"
119614344,https://portal.registryagency.bg/CR/Reports/ActiveConditionTabResult?uic=119614344,"""ХРИСТО - 84"" ЕООД",27.09.2026г.,119614344,701/2003 220,ХРИСТО - 84,Еднолично дружество с ограничена отговорност,БЪЛГАРИЯ,"Област: Сливен, Община: Сливен","гр. Сливен, п.к. 8800",бул./ул. ул. АПРИЛСКО ВЪСТАНИЕ № 11,"Извършване на всякакъв вид автомонтъорски услуги и сервизна дейност; рекламна дейност; извършване на външнотърговска и вътрешнотьрговска дейност; търговия на едро и дребно; покупка на стоки или други вещи с цел препродажба в първоначален, преработен или обработен вид; продажба на стоки от собствено производство; международен транспорт; комисионни, спедиционни, превозни, складови и лицензионни сделки; бизнес и финансови консултации; търговско представителство и посредничество; сделки с интелектуална собственост; предоставяне на хотелиерски, туристически, рекламни, информационни, импресарски услуги, както и други услуги незабранени от българското законодателство, които ще се извършват по търговски начин; покупка, строеж и обзавеждане на недвижими имоти с цел продажба; лизинг.",,"{""6а. Основна дейност по НКИД"": ""Група по НКИД: 5630\nКлас по НКИД: ДЕЙНОСТ НА ПИТЕЙНИ ЗАВЕДЕНИЯ"", ""7. Управители"": ""ХРИСТО ИЛИЕВ ХРИСТОВ, Държава: БЪЛГАРИЯ"", ""23. Едноличен собственик на капитала"": ""ХРИСТО ИЛИЕВ ХРИСТОВ, Държава: БЪЛГАРИЯ"", ""31. Размер"": ""2556.46 €"", ""32. Внесен капитал"": ""2556.46 €""}"
119614369,https://portal.registryagency.bg/CR/Reports/ActiveConditionTabResult?uic=119614369,"ЕТ ""ЕМИЛ СИМЕОНОВ 65""",27.09.2026г.,119614369,688/2003 220,ЕМИЛ СИМЕОНОВ 65,Едноличен търговец,БЪЛГАРИЯ,"Област: Сливен, Община: Сливен","гр. Сливен, п.к. 8800","ж.к. .БЪЛГАРКА, бл. 24, вх. Б, ет. 8, ап. 22 Телефон: 0878767159","ТЪРГОВИЯ НА ЕДРО И ДРЕБНО С ВСИЧКИ ВИДОВЕ СТОКИ У НАС И ЧУЖБИНА, РАЗКРИВАНЕ И ЕКСПЛОАТАЦИЯ НА ТЪРГОВСКИ ОБЕКТИ - БАР, РЕСТОРАНТ, КАФЕ- СЛАДКАРНИЦА, АПЕРАТИВ, ПРОИЗВОДСТВО, ИЗКУПУВАНЕ, ПРЕРАБОТКА И ТЪРГОВИЯ СЪС СЕЛСКОСТОПАНСКА И ЖИВОТИНСКА ПРОДУКЦИЯ НА ВЪТРЕШНИЯ И ВЪНШНИЯ ПАЗАР, ПРОИЗВОДСТВО НА ХРАНИТЕЛНИ И НЕХРАНИТЕЛНИ СТОКИ И ПОСРЕДНИЧЕСТВО, КОМИСИОННИ, СПЕДИЦИОННИ, ТРАНСПОРТНИ В ТОВА ЧИСЛО И МЕЖДУНАРОДЕН И ТАКСИМЕТРОВ ТРАНСПОРТ, ХОТЕЛИЕРСКИ, ТУРИСТИЧЕСКИ, СТРОИТЕЛНИ И РЕМОНТНО СТРОИТЕЛНИ, РЕКЛАМНИ, ИНФОРМАЦИОННИ, ПРОГРАМНИ, ПРОЕКТАНТСКИ, АВТОРЕМОНТНИ, РЕМОНТ НА СТРОИТЕЛНИ И ЗЕМЕДЕЛСКИ. МАШИНИ, РЕМОНТ НА ЕЛЕКТРОНИКА, КОПИРНИ УСЛУГИ, ФРИЗЬОРСКИ, КОЗМЕТИЧНИ И ШИВАШКИ УСЛУГИ.",ЕМИЛ ХРИСТОВ СИМЕОНОВ,
147226384,https://portal.registryagency.bg/CR/Reports/ActiveConditionTabResult?uic=147226384,"""КУЛ-ДЖИ"" ЕООД",27.09.2026г.,147226384,4556/2007 210,КУЛ-ДЖИ,Еднолично дружество с ограничена отговорност,БЪЛГАРИЯ,"Област: Бургас, Община: Бургас","гр. Бургас, п.к. 8000","бул./ул. ул.""Карлово"" № 32, ет. 6","ПОКУПКА НА СТОКИ И ДРУГИ ВЕЩИ С ЦЕЛ ПРЕПРОДАЖБА ( В ПЪРВОНАЧАЛЕН, ПРЕРАБОТЕН ИЛИ ОБРАБОТЕН ВИД) – НА ЕДРО И НА ДРЕБНО; ПРОДАЖБА НА СТОКИ ОТ СОБСТВЕНО ПРОИЗВОДСТВО; ДЪРВОДЕЛСКИ УСЛУГИ И ДЪРВОДОБИВ; СТРОИТЕЛНИ И АВТОМОБИЛНИ РЕМОНТНИ УСЛУГИ; ДОСТАВКА, МОНТАЖ И СЕРВИЗ НА КЛИМАТИЧНИ ИНСТАЛАЦИИ; РЕМОНТ НА БИТОВИ УРЕДИ И ЕЛЕКТРОТЕХНИКА; СЧЕТОВОДНИ УСЛУГИ; КОМИСИОННИ, СПЕДИЦИОННИ, СКЛАДОВИ И ПРЕВОЗНИ СДЕЛКИ; СТОКОВ КОНТРОЛ; ХОТЕЛИЕРСКИ, РЕСТОРАНТЬОРСКИ И ДРУГИ ТУРИСТИЧЕСКИ УСЛУГИ; РЕКЛАМНИ, ИНФОРМАЦИОННИ И КОНСУЛТАНТСКИ УСЛУГИ; ПОСРЕДНИЧЕСКИ УСЛУГИ ПРИ СДЕЛКИ С НЕДВИЖИМИ ИМОТИ; ТЪРГОВСКО ПРЕДСТАВИТЕЛСТВО И ПОСРЕДНИЧЕСТВО НА МЕСТНИ И ЧУЖДЕСТРАННИ ЛИЦА; ВЪНШНОТЪРГОВСКИ СДЕЛКИ.",,"{""4. Изписване на чужд език"": ""COOL-G EOOD"", ""7. Управители"": ""ЗЛАТКА АТАНАСОВА НЕДЕВА, Държава: БЪЛГАРИЯ"", ""23. Едноличен собственик на капитала"": ""ЗЛАТКА АТАНАСОВА НЕДЕВА, Държава: БЪЛГАРИЯ"", ""31. Размер"": ""2556.46 €"", ""32. Внесен капитал"": ""2556.46 €""}"
147226391,https://portal.registryagency.bg/CR/Reports/ActiveConditionTabResult?uic=147226391,"""ТАНТО РИЧЕЗА"" ЕООД",27.09.2026г.,147226391,4561/2007 210,ТАНТО РИЧЕЗА,Еднолично дружество с ограничена отговорност,БЪЛГАРИЯ,"Област: Бургас, Община: Поморие","гр. Поморие, п.к. 8200",бул./ул. Мусала № 7,"покупка на стоки или други вещи с цел продажба в първоначален, обработен или преработен вид, продажба на стоки от собствено производство, търговско представителство и посредничество, комисионни, спедиционни и превозни сделки, складови сделки, лицензионни сделки, стоков контрол, сделки с интелектуална собственост, хотелиерски, туристически, рекламни, информационни, програмни, импресарски, фризьорски или други услуги, покупка, строеж или обзавеждане на недвижими имоти с цел продажба, лизинг.",,"{""5а. Адрес за кореспонденция с НАП на територията на страната"": ""Държава: БЪЛГАРИЯ\nОбласт: Бургас, Община: Поморие\nНаселено място: гр. Поморие, п.к. 8200\nбул./ул. Мусала № 7"", ""7. Управители"": ""Нина Йорданова Бинчева, Държава: БЪЛГАРИЯ"", ""23. Едноличен собственик на капитала"": ""Нина Йорданова Бинчева, Държава: БЪЛГАРИЯ"", ""31. Размер"": ""2556.50 €"", ""32. Внесен капитал"": ""2556.50 €""}"
147226402,https://portal.registryagency.bg/CR/Reports/ActiveConditionTabResult?uic=147226402,"""ЖЕЛЕВ 65"" ЕООД",27.09.2026г.,147226402,4567/2007 210,ЖЕЛЕВ 65,Еднолично дружество с ограничена отговорност,БЪЛГАРИЯ,"Област: Бургас, Община: Созопол","гр. Созопол, п.к. 8130",бул./ул. АПОЛОНИЯ № 9 Адрес на електронна поща: nikomkonsult@abv.bg,"ПOKУПKA HA CTOKИ ИЛИ ДPУГИ BEЩИ C ЦEЛ ПPOДAЖБA B ПЪPBOHAЧAЛEH, ПPEPAБOTEH ИЛИ OБPAБOTEH BИД; ПPOИЗBOДCTBO HA CTOKИ C ЦEЛ ПPOДAЖБA; KOMИCИOHHИ, CПEДИЦИOHHИ, ПPEBOЗHИ, CKЛAДOBИ, ЛИЗИHГOBИ CДEЛKИ; CДEЛKИ C ИHTEЛEKTУAЛHA COБCTBEHOCT; BЪHШHOTЪPГOBCKИ CДEЛKИ, ИMПOPT, EKCПOPT, PEEKCПOPT; CДEЛKИ B OБЛACTTA HA BЪTPEШHИЯ И MEЖДУHAPOДEH TУPИЗЪM; PECTOPAHTЬOPCTBO, XOTEЛИEPCTBO, TУPИCTИЧECKO AГEHTCTBO И TУPOПEPATOPCKИ CДEЛKИ; PEKЛAMHИ И PEKЛAMHO-ИHФOPMAЦИOHHИ CДEЛKИ; CДEЛKИ B OБЛACTTA HA BЪTPEШHИЯ И MEЖДУHAPOДEH TPAHCПOPT HA ФИЗИЧECKИ ЛИЦA И TOBAPИ И B TAKCИMETPOBИЯ TPAHCПOPT; ПPOИЗBOДCTBO И ПPOДAЖБA HA TEЛEФOHHИ И MOБИЛHИ AПAPATИ, AKCECOAPИ И ДPУГИ ПPИHAДЛEЖHOCTИ ЗA TЯX.",,"{""7. Управители"": ""НИКОЛАЙ ДИМИТРОВ ЖЕЛЕВ"", ""23. Едноличен собственик на капитала"": ""НИКОЛАЙ ДИМИТРОВ ЖЕЛЕВ"", ""31. Размер"": ""2556.46 €"", ""32. Внесен капитал"": ""2556.46 €""}"
200404339,https://portal.registryagency.bg/CR/Reports/ActiveConditionTabResult?uic=200404339,"""ГОЛДЩАЙН КОЛ"" ЕООД",27.09.2026г.,200404339,,ГОЛДЩАЙН КОЛ,Еднолично дружество с ограничена отговорност,БЪЛГАРИЯ,"Област: Варна, Община: Варна","гр. Варна, п.к. 9000","р-н Одесос, бул./ул. ул. ГРАФ ИГНАТИЕВ № 17","КОНСУЛТАЦИИ В ОБЛАСТТА НА ДОГОВОРНОТО, ТЪРГОВСКОТО, ДАНЪЧНОТО, ВЕЩНОТО, НАСЛЕДСТВЕНОТО И АДМИНИСТРАТИВНОТО ПРАВО; РАЗРАБОТВАНЕ, УПРАВЛЕНИЕ, ИЗПЪЛНЕНИЕ, МОНИТОРИНГ И ОЦЕНКА НА ПРОЕКТИ, ФИНАНСИРАНЕ ОТ ЕС ИЛИ ОТ ДРУГИ ДОНОРСКИ ОРГАНИЗАЦИИ И ПРОГРАМИ; ЦЯЛОСТНО ПРОЕКТНО ОБСЛУЖВАНЕ И ПОДПОМАГАНЕ; КОНСУЛТАЦИИ ПО ОТНОШЕНИЕ НА ВЪЗМОЖНОСТИТЕ ЗА ФИНАНСИРАНЕ НА ИДЕИ ЗА ПРОЕКТИ; КОНСУЛТАЦИИ В ОБЛАСТТА НА МЕСТНОТО ИКОНОМИЧЕСКО РАЗВИТИЕ, ФИНАНСОВИТЕ И КАПИТАЛОВИТЕ ПАЗАРИ, НЕДВИЖИМИТЕ ИМОТИ И КРЕДИТИРАНЕТО; КОНСУЛТАНСКИ УСЛУГИ В АДМИНИСТРАТИВНАТА СФЕРА, ЗЕМЕДЕЛИЕТО, ВЪЗОБНОВЯЕМИТЕ ИЗТОЧНИЦИ НА ЕНЕРГИЯ, РАЗРАБОТКА НА ПРЕДВАРИТЕЛНИ ПРОЕКТИ И АНАЛИЗИ, МИКРОПРОЕКТИРАНЕ И МОДЕЛИРАНЕ; ПРЕДСТАВИТЕЛСТВО, ПОСРЕДНИЧЕСТВО И ВСЯКАКВИ ДРУГИ ДЕЙНОСТИ И УСЛУГИ, НЕЗАБРАНЕНИ ОТ ЗАКОН СЛЕД ПОЛУЧАВАНЕ И ПРЕДСТАВЯНЕ НА ЛИЦЕНЗ ИЛИ РАЗРЕШЕНИЕ ОТ ДЪРЖАВЕН ОРГАН, АКО ЗАКОНЪТ ГО ИЗИСКВА ЗА СЪОТВЕТНАТА ТАКАВА.",,"{""4. Изписване на чужд език"": ""GOLDSTEIN COLL"", ""7. Управители"": ""Катя Миткова Митева, Държава: БЪЛГАРИЯ"", ""23. Едноличен собственик на капитала"": ""Йеремиас Гренцебах, Държава: ГЕРМАНИЯ"", ""31. Размер"": ""2556.46 €"", ""32. Внесен капитал"": ""2556.46 €""}"
203436542,https://portal.registryagency.bg/CR/Reports/ActiveConditionTabResult?uic=203436542,"""Белведер 2015"" ЕООД",27.09.2026г.,203436542,,Белведер 2015,Еднолично дружество с ограничена отговорност,БЪЛГАРИЯ,"Област: София (столица), Община: Столична","гр. София, п.к. 1756","р-н Студентски, ж.к. „Дървеница”, бл. 12, вх. Б, ет. 4, ап. 29","Търговия на едро и дребно, внос и износ, търговско представителство и посредничество, консултантски услуги, рекламна дейност, ресторантьорство и хотелиерство, фризьорство и козметика, транспортни услуги, обучения, както и всякакви други дейности, незабранени със закон, а такива, за които се изисква разрешение на държавен орган, след получаване на същото.",,"{""4. Изписване на чужд език"": ""Belveder 2015"", ""7. Управители"": ""Анна Валентинова Петрова, Държава: БЪЛГАРИЯ"", ""23. Едноличен собственик на капитала"": ""Анна Валентинова Петрова, Държава: БЪЛГАРИЯ"", ""31. Размер"": ""2.56 €"", ""32. Внесен капитал"": ""2.56 €""}"
203436550,https://portal.registryagency.bg/CR/Reports/ActiveConditionTabResult?uic=203436550,"""КЛИЙНИНГ КЪМПАНИ"" ЕООД",27.09.2026г.,203436550,,КЛИЙНИНГ КЪМПАНИ,Еднолично дружество с ограничена отговорност,БЪЛГАРИЯ,"Област: Русе, Община: Русе","гр. Русе, п.к. 7000","бул./ул. ул. КАП. Л-Т ЕВСТАТИ ВИНАРОВ № 10, ет. 2, офис 72","Цялостно почистване на бизнес сгради, жилищни сгради, промишлени обекти, домове, офиси, хотели, ресторанти, шоуруми, магазини и открити площадки; хигиенизация, дезинфекция и зареждане със санитарно хигиенни материали на работни и сервизни помещения; търговия с перилни, миещи и почистващи препарати; вътрешно- и външнотърговска дейност на едро и дребно с хранителни, промишлени и непромишлени стоки, производство, преработка и реализация на едро и дребно на селскостопанска и животинска продукция, на произведения на хранително-вкусовата промишленост, кафетерия, сладкарство, хотелиерска дейност, кетъринг, производство и търговия с хляб и хлебни произведения, откриване на заведения за обществено хранене и пекарни, превоз на пътници и товари със собствен и нает автотранспорт, в страната и чужбина /след получаване на лиценз/, комисионна и консигнационна дейност, търговско представителство и посредничество на наши и чуждестранни фирми, вътрешен и международен туризъм /след лиценз/, комисионни, спедиторски и превозни сделки, сделки с интелектуална собственост, рекламни, консултантски и счетоводни услуги, стоков контрол и лизинг, както и всякаква друга търговска дейност и услуги, незабранени със закон, включително и тези, попадащи под специален законоустановен режим изискващ предварително разрешение /след получаването му/.",,"{""4. Изписване на чужд език"": ""CLEANING COMPANY"", ""7. Управители"": ""СЕВГИН АХМЕД АЛИ, Държава: БЪЛГАРИЯ"", ""23. Едноличен собственик на капитала"": ""СЕВГИН АХМЕД АЛИ, Държава: БЪЛГАРИЯ"", ""31. Размер"": ""102.26 €"", ""32. Внесен капитал"": ""102.26 €""}"
206132434,https://portal.registryagency.bg/CR/Reports/ActiveConditionTabResult?uic=206132434,"""ЛЮДКО 2020"" ЕООД",27.09.2026г.,206132434,,ЛЮДКО 2020,Еднолично дружество с ограничена отговорност,БЪЛГАРИЯ,"Област: Плевен, Община: Гулянци","с. Сомовит, п.к. 5959",бул./ул. БЕНКОВСКИ № 33,"ОРГАНИЗИРАНЕ НА МАГАЗИННА МРЕЖА ЗА ПРОДАЖБА НА ЕДРО И ДРЕБНО НА ХРАНИТЕЛНИ И НЕХРАНИТЕЛНИ СТОКИ НА ПРОМИШЛЕНИ И НЕПРОМИШЛЕНИ СТОКИ, РАЗНОСНА ТЪРГОВИЯ В, ТЪРГОВСКО ПРЕДСТАВИТЕЛСТВО И ПОСРЕДНИЧЕСТВО, ПОСРЕДНИЧЕСТВО И АГЕНСТВО НА МЕСТНИ И ЧУЖДЕСТРАННИ ФИРМИ, ФИЗИЧЕСКИ И ЮРИДИЧЕСКИ ЛИЦА В СТРАНАТА И ЧУЖБИНА, ВЪТРЕШНО И ВЪНШНОТЪРГОВСКА ДЕЙНОСТ, ВКЛ. ВНОС И ИЗНОС НА СТОКИ, СУРОВИНИ, МАТЕРИАЛИ И СЪОРЪЖЕНИЯ, КОМИСИОННА ТЪРГОВИЯ, БАРТЕРНИ И ЛИЗИНГОВИ ОПЕРАЦИИ И СДЕЛКИ, РЕКЛАМНА ДЕЙНОСТ, ПРОИЗВОДСТВО И РЕАЛИЗАЦИЯ НА СЕЛСКОСТОПАНСКА ПРОДУКЦИЯ КАКТО И ВСЯКА ДРУГА ДЕЙНОСТ, НЕЗАБРАНЕНА СЪС ЗАКОН.",,"{""7. Управители"": ""ЛЮДМИЛ РУМЕНОВ ВАСИЛЕВ, Държава: БЪЛГАРИЯ"", ""23. Едноличен собственик на капитала"": ""ЛЮДМИЛ РУМЕНОВ ВАСИЛЕВ, Държава: БЪЛГАРИЯ"", ""31. Размер"": ""5.11 €"", ""32. Внесен капитал"": ""5.11 €""}"
206132441,https://portal.registryagency.bg/CR/Reports/ActiveConditionTabResult?uic=206132441,"""БЬЮТИ ЕЙМ"" ООД",27.09.2026г.,206132441,,БЬЮТИ ЕЙМ,Дружество с ограничена отговорност,БЪЛГАРИЯ,"Област: София (столица), Община: Столична","гр. София, п.к. 1729","р-н Младост, ж.к. Младост 1А, бл. 562, ап. 22","Търговска дейност, продажба на артикули онлайн, както и всяка друга дейност, която не е забранена от закона.",,"{""4. Изписване на чужд език"": ""BEAUTY AIM"", ""7. Управители"": ""МАРИЯ АЛЕКСАНДРОВНА МОСОЛОВА, Държава: РУСКА ФЕДЕРАЦИЯ"", ""19. Съдружници"": ""МАРИЯ АЛЕКСАНДРОВНА МОСОЛОВА, Държава: РУСКА ФЕДЕРАЦИЯ, Размер на дяловото участие: 60.00 лв.\nАЛЕКСЕЙ ВИКТОРОВИЧ МОСОЛОВ, Държава: РУСКА ФЕДЕРАЦИЯ, Размер на дяловото участие: 25.00 лв.\nАСЕН ФЕДЕВ КАПИТАНОВ, Държава: БЪЛГАРИЯ, Размер на дяловото участие: 15.00 лв."", ""31. Размер"": ""51.13 €"", ""32. Внесен капитал"": ""51.13 €""}"
811190391,https://portal.registryagency.bg/CR/Reports/ActiveConditionTabResult?uic=811190391,"ЕТ ""ИВАН МАЛИНОВ - КРОТАЛ-65""",27.09.2026г.,811190391,647/1995 120,ИВАН МАЛИНОВ - КРОТАЛ-65,Едноличен търговец,БЪЛГАРИЯ,"Област: Благоевград, Община: Благоевград","гр. Благоевград, п.к. 2700",бул./ул. ул. СТРУМА бл. 11 вх.Б ет.5 ап.14 Адрес на електронна поща: 0899190950;073/833825,"TЪPГOBИЯ HA EДPO И ДPEБHO CЪC CTOKИ PAЗPEШEHИ OT ЗAKOHA, TPAHCПOPTHИ, KOHCУЛTAHCKИ, CЧETOBOДHИ, PEKЛAMHИ, CTPOИTEЛHИ, ФPИЗЬOPCKИ УCЛУГИ, TЪPГOBИЯ C ЛИЦEHЗHИ CTOKИ B CTPAHATA И ЧУЖБИHA; TЪPГOBИЯ C ПETPOЛHИ ПPOДУKTИ; ПPOИЗBOДCTBO И PEAЛИЗAЦИЯ HA CEЛCKOCTOПAHCKA ПPOДУKЦИЯ; CEЛCKOCTOПAHCKИ УCЛУГИ; OKAЗИOHHA, KOMИCИOHHA И KOHCИГHAЦИOHHA ДEЙHOCT; TЪPГOBИЯ CЪC CTPOИTEЛHИ MATEPИAЛИ И XИMИЧECKИ ПPEПAPATИ; ПPEДCTABИTEЛCTBO И ПOCPEДHИЧECTBO C HAШИ И ЧУЖДИ ФИPMИ.",ИВАН АЛЕКСАНДРОВ МАЛИНОВ,"{""5а. Адрес за кореспонденция с НАП на територията на страната"": ""Държава: БЪЛГАРИЯ\nОбласт: Благоевград, Община: Благоевград\nНаселено място: гр. Благоевград, п.к. 2702\nж.к. ЗАПАД, бл. 40, ет. 4, ап. 8""}"
202734443,https://portal.registryagency.bg/CR/Reports/ActiveConditionTabResult?uic=202734443,"""НИК БОБ СТРОЙ"" ЕООД",27.09.2026г.,202734443,,НИК БОБ СТРОЙ,Еднолично дружество с ограничена отговорност,БЪЛГАРИЯ,"Област: Варна, Община: Девня","гр. Девня, п.к. 9160",бул./ул. УЛ. ПЛИСКА № 3,"строителство и ремонт на недвижими имоти, покупко- продажба на недвижими имоти, обзавеждане вътрешен дизайн, посредническа, комисионна и консултантска дейност, маркетинг, рекламна и издателска дейност, производство, изкупуване, преработка, съхранение и реализация на хранителни и промишлени стоки и предмети за бита, кетеринг, ресторантьорство и хотелиерство, търговско представителство и агентство на български и чуждестранни физически и юридически лица в страната и чужбина, туристическа дейност - туроператорство и туристическо агентство, вътрешно и външно търговска дейност - внос или износ на стоки, транспортна дейност в страната и чужбина - превоз на пътници и товари, както и всяка друга дейност незабранена от закона.",,"{""4. Изписване на чужд език"": ""NIK BOB STROI LTD"", ""7. Управители"": ""НИКОЛАЙ НГУЕН ЛИЕМ, Държава: БЪЛГАРИЯ"", ""23. Едноличен собственик на капитала"": ""НИКОЛАЙ НГУЕН ЛИЕМ, Държава: БЪЛГАРИЯ"", ""31. Размер"": ""102.26 €"", ""32. Внесен капитал"": ""102.26 €""}"
202734450,https://portal.registryagency.bg/CR/Reports/ActiveConditionTabResult?uic=202734450,"""ФАИТ ЗУРНАДЖИ"" ЕООД",27.09.2026г.,202734450,,ФАИТ ЗУРНАДЖИ,Еднолично дружество с ограничена отговорност,БЪЛГАРИЯ,"Област: Бургас, Община: Бургас","гр. Бургас, п.к. 8000",бул./ул. ул. „Илинденска” № 19,"”Покупка на стоки или други вещи с цел да бъдат препродадени в първоначален, обработен или преработен вид; Продажба на стоки от собствено производство; Търговско представителство и посредничество на местни и чуждестранни лица; Комисионни, спедиционни и превозни сделки; Хотелиерски, ресторантьорски, туристически, тур-операторски, рекламни, информационни, програмни и импресарски услуги; Консултантски и проектантски услуги, маркетинг и мениджмънт; Покупка, строеж и обзавеждане на недвижими имоти с цел отдаване под наем или продажба”",,"{""4. Изписване на чужд език"": ""FAIT ZURNADZHI"", ""7. Управители"": ""ЛЕВЕН ВАЛЕРИЕВ ЗУРНАДЖИЕВ, Държава: БЪЛГАРИЯ"", ""23. Едноличен собственик на капитала"": ""ЛЕВЕН ВАЛЕРИЕВ ЗУРНАДЖИЕВ, Държава: БЪЛГАРИЯ"", ""31. Размер"": ""1.02 €"", ""32. Внесен капитал"": ""1.02 €""}"
114685686,https://portal.registryagency.bg/CR/Reports/ActiveConditionTabResult?uic=114685686,"""ТОМИТ"" ЕООД",27.09.2026г.,114685686,762/2007 440,ТОМИТ,Еднолично дружество с ограничена отговорност,БЪЛГАРИЯ,"Област: Плевен, Община: Плевен","гр. Плевен, п.к. 5800","ж.к. ДРУЖБА, бл. 125, вх. Б, ап. 2 Телефон: 0878923262","Внос. износ, реекспорт на стоки, бартерни сделки, рекламна дейност, туристически услуги, продажба на хранителни стоки на едро и дребно, производство, изкупуване, преработка и продажба на селскостопанска продукция от растителен и животински произход, автомобилен сервиз, покупко-продажба на всякакъв вид недвижимо имущество, превозни и спедиционни сделки, сделки с интелектуална собственост, складова дейност, информационни услуги, търговия със строителни материали, железария, химикали, бои, агрохимически препарати и торове, търговско представителство/без процесуално/ и посредничество, стоков контрол, изкупуване и преработка на билки, лизинг, хотелиерство и ресторантьорство",,"{""6а. Основна дейност по НКИД"": ""Група по НКИД: 4719\nКлас по НКИД: ТЪРГОВИЯ НА ДРЕБНО В НЕСПЕЦИАЛИЗИРАНИ МАГАЗИНИ"", ""7. Управители"": ""ДИМИТЪР ЕВГЕНИЕВ ТОДОРОВ, Държава: БЪЛГАРИЯ"", ""23. Едноличен собственик на капитала"": ""ДИМИТЪР ЕВГЕНИЕВ ТОДОРОВ, Държава: БЪЛГАРИЯ"", ""31. Размер"": ""2556.46 €"", ""32. Внесен капитал"": ""2556.46 €""}"
114685693,https://portal.registryagency.bg/CR/Reports/ActiveConditionTabResult?uic=114685693,"""ВИХРА ПЕРФЕКТ"" ЕООД",27.09.2026г.,114685693,769/2007 440,ВИХРА ПЕРФЕКТ,Еднолично дружество с ограничена отговорност,БЪЛГАРИЯ,"Област: Плевен, Община: Плевен","гр. Плевен, п.к. 5800","ж.к. СТОРГОЗИЯ, бл. 67, вх. В, ет. 8, ап. 24 Телефон: 064804594","CЧETOBOДHИ УCЛУГИ, OДИTOPCKA ДEЙHOCT, ДEЙHOCTИ ПO ПPOEKTHO-ПPOГPAMHO OCИГУPЯBAHE И CBЪPЗAHИ C TЯX УCЛУГИ, ПPOEKTAHTCKИ ДEЙHOCTИ, TEXHИЧECKИ KOHCУЛTAЦИИ, ПPOИЗBOДCTBO HA TEXHИЧECKИ MAШИHИ И AПAPATИ, TЪPГOBИЯ HA EДPO И ДPEБHO И ПOCPEДHИЧECTBO C ПPOMИШЛEHИ И HEПPOMИШЛEHИ CTOKИ И CTPOИTEЛHИ MATEPИAЛИ, ПOKУПKA HA CTOKИ И ДPУГИ BEЩИ C ЦEЛ ПPOДAЖБA B ПЪPBOHAЧAЛEH ИЛИ OБPAБOTEH BИД, APXИTEKTУPHИ И ИHЖEHEPHИ ДEЙHOCTИ И TEXHИЧECKИ KOHCУЛTAЦИИ, BЪTPEШHOTЪPГOBCKA И BЪHШHOTЪPГOBCKA ДEЙHOCT, ПPOИЗBOДCTBO И TЪPГOBИЯ B CTPAHATA И ЧУЖБИHA HA ЗЪPHEHИ XPAHИ, XPAHИTEЛHИ И ПPOMИШЛEHИ CTOKИ, EKCПOPTHA, ИMПOPTHA И PEKЛAMHA ДEЙHOCT /БEЗ KИHO И ПEЧAT/, CTPOИTEЛHA И ПPEДПPИEMAЧECKA ДEЙHOCT B CTPAHATA И ЧУЖБИHA, ШИBAШKO-TEKCTИЛHИ УCЛУГИ, MAPKETИHГ, БAPTEPHИ CДEЛKИ, BЪTPEШHA И MEЖДУHAPOДHA CПEДИЦИЯ /БEЗ ПOЩEHCKИ ПPATKИ/, TPAHCПOPT, XOTEЛИEPCTBO И PECTOPHTЬOPCTBO, ПPEBOЗ HA XOPA И TOBAPИ B CTPAHATA И ЧУЖБИHA, ЛИЗИHГOBA ДEЙHOCT, ПPOИЗBOДCTBO И ПPOДAЖБA HA CTOKИ ЗA БИTA, MAШИHИ, CЪOPЪЖEHИЯ, CEЛCKOCTOПAHCKИ ПPOДУKTИ, TЪPГOBCKO ПPEДCTABИTEЛCTBO /БEЗ ПPOЦECУAЛHO/, PAЗKPИBAHE HA ФИPMEHИ MAГAЗИHИ, KOHCУЛTAHTCKA ДEЙHOCT, MEHИДЖMЪHT, OПEPAЦИИ C HEДBИЖИMИ ИMOTИ И BCЯKA ДPУГA TЪPГOBCKA ДEЙHOCT, HEЗAБPAHEHA OT ЗAKOHA.",,"{""4. Изписване на чужд език"": ""VIHRA PERFEKT"", ""6а. Основна дейност по НКИД"": ""Група по НКИД: 6920\nКлас по НКИД: СЧЕТОВОДНИ УСЛУГИ"", ""7. Управители"": ""ВИОЛЕТА ИВАНОВА МАРИНОВА, Държава: БЪЛГАРИЯ"", ""23. Едноличен собственик на капитала"": ""ВИОЛЕТА ИВАНОВА МАРИНОВА, Държава: БЪЛГАРИЯ"", ""31. Размер"": ""2556.46 €"", ""32. Внесен капитал"": ""1789.52 €""}"
114685704,https://portal.registryagency.bg/CR/Reports/ActiveConditionTabResult?uic=114685704,"""БАЛКАН - КАН"" ЕООД",27.09.2026г.,114685704,750/2007 440,БАЛКАН - КАН,Еднолично дружество с ограничена отговорност,БЪЛГАРИЯ,"Област: Плевен, Община: Кнежа","гр. Кнежа, п.к. 5835","бул./ул. ул. ""Родопи"" № 65","BЪTPEШHO И BЪHШHO-TЪPГOBCKA ДEЙHOCT, TЪPГOBИЯ HA EДPO И ДPEБHO C ПPOMИШЛEHИ, БИTOBИ И XPAHИTEЛHИ CTOKИ, AЛKOXOЛ И ЦИГAPИ /CЛEД ЛИЦEHЗ/, PECTOPAHTЬOPCTBO, TУPИCTИЧECKИ УCЛУГИ, PEKЛAMHИ, ЗAБABHИ И EЛEKTPOHHИ ИГPИ /БEЗ XAЗAPT/, CTPOИTEЛCTBO И CTPOИTEЛHO-PEMOHTHA ДEЙHOCT, BHOC И ИЗHOC HA ЛEKИ ABTOMOБИЛИ, CEPBИЗHA ДEЙHOCT, PAЗKPИBAHE HA ABTOMИBKИ, БEHЗИHOCTAHЦИИ И ГAЗOCTAHЦИИ, ПPEBOЗ HA ПЪTHИЦИ И TOBAPИ B CTPAHATA И ЧУЖБИHA, PEAЛИЗAЦИЯ И TЪPГOBИЯ C BCЯKAKBA CEЛCKOCTOПAHCKA ПPOДУKЦИЯ, ПPEДOCTABЯHE HA BCЯKAKBИ УCЛУГИ ЗA HACEЛEHИETO, ПOKУПKA, CTPOEЖ И OБЗABEЖДAHE HA HEДBИЖИMИ ИMOTИ C ЦEЛ ПPOДAЖБA, TЪPГOBCKO ПPEДCTABИTEЛCTBO /БEЗ ПPOЦECУAЛHO/ И ПOCPEДHИЧECTBO HA ФИЗИЧECKИ И ЮPИДИЧECKИ ЛИЦA B CTPAHATA И ЧУЖБИHA, KOMПЮTЪPHИ И TEXHИЧECKИ PAЗPAБOTKИ, KOHCУЛTAЦИИ И УCЛУГИ, ПOKУПKA HA CTOKИ ИЛИ ДPУГИ BEЩИ C ЦEЛ ПPEПPOДAЖБA B ПЪPBOHAЧAЛEH, ПPEPAБOTEH ИЛИ OБPAБOTEH BИД, ФPИЗЬOPCKИ И KOЗMETИЧHИ УCЛУГИ, MACAЖHA ДEЙHOCT, ПPOГPAMHИ И ИHTEPHET УCЛУГИ.",,"{""6а. Основна дейност по НКИД"": ""Група по НКИД: 9602\nКлас по НКИД: ФРИЗЬОРСКИ И КОЗМЕТИЧНИ УСЛУГИ"", ""7. Управители"": ""РОЗАЛИЯ НИКИФОРОВА БОРИСОВА, Държава: БЪЛГАРИЯ"", ""23. Едноличен собственик на капитала"": ""РОЗАЛИЯ НИКИФОРОВА БОРИСОВА, Държава: БЪЛГАРИЯ"", ""31. Размер"": ""2556.46 €"", ""32. Внесен капитал"": ""2556.46 €""}"
206948430,https://portal.registryagency.bg/CR/Reports/ActiveConditionTabResult?uic=206948430,"""ИНТЕРИОР ДИЗАЙН 65"" ЕООД",27.09.2026г.,206948430,,ИНТЕРИОР ДИЗАЙН 65,Еднолично дружество с ограничена отговорност,БЪЛГАРИЯ,"Област: Габрово, Община: Севлиево","с. Сенник, п.к. 5450","бул./ул. ""Витоша"" № 2","АРХИТЕКТУРНИ И ИНЖЕНЕРНИ ДЕЙНОСТИ; АДМИНИСТРАТИВНИ ОФИС ДЕЙНОСТИ И ДРУГО СПОМАГАТЕЛНО ОБСЛУЖВАНЕ НА СТОПАНСКАТА ДЕЙНОСТ; ДАВАНЕ НА ИМОТИ ПОД НАЕМ; КОНСУЛТАНТСКИ ДЕЙНОСТИ В ОБЛАСТТА НА УПРАВЛЕНИЕТО; ДЕЙНОСТИ ПО ОБСЛУЖВАНЕ НА СГРАДИ И ОЗЕЛЕНЯВАНЕ; ДРУГИ ПЕРСОНАЛНИ УСЛУГИ; ПРОИЗВОДСТВО НА МЕБЕЛИ; РЕКЛАМНА ДЕЙНОСТ И ПРОУЧВАНЕ НА ПАЗАРИ; СКЛАДИРАНЕ НА ТОВАРИ И СПОМАГАТЕЛНИ ДЕЙНОСТИ В ТРАНСПОРТА; СТРОИТЕЛСТВО НА СГРАДИ И СЪОРЪЖЕНИЯ; СУХОПЪТЕН ТРАНСПОРТ; ТЪРГОВИЯ НА ДРЕБНО; ТЪРГОВИЯ НА ЕДРО; ХОТЕЛИЕРСТВО; КАКТО И ВСЯКА ДРУГА ДЕЙНОСТ, НЕЗАБРАНЕНА ОТ ЗАКОНА. АКО ЗА ИЗВЪРШВАНЕ НА ОПРЕДЕЛЕНА ДЕЙНОСТ СЕ ИЗИСКВА ЛИЦЕНЗ (РАЗРЕШЕНИЕ), ДЕЙНОСТТА ЩЕ СЕ ИЗВЪРШВА СЛЕД ПОЛУЧАВАНЕ НА КОНКРЕТНИЯ ЛИЦЕНЗ (РАЗРЕШЕНИЕ).",,"{""4. Изписване на чужд език"": ""INTERIOR DESIGN 65 LTD"", ""7. Управители"": ""КРАСИМИР НИКОЛОВ МАРИНОВ, Държава: БЪЛГАРИЯ"", ""23. Едноличен собственик на капитала"": ""АНТОНИО ЛАЦЦАРО АНДРИОЛЛО, Държава: ИТАЛИЯ"", ""31. Размер"": ""51.13 €"", ""32. Внесен капитал"": ""51.13 €""}"
206948448,https://portal.registryagency.bg/CR/Reports/ActiveConditionTabResult?uic=206948448,"""НАДКА ЧОРБАДЖИЙСКА"" ЕООД",27.09.2026г.,206948448,,НАДКА ЧОРБАДЖИЙСКА,Еднолично дружество с ограничена отговорност,БЪЛГАРИЯ,"Област: Пазарджик, Община: Пазарджик","гр. Пазарджик, п.к. 4400","бул./ул. ул."" Княз Александър Батемберг"" № 5, вх. А Адрес на електронна поща: nadka.tchorbadjiyska@gmail.com","Покупка на всякакъв вид стоки, суровини или други вещи с цел да ги препродаде в първоначален, преработен или обработен вид; производство на стоки с цел продажба; онлайн търговия; професионално почистване; комисионна, спедиционна, складова, лизингова дейност на търговско представителство и посредничество; селскостопанско производство и продажба; ресторантьорство и експлоатация на всякакъв вид заведения за обществено хранене и пиене; транспортна, превозна, спедиторска, хотелиерска, туристическа, рекламна, информационна, програмна, импресарска дейност; покупка, строеж или обзавеждане на недвижими имоти с цел продажба; импорт- експорт и реекспорт, външнотърговска дейност и предостяване на всякакъв вид дейност и услуги, разрешени от закона.",,"{""4. Изписване на чужд език"": ""\"" NADKA CHORBADZHIYSKA\"""", ""5а. Адрес за кореспонденция с НАП на територията на страната"": ""Държава: БЪЛГАРИЯ\nОбласт: Пазарджик, Община: Пазарджик\nНаселено място: гр. Пазарджик, п.к. 4400\nбул./ул. ул.\"" Княз Александър Батемберг\"" № 5, вх. А"", ""7. Управители"": ""НАДКА КИРИЛОВА ЧОРБАДЖИЙСКА, Държава: БЪЛГАРИЯ"", ""23. Едноличен собственик на капитала"": ""НАДКА КИРИЛОВА ЧОРБАДЖИЙСКА, Държава: БЪЛГАРИЯ"", ""31. Размер"": ""51.13 €"", ""32. Внесен капитал"": ""51.13 €""}"
206948455,https://portal.registryagency.bg/CR/Reports/ActiveConditionTabResult?uic=206948455,"""ВИА КАРИО 77"" ЕООД",27.09.2026г.,206948455,,ВИА КАРИО 77,Еднолично дружество с ограничена отговорност,БЪЛГАРИЯ,"Област: Ловеч, Община: Ловеч","гр. Ловеч, п.к. 5500","бул./ул. ул.""Бяло море"" № 19, вх. В, ет. 1, ап. 2","ПОКУПКА НА СТОКИ ИЛИ ДРУГИ ВЕЩИ С ЦЕЛ ПРОДАЖБА В ПЪРВОНАЧАЛЕН, ПРЕРАБОТЕН ИЛИ ОБРАБОТЕН ВИД; ПРОДАЖБА НА СТОКИ ОТ СОБСТВЕНО ПРОИЗВОДСТВО; ТЪРГОВСКО ПРЕДСТАВИТЕЛСТВО И ПОСРЕДНИЧЕСТВО; КОМИСИОННИ СДЕЛКИ; ПОКУПКА, СТРОЕЖ ИЛИ ОБЗАВЕЖДАНЕ НА НЕДВИЖИМИ ИМОТИ С ЦЕЛ ПРОДАЖБА; ЛИЗИНГ, КАКТО И ВСИЧКИ ДРУГИ РАЗРЕШЕНИ ОТ ЗАКОНА ДЕЙНОСТИ, КАТО ПРИ НЕОБХОДИМОСТ ЗА УПРАЖНЯВАНЕ НА СЪОТВЕТНАТА ДЕЙНОСТ, ЩЕ ПРИДОБИВА НЕОБХОДИМИТЕ ЛИЦЕНЗИИ И РАЗРЕШЕНИЯ.",,"{""7. Управители"": ""Дилян Колев Кочев, Държава: БЪЛГАРИЯ"", ""23. Едноличен собственик на капитала"": ""ДИЛЯН КОЛЕВ КОЧЕВ, Държава: БЪЛГАРИЯ"", ""31. Размер"": ""1.02 €"", ""32. Внесен капитал"": ""1.02 €""}"
118016123,https://portal.registryagency.bg/CR/Reports/ActiveConditionTabResult?uic=118016123,"ЕТ ""НОРА - АНТОАНЕТА ЧОРБАДЖИЕВА""",27.09.2026г.,118016123,46/1997 340,НОРА - АНТОАНЕТА ЧОРБАДЖИЕВА,Едноличен търговец,БЪЛГАРИЯ,"Област: Силистра, Община: Тутракан","гр. Тутракан, п.к. 7600","бл. ВЕНЕРА, вх. А, ап. 14","ВЪТРЕШНОТЪРГОВСКА ДЕЙНОСТ, ВЪНШНОТЪРГОВСКА ДЕЙНОСТ, РЕСТОРАНТЬОРСТВО И ОБЩЕСТВЕНО ХРАНЕНЕ , ТРАНСПОРТНА ДЕЙНОСТ, ПОСРЕДНИЧЕСКА, ПРЕДПРИЕМАЧЕСКА, КОНСУЛТАНТСКА ДЕЙНОСТ, ПРЕДОСТАВЯНЕ НА СОЦИАЛНИ УСЛУГИ И ВСЯКАКВИ ДРУГИ ДЕЙНОСТИ, НЕЗАБРАНЕНИ ОТ ЗАКОНА.",АНТОАНЕТА СИМЕОНОВА ЧОРБАДЖИЕВА,"{""6а. Основна дейност по НКИД"": ""Група по НКИД: 5610\nКлас по НКИД: ДЕЙНОСТ НА РЕСТОРАНТИ И ЗАВЕДЕНИЯ ЗА БЪРЗО ОБСЛУЖВАНЕ""}"
124639210,https://portal.registryagency.bg/CR/Reports/ActiveConditionTabResult?uic=124639210,"""ЛОТОС 88"" ЕООД",27.09.2026г.,124639210,1165/2004 320,ЛОТОС 88,Еднолично дружество с ограничена отговорност,БЪЛГАРИЯ,"Област: Добрич, Община: Добрич","гр. Добрич, п.к. 9300","бул./ул. ул. КОМ № 4, ет. 2, ап. 4","Строителство и строителни услуги, техническо ръководство, инвеститорски контрол, предприемачество, производство, монтаж и търговия с метални изделия и конструкции, търговия - внос, износ, бартер, реекспорт, представителство и посредничество, разкриване на търговски обекти, производство, изкупуване, преработка и реализация на селскостопанска и животинска продукция, билки, гъби и други, транспортни и спедиторски услуги, консултантски услуги, информационна, рекламна, маркетингова дейност и всяка друга търговска дейност и услуги, незабранени със закон.",,"{""7. Управители"": ""ПЕТЪР ГЕОРГИЕВ НЕНОВ, Държава: БЪЛГАРИЯ"", ""23. Едноличен собственик на капитала"": ""ПЕТЪР ГЕОРГИЕВ НЕНОВ, Държава: БЪЛГАРИЯ"", ""31. Размер"": ""2556.46 €"", ""32. Внесен капитал"": ""2556.46 €""}"
205360545,https://portal.registryagency.bg/CR/Reports/ActiveConditionTabResult?uic=205360545,"""РИКИ - МИМИ КАВАЛОВА"" ЕООД",27.09.2026г.,205360545,,РИКИ - МИМИ КАВАЛОВА,Еднолично дружество с ограничена отговорност,БЪЛГАРИЯ,"Област: Пловдив, Община: Раковски","с. Белозем, п.к. 4130",бул./ул. ул. Иван Вазов № 10 Адрес на електронна поща: krr_k@abv.bg,"търговия - вътрешна и външна на стоки и козметика, дрехи, производство и продажба на селскостопанска продукция, цитрусови култури, плодове зеленчуци, цветя, хранителни стоки, промишлени стоки и стоки за бита, включително високо алкохолни напитки, вина, цигари след снабдяване със съответния лиценз, всякакви услуги на населението, организации и търговски дружества, менажерска, посредническа, комисионерска и рекламна дейности у нас и в чужбина, представителство на наши и чужди търговци и търговски дружества у нас и в чужбина, превоз на стоки и товари у нас и в чужбина, след получаване на лиценз, търговия с дървен материал и производните му, въглища и петролни продукти, след получаване на лиценз, туристически услуги, хотелиерство и ресторантьорство, вътрешен и външен дизайн, сделки с недвижими имоти, както и всякакви други дейности, незабранени от закона;",,"{""7. Управители"": ""МИМИ НИКОЛОВА КАВАЛОВА, Държава: БЪЛГАРИЯ"", ""23. Едноличен собственик на капитала"": ""МИМИ НИКОЛОВА КАВАЛОВА, Държава: БЪЛГАРИЯ"", ""31. Размер"": ""2.05 €"", ""32. Внесен капитал"": ""2.05 €""}"
205360552,https://portal.registryagency.bg/CR/Reports/ActiveConditionTabResult?uic=205360552,"""Мар Ден 2018"" ЕООД",27.09.2026г.,205360552,,Мар Ден 2018,Еднолично дружество с ограничена отговорност,БЪЛГАРИЯ,"Област: Пловдив, Община: Карлово",гр. Баня,бул./ул. БАЙКАЛ № 7 Адрес на електронна поща: rightaccount@abv.bg,"вътрешна и външно търговска дейност чрез внос, износ, обменни, бартерни, комисионни, лизингови, реекспортни и спедиторски сделки и операции; управление и администриране и стопанисване на недвижимо имущество; сделки с обекти на интелектуалната собственост; сделки с интелектуална собственост; управление и поддръжка на уеб сайтове и платформи; управление и администриране и стопанисване на недвижимо имущество; сделки с недвижими имоти; управление и експлоатация на търговски обекти с различно предназначение; покупко-продажба на стоки и хранителни продукти в първоначален, преработен и обратен вид; продажба на стоки от собствено производство, както и всякакъв вид други дейности, които не са забранени със закон, в случай че за определен вид дейности се изискват допълнителни разрешения или лицензи, то те ще бъдат извършвани след получаването им.",,"{""4. Изписване на чужд език"": ""Mar Den 2018 Ltd"", ""5а. Адрес за кореспонденция с НАП на територията на страната"": ""Държава: БЪЛГАРИЯ\nОбласт: Пловдив, Община: Карлово\nНаселено място: гр. Баня\nбул./ул. Байкал № 7"", ""7. Управители"": ""ГАНЧО СТОЙКОВ ПАНЕВ, Държава: БЪЛГАРИЯ"", ""23. Едноличен собственик на капитала"": ""ГАНЧО СТОЙКОВ ПАНЕВ, Държава: БЪЛГАРИЯ"", ""31. Размер"": ""5.11 €"", ""32. Внесен капитал"": ""5.11 €""}"
201026644,https://portal.registryagency.bg/CR/Reports/ActiveConditionTabResult?uic=201026644,"ЕТ ""ГОРА - 2010 - ЕРДЖАН ХЮСМЕН""",27.09.2026г.,201026644,,ГОРА - 2010 - ЕРДЖАН ХЮСМЕН,Едноличен търговец,БЪЛГАРИЯ,"Област: Разград, Община: Завет","гр. Завет, п.к. 7330",бул./ул. ул. ОБОРИЩЕ № 6,"ТРАНСПОРТНА ДЕЙНОСТ; ДОБИВ И ТЪРГОВИЯ С ДЪРВЕСИНА; ВЪТРЕШНА И ВЪНШНА ТЪРГОВСКА ДЕЙНОСТ С ПРОМИШЛЕНИ СТОКИ И СЕЛСКОСТОПАНСКА ПРОДУКЦИЯ; КОМИСИОННА ТЪРГОВИЯ И ВСЯКАКЪВ ВИД ДЕЙНОСТ, НЕЗАБРАНЕНА ОТ ЗАКОНА.",ЕРДЖАН ШЮКРИ ХЮСМЕН,"{""4. Изписване на чужд език"": ""GORA - 2010 - ERDJAN HUSMEN""}"
201026651,https://portal.registryagency.bg/CR/Reports/ActiveConditionTabResult?uic=201026651,"ЕТ ""КИРИЛ СТОИЧКОВ -ТАНЯ""",27.09.2026г.,201026651,,КИРИЛ СТОИЧКОВ -ТАНЯ,Едноличен търговец,БЪЛГАРИЯ,"Област: Кюстендил, Община: Дупница","гр. Дупница, п.к. 2600","ж.к. ДУПНИЦА 3, вх. Б, ет. 4, ап. 22","ТРАНСПОРТНА ДЕЙНОСТ И ТАКСИМЕТРОВИ УСЛУГИ, ПОКУПКА НА СТОКИ С ЦЕЛ ПРЕПРОДАЖБА В ПЪРВОНАЧАЛЕН, ПРЕРАБОТЕН ИЛИ ОБРАБОТЕН ВИД, ПРОДАЖБА НА СТОКИ ОТ СОБСТВЕНО ПРОИЗВОДСТВО, ТЪРГОВСКО ПРЕДСТАВИТЕЛСТВО И ПОСРЕДНИЧЕСТВО, КОМИСИОННИ, СПЕДИЦИОННИ И ПРЕВОЗНИ СДЕЛКИ, СКЛАДОВИ СДЕЛКИ, ХОТЕЛИЕРСКИ, ТУРИСТИЧЕСКИ, РЕКЛАМНИ, ИНФОРМАЦИОННИ, ПРОГРАМНИ И ИМПРЕСАРСКИ УСЛУГИ, ПОКУПКА, СТОКЕЖ ИЛИ ОБЗАВЕЖДАНЕ НА НЕДВИЖИМИ ИМОТИ С ЦЕЛ ПРОДАЖБА, ЛИЗИНГ, ВНОС И ИЗНОС И ВСЯКАКВА ТЪРГОВСКА ДЕЙНОСТ, РАЗРЕШЕНА ОТ ЗАКОНА.",КИРИЛ ГЕОРГИЕВ СТОИЧКОВ,
201026669,https://portal.registryagency.bg/CR/Reports/ActiveConditionTabResult?uic=201026669,"""КОНДОР - 65 ЕКСПРЕС"" ЕООД",27.09.2026г.,201026669,,КОНДОР - 65 ЕКСПРЕС,Еднолично дружество с ограничена отговорност,БЪЛГАРИЯ,"Област: Силистра, Община: Силистра","гр. Силистра, п.к. 7500","бул./ул. ул. КУБАДИН № 8Б, ет. 2, ап. 3 Телефон: 0899 187094","КУРИЕРСКИ УСЛУГИ, ТЪРГОВСКО ПРЕДСТАВИТЕЛСТВО И ПОСРЕДНИЧЕСТВО; СКЛАДОВИ СДЕЛКИ; ВЪНШНОТЪРГОВСКА ДЕЙНОСТ, ПРЕВОЗНИ, СПЕДИЦИОННИ И КОМИСИОННИ СДЕЛКИ, ВКЛЮЧИТЕЛНО МЕЖДУНАРОДЕН ТРАНСПОРТ, ХОТЕЛИЕРСТВО, РЕСТОРАНТЬОРСТВО, ПОКУПКА НА СТОКИ ИЛИ ДРУГИ ВЕЩИ С ЦЕЛ ПРЕПРОДАЖБА В ПЪРВОНАЧАЛЕН, ПРЕРАБОТЕН ИЛИ ОБРАБОТЕН ВИД, КАКТО И ВСЯКАКВИ ДРУГИ НЕЗАБРАНЕНИ ОТ ЗАКОНА ДЕЙНОСТИ И УСЛУГИ.",,"{""7. Управители"": ""МИЛКО СТЕФАНОВ ДИМИТРОВ, Държава: БЪЛГАРИЯ"", ""23. Едноличен собственик на капитала"": ""МИЛКО СТЕФАНОВ ДИМИТРОВ, Държава: БЪЛГАРИЯ"", ""31. Размер"": ""1.02 €"", ""32. Внесен капитал"": ""1.02 €""}"
201026676,https://portal.registryagency.bg/CR/Reports/ActiveConditionTabResult?uic=201026676,"ЕТ ""Неделя Каменова""",27.09.2026г.,201026676,,Неделя Каменова,Едноличен търговец,БЪЛГАРИЯ,"Област: София, Община: Пирдоп","гр. Пирдоп, п.к. 2070",бул./ул. Цар Освободител № 83,"Магазин за търговия на дребно с хранителни и нехранителни стоки, както и всяка друга, незабранена от закона дейност",Неделя Динчова Каменова,
040069933,https://portal.registryagency.bg/CR/Reports/ActiveConditionTabResult?uic=040069933,"ЕТ ""КРАСИМИР ДОБРЕВ - 65""",27.09.2026г.,040069933,1346/1992 310,КРАСИМИР ДОБРЕВ - 65,Едноличен търговец,БЪЛГАРИЯ,"Област: Варна, Община: Варна","гр. Варна, п.к. 9000","р-н Аспарухово, бул./ул. ул. МУР № 7","Покупка на стоки с цел продажба в първоначален, преработен или обработен вид; производство на стоки с цел продажба; транспортна, туристическа, хотелиерска, ресторантьорска, външно-икономическа дейност.",КРАСИМИР ТОДОРОВ ДОБРЕВ,"{""4. Изписване на чужд език"": ""KRASIMIR DOBREV - 65"", ""6а. Основна дейност по НКИД"": ""Група по НКИД: 5630\nКлас по НКИД: ДЕЙНОСТ НА ПИТЕЙНИ ЗАВЕДЕНИЯ""}"
130556043,https://portal.registryagency.bg/CR/Reports/ActiveConditionTabResult?uic=130556043,"""КТМ 65"" ООД - Заличен търговец/ЮЛНЦ",27.09.2026г.,,,,,,,,,,,"{""27. Заличаване на търговеца/ЮЛНЦ"": ""Заличен търговец/ЮЛНЦ""}"
130556064,https://portal.registryagency.bg/CR/Reports/ActiveConditionTabResult?uic=130556064,"ЕТ ""МОНАЛЕКС - ИЩВАН ЧЕУЗ"" - Заличен търговец/ЮЛНЦ",27.09.2026г.,,,,,,,,,,,"{""27. Заличаване на търговеца/ЮЛНЦ"": ""Заличен търговец/ЮЛНЦ""}"
207774672,https://portal.registryagency.bg/CR/Reports/ActiveConditionTabResult?uic=207774672,"""МЕХРИБАН БЮТИ"" ЕООД",27.09.2026г.,207774672,,МЕХРИБАН БЮТИ,Еднолично дружество с ограничена отговорност,БЪЛГАРИЯ,"Област: Шумен, Община: Шумен","гр. Шумен, п.к. 9700","бул./ул. ул. ""Димчо Попов"" № 17, вх. 2, ет. 4, ап. 10","консултантски отношения с фирма „ЛР ХЕЛТ ЕНД БЮТИ“, производство и търговия, транспортна дейност, рекламна дейност и връзки с обществеността, издателска дейност, хотелиерство и ресторантьорство, консултантски, посреднически и комисионни услуги, търговско представителство и посредничество, покупка, строеж и обзавеждане на недвижими имоти с цел продажба, покупка на стоки и други вещи с цел продажба в първоначален, преработен и обработен вид, както и всяка друга дейност или услуги, незабранени от закона;",,"{""4. Изписване на чужд език"": ""MEHRIBAN BEAUTY Ltd"", ""5а. Адрес за кореспонденция с НАП на територията на страната"": ""Държава: БЪЛГАРИЯ\nОбласт: Шумен, Община: Шумен\nНаселено място: гр. Шумен, п.к. 9700\nбул./ул. ул. \""Димчо Попов\"" № 17, вх. 2, ет. 4, ап. 10"", ""7. Управители"": ""Мехрибан Мустафа Юсуф, Държава: БЪЛГАРИЯ"", ""23. Едноличен собственик на капитала"": ""Мехрибан Мустафа Юсуф, Държава: БЪЛГАРИЯ"", ""31. Размер"": ""5.12 €"", ""32. Внесен капитал"": ""5.12 €""}"
201314073,https://portal.registryagency.bg/CR/Reports/ActiveConditionTabResult?uic=201314073,"""ТИСТИЛ"" ЕООД",27.09.2026г.,201314073,,ТИСТИЛ,Еднолично дружество с ограничена отговорност,БЪЛГАРИЯ,"Област: София (столица), Община: Столична","гр. София, п.к. 1632","р-н Овча купел, ж.к. ОВЧА КУПЕЛ 1, бл. 509, вх. В, ет. 3, ап. 72 Адрес на електронна поща: office@bkfc-bg.com","СТРОИТЕЛСТВО, ПРОЕКТИРАНЕ И ПРЕДПРИЕМАЧЕСТВО; ПОКУПКО -ПРОДАЖБА И ОБЗАВЕЖДАНЕ НА НЕДВИЖИМИ ИМОТИ, ПОКУПКА НА СТОКИ ИЛИ ДРУГИ ВЕЩИ С ЦЕЛ ПРОДАЖБА В ПЪРВОНАЧАЛЕН, ПРЕРАБОТЕН ИЛИ ОБРАБОТЕН ВИД; ПРОДАЖБА НА СТОКИ ОТ СОБСТВЕНО ПРОИЗВОДСТВО; КОМИСИОННА, СПЕДИЦИОННА, СКЛАДОВА, ТРАНСПОРТНА ИЛИ ПРЕВОЗНА ДЕЙНОСТ; ТЪРГОВСКО ПРЕДСТАВИТЕЛСТВО И ПОСРЕДНИЧЕСТВО; КАКТО И ВСЯКА ДРУГА ДЕЙНОСТ НЕЗАБРАНЕНА СЪС ЗАКОН В СТРАНАТА И ЧУЖБИНА.",,"{""4. Изписване на чужд език"": ""TISTIL"", ""6а. Основна дейност по НКИД"": ""Група по НКИД: 4120\nКлас по НКИД: СТРОИТЕЛСТВО НА ЖИЛИЩНИ И НЕЖИЛИЩНИ СГРАДИ"", ""7. Управители"": ""ТИХОМИР ХРИСТОВ ТОДОРОВ, Държава: БЪЛГАРИЯ"", ""23. Едноличен собственик на капитала"": ""ТИХОМИР ХРИСТОВ ТОДОРОВ, Държава: БЪЛГАРИЯ"", ""31. Размер"": ""102.26 €"", ""32. Внесен капитал"": ""102.26 €""}"
202044741,https://portal.registryagency.bg/CR/Reports/ActiveConditionTabResult?uic=202044741,"ЕТ ""ДЕСИ -88 - ДЕСИСЛАВА СЛАВОВА""",27.09.2026г.,202044741,,ДЕСИ -88 - ДЕСИСЛАВА СЛАВОВА,Едноличен търговец,БЪЛГАРИЯ,"Област: Варна, Община: Варна","гр. Варна, п.к. 9000","р-н Владислав Варненчик, бул./ул. УЛ. ГУРГУЛЯТ № 26","РАЗКРИВАНЕ И ЕКСПЛОАТАЦИЯ НА ЗАВЕДЕНИЯ ЗА ОБЩЕСТВЕНО ХРАНЕНЕ, МАГАЗИНИ, ПАВИЛИОНИ, БЪРЗА ЗАКУСКА И ТОПЛИ НАПИТКИ;ТЪРГОВИЯ НА ЕДРО И ДРЕБНО В СТРАНАТА И ЧУЖБИНА ВКЛЮЧИТЕЛНО ВНОС И ИЗНОС НА СТОКИ; ТУРИСТИЧЕСКА , ТУРОПЕРАТОРСКА, ХОТЕЛИЕРСКА ДЕЙНОСТ; ПРОЕКТИРАНЕ, СТРОИТЕЛСТВО, РЕМОНТ, ПРЕВОЗНИА И ТРАНСПОРТНА ДЕЙНОСТ;",ДЕСИСЛАВА ВАСИЛЕВА САВОВА,
825217496,https://portal.registryagency.bg/CR/Reports/ActiveConditionTabResult?uic=825217496,"ЕТ ""ЮПИТЕР - ИВАН ИВАНОВ""",27.09.2026г.,825217496,9597/1993 530,ЮПИТЕР - ИВАН ИВАНОВ,Едноличен търговец,БЪЛГАРИЯ,"Област: Пловдив, Община: Калояново","с. Долна махала, п.к. 4351 Телефон: 0887460449",,"ЛЕЕНЕ НА ДЕТАЙЛИ ОТ ЦВЕТНИ МЕТАЛИ, ТРАНСПОРТНА ДЕЙНОСТ, ТЪРГОВИЯ НА ЕДРО И ДРЕБНО С ВСЯКАКЪВ ВИД СТОКИ, ВНОС-ИЗНОС, РЕСТОРАНТИ, ХОТЕЛИ, ТУРИЗЪМ, ВСЯКАКВИ ДРУГИ ДЕЙНОСТИ, НЕЗАБРАНЕНИ ОТ ЗАКОНА.",ИВАН ГОСПОДИНОВ ИВАНОВ,"{""6а. Основна дейност по НКИД"": ""Група по НКИД:\nКлас по НКИД: МЕТАЛООБРАБОТКА""}"
825217507,https://portal.registryagency.bg/CR/Reports/ActiveConditionTabResult?uic=825217507,"ЕТ ""ЛЪКИ 65 - ЛАЗАР ЙОРДАНОВ""",27.09.2026г.,825217507,9505/1993 530,ЛЪКИ 65 - ЛАЗАР ЙОРДАНОВ,Едноличен търговец,БЪЛГАРИЯ,"Област: Пловдив, Община: Карлово","гр. Карлово, п.к. 4300","бул./ул. ул. ОСВОБОЖДЕНИЕ № 36, вх. А, ет. 1, ап. 3 Адрес на електронна поща: svi690202i@abv.bg","TЬPГOBИЯ CЬC CEЛCKOCTOПAHCKИ ПPOДУKTИ, ХРАНИТЕЛНИ ПИ ПРОМИШЛЕНИ СТОКИ, ВНОС И ИЗНОС НА СТОКИ, КАФЕ - АПЕРИТИВ, РЕСТОРАНТЬОРСТВО, КАКТО И ВСИЧКИ РАЗРЕШЕНИ ОТ ЗАКОНА ТЪРГОВСКИ ДЕЙНОСТИ.",ЛАЗАР ЙОРДАНОВ ЙОРДАНОВ,"{""4. Изписване на чужд език"": ""LAKI 65 – LAZAR YORDANOV"", ""6а. Основна дейност по НКИД"": ""Група по НКИД: 3299\nКлас по НКИД: ДРУГИ РАЗНООБРАЗНИ ПРОИЗВОДСТВА""}"
201097698,https://portal.registryagency.bg/CR/Reports/ActiveConditionTabResult?uic=201097698,"""ЕКСПО - АЛИКАН"" ЕООД",27.09.2026г.,201097698,,ЕКСПО - АЛИКАН,Еднолично дружество с ограничена отговорност,БЪЛГАРИЯ,"Област: Пазарджик, Община: Велинград","гр. Сърница, п.к. 4633","бул./ул. ул. ""Тодор Каблешков"" № 1","Покупка на стоки или други вещи с цел препродажба в първоначален, преработен или обработен вид; Продажба и препродажба на стоки собствено производство, включително всякаква селскостопанска продукция; Дърводобив, първична и вторична обработка на дървесина; Търговия с дървен материал; Внос на моторни превозни средства, части и агрегати за тях и услуги по техническото обслужване и ремонта им; Покупка, проектиране, строителство, обзавеждане и ремонт на недвижими имоти, включително продажба им или отдаването им под наем; Внос, продажба и инсталиране на слънчеви колектори/батерии и изграждане на централи за възобновяема енергия; Развитие на селски туризъм; Транспортни и таксиметрови услуги и дейност; Сделки с интелектуална собственост; Рестьорантьорска дейност; Комисионни, спедиционни, превозни и складови сделки; Туристически, рекламни, информационни, или други услуги; Туроператорска дейност; Хотелиерство, включващо и експлоатация на къщи за гости, ловен и риболовен туризъм; Търговско представителство, посредничество на български и чуждестранни лица и всички други дейности разрешени от закона, като дейностите за които се иска предварително разрешение или лиценз, ще се извършват след получаване на съответното разрешение или лиценз от компетентния орган.",,"{""4. Изписване на чужд език"": ""EXPO - ALIKAN"", ""7. Управители"": ""Атидже Кемал Аликанова, Държава: БЪЛГАРИЯ"", ""23. Едноличен собственик на капитала"": ""Атидже Кемал Аликанова, Държава: БЪЛГАРИЯ"", ""31. Размер"": ""5.11 €"", ""32. Внесен капитал"": ""5.11 €""}"
201097709,https://portal.registryagency.bg/CR/Reports/ActiveConditionTabResult?uic=201097709,"""МАРИНЕЛА - 65"" ООД",27.09.2026г.,201097709,,МАРИНЕЛА - 65,Дружество с ограничена отговорност,БЪЛГАРИЯ,"Област: Пазарджик, Община: Ракитово","с. Дорково, п.к. 4641","бул./ул. ул. ""Цепина"" № 89","Покупка на стоки или други вещи с цел препродажба в първоначален, преработен или обработен вид; Продажба и препродажба на стоки собствено производство, включително всякаква селскостопанска продукция; Дърводобив, първична и вторична обработка на дървесина; Търговия с дървен материал; Внос на моторни превозни средства, части и агрегати за тях и услуги по техническото обслужване и ремонта им; Покупка, проектиране, строителство, обзавеждане и ремонт на недвижими имоти, включително продажбата им или отдаването им под наем; Внос, продажба и инсталиране на слънчеви колектори/батерии и изграждане на централи за възобновяема енергия; Развитие на селски туризъм; Транспортни и таксиметрови услуги и дейност; Сделки с интелектуална собственост; Рестьорантьорска дейност; Комисионни, спедиционни, превозни и складови сделки; Туристически, рекламни, информационни, или други услуги; Туроператорска дейност; Хотелиерство, включващо и експлоатация на къщи за гости, ловен и риболовен туризъм; Търговско представителство, посредничество на български и чуждестранни лица и всички други дейности разрешени от закона, като дейностите за които се иска предварително разрешение или лиценз, ще се извършват след получаване на съответното разрешение или лиценз от компетентния орган.",,"{""7. Управители"": ""ЛЮБКА НИКОЛОВА ТАШКОВА, Държава: БЪЛГАРИЯ"", ""19. Съдружници"": ""ЛЮБКА НИКОЛОВА ТАШКОВА, Държава: БЪЛГАРИЯ, Размер на дяловото участие: 2.04 €\nМАРИЯ ЛЮБЕНОВА ТАШКОВА, Държава: БЪЛГАРИЯ, Размер на дяловото участие: 1.53 €\nНЕЛИ ЛЮБЕНОВА ФИТКИНА, Държава: БЪЛГАРИЯ, Размер на дяловото участие: 1.53 €"", ""31. Размер"": ""5.10 €"", ""32. Внесен капитал"": ""5.10 €""}"
201097716,https://portal.registryagency.bg/CR/Reports/ActiveConditionTabResult?uic=201097716,"""БЛЕК СИЙ ИНЖЕНЕРИНГ"" ЕООД",27.09.2026г.,201097716,,БЛЕК СИЙ ИНЖЕНЕРИНГ,Еднолично дружество с ограничена отговорност,БЪЛГАРИЯ,"Област: Варна, Община: Варна","гр. Варна, п.к. 9000","р-н Приморски, бул./ул. ул.НИКОЛА ВАПЦАРОВ № 3, ет. 7, ап. ОФИС 19 Адрес на електронна поща: varna@bse-bunker.com","Корабен мениджмънт, корабно агентиране и посредничество,корабно снабдяване, извършване на посредническа дейност по информиране и наемане на работа на моряци под български и чужд флаг и други морски услуги съгласно КТМ, фрахтоване, транспорт, комисионна, спедиционна и складова дейност, снабдяване на морски и речни транспортни средства с нефто продукти и гориво, смазочни материали, изграждане и управление на мощности за производство, преработка и реализация на петролни продукти, складиране и обработка на нефто продукти, вътрешнои външнотърговска дейност, търговско представителство и посредничество, митническо представителство, както и всяка друга дейност, която не е забранена от закона.",,"{""4. Изписване на чужд език"": ""BLACK SEA ENGINEERING"", ""5а. Адрес за кореспонденция с НАП на територията на страната"": ""Държава: БЪЛГАРИЯ\nОбласт: Варна, Община: Варна\nНаселено място: гр. Варна, п.к. 9000\nр-н Одесос\nбул./ул. УЛ.ЦАР СИМЕОН І № 32"", ""7. Управители"": ""МЕТОДИ СТЕФАНОВ ТОДОРОВ, Държава: БЪЛГАРИЯ"", ""23. Едноличен собственик на капитала"": ""„ЕНЕРКОЛ” ЕООД, ЕИК/ПИК 175090589, Държава: БЪЛГАРИЯ"", ""31. Размер"": ""511.29 €"", ""32. Внесен капитал"": ""511.29 €""}"
201097723,https://portal.registryagency.bg/CR/Reports/ActiveConditionTabResult?uic=201097723,"""КОГНАЙТ БЪЛГАРИЯ"" ЕООД",27.09.2026г.,201097723,,КОГНАЙТ БЪЛГАРИЯ,Еднолично дружество с ограничена отговорност,БЪЛГАРИЯ,"Област: София (столица), Община: Столична","гр. София, п.к. 1618","р-н Красно село, ж.к. Бъкстон, бул./ул. бул. „Цар Борис ІІІ“ № 159, ет. 7, Офис 7 Адрес на електронна поща: kamelia@wedo.bg","софтуеърни проекти, услуги и консултации, както и всякаква друга дейност, незабранена от закона.",,"{""4. Изписване на чужд език"": ""COGNYTE BULGARIA EOOD"", ""7. Управители"": ""Шломо Уайзел, Държава: ИЗРАЕЛ\nДейвид Абади, Държава: ИЗРАЕЛ"", ""11. Начин на представляване"": ""поотделно"", ""23. Едноличен собственик на капитала"": ""Когнайт Технолоджис Израел Лтд., Идентификация 512704867, Чуждестранно юридическо лице, Държава: ИЗРАЕЛ"", ""31. Размер"": ""2556.46 €"", ""32. Внесен капитал"": ""2556.46 €""}"
201097730,https://portal.registryagency.bg/CR/Reports/ActiveConditionTabResult?uic=201097730,"""РЕНИС ХЪНИ"" ЕООД",27.09.2026г.,201097730,,РЕНИС ХЪНИ,Еднолично дружество с ограничена отговорност,БЪЛГАРИЯ,"Област: София (столица), Община: Столична","гр. София, п.к. 1612","р-н Красно село, ж.к. ж.к. Хиподрума, бл. 24, вх. Д, ет. 3, ап. 92 Телефон: 0878843024","Външнотърговска и вътрешнотърговска дейност, търговско представителство, посредничество и агентство, търговия на едро и дребно с хранителни и промишлени стоки, производство и реализация на стоки и суровини в областта на леката и хранително-вкусовата промишленост, международен и вътрешен туризъм, вътрешен и международен транспорт, ресторантьорство, хотелиерство и кафетерия, проектиране, ремонт и строителство, както и всяка друга дейност, незабранена със закон.",,"{""4. Изписване на чужд език"": ""RENI'S HONEY"", ""7. Управители"": ""Райна Русева Петрова, Държава: БЪЛГАРИЯ"", ""23. Едноличен собственик на капитала"": ""Райна Русева Петрова, Държава: БЪЛГАРИЯ"", ""31. Размер"": ""5.11 €"", ""32. Внесен капитал"": ""5.11 €""}"
812009092,https://portal.registryagency.bg/CR/Reports/ActiveConditionTabResult?uic=812009092,"ЕТ ""МЕЧКОВ - 65 - ПЕНЬО НИКОЛОВ МЕЧКОВ""",27.09.2026г.,812009092,6809/1992 210,МЕЧКОВ - 65 - ПЕНЬО НИКОЛОВ МЕЧКОВ,Едноличен търговец,БЪЛГАРИЯ,"Област: Бургас, Община: Бургас","гр. Бургас, п.к. 8000","ж.к. МЕДЕН РУДНИК, бл. 419, вх. 4, ет. 6","ПOKУПKA HA CTOKИ ИЛИ ДPУГИ BEЩИ C ЦEЛ ДA ГИ ПPEПPOДAДE B ПЪPBOHAЧAЛEH, ПPEPAБOTEH ИЛИ OБPAБOTEH BИД, ПPOДAЖБA HA CTOKИ OT COБCTBEHO ПPOИЗBOДCTBO, KOMИCИOHHИ, CПEДИЦИOHHИ И ПPEBOЗHИ CДEЛKИ, B TOBA ЧИCЛO MEЖДУHAPOДHИ ПPEBOЗИ, TЪPГOBCKO ПPEДCTABИTEЛCTBO И ПOCPEДHИЧECTBO, CKЛAДOBИ CДEЛKИ, ЛИЗИHГ, XOTEЛИEPCKИ, TУPИCTИЧECKИ, PEKЛAMHИ, ИHФOPMAЦИOHHИ, ПPOГPAMHИ, ИMПPECAPCKИ ИЛИ ДPУГИ УCЛУГИ, CДEЛKИ C ИHTEЛEKTУAЛHA COБCTBEHOCT, ПOKУПKA, CTPOEЖ ИЛИ OБЗABEЖДAHE HA HEДBИЖИMИ ИMOTИ C ЦEЛ ПPOДAЖБA.",ПЕНЬО НИКОЛОВ МЕЧКОВ,
119679420,https://portal.registryagency.bg/CR/Reports/ActiveConditionTabResult?uic=119679420,"""МИГ - 65"" ООД",27.09.2026г.,119679420,1150/2007 220,МИГ - 65,Дружество с ограничена отговорност,БЪЛГАРИЯ,"Област: Сливен, Община: Сливен","гр. Сливен, п.к. 8800","бул./ул. бул. ХАДЖИ ДИМИТЪР № 16, ет. 3, ап. офис.3","ЗАКУПУВАНЕ НА ПРЕДПРИЯТИЯ И ОБОСОБЕНИ ЧАСТИ ОТ ТЯХ, ТЪРГОВИЯ В СТРАНАТА И ЧУЖБИНА, ВНОС, ИЗНОС, РЕЕКСПОРТ, ОТДАВАНЕ ПОД НАЕМ ПА ОБЕКТИ, СКЛАДОВЕ И ОБОСОБЕНИ ЧАСТИ ОТ ТЯХ, СТРОИТЕЛСТВО И СТРОИТЕЛНИ УСЛУГИ, ТРАНСПОРТ И ТРАНСПОРТНИ УСЛУГИ НА НАСЕЛЕНИЕТО, ИШЛЕМЕ, ПОСРЕДНИЧЕСТВО, КОМИСИОННИ И СКЛАДОВИ СДЕЛКИ, РЕКЛАМНА, РЕЕКСПОРТНА, МАРКЕТИНГОВА, ПРОГРАМНА, ИМПРЕСАРСКА, ЛИЗИНГОВА ДЕЙНОСТ, ХОТЕЛИЕРСТВО И РЕСТОРАНТЬОРСТВО, СДЕЛКИ С ИНТЕЛЕКТУАЛНА СОБСТВЕНОСТ, ИЗВЪРШВАНЕ НА ВСИЧКИ ТЪРГОВСКИ ДЕЙНОСТИ И УСЛУГИ, КОИТО НЕ СА ЗАБРАНЕНИ ОТ ТЗ.",,"{""7. Управители"": ""МАРИЯ ВАСИЛЕВА ГЕОРГИЕВА, Държава: БЪЛГАРИЯ\nИВАН СТОЯНОВ ГЕОРГИЕВ, Държава: БЪЛГАРИЯ"", ""11. Начин на представляване"": ""по друг начин:\nЗаедно и поотделно"", ""19. Съдружници"": ""МАРИЯ ВАСИЛЕВА ГЕОРГИЕВА, Държава: БЪЛГАРИЯ, Размер на дяловото участие: 2500.00 лв.\nИВАН СТОЯНОВ ГЕОРГИЕВ, Държава: БЪЛГАРИЯ, Размер на дяловото участие: 2500.00 лв."", ""31. Размер"": ""2556.46 €"", ""32. Внесен капитал"": ""2556.46 €""}"
119679438,https://portal.registryagency.bg/CR/Reports/ActiveConditionTabResult?uic=119679438,"""КАПИТАЛ - СТРОИТЕЛСТВО"" ЕООД",27.09.2026г.,119679438,1178/2007 220,КАПИТАЛ - СТРОИТЕЛСТВО,Еднолично дружество с ограничена отговорност,БЪЛГАРИЯ,"Област: Сливен, Община: Сливен","гр. Сливен, п.к. 8800",бул./ул. ул. СЛАВЯНСКА № 8А,"Проектиране, предприемачество, строителство и строителни услуги, външна и вътрешна търговия, спедиционни складове, заведения за обществено хранене, производство и услуги на населението, ишлеме, посредничество, комисионни и складови сделки, рекламна, реекспортна, маркетингова, програмна, импресарска, лизингова и строителна дейност, хотелиерство и ресторантьорство, сделки с интелектуална собственост, извършване на всички търговски дейности и услуги, които не са забранени от ТЗ.",,"{""6а. Основна дейност по НКИД"": ""Група по НКИД: 7112\nКлас по НКИД: инженерни дейности и технически консултации"", ""7. Управители"": ""ГЕОРГИ НИКОЛОВ ДИМИТРОВ, Държава: БЪЛГАРИЯ"", ""23. Едноличен собственик на капитала"": ""ГЕОРГИ НИКОЛОВ ДИМИТРОВ, Държава: БЪЛГАРИЯ"", ""31. Размер"": ""2556.46 €"", ""32. Внесен капитал"": ""2556.46 €""}"
127022958,https://portal.registryagency.bg/CR/Reports/ActiveConditionTabResult?uic=127022958,"ЕТ ""МИТКО ДИМИТРОВ - 65""",27.09.2026г.,127022958,818/1996 360,МИТКО ДИМИТРОВ - 65,Едноличен търговец,БЪЛГАРИЯ,"Област: Шумен, Община: Шумен","гр. Шумен, п.к. 9700","бул./ул. ул. ПАНАЙОТ ХИТОВ № 4, вх. 2, ет. 3, ап. 28 Телефон: 0888356201","ПРОДАЖБА НА МЕСТНО И ВНОСНО ПРОИЗВОДСТВО СТОКИ, ВЪНШНОИКОНОМИЧЕСКА ДЕЙНОСТ, ОРГАНИЗИРАНЕ НА ЕКСКУРЗИИ В СТРАНАТА И В ЧУЖБИНА И ТУРИСТИЧЕСКИ УСЛУГИ, ПРЕВОЗ НА ПЪТНИЦИ И ТОВАРИ С АВТОМОБИЛИ, ПРОИЗВОДСТВО НА СЕЛСКОСТОПАНСКА ПРОДУКЦИЯ, РАСТЕНИЕВЪДСТВО И ЖИВОТНОВЪДСТВО, ИЗКУПУВАНЕ НА ЗАГОТОВКА И ТЪРГОВИЯ С ТАКАВА ПРОДУКЦИЯ, ОКАЗИОННА ТЪРГОВИЯ, БАРТЕРНИ СДЕЛКИ, ПОСРЕДНИЧЕСТВО И ПРЕДСТАВИТЕЛСТВО НА МЕСТНИ И ЧУЖДЕСТРАННИ ФИЗИЧЕСКИ И ЮРЕДИЧЕСКИ ЛИЦА, ОТКРИВАНЕ И ЕКСПЛОАТАЦИЯ НА ЗАВЕДНИЯ ЗА ОБЩЕСТВЕНО ХРАНЕНЕ И КАФЕ - АПЕРИТИВИ, ОРГАНИЗИРАНЕ НА ЛИЧНА И ГРУПОВА ТРУДОВА ДЕЙНОСТ НА ГРАЖДАНИ В СТРАНАТА И В ЧУЖБИНА ПО СМИСЪЛА НА ЧЛ.1, АЛ.3 ОТ ТЗ СЛЕД ПОЛУЧАВАНЕ НА ЛИЦЕНЗ.",МИТКО СТЕФАНОВ ДИМИТРОВ,"{""6а. Основна дейност по НКИД"": ""Група по НКИД: 4752\nКлас по НКИД: ТЪРГОВИЯ НА ДРЕБНО С ЖЕЛЕЗАРИЯ, БОИ И ПЛОСКО СТЪКЛО""}"
127022965,https://portal.registryagency.bg/CR/Reports/ActiveConditionTabResult?uic=127022965,"ЕТ ""ДЖОРДАН - ИЛМИЯ БАСРИ"" - Заличен търговец/ЮЛНЦ",27.09.2026г.,,,,,,,,,,,"{""27. Заличаване на търговеца/ЮЛНЦ"": ""Заличен търговец/ЮЛНЦ""}"
127022972,https://portal.registryagency.bg/CR/Reports/ActiveConditionTabResult?uic=127022972,"ЕТ ""ЯНКО ЯНКОВ - СИНХРОН""",27.09.2026г.,127022972,2634/1992 360,ЯНКО ЯНКОВ - СИНХРОН,Едноличен търговец,БЪЛГАРИЯ,"Област: Шумен, Община: Шумен","гр. Шумен, п.к. 9700",бул./ул. УЛ. СТЕФАН КАРАДЖА № 6 Телефон: 054 8725287,"ПОКУПКА НА СТОКИ ИЛИ ДРУГИ ВЕЩИ С ЦЕЛ ПРЕПРОДАЖБА В ПЪРВОНАЧАЛЕН, ПРЕРАБОТЕН ИЛИ ОБРАБОТЕН ВИД. ПРОИЗВОДСТВО НА СТОКИ С ЦЕЛ ПРОДАЖБА. ВЪНШНО ТЪРГОВСКА ДЕЙНОСТ. КОМИСИОННА, СПЕДИЦИОННА, СКЛАДОВА, ЛИЗИНГОВА ДЕЙНОСТ НА ТЪРГОВСКО ПРЕДСТАВИТЕЛСТВО И ПОСРЕДНИЧЕСТВО. ПРЕВОЗНА, ХОТЕЛИЕРСКА, ТУРИСТИЧЕСКА, РЕКЛАМНА ИЛИ ПРЕДОСТАВЯНЕ НА ДРУГИ УСЛУГИ.",ЯНКО ИВАНОВ ЯНКОВ,"{""4. Изписване на чужд език"": ""IANKO IANKOV - SINHRON""}"
202865193,https://portal.registryagency.bg/CR/Reports/ActiveConditionTabResult?uic=202865193,"""ГЕРЕВ-70"" ЕООД",27.09.2026г.,202865193,,ГЕРЕВ-70,Еднолично дружество с ограничена отговорност,БЪЛГАРИЯ,"Област: Благоевград, Община: Разлог","гр. Разлог, п.к. 2760",бул./ул. ЦАР КАЛОЯН № 1,"консултанска дейност, мениджмънт, търговско представителство и посредничество; търговия на едро и дребно, комисионни, превозни и спедиционни сделки; сделки с интелектуална собственост; хотелиерски, туристически, рекламни, информационни, програмни, импресарски; услуги ресторантьорство; покупка, строеж и обзавеждане на недвижими имоти с цел продажба; или отдаване под наем/аренда/, превоз на стоки и товари в страната и чужбина, , както и други услуги и дейности незабранени от закона.",,"{""4. Изписване на чужд език"": ""GEREV-70"", ""7. Управители"": ""Петър Георгиев Грънчаров, Държава: БЪЛГАРИЯ"", ""23. Едноличен собственик на капитала"": ""Петър Георгиев Грънчаров, Държава: БЪЛГАРИЯ"", ""31. Размер"": ""25.56 €"", ""32. Внесен капитал"": ""25.56 €""}"
200390278,https://portal.registryagency.bg/CR/Reports/ActiveConditionTabResult?uic=200390278,"ЕТ ""МЮЗЕФЕР - 65 - МЮЗЕФЕР ЮСЕИНОВ""",27.09.2026г.,200390278,,МЮЗЕФЕР - 65 - МЮЗЕФЕР ЮСЕИНОВ,Едноличен търговец,БЪЛГАРИЯ,"Област: Варна, Община: Варна","гр. Варна, п.к. 9023","р-н Владислав Варненчик, ж.к. ВЛ. ВАРНЕНЧИК, бл. 229, вх. 3, ет. 4, ап. 87 Телефон: 567427","ГЕОДЕЗИЯ, СТРОИТЕЛСТВО, ТЪРГОВИЯ.",МЮЗЕФЕР МЮЗЕКЯРОВ ЮСЕИНОВ,"{""6а. Основна дейност по НКИД"": ""Група по НКИД: 7420\nКлас по НКИД: ГЕОДЕЗИЯ""}"
820177763,https://portal.registryagency.bg/CR/Reports/ActiveConditionTabResult?uic=820177763,"ЕТ ""КАМЕЛИЯ МИНКОВА""",27.09.2026г.,820177763,565/1994 430,КАМЕЛИЯ МИНКОВА,Едноличен търговец,БЪЛГАРИЯ,"Област: Ловеч, Община: Троян","гр. Троян, п.к. 5600","ж.к. ХРИСТО СМИРНЕНСКИ, бл. 1, вх. Б, ап. 10 Телефон: 0898485777, Адрес на електронна поща: k.baramova@abv.bg","ПРОИЗВОДСТВО И ТЪРГОВИЯ НА ВСИЧКИ ВИДОВЕ СТОКИ-ОСВЕН ЗАБРАНЕНИТЕ ОТ ЗАКОНА; ПОСРЕДНИЧЕСКА, ЗАСТРАХОВАТЕЛНА И КОМИСИОНЕРСКА ДЕЙНОСТ, ВЪНШНОТЪРГОВСКА ДЕЙНОСТ, ВНОС, ИЗНОС, БАРТЕР, ИЗДАТЕЛСКА И ПЕЧАТАРСКА ДЕЙНОСТ, ХОТЕЛИЕРСТВО И РЕСТОРАНТЬОРСТВО, РЕКЛАМНА ДЕЙНОСТ.",КАМЕЛИЯ МИНКОВА МИНКОВА-БАРЪМОВА,"{""5а. Адрес за кореспонденция с НАП на територията на страната"": ""Държава: БЪЛГАРИЯ\nОбласт: Плевен, Община: Плевен\nНаселено място: гр. Плевен, п.к. 5800\nж.к. ДРУЖБА, бл. 134, вх. Д, ет. 4, ап. 12""}"
820177788,https://portal.registryagency.bg/CR/Reports/ActiveConditionTabResult?uic=820177788,"ЕТ ""НАДЕЖДА - 65 - ПЕТЪР НИКОЛОВ""",27.09.2026г.,820177788,700/1994 430,НАДЕЖДА - 65 - ПЕТЪР НИКОЛОВ,Едноличен търговец,БЪЛГАРИЯ,"Област: Ловеч, Община: Ловеч","гр. Ловеч, п.к. 5500","бл. ЕЛЕКТРОН, вх. В, ет. 1, ап. 1","Търговска дейност с всички разрешени стоки в страната и чужбина,вносна и износна дейност.тьрговско посредничество и представителство,превозна и спедиторска дейност, комисионна дейност, туристическа и рекламна дейност,откриване на заведения за обществено хранене,хранителни и нехранителни стоки, шивашки и плетачески услуги, производство, търговия със селскостопанска и животинска продукция, търговия с дървен и строителен материал и преработка на полуфабрикати и извършване на други дейности,търговски услуги незабранени от закон.",ПЕТЪР НИКОЛОВ ПЕТРОВ,"{""4. Изписване на чужд език"": ""Nadezhda - 65 - Petar Nikolov""}"
147138105,https://portal.registryagency.bg/CR/Reports/ActiveConditionTabResult?uic=147138105,"""ЕВРОСЪН"" ЕООД",27.09.2026г.,147138105,1658/2007 210,ЕВРОСЪН,Еднолично дружество с ограничена отговорност,БЪЛГАРИЯ,"Област: Бургас, Община: Бургас","гр. Бургас, п.к. 8000","ж.к. ЛАЗУР, бл. 96, вх. 1, ет. 5, ап. 15","ПОКУПКА, ПРОЕКТИРАНЕ, СТРОЕЖ ИЛИ ОБЗАВЕЖДАНЕ НА НЕДВИЖИМИ ИМОТИ С ЦЕЛ ПРОДАЖБА, СДЕЛКИ С НЕДВИЖИМИ ИМОТИ, ПОКУПКА НА СТОКИ ИЛИ ДРУГИ ВЕЩИ С ЦЕЛ ПРЕПРОДАЖБА В ПЪРВОНАЧАЛЕН, ПРЕРАБОТЕН ИЛИ ОБРАБОТЕН ВИД, ИЗГРАЖДАНЕ НА ЕЛЕКТРИЧЕСКИ ИНСТАЛАЦИИ В ПРОМИШЛЕНИ И ЖИЛИЩНИ СГРАДИ, ПРОДАЖБА НА СТОКИ ОТ СОБСТВЕНО ПРОИЗВОДСТВО ПРОИЗВОДСТВО, КОНСУЛТАНТСКИ УСЛУГИ, ТЪРГОВСКО ПРЕДСТАВИТЕЛСТВО И ПОСРЕДНИЧЕСТВО, КОМИСИОННИ, СПЕДИЦИОННИ, ПРЕВОЗНИ, СКЛАДОВИ СДЕЛКИ, СДЕЛКИ С ИНТЕЛЕКТУАЛНА СОБСТВЕНОСТ, ИНФОРМАЦИОННИ, ПРОГРАМНИ И ДРУГИ ДЕЙНОСТИ И УСЛУГИ В ОБЛАСТТА НА КОМПЮТЪРНИТЕ ТЕХНОЛОГИИ, ПЕДАГОГИЧЕСКИ И ПРЕВОДАЧЕСКИ УСЛУГИ, ВЪНШНОТЪРГОВСКА ДЕЙНОСТ, ВНОС, ИЗНОС, ХОТЕЛИЕРСКИ, ТУРИСТИЧЕСКИ, РЕКЛАМНИ И ВСЯКАКВИ ДРУГИ ДЕЙНОСТИ И УСЛУГИ, КОИТО НЕ СА ЗАБРАНЕНИ СЪС ЗАКОН.",,"{""4. Изписване на чужд език"": ""EUROSUN LTD"", ""5а. Адрес за кореспонденция с НАП на територията на страната"": ""Държава: БЪЛГАРИЯ\nОбласт: Бургас, Община: Бургас\nНаселено място: гр. Бургас, п.к. 8000\nбул./ул. ул.ИВАН ШИШМАН № 20, ет. 1, ап. 2"", ""7. Управители"": ""ИВАН ГЕОРГИЕВ КУНЧЕВ, Държава: БЪЛГАРИЯ"", ""23. Едноличен собственик на капитала"": ""ИВАН ГЕОРГИЕВ КУНЧЕВ, Държава: БЪЛГАРИЯ"", ""31. Размер"": ""321602.59 €"", ""32. Внесен капитал"": ""321602.59 €""}"
147138112,https://portal.registryagency.bg/CR/Reports/ActiveConditionTabResult?uic=147138112,"""НЕД-65"" ЕООД",27.09.2026г.,147138112,1568/2007 210,НЕД-65,Еднолично дружество с ограничена отговорност,БЪЛГАРИЯ,"Област: Бургас, Община: Несебър","с. Тънково, п.к. 8237","бул./ул. к-с ""Съни Дей"" 6, бл. 34, ап. 10 Адрес на електронна поща: pehat@abv.bg","Покупка на стоки или други вещи с цел продажбата им в първоначален, преработен или обработен вид, покупка, строеж, ремонт или обзавеждане на недвижими имоти с цел продажба, продажба на стоки от собствено производство, комисионни сделки, сделки с интелектуална собственост, консултантски, маркетингови и инженерингови сделки, рекламни и информационни услуги, търговско представителство и посредничество, туристически и туроператорски сделки, в това число хотелиерски и ресторантьорски услуги и всички други дейности, които не са забранени със закон.",,"{""4. Изписване на чужд език"": ""NED-65"", ""5а. Адрес за кореспонденция с НАП на територията на страната"": ""Държава: БЪЛГАРИЯ\nОбласт: Бургас, Община: Несебър\nНаселено място: с. Тънково, п.к. 8237\nбул./ул. к-с \""Съни Дей\"" 6, бл. 34, ап. 10"", ""7. Управители"": ""АНТОАН РАЙМОНД ЕЛ ФЕГАЛИ, Държава: ЛИВАН"", ""23. Едноличен собственик на капитала"": ""АНТОАН РАЙМОНД ЕЛ ФЕГАЛИ, Държава: ЛИВАН"", ""31. Размер"": ""2556.46 €"", ""32. Внесен капитал"": ""2556.46 €""}"
147138129,https://portal.registryagency.bg/CR/Reports/ActiveConditionTabResult?uic=147138129,"""МОНТЕЛ"" ЕООД",27.09.2026г.,147138129,1609/2007 210,МОНТЕЛ,Еднолично дружество с ограничена отговорност,БЪЛГАРИЯ,"Област: Бургас, Община: Бургас","гр. Бургас, п.к. 8000","бул./ул. ж.к.ВЪЗРАЖДАНЕ, бл. 41, вх. А, ет. 6, ап. 15","ПОКУПКА НА СТОКИ ИЛИ ДРУГИ ВЕЩИ С ЦЕЛ ПРЕПРОДАЖБА В ПЪРВОНАЧАЛЕН, ПРЕРАБОТЕН ИЛИ ОБРАБОТЕН ВИД, ПРОДАЖБА НА СТОКИ ОТ СОБСТВЕНО ПРОИЗВОДСТВО, ТЪРГОВСКО ПРЕДСТАВИТЕЛСТВО И ПОСРЕДНИЧЕСТВО, КОМИСИОННИ, СПЕДИЦИОННИ И ПРЕВОЗНИ СДЕЛКИ, СКЛАДОВИ СДЕЛКИ, ЛИЦЕНЗИОННИ СДЕЛКИ, СТОКОВ КОНТРОЛ, СДЕЛКИ С ИНТЕЛЕКТУАЛНА СОБСТВЕНОСТ, ХОТЕЛИЕРСКИ, ТУРИСТИЧЕСКИ, РЕКЛАМНИ, ИНФОРМАЦИОННИ, ПРОГРАМНИ, ИМПРЕСАРСКИ ИЛИ ДРУГИ УСЛУГИ, ПОКУПКА, СТРОЕЖ ИЛИ ОБЗАВЕЖДАНЕ НА НЕДВИЖИМИ ИМОТИ С ЦЕЛ ПРОДАЖБА, ЛИЗИНГ.",,"{""4. Изписване на чужд език"": ""MONTEL"", ""7. Управители"": ""МИЛЕН ГИНКОВ ВЪЛКОВ, Държава: БЪЛГАРИЯ"", ""23. Едноличен собственик на капитала"": ""МИЛЕН ГИНКОВ ВЪЛКОВ, Държава: БЪЛГАРИЯ"", ""31. Размер"": ""2556.46 €"", ""32. Внесен капитал"": ""2556.46 €""}"
202716527,https://portal.registryagency.bg/CR/Reports/ActiveConditionTabResult?uic=202716527,"""СИМЕКСИ"" ЕООД",27.09.2026г.,202716527,,СИМЕКСИ,Еднолично дружество с ограничена отговорност,БЪЛГАРИЯ,"Област: Видин, Община: Видин","гр. Видин, п.к. 3700","бул./ул. Св.Св. Кирил и Методий № 30 Телефон: 0898550110, Адрес на електронна поща: s.stanev2@gmail.com;info@simexy.com","ПРОИЗВОДСТВО, ТЪРГОВИЯ, УСЛУГИ, ВНОС И ИЗНОС, КАКТО И ВСЯКА ДРУГА ДЕЙНОСТ, КОЯТО НЕ Е ЗАБРАНЕНА СЪС ЗАКОН.",,"{""4. Изписване на чужд език"": ""SIMEXY Ltd."", ""5а. Адрес за кореспонденция с НАП на територията на страната"": ""Държава: БЪЛГАРИЯ\nОбласт: Видин, Община: Видин\nНаселено място: гр. Видин, п.к. 3700\nбул./ул. Св.Св. Кирил и Методий № 30"", ""7. Управители"": ""Станислав Александров Станев, Държава: БЪЛГАРИЯ"", ""23. Едноличен собственик на капитала"": ""Станислав Александров Станев, Държава: БЪЛГАРИЯ"", ""31. Размер"": ""1.02 €"", ""32. Внесен капитал"": ""1.02 €""}"
114014252,https://portal.registryagency.bg/CR/Reports/ActiveConditionTabResult?uic=114014252,"ЕТ ""ШАНС - ИЛИЯНА ТОДОРОВА""",27.09.2026г.,114014252,2894/1992 440,ШАНС - ИЛИЯНА ТОДОРОВА,Едноличен търговец,БЪЛГАРИЯ,"Област: Плевен, Община: Плевен","гр. Плевен, п.к. 5800","бул./ул. ЦАР БОРИС 1 № 95, бл. ЛУНА, вх. Б, ап. 16 Телефон: 0885694203",ПРЕДСТАВИТЕЛСТВО/БЕЗ ПРОЦЕСУАЛНО/ И ПОСРЕДНИЧЕСТВО НА МЕСТНИ И ЧУЖДЕСТРАННИ ФИРМИ. ФИЗИЧЕСКИ И ЮРИДИЧЕСКИ ЛИЦА В СТРАНАТА И ЧУЖБИНА. ВЪТРЕШНО И ВЪНШНО ТЪРГОВСКА ДЕЙНОСТ. ТЪРГОВИЯ НА ЕДРО И ДРЕБНО С ВСИЧКИ ВИДОВЕ РАЗРЕШЕНИ ОТ ЗАКОНА СТОКИ. ПРОМИШЛЕНИ ИЗДЕЛИЯ. СТОКИ ЗА БИТА ОБЛЕКЛО И ОБУВКИ. ПАРФЮМЕРИЯ. КИНКАЛЕРИЯ. ХРАНИТЕЛНИ ПРОДУКТИ. ЦИТРУСОВИ ПЛОДОВЕ. КАФЕ. АЛКОХОЛНИ И БЕЗАЛКОХОЛНИ НАПИТКИ. ИЗКУПУВАНЕ И ТЪРГОВИЯ НА СЕЛСКОСТОПАНСКА И ЖИВОТИНСКА ПРОДУКЦИЯ. СЛАДКАРСКИ И ТЕСТЕНИ ИЗДЕЛИЯ. РАЗКРИВАНЕ НА ФИРМЕН МАГАЗИН. ПРОИЗВОДСТВО НА СТОКИ ЗА ПОТРЕБЛЕНИЕ И УСЛУГИ ЗА НАСЕЛЕНИЕТО. БАРТЕРНИ СДЕЛКИ И ВЕЩИ ПОД НАЕМ. ТАКСИМЕТРОВИ И ТОВАРОПЪТНИЧЕСКИ УСЛУГИ СЪС СОБСТВЕН И НАЕТТРАНСПОРТ В СТРАНАТА И ЧУЖБИНА..,ИЛИЯНА НИКОЛОВА ТОДОРОВА,
208390401,https://portal.registryagency.bg/CR/Reports/ActiveConditionTabResult?uic=208390401,"""СМАРТ ПРАЙС ПРО"" ЕООД",27.09.2026г.,208390401,,СМАРТ ПРАЙС ПРО,Еднолично дружество с ограничена отговорност,БЪЛГАРИЯ,"Област: Пловдив, Община: Пловдив","гр. Пловдив, п.к. 4000","р-н Централен, бул./ул. ул. Мали Богдан № 24 Адрес на електронна поща: smartpricepro_ltd@abv.bg","ТЪРГОВИЯ СЪС СТОКИ; ВНОС И ИЗНОС; ТРАНСПОРТ В СТРАНАТА И ЧУЖБИНА; ПОСРЕДНИЧЕСКА ДЕЙНОСТ И ТЪРГОВСКО ПРЕДСТАВИТЕЛСТВО; ПРОИЗВОДСТВО И ТЪРГОВИЯ НА СТОКИ; СТРОИТЕЛСТВО; ХОТЕЛИЕРСТВО И РЕСТОРАНТЬОРСТВО И ВСЯКА ДРУГА ДЕЙНОСТ, КОЯТО НЕ Е ЗАБРАНЕНА ОТ ЗАКОНА.",,"{""4. Изписване на чужд език"": ""SMART PRICE PRO LTD"", ""5а. Адрес за кореспонденция с НАП на територията на страната"": ""Държава: БЪЛГАРИЯ\nОбласт: Пловдив, Община: Пловдив\nНаселено място: гр. Пловдив, п.к. 4000\nр-н Централен\nж.к. Пловдив, бул./ул. Капитан Райчо № 56"", ""7. Управители"": ""АЛБЕНА СЕВДАЛИНОВА БАКАЛОВА-ТЮФЕКЧИЕВА, Държава: БЪЛГАРИЯ"", ""23. Едноличен собственик на капитала"": ""АЛФА ИМПЕКС 2025 ЕООД, ЕИК/ПИК 208330492, Държава: БЪЛГАРИЯ"", ""31. Размер"": ""1.02 €"", ""32. Внесен капитал"": ""1.02 €""}"
200815875,https://portal.registryagency.bg/CR/Reports/ActiveConditionTabResult?uic=200815875,"""""ТОИДАС"""" ЕООД",27.09.2026г.,200815875,,"""ТОИДАС""",Еднолично дружество с ограничена отговорност,БЪЛГАРИЯ,"Област: София (столица), Община: Столична","гр. София, п.к. 1799","р-н Младост, ж.к. Младост 2, бл. 212, вх. 1, ет. 20, ап. 112 Телефон: 0899323932","ТЪРГОВСКА ДЕЙНОСТ СЪС СТОКИ И УСЛУГИ В СТРАНАТА И В ЧУЖБИНА, ВНОС И ИЗНОС, СКЛАДОВА ДЕЙНОСТ, КАКТО И ВСЯКАКВИ ДРУГИ ТЪРГОВСКИ ДЕЙНОСТИ, НЕЗАБРАНЕНИ СЪС ЗАКОН, КАТО ДЕЙНОСТИТЕ, ЗА КОИТО СЕ ИЗИСКВА РАЗРЕШЕНИЕ (ЛИЦЕНЗ) ИЛИ РЕГИСТРАЦИЯ, ЩЕ СЕ ОСЪЩЕСТВЯВАТ СЛЕД ПОЛУЧАВАНЕТО МУ.",,"{""4. Изписване на чужд език"": ""TOIDAS"", ""5а. Адрес за кореспонденция с НАП на територията на страната"": ""Държава: БЪЛГАРИЯ\nОбласт: София (столица), Община: Столична\nНаселено място: гр. София, п.к. 1799\nр-н Младост\nж.к. Младост 2, бл. 219А, вх. А, ет. 3, ап. 6"", ""7. Управители"": ""Ангел Славчев Аврамов, Държава: БЪЛГАРИЯ"", ""23. Едноличен собственик на капитала"": ""Ангел Славчев Аврамов, Държава: БЪЛГАРИЯ"", ""31. Размер"": ""2556.46 €"", ""32. Внесен капитал"": ""2556.46 €""}"
200815882,https://portal.registryagency.bg/CR/Reports/ActiveConditionTabResult?uic=200815882,"ЕТ ""АЛДИ - ЕМИЛИЯ ИЛИЕВА""",27.09.2026г.,200815882,,АЛДИ - ЕМИЛИЯ ИЛИЕВА,Едноличен търговец,БЪЛГАРИЯ,"Област: Видин, Община: Видин","гр. Видин, п.к. 3700",бул./ул. ЯНТРА № 22 Телефон: 0885 828 969,"ПРОИЗВОСТВО И ТЪРГОВИЯ СЪС СТОКИ И УСЛУГИ В СТРАНАТА И ЧУЖБИНА, ТЪРГОВИЯ С ХРАНИТЕЛНИ И НЕХРАНИТЕЛНИ СТОКИ; ПРОИЗВОДСТВО, ИЗКУПУВАНЕ, ПРЕРАБОТКА И ТЪРГОВИЯ СЪС СЕЛСКОСТОПАНСКА ПРОДУКЦИЯ; ЗАКУПУВАНЕ И ПОСРЕДНИЧЕСТВО С НЕДВИЖИМИ ИМОТИ И ОТДАВАНЕТО ИМ ПОД НАЕМ, ОЦЕНЯВАНЕ; ТУРИСТИЧЕСКА ДЕЙНОСТ В СТРАНАТА И ЧУЖБИНА; ХОТЕЛИЕРСТВО И РЕСТОРАНТЬОРСТВО; ЕКСПЛОАТАЦИЯ, ОБЗАВЕЖДАНЕ И СТРОИТЕЛСТВО НА ОБЕКТИ ЗА СПОРТ И ТУРИЗЪМ; РАЗРАБОТКА И РЕАЛИЗАЦИЯ НА ЕКОЛОГИЧНИ МЕРОПРИЯТИЯ И ПРОГРАМИ; РЕКЛАМИ, ИМПРЕСАРСКА ДЕЙНОСТ; СПЕДИЦИЯ, ТРАНСПОРТНА ДЕЙНОСТ, В Т.Ч. ТАКСИМЕТРОВА И АВТОСЕРВИЗНА; ПОСРЕДНИЧЕСТВО, ПРЕДСТАВИТЕЛСТВО НА МЕСТНИ И ЧУЖДЕСТРАННИ ЛИЦА В СТРАНАТА И ЧУЖБИНА; КАНСУЛТАНТСКА ДЕЙНОСТ, В Т.Ч. ИКОНОМИЧЕСКИ, ПРАВНИ, ИНЖЕНЕРИНГОВИ УСЛУГИ; ИЗВЪРШВАНЕ НА ДРУГИ ДЕЙНОСТИ НЕ ЗАБРАНЕНИ ОТ ЗАКОНА В СТАРАНАТА И ЧУЖБИНА.",ЕМИЛИЯ МИТЕВА ИЛИЕВА,
200205263,https://portal.registryagency.bg/CR/Reports/ActiveConditionTabResult?uic=200205263,"""ПАРКЛАНДС 65"" ЕООД",27.09.2026г.,200205263,,ПАРКЛАНДС 65,Еднолично дружество с ограничена отговорност,БЪЛГАРИЯ,"Област: Благоевград, Община: Банско","гр. Банско, п.к. 2770","ж.к. местност Страгите, хотел Паркландс","ПОКУПКО-ПРОДАЖБА НА НЕДВИЖИМИ ИМОТИ ,ОТДАВАНЕ ПОД НАЕМ,КОНСУЛТАНСКА ДЕЙНОСТ И УПРАВЛЕНИЕ НА НЕДВИЖИМИ ИМОТИ,КАКТО И ВСЯКА ДРУГА ДЕЙНОСТ НЕЗАБАРАНЕНА ОТ ЗАКОНА.",,"{""4. Изписване на чужд език"": ""PARKLANDS 65"", ""7. Управители"": ""ДОРИЙН САЛИСБЪРИ, Държава: БЪЛГАРИЯ"", ""23. Едноличен собственик на капитала"": ""ДОРИЙН САЛИСБЪРИ, Държава: БЪЛГАРИЯ"", ""31. Размер"": ""2556.46 €"", ""32. Внесен капитал"": ""2556.46 €""}"
204059158,https://portal.registryagency.bg/CR/Reports/ActiveConditionTabResult?uic=204059158,"""КОНКУРЕНТ-2016"" ЕООД - Заличен търговец/ЮЛНЦ",27.09.2026г.,,,,,,,,,,,"{""27. Заличаване на търговеца/ЮЛНЦ"": ""Заличен търговец/ЮЛНЦ""}"
204059165,https://portal.registryagency.bg/CR/Reports/ActiveConditionTabResult?uic=204059165,"""ХЕДЖ ЛАБ"" ООД",27.09.2026г.,204059165,,ХЕДЖ ЛАБ,Дружество с ограничена отговорност,БЪЛГАРИЯ,"Област: София (столица), Община: Столична","гр. София, п.к. 1680","р-н Красно село, ж.к. Борово, бул./ул. ул. Солун № 64, вх. Б, ет. 2, ап. 5","Проектиране, разработване, маркетинг, продажба, внедряване, обучение, съпровождане и поддръжка на софтуерни продукти и цялостни решения. Управление на софтуерни проекти, предоставяне на консултантски услуги в сферата на информационните и комуникационните технологии. Иницииране, подпомагане и провеждане на дейности по реализирането на научни и приложни изследвания, проучвания, програми и проекти в областта на информационните и комуникационни технологии и технологичното развитие, осъществяване на фундаментални и индустриални научни изследвания, експериментално развитие и разпространение на резултатите от тях посредством преподавателска работа, публикуване или трансфер на технологии. Извършване на сделки с интелектуална и индустриална собственост и на лицензионни сделки. Извършване на други търговски сделки и дейности, незабранени със закон.",,"{""4. Изписване на чужд език"": ""Hedge Lab OOD"", ""7. Управители"": ""Тодор Милков Величков, Държава: БЪЛГАРИЯ"", ""19. Съдружници"": ""Любен Димитров Сяров, Държава: БЪЛГАРИЯ, Размер на дяловото участие: 11.00 лв.\nТодор Милков Величков, Държава: БЪЛГАРИЯ, Размер на дяловото участие: 11.00 лв.\nБоян Красимиров Иванов, Държава: БЪЛГАРИЯ, Размер на дяловото участие: 11.00 лв."", ""31. Размер"": ""16.87 €"", ""32. Внесен капитал"": ""16.87 €""}"
204059172,https://portal.registryagency.bg/CR/Reports/ActiveConditionTabResult?uic=204059172,"""ПАТА-65"" ЕООД",27.09.2026г.,204059172,,ПАТА-65,Еднолично дружество с ограничена отговорност,БЪЛГАРИЯ,"Област: Бургас, Община: Поморие","гр. Поморие, п.к. 8200",бул./ул. Марица № 20,"Покупка на стоки или други вещи с цел препродажба в първоначален, преработен или обработен вид; продажба на стоки от собствено производство; производство и търговия със селскостопанска продукция; козметични, фризьорски, счетоводни, импресарски, компютърни, транспортни, хотелиерски, ресторантьорски, туристически, рекламни, програмни, информационни или други услуги; магазинерство; кафетерия; комисионни, спедиционни, складови, лизингови и валутни сделки; търговско представителство и посредничество; сделки с интелектуална собственост; покупка, строеж или обзавеждане на недвижими имоти с цел продажба, както и всички други сделки, дейности и услуги незабранени от закона.",,"{""4. Изписване на чужд език"": ""PATA-65"", ""7. Управители"": ""Стефан Мишев Василев, Държава: БЪЛГАРИЯ"", ""23. Едноличен собственик на капитала"": ""Стефан Мишев Василев, Държава: БЪЛГАРИЯ"", ""31. Размер"": ""5.11 €"", ""32. Внесен капитал"": ""5.11 €""}"
204059182,https://portal.registryagency.bg/CR/Reports/ActiveConditionTabResult?uic=204059182,"""ТИШЮС ЕНД ТУЛС"" ООД",27.09.2026г.,204059182,,ТИШЮС ЕНД ТУЛС,Дружество с ограничена отговорност,БЪЛГАРИЯ,"Област: София (столица), Община: Столична","гр. София, п.к. 1113","р-н Изгрев, бул./ул. ул. Ген. Щерю Атанасов № 8, вх. Б, ет. 3 Телефон: 0889663368 адрес на електронна поща: gergo mitrov @hotmail.com","Научно-изследователска и развойна дейност, иновации, реализация на изследователски резултати, консултантска дейност, експертизи и технологични оценки, производство на иновативни продукти, предоставяне на иновативни услуги, търговско представителство, посредничество и агентство на местни и чуждестранни физически и юридически лица и всякаква друга дейност, която не е забранена със закон.",,"{""4. Изписване на чужд език"": ""TISSUES & TOOLS"", ""6а. Основна дейност по НКИД"": ""Група по НКИД: 72.19\nКлас по НКИД: Научноизследователска и развойна дейност в областта на естествените, медицинските, селскостопанските и техническите науки, без биотехнологиите"", ""7. Управители"": ""Герго Иванов Митов, Държава: БЪЛГАРИЯ"", ""19. Съдружници"": ""Герго Иванов Митов, Държава: БЪЛГАРИЯ, Размер на дяловото участие: 48.00 лв.\nГи Флориан Дренерт, Държава: ГЕРМАНИЯ, Размер на дяловото участие: 48.00 лв.\nВладимир Трифонов Ставров, Държава: БЪЛГАРИЯ, Размер на дяловото участие: 4.00 лв."", ""31. Размер"": ""51.13 €"", ""32. Внесен капитал"": ""51.13 €""}"
825157519,https://portal.registryagency.bg/CR/Reports/ActiveConditionTabResult?uic=825157519,"ЕТ ""ДИМИТРИЯ АНДРЕЕВА - ДЕВОРА"" - Заличен търговец/ЮЛНЦ",27.09.2026г.,,,,,,,,,,,"{""27. Заличаване на търговеца/ЮЛНЦ"": ""Заличен търговец/ЮЛНЦ""}"
206908432,https://portal.registryagency.bg/CR/Reports/ActiveConditionTabResult?uic=206908432,"""ВарнаДжет"" ЕООД",27.09.2026г.,206908432,,ВарнаДжет,Еднолично дружество с ограничена отговорност,БЪЛГАРИЯ,"Област: София (столица), Община: Столична","гр. София, п.к. 1000","р-н Оборище, бул./ул. ул. Искър № 8, ет. 3","Програмиране, разработка на приложения, изкуствен интелект и киберсигурност, предоставяне на авиационни услуги, разрешение за полети, координиране и надзор на наземното обслужване и зареждане с гориво, летателни планове и метеорологични доклади на екипажите, както и всяка друга дейност, незабранена от закона.",,"{""4. Изписване на чужд език"": ""“VarnaJet” LTD"", ""7. Управители"": ""Александр Челак, Държава: БЪЛГАРИЯ"", ""23. Едноличен собственик на капитала"": ""САМЕР ДАБАГ, Държава: БЪЛГАРИЯ"", ""31. Размер"": ""511.29 €"", ""32. Внесен капитал"": ""511.29 €""}"
206908440,https://portal.registryagency.bg/CR/Reports/ActiveConditionTabResult?uic=206908440,"""ДАНИЕЛ 1966"" ЕООД",27.09.2026г.,206908440,,ДАНИЕЛ 1966,Еднолично дружество с ограничена отговорност,БЪЛГАРИЯ,"Област: Шумен, Община: Шумен","гр. Шумен, п.к. 9700","бул./ул. ПРЕСЛАВ № 12, ет. 2, ап. 4","Търговия на едро и дребно с всякакви стоки и услуги , комисионни сделки, както и всяка допустима от закона търговска дейност.",,"{""4. Изписване на чужд език"": ""DANIEL 1966 Ltd."", ""6а. Основна дейност по НКИД"": ""Група по НКИД: 47.71\nКлас по НКИД: Търговия на дребно с облекло"", ""7. Управители"": ""ДАНИЕЛ ПЕТРОВ ГОСПОДИНОВ, Държава: БЪЛГАРИЯ"", ""23. Едноличен собственик на капитала"": ""ДАНИЕЛ ПЕТРОВ ГОСПОДИНОВ, Държава: БЪЛГАРИЯ"", ""31. Размер"": ""1.02 €"", ""32. Внесен капитал"": ""1.02 €""}"
206431066,https://portal.registryagency.bg/CR/Reports/ActiveConditionTabResult?uic=206431066,"""Полина 65"" ЕООД",27.09.2026г.,206431066,,Полина 65,Еднолично дружество с ограничена отговорност,БЪЛГАРИЯ,"Област: Варна, Община: Варна","гр. Варна, п.к. 9000","р-н Младост, ж.к. Възраждане, бл. 58, вх. 1, ет. 7, ап. 20","Покупка на стоки или други вещи с цел продажба в първоначален, преработен или обработен вид ; посредничество и сделки с недвижими имоти; покупка, строеж и обзавеждане на недвижими имоти с цел продажба; комисионни сделки; лицензионни сделки; спедиционна дейност; складова дейност; търговско представителство и посредничество; превозна ,хотелиерска, туристическа и ресторантьорска дейност след лицензиране; рекламна, информационна, импресарска, програмна дейност; издателска и печатарска дейност; сделки с интелектуална собственост; лизингова дейност, рент а кар; вътрешно- и външнотърговска дейност, транспортна дейност, в страната и чужбина, битови услуги, сервизни услуги, Селскостопанска дейност - земеделие и животновъдство, както и всяка друга незабранена дейност по закон след издаване на съответните разрешителни лицензии, ако е необходимо.",,"{""4. Изписване на чужд език"": ""“Polina 65” Ltd."", ""7. Управители"": ""ПОЛИНА СЛАВОВА ЛЮБЕНОВА, Държава: БЪЛГАРИЯ"", ""23. Едноличен собственик на капитала"": ""ПОЛИНА СЛАВОВА ЛЮБЕНОВА, Държава: БЪЛГАРИЯ"", ""31. Размер"": ""511.00 €"", ""32. Внесен капитал"": ""511.00 €""}"
206431073,https://portal.registryagency.bg/CR/Reports/ActiveConditionTabResult?uic=206431073,"""НОВА ДРИЙМ ГРУП"" ЕООД",27.09.2026г.,206431073,,НОВА ДРИЙМ ГРУП,Еднолично дружество с ограничена отговорност,БЪЛГАРИЯ,"Област: Шумен, Община: Шумен","гр. Шумен, п.к. 9700","бул./ул. ул. „Ген. Скобелев“ № 41, вх. 2, ет. 2, ап. 22","СМР – общо строителство на сгради и съоръжения, ВиК, изграждане на ел. инсталации, довършителни работи; покупка, строеж или обзавеждане на недвижими имоти с цел продажба; вътрешна и външна търговия; покупко-продажба и производство на стоки с цел продажба в първоначален, преработен или обработен вид; комисионни, спедиционни и превозни сделки; складови сделки; консултантска, хотелиерска, ресторантьорска, туристическа и туроператорска - в страната и чужбина; производство и реализация на стоки в страната и чужбина; вещи под наем и оказиони, заложна дейност; покупка, строеж и/или обзавеждане на недвижими имоти с цел продажба и наемни отношения, управление на недвижими имоти; като за дейностите, за които българското законодателството предвижда извършването им след получаване на лиценз, същите ще се извършват след надлежното му получаване; както и всяка друга дейност, незабранена със закон",,"{""4. Изписване на чужд език"": ""NOVA DREAM GROUP"", ""6а. Основна дейност по НКИД"": ""Група по НКИД: 41.20\nКлас по НКИД: Строителство на жилищни и нежилищни сгради"", ""7. Управители"": ""ЕМИН БЕЙЗАТОВ ТАЛИБОВ, Държава: БЪЛГАРИЯ"", ""23. Едноличен собственик на капитала"": ""ЕМИН БЕЙЗАТОВ ТАЛИБОВ, Държава: БЪЛГАРИЯ"", ""31. Размер"": ""3.07 €"", ""32. Внесен капитал"": ""3.07 €""}"
204287877,https://portal.registryagency.bg/CR/Reports/ActiveConditionTabResult?uic=204287877,"""АНСО ФУУДС"" ООД",27.09.2026г.,204287877,,АНСО ФУУДС,Дружество с ограничена отговорност,БЪЛГАРИЯ,"Област: Благоевград, Община: Петрич","гр. Петрич, п.к. 2850","бул./ул. улица ""България"" № 3","Покупка на стоки или други вещи с цел продажба в първоначален, преработен или обработен вид в страната и в чужбина; продажба и търговия в страната и в чужбина на стоки от собствено производство; търговско представителство и посредничество; комисионни,спедиционни и превозни сделки; складови сделки; сделки с интелектуална собственост; лицензионни сделки; както и всяка друга незабранена от закона дейност.",,"{""4. Изписване на чужд език"": ""ANSO FOODS LTD"", ""7. Управители"": ""ТЕОДОРОС ГЕОРГИОС АНДРУТСОПУЛОС, Държава: ГЪРЦИЯ\nEВАНГЕЛОС ГЕОРГИОС СОТИРИУ, Държава: ГЪРЦИЯ"", ""11. Начин на представляване"": ""по друг начин:\nЗАЕДНО И ПООТДЕЛНО"", ""19. Съдружници"": ""ТЕОДОРОС ГЕОРГИОС АНДРУТСОПУЛОС, Държава: ГЪРЦИЯ, Размер на дяловото участие: 250.00 лв.\nEВАНГЕЛОС ГЕОРГИОС СОТИРИУ, Държава: ГЪРЦИЯ, Размер на дяловото участие: 250.00 лв."", ""31. Размер"": ""255.65 €"", ""32. Внесен капитал"": ""255.65 €""}"
201423329,https://portal.registryagency.bg/CR/Reports/ActiveConditionTabResult?uic=201423329,"""ПРОГРЕС 65"" ЕООД",27.09.2026г.,201423329,,ПРОГРЕС 65,Еднолично дружество с ограничена отговорност,БЪЛГАРИЯ,"Област: Силистра, Община: Силистра","гр. Силистра, п.к. 7500","бул./ул. бул. МАКЕДОНИЯ № 146, ет. 1, ап. 4","ПРОИЗВОДСТВО И ТЪРГОВИЯ С ХРАНИТЕЛНИ И ПРОМИШЛЕНИ СТОКИ И СЕЛСКОСТОПАНСКА ПРОДУКЦИЯ, ТЪРГОВСКО ПРЕДСТАВИТЕЛСТВО, ВЪТРЕШНА И ВЪНШНА ТЪРГОВИЯ, АВТОМОНТЬОРСТВО И АВТОСЕРВИЗ, ТУРИСТИЧЕСКА И ТУРОПЕРАТОРСКА ДЕЙНОСТ, ВСИЧКИ ВИДОВЕ УСЛУГИ ЗА НАСЕЛЕНИЕТО, ВЪТРЕШНА И ВЪНШНА И МЕЖДУНАРОДНА ТРАНСПОРТНА И ТАКСИМЕТРОВА ДЕЙНОСТ ЗА ПРЕВОЗ НА ПЪТНИЦИ И ТОВАРИ, КАКТО И ВСЯКА РАЗРЕШЕНА ОТ ЗАКОНА ТЪРГОВСКА ДЕЙНОСТ.",,"{""4. Изписване на чужд език"": ""PROGRES 65"", ""7. Управители"": ""РОСИЦА ДИМИТРОВА НИКОЛОВА, Държава: БЪЛГАРИЯ"", ""23. Едноличен собственик на капитала"": ""РОСИЦА ДИМИТРОВА НИКОЛОВА, Държава: БЪЛГАРИЯ"", ""31. Размер"": ""1.02 €"", ""32. Внесен капитал"": ""1.02 €""}"
201423336,https://portal.registryagency.bg/CR/Reports/ActiveConditionTabResult?uic=201423336,"""ИВИ - ФИНЕС"" ЕООД",27.09.2026г.,201423336,,ИВИ - ФИНЕС,Еднолично дружество с ограничена отговорност,БЪЛГАРИЯ,"Област: Разград, Община: Разград","гр. Разград, п.к. 7200","бул./ул. бул. БЪЛГАРИЯ № 27, вх. Д, ет. 1, ап. 1 Телефон: 0885825758","ВЪТРЕШНА И ВЪНШНА ТЪРГОВСКА ДЕЙНОСТ СЪС СЕЛСКОСТОПАНСКА, ПРОМИШЛЕНА ПРОДУКЦИЯ, ГОРИВА И СМАЗОЧНИ МАТЕРИАЛИ, УСЛУГИ И РЕМОНТ НА ТЕХНИКА, СПЕДИЦИОННА, КОМИСИОННА ДЕЙНОСТ, РЕКЛАМНА, КОНСУЛТАНТСКА, ПРОЕКТАНТСКА, ИНФОРМАЦИОННА И ИМПРЕСАРСКА ДЕЙНОСТ, ПРОИЗВОДСТВО И ТЪРГОВИЯ СЪС СЕЛСКОСТОПАНСКА ПРОДУКЦИЯ И ТЕХНИКА, КАКТО И ВСЯКА ДРУГА ДЕЙНОСТ НЕЗАБРАНЕНА ОТ ЗАКОН.",,"{""4. Изписване на чужд език"": ""IVI - FINES"", ""7. Управители"": ""ИВИЛИНА ПЕТРОВА ЙОРДАНОВА, Държава: БЪЛГАРИЯ"", ""23. Едноличен собственик на капитала"": ""ИВИЛИНА ПЕТРОВА ЙОРДАНОВА, Държава: БЪЛГАРИЯ"", ""31. Размер"": ""2555.00 €"", ""32. Внесен капитал"": ""2555.00 €""}"
202151215,https://portal.registryagency.bg/CR/Reports/ActiveConditionTabResult?uic=202151215,"""САРДЖ"" ЕООД",27.09.2026г.,202151215,,САРДЖ,Еднолично дружество с ограничена отговорност,БЪЛГАРИЯ,"Област: София (столица), Община: Столична","гр. София, п.к. 1574","р-н Слатина, бул./ул. Гео Милев № 30, бл. 21, вх. Б, ап. 13","Покупка на стоки или други вещи с цел препродажба, търговия на дребно с хранителни стоки, алкохол и тютюневи изделия, стоки за бита, вътрешно обзавеждане и интериорен дизайн, производство на мебели по каталог, търговско представителство и посредничество, както и всякакъв друг вид търговска дейност, която не е забранена със закон.",,"{""7. Управители"": ""Владимир Иванов Попов, Държава: БЪЛГАРИЯ"", ""23. Едноличен собственик на капитала"": ""Владимир Иванов Попов, Държава: БЪЛГАРИЯ"", ""31. Размер"": ""1.02 €"", ""32. Внесен капитал"": ""1.02 €""}"
202151227,https://portal.registryagency.bg/CR/Reports/ActiveConditionTabResult?uic=202151227,"ЕТ ""ПОЛИ-ВЕС -НИКОЛАЙ НИКОЛОВ"" - Заличен търговец/ЮЛНЦ",27.09.2026г.,,,,,,,,,,,"{""27. Заличаване на търговеца/ЮЛНЦ"": ""Заличен търговец/ЮЛНЦ""}"
202151234,https://portal.registryagency.bg/CR/Reports/ActiveConditionTabResult?uic=202151234,"""ЖЕЛЯЗКОВ ИНЖЕНЕРИНГ-ПРОИЗВОДСТВЕНИ СИСТЕМИ"" ЕООД",27.09.2026г.,202151234,,ЖЕЛЯЗКОВ ИНЖЕНЕРИНГ-ПРОИЗВОДСТВЕНИ СИСТЕМИ,Еднолично дружество с ограничена отговорност,БЪЛГАРИЯ,"Област: Варна, Община: Варна","гр. Варна, п.к. 9000","р-н Одесос, бул./ул. ул. Д-р Пискюлиев № 1, ет. 4 Телефон: 0899836323, Адрес на електронна поща: v.jeliazkov@jeliazkov.net","Производство, преработка и реализация на стоки за бита и промишлеността; Проучване, проектиране, инженеринг, строителство, монтаж и ремонт на битови, административни, промишлени, енергийни обекти, електропроводи и подстанции; Монтаж, ремонт, реконструкция и поддържане на съоръжения с повишена отговорност; Производство, изкупуване, преработка и реализация на селскостопанска продукция; Търговия с хранителни и промишлени стоки; Производство, поддръжка и търговия със софтуерни продукти и компютърна техника; Всяка дейност, която не е забранена със закон, указ или друг нормативен акт.",,"{""4. Изписване на чужд език"": ""JELIAZKOV ENGINEERING-PRODUCTION SYSTEMS"", ""7. Управители"": ""ВЕСЕЛИН СТЕФАНОВ ЖЕЛЯЗКОВ, Държава: БЪЛГАРИЯ"", ""23. Едноличен собственик на капитала"": ""ВЕСЕЛИН СТЕФАНОВ ЖЕЛЯЗКОВ, Държава: БЪЛГАРИЯ"", ""31. Размер"": ""2556.46 €"", ""32. Внесен капитал"": ""2556.46 €""}"
207919606,https://portal.registryagency.bg/CR/Reports/ActiveConditionTabResult?uic=207919606,"""РСМ 65"" ЕООД",27.09.2026г.,207919606,,РСМ 65,Еднолично дружество с ограничена отговорност,БЪЛГАРИЯ,"Област: София (столица), Община: Столична","с. Иваняне, п.к. 1320",бул./ул. ул. Еделвайс № 6,"Обработване на земеделски земи и производство на земеделска продукция, отглеждане на животни и млекопроизводство, покупко-продажба и отдаване под наем на недвижими имоти, външнотърговска и вътрешнотърговска дейност, както и всяка друга дейност незабранена от закона /като за дейностите, за които е необходимо лиценз, ще се извършват след снабдяването с такъв/.",,"{""7. Управители"": ""РУМЕН СИМЕОНОВ МАНОВ, Държава: БЪЛГАРИЯ"", ""23. Едноличен собственик на капитала"": ""МАНОВ И СИНОВЕ, ЕИК/ПИК 207881123, Държава: БЪЛГАРИЯ"", ""31. Размер"": ""51.13 €"", ""32. Внесен капитал"": ""51.13 €""}"
207919613,https://portal.registryagency.bg/CR/Reports/ActiveConditionTabResult?uic=207919613,"""Мусала Итхалат Ихраджат"" ЕООД",27.09.2026г.,207919613,,Мусала Итхалат Ихраджат,Еднолично дружество с ограничена отговорност,БЪЛГАРИЯ,"Област: Хасково, Община: Свиленград","гр. Свиленград, п.к. 6500",бул./ул. ул. Генерал Стуков № 5,"Вътрешен и международен товарен и пътнически транспорт; логистика, спедиторска/без пощенска/ дейност и обслужване на транспортни дейности; всякакъв вид услуги и комисионна дейност; търговия на дребно и едро с всякакъв вид стоки за лично и промишлено потребление; покупка на стоки и вещи с цел продажба в първоначален, преработен или обработен вид; външно и вътрешно търговска дейност, търговско представителство и посредничество; производство на стоки с цел продажба; производство и търговия със селскостопански продукти; доставка, сервиз и ремонт на всякакъв вид технически системи; рекламна дейност и маркетинг; внос, износ, бартер и реекспорт, както и всички други дейности, незабранени от закона, след снабдяване със съответното разрешително или лиценз, които не противоречат на законите на Република България.",,"{""4. Изписване на чужд език"": ""„Musala Ithalat Ihracat“ LTD"", ""7. Управители"": ""ИЛИЯ ТРАЙЧОВ АНТОНОВ, Държава: БЪЛГАРИЯ"", ""23. Едноличен собственик на капитала"": ""ИЛИЯ ТРАЙЧОВ АНТОНОВ, Държава: БЪЛГАРИЯ"", ""31. Размер"": ""255.65 €"", ""32. Внесен капитал"": ""255.65 €""}"
207919620,https://portal.registryagency.bg/CR/Reports/ActiveConditionTabResult?uic=207919620,"""НЕО БЕТОН"" ЕООД",27.09.2026г.,207919620,,НЕО БЕТОН,Еднолично дружество с ограничена отговорност,БЪЛГАРИЯ,"Област: Сливен, Община: Сливен","гр. Сливен, п.к. 8800","бул./ул. м. Орта синур № 298А Телефон: 0887372858, Адрес на електронна поща: ivan.velichkov@gmail.com","Вътрешно и външнотърговска дейност; Обмени, бартерни, компенсационни сделки; Лизинг, реекспорт; Покупко–продажба на едро и дребно на всякакъв вид стоки, в това число питейни и хранителни; покупко-продажба на занаятчийски изделия; Спедиторска дейност; Транспортни услуги на пътници и товари в страната и чужбина; Складова и маркетингова дейност; Производство на промишлени и хранителни стоки, селскостопанска продукция и тяхната реализация; Вътрешна и международна туристическа дейност, представителство, посредничество и агентство на български и чуждестранни физически и юридически лица в страната и чужбина; Хотелиерство, ресторантьорство; Земеделска, животновъдна и дърводобивна дейност; Покупка, строеж обзавеждане на недвижими имоти с цел продажба; Сделки, свързани с търговия, посредничество и изграждане на електрически фотоволтаични паркове, централи и модули; Сделки с интелектуална собственост, фризьорски и козметични услуги и прилагане на техники, както и всички други услуги и производства, незабранени от закона. Дейности, които са под лицензионен, удостоверителен или разрешителен режим, ще се извършват след получаване на съответните документи за това.",,"{""4. Изписване на чужд език"": ""NEO BETON Ltd"", ""7. Управители"": ""ИВАН АТАНАСОВ ВЕЛИЧКОВ, Държава: БЪЛГАРИЯ"", ""23. Едноличен собственик на капитала"": ""ИВАН АТАНАСОВ ВЕЛИЧКОВ, Държава: БЪЛГАРИЯ"", ""31. Размер"": ""51.13 €"", ""32. Внесен капитал"": ""51.13 €""}"
827222976,https://portal.registryagency.bg/CR/Reports/ActiveConditionTabResult?uic=827222976,"ЕТ ""РУМЕН ХРИСТОВ-65"" - Заличен търговец/ЮЛНЦ",27.09.2026г.,,,,,,,,,,,"{""27. Заличаване на търговеца/ЮЛНЦ"": ""Заличен търговец/ЮЛНЦ""}"
201243231,https://portal.registryagency.bg/CR/Reports/ActiveConditionTabResult?uic=201243231,"""САНИ МАРКЕТ"" ЕООД",27.09.2026г.,201243231,,САНИ МАРКЕТ,Еднолично дружество с ограничена отговорност,БЪЛГАРИЯ,"Област: Смолян, Община: Златоград","гр. Златоград, п.к. 4980","бул./ул. ул. България № 114, ет. 2, ап. офис 4","вътрешна и външна търговия, производство и търговия с промишлени, хранителни, селскостопански, битови стоки, посреднически и комисионерски услуги, търговско представителство, посредничество и агентство на местни и чуждестранни лица в страната и в чужбина, пътнически и товарни транспортни услуги в страната и в чужбина, вътрешен и международен туризъм, ресторантьорство, хотелиерство, рекламна дейност, оказион, битови услуги, автосервизни услуги, всякаква друга търговска дейност, незабранена със закон. Дружеството ще осъществява дейността си в страната и чужбина с или без посредничество, включително и в свободните безмитни зони.",,"{""4. Изписване на чужд език"": ""SANNY MARKET"", ""5а. Адрес за кореспонденция с НАП на територията на страната"": ""Държава: БЪЛГАРИЯ\nОбласт: Смолян, Община: Златоград\nНаселено място: гр. Златоград, п.к. 4980\nбул./ул. България № 114, ет. 2, ап. офис 4"", ""7. Управители"": ""Димка Росенова Кехайова, Държава: БЪЛГАРИЯ"", ""23. Едноличен собственик на капитала"": ""Димка Росенова Кехайова, Държава: БЪЛГАРИЯ"", ""31. Размер"": ""51.13 €"", ""32. Внесен капитал"": ""51.13 €""}"
201243249,https://portal.registryagency.bg/CR/Reports/ActiveConditionTabResult?uic=201243249,"""ВАН КЕМПЕН ИНТЕРНЕШЪНЪЛ"" ЕООД - Заличен търговец/ЮЛНЦ",27.09.2026г.,,,,,,,,,,,"{""27. Заличаване на търговеца/ЮЛНЦ"": ""Заличен търговец/ЮЛНЦ""}"
205941632,https://portal.registryagency.bg/CR/Reports/ActiveConditionTabResult?uic=205941632,"""УелНео"" ЕООД",27.09.2026г.,205941632,,УелНео,Еднолично дружество с ограничена отговорност,БЪЛГАРИЯ,"Област: София (столица), Община: Столична","гр. София, п.к. 1124","р-н Средец, бул./ул. Цар Иван Асен II № 9, ет. 1","ИНФОРМАЦИОННИ УСЛУГИ; РЕКЛАМНА ДЕЙНОСТ; ТУРОПЕРАТОРСКА ДЕЙНОСТ, ХОТЕЛИЕРСКИ И ТУРИСТИЧЕСКИ УСЛУГИ, ПРЕДОСТАВЯНЕ НА ДОПЪЛНИТЕЛНИ ТУРИСТИЧЕСКИ УСЛУГИ; УСЛУГИ В ОБЛАСТТА НА ИНФОРМАЦИОННИТЕ ТЕХНОЛОГИИ И ИНТЕЛЕКТУАЛНА СОБСТВЕНОСТ; ОНЛАЙН ТЪРГОВИЯ; КОНСУЛТАНТСКА ДЕЙНОСТ; ТЪРГОВСКО ПРЕДСТАВИТЕЛСТВО, КАКТО И ВСИЧКИ ДРУГИ ДЕЙНОСТИ, НЕЗАБРАНЕНИ ОТ ЗАКОНА, КАТО ДЕЙНОСТИТЕ, ЗА КОИТО СЕ ИЗИСКВА ЛИЦЕНЗ ИЛИ РАЗРЕШЕНИЕ СЕ ИЗВЪРШВАТ ЕДИНСТВЕНО СЛЕД ПОЛУЧАВАНЕТО ИМ",,"{""4. Изписване на чужд език"": ""WellNeo Ltd."", ""7. Управители"": ""РАЙНА ЦВЕТКОВА МОНЕВА, Държава: БЪЛГАРИЯ"", ""23. Едноличен собственик на капитала"": ""РАЙНА ЦВЕТКОВА МОНЕВА, Държава: БЪЛГАРИЯ"", ""31. Размер"": ""766.94 €"", ""32. Внесен капитал"": ""766.94 €""}"
202238778,https://portal.registryagency.bg/CR/Reports/ActiveConditionTabResult?uic=202238778,"""САТУРН 65 ЕООД"" ЕООД",27.09.2026г.,202238778,,САТУРН 65 ЕООД,Еднолично дружество с ограничена отговорност,БЪЛГАРИЯ,"Област: Бургас, Община: Бургас","гр. Бургас, п.к. 8000","бул./ул. СВ. ПАТРИАРХ ЕВТИМИЙ № 51, ет. 0","ПОКУПКО-ПРОДАЖБА НА СТОКИ ИЛИ ДРУГИ ВЕЩИ С ЦЕЛ ПРЕПРОДАЖБА В ПЪРВОНАЧАЛЕН, ОБРАБОТЕН ИЛИ ПРЕРАБОТЕН ВИД, ПРОДАЖБА НА СТОКИ ОТ СОБСТВЕНО ПРОИЗВОДСТВО, СЕРВИЗНИ, КОНСУЛТАНТСКИ, ПРОГРАМНИ, СЧЕТОВОДНИ, ИМПРЕСАРСКИ, ХОТЕЛИЕРСКИ, ТУРИСТИЧЕСКИ, РЕКЛАМНИ, ИНФОРМАЦИОННИ УСЛУГИ, СДЕЛКИ С ИНТЕЛЕКТУАЛНА СОБСТВЕНОСТ, СТОКОВ КОНТРОЛ, КОМИСИОННИ, СПЕДИЦИОННИ, ПРЕВОЗНИ, СКЛАДОВИ, ЛИЦЕНЗИОННИ СДЕЛКИ, ТЪРГОВСКО ПРЕДСТАВИТЕЛСТВО И ПОСРЕДНИЧЕСТВО, ПОКУПКА, СТРОЕЖ, ОБЗАВЕЖДАНЕ НА НЕДВИЖИМИ ИМОТИ С ЦЕЛ ПРОДАЖБА.",,"{""4. Изписване на чужд език"": ""SATURN 65 LTD"", ""5а. Адрес за кореспонденция с НАП на територията на страната"": ""Държава: БЪЛГАРИЯ\nОбласт: Бургас, Община: Бургас\nНаселено място: гр. Бургас, п.к. 8000\nбул./ул. СВ. ПАТРИАРХ ЕВТИМИЙ № 51, ет. 0"", ""7. Управители"": ""ВАЛЕНТИН ГЕОРГИЕВ БАКАЛОВ, Държава: БЪЛГАРИЯ"", ""23. Едноличен собственик на капитала"": ""ВАЛЕНТИН ГЕОРГИЕВ БАКАЛОВ, Държава: БЪЛГАРИЯ"", ""31. Размер"": ""255.65 €"", ""32. Внесен капитал"": ""255.65 €""}"
202238785,https://portal.registryagency.bg/CR/Reports/ActiveConditionTabResult?uic=202238785,"""БРТ-234"" АД - в ликвидация",27.09.2026г.,202238785,,БРТ-234,Акционерно дружество,БЪЛГАРИЯ,"Област: Благоевград, Община: Банско","гр. Банско, п.к. 2770","бул./ул. комплекс ""Банско Роял Тауърс""","Покупка на стоки или други вещи с цел да ги препродаде в първоначален, преработен или обработен вид; продажба на стоки от собствено производство; търговско представителство и посредничество; комисионни, спедиционни и превозни сделки; складови сделки; лицензионни сделки; стоков контрол; сделки с интелектуална собственост; хотелиерски, туристически, рекламни, информационни, програмни, импресарски или други услуги; покупка строеж или обзавеждане на недвижими имоти с цел продажба; лизинг.",,"{""4. Изписване на чужд език"": ""BRT-234 JSCo."", ""10. Представители"": ""КИРИЛ ЛЮБОМИРОВ ВАСИЛЕВ, Държава: БЪЛГАРИЯ"", ""12. Съвет на директорите"": ""Дата на изтичане на мандата: 14.02.2015 г.\nТОДОР МИЛЧОВ ЕФТИМОВ, Държава: БЪЛГАРИЯ\nСТРАГИТЕ АД, ЕИК/ПИК 131170279, Държава: БЪЛГАРИЯ\nКИРИЛ ЛЮБОМИРОВ ВАСИЛЕВ, Държава: БЪЛГАРИЯ"", ""26. Прекратяване на търговската дейност"": ""Прекратяване на търговската дейност"", ""31. Размер"": ""39880.88 €"", ""31а. Акции"": ""Акция:\nВид: НА ПРИНОСИТЕЛ, Брой акции: 52, Номинална стойност: 766.94 €"", ""32. Внесен капитал"": ""2300.81 €"", ""33. Непарична вноска"": ""Описание: САМОСТОЯТЕЛЕН ОБЕКТ В СГРАДА, с предназначение „Жилище, апартамент”, с идентификатор 02676.156.57.2.13, изграден в поземлен имот 02676.156.57, в сграда 02676.156.57.2, с площ 71.85 кв.м (седемдесет и един цяло и осемдесет и пет квадратни метра), при граници (съседи): на същия етаж: обект № 02676.156.57.2.12; обект № 02676.156.57.2.14; под обекта: обект № 02676.156.57.2.7; над обекта: обект № 02676.156.57.2.19, по кадастралната карта и кадастралните регистри на град Банско, Община Банско, Област Благоевград, одобрени със Заповед № РД-18-81/10.12.2009 година на Изпълнителния директор на АГКК, с адрес на имота: град Банско, м. „Страгите”, ет. 3, ап. 234, ведно със 7.23 кв.м (седем цяло и двадесет и три квадртани метра) идеални части от общите части на сградата и от правото на строеж, който самостоятелен обект по документ за собственост представлява, Апартамент № 234 (двеста тридесет и четири), находящ се на III (трети) етаж заедно с партера на кота +5.60, състоящ се от коридор, кухня (трапезария) дневна, спалня, баня с тоалетна, килер, тераса, със застроена площ на апартамента в това число и терасата от 71.85 кв.м, ведно със 7.23 кв.м от общите части на сградата и правото на строеж при съседи: външен зид от две страни, апартамент № 233, апартамент № 235, коридор, който апартамент е изграден в ИМОТ № 156057, в местност „Страгите”, землището на гр. Банско, целият имот с площ от 13 963 кв.м при граници (съседи): имот № 156020- нива на н-ци на Никола Маринов Рошков, имот 156043- пасище с храсти на Земи по чл. 19 от ЗСПЗЗ, имот № 156075- друга селищна територия на Христо Георгиев Чепишев и др., имот № 156016- нива на земи по чл. 19 от ЗСПЗЗ; имот № 156075- друга селищна територия на Христо Георгиев Чепишев и др.; имот № 000666- полски път на Община Банско; имот № 156056- нива на Земи по чл. 19 от ЗСПЗЗ; имот № 000666- полски път на Община Банско; имот № 156012- нива на н-ци на Костадин Михайлов Мутавчиев; имот № 156011- нива на н-ци на Костадин Михайлов Мутавчиев; имот № 156010- нива на Райна Георгиева Вишанина; Имот № 156008- ливада на н-ци на Георги Костадинов Страков; имот № 156002- ливада на Никола Иванов Доюв; имот № 000619- полски път на Община Банско; имот № 000621- полски път на Община Банско и имот № 156003- ливада на Земи по чл. 19 от ЗСПЗЗ.\nСтойност: 73500.00 лв.\nНомер на акт за назначаване на вещи лица: 20120113143003/19.01.2012""}"
128055612,https://portal.registryagency.bg/CR/Reports/ActiveConditionTabResult?uic=128055612,"ЕТ ""СЕВЕЛИНА-65 - ГАНКА ДИМИТРОВА""",27.09.2026г.,128055612,348/1999 230,СЕВЕЛИНА-65 - ГАНКА ДИМИТРОВА,Едноличен търговец,БЪЛГАРИЯ,"Област: Ямбол, Община: Елхово","с. Изгрев, п.к. 8717",,"Производство, изкупуване, преработка и търговия с всички селскостопански произведения от растителен и животински произход, търговия на едро и дребно в страната и чужбина, обменни, бартерни и реекспортни сделки, самостоятелни и с чуждо участие, търговско представителство, посредничество и агентсво с всички промишлени и хранителни стоки, местно и чуждестранно производство в пакетирано и насипно състояние, безалкохолни и алкохолни напитки и тютюневи изделия - след получаване на лиценз, хотелиерство и ресторантьорство, аудио- и видеокасети - под наем, забавни и електронни игри - без хазарт и всички други дейности и услуги на населението, които не са забранени със закон, които при нужда за упражняването им ще придобива своевременно необходимите лицензи и разрешения.",ГАНКА ГЕОРГИЕВА ДИМИТРОВА,
121204060,https://portal.registryagency.bg/CR/Reports/ActiveConditionTabResult?uic=121204060,"ЕТ ""СКОРПИОН-65 - СТОЯН ЙОВЧЕВ""",27.09.2026г.,121204060,12919/1996 110,СКОРПИОН-65 - СТОЯН ЙОВЧЕВ,Едноличен търговец,БЪЛГАРИЯ,"Област: София (столица), Община: Столична","гр. София, п.к. .","р-н Триадица, ж.к. СТРЕЛБИЩЕ, бул./ул. ул. ДЮЛЕНСКИ ПРОХОД, бл. 32, вх. Б, ет. 3, ап. 27 Телефон: 0898248214","ВЪТРЕШНА И ВЪНШНА ТЪРГОВИЯ, ВНОС-ИЗНОС, БАРТЕРНИ СДЕЛКИ, СПЕДИТОРСКА ДЕЙНОСТ, РЕСТОРАНТЬОРСТВО, КАФЕТЕРИЯ, ТАКСИМЕТРОВА, ТРАНСПОРТНА, АВТОСЕРВИЗНА И СТРОИТЕЛНА ДЕЙНОСТ, ВСИЧКИ НЕЗАБРАНЕНИ ОТ ЗАКОНА ДЕЙНОСТИ.",СТОЯН ИВАНОВ ЙОВЧЕВ,
203254109,https://portal.registryagency.bg/CR/Reports/ActiveConditionTabResult?uic=203254109,"""ЕДАР България"" ЕООД",27.09.2026г.,203254109,,ЕДАР България,Еднолично дружество с ограничена отговорност,БЪЛГАРИЯ,"Област: София (столица), Община: Столична","гр. София, п.к. 1611","р-н Красно село, бул./ул. Хайдушка поляна № 55, вх. А, ет. 6, ап. 22","РАЗРАБОТКА НА СОФТУЕР, КОНСУЛТАНСКИ УСЛУГИ, ТЪРГОВИЯ С ВСЯКАКЪВ ВИД СТОКИ И УСЛУГИ, ЗА КОИТО НЯМА ЗАБРАНИТЕЛЕН ИЛИ ЛИЦЕНЗИОНЕН РЕЖИМ, ВНОС, ИЗНОС, ТЪРГОВСКО ПРЕДСТАВИТЕЛСТВО И ПОСРЕДНИЧЕСТВО, РЕКЛАМА, КАКТО И ВСЯКА ДРУГА ДЕЙНОСТ, НЕЗАБРАНЕНА ОТ ЗАКОНИТЕ НА СТРАНАТА.",,"{""4. Изписване на чужд език"": ""EDAR Bulgaria"", ""7. Управители"": ""ПЕТЪР ВЕСЕЛИНОВ ЖИВКОВ, Държава: БЪЛГАРИЯ"", ""23. Едноличен собственик на капитала"": ""ПЕТЪР ВЕСЕЛИНОВ ЖИВКОВ, Държава: БЪЛГАРИЯ"", ""31. Размер"": ""5.11 €"", ""32. Внесен капитал"": ""5.11 €""}"
112061898,https://portal.registryagency.bg/CR/Reports/ActiveConditionTabResult?uic=112061898,"ЕТ ""НАТАЛИЯ СЪБЕВА""",27.09.2026г.,112061898,461/1993 520,НАТАЛИЯ СЪБЕВА,Едноличен търговец,БЪЛГАРИЯ,"Област: Пазарджик, Община: Пазарджик","гр. Пазарджик, п.к. 4400",бул./ул. ул. Червено знаме № 18 Телефон: 0896 626 392,"Търговска дейност в страната и чужбина с всички видове стоки, за които няма забрана за търговия, производство на стоки с цел продажба, покупка на стоки с цел продажба в първоначален, преработен или обработен вид, продажба на хранителни и промишлени стоки, продажба на плодове и зеленчуци, продажба на кафе, чай, сироп, цигари, кибрит, алкохолни и безалкохолни напитки, захарни и шоколадови изделия, производство и продажба на тестени изделия, производство и търговия със селскостопанска продукция, животни и животински изделия в страната и чужбина, мляко и млечни продукти, откриване на кафе-аперитив, магазини, транспортна дейност, охрана на лица и имоти, извършване на всякакви услуги, които по предмет и обем изискват воденето им по търговски начин, дори и да не са посочени в чл. 1, ал. 1 от Търговския закон, външнотърговска дейност, включително и бартерни сделки, посредническа дейност.",НАТАЛИЯ ЗАМФИРОВА СЪБЕВА,
813194132,https://portal.registryagency.bg/CR/Reports/ActiveConditionTabResult?uic=813194132,"""СТАНДАРТ-65"" ЕООД",27.09.2026г.,813194132,554/1995 310,СТАНДАРТ-65,Еднолично дружество с ограничена отговорност,БЪЛГАРИЯ,"Област: Варна, Община: Провадия","гр. Провадия, п.к. 9200",бул./ул. ул. ВАСИЛ АПРИЛОВ № 11,"ПРОИЗВОДСТВО, ПРЕРАБОТКА И ТЪРГОВИЯ НА СТОКИ С ПРОИЗВОДСТВЕНО ПРЕДНАЗНАЧЕНИЕ, СТОКИ ЗА БИТА, СЕЛСКОСТОПАНСКА ПРОДУКЦИЯ; ТЪРГОВИЯ С НЕФТОПРОДУКТИ И ДРУГИ ХИМИЧЕСКИ ПРОДУКТИ; ТРАНСПОРТНА ДЕЙНОСТ ПО ПРЕВОЗ НА ПЪТНИЦИ И ТОВАРИ; ХОТЕЛИЕРСТВО И РЕСТОРАНТЬОРСТВО СЛЕД ЛИЦЕНЗ; ТУРИСТИЧЕСКИ УСЛУГИ СЛЕД ЛИЦЕНЗ; ОРГАНИЗИРАНЕ НА РАЗВЛЕКАТЕЛНИ МЕРОПРИЯТИЯ И ИГРИ; СТРОИТЕЛНО-МОНТАЖНА И ИНЖЕНЕРИНГОВА ДЕЙНОСТ; ОТДАВАНЕ НА ВЕЩИ И НЕДВИЖИМИ ИМОТИ ПОД НАЕМ; ПОСРЕДНИЧЕСТВО, ПРЕДСТАВИТЕЛСТВО И АГЕНСТВО; ВЪНШНОТЪРГОВСКА ДЕЙНОСТ - ВНОС И ИЗНОС.",,"{""4. Изписване на чужд език"": ""STANDART- 65"", ""6а. Основна дейност по НКИД"": ""Група по НКИД: 4673\nКлас по НКИД: ТЪРГОВИЯ НА ЕДРО С ДЪРВЕН МАТЕРИАЛ, МАТЕРИАЛИ ЗА СТРОИТЕЛСТВОТО."", ""7. Управители"": ""ГЕОРГИ МОМЧЕВ ЙОРДАНОВ"", ""23. Едноличен собственик на капитала"": ""ГЕОРГИ МОМЧЕВ ЙОРДАНОВ, Държава: БЪЛГАРИЯ"", ""31. Размер"": ""2556.46 €"", ""32. Внесен капитал"": ""2556.46 €""}"
112607920,https://portal.registryagency.bg/CR/Reports/ActiveConditionTabResult?uic=112607920,"""ЕКО ПАПИР"" ЕООД - Заличен търговец/ЮЛНЦ",27.09.2026г.,,,,,,,,,,,"{""27. Заличаване на търговеца/ЮЛНЦ"": ""Заличен търговец/ЮЛНЦ""}"
207203610,https://portal.registryagency.bg/CR/Reports/ActiveConditionTabResult?uic=207203610,"""САС Енерджи"" АД",27.09.2026г.,207203610,,САС Енерджи,Акционерно дружество,БЪЛГАРИЯ,"Област: Благоевград, Община: Петрич","гр. Петрич, п.к. 2850",бул./ул. ЦАР БОРИС III № 9,"ФИНАНСИРАНЕ НА ДРУЖЕСТВА И УЧАСТИЕ В ДРУГИ ДРУЖЕСТВА; ПРОИЗВОДСТВО И ДОСТАВКА НА ЕЛЕКТРОЕНЕРГИЯ ЧРЕЗ СЪОРЪЖЕНИЯ, ИЗПОЛЗВАЩИ ВЪЗОБНОВЯЕМИ ЕНЕРГИЙНИ ИЗТОЧНИЦИ И ПО-СПЕЦИАЛНО ФОТОВОЛТАИЧНИ ПРОИЗВОДСТВА, ПРИДОБИВАНЕ, РАЗРАБОТВАНЕ, ПРОЕКТИРАНЕ, СТРОЕЖ, ЕКСПЛОАТИРАНЕ, ПОДДРЪЖКА И ПРОДАЖБА НА СЪОРЪЖЕНИЯ, СЪГЛАСНО ПОСОЧЕНИТЕ ПО-ГОРЕ, ПРИТЕЖАВАНИ ОТ ДРУЖЕСТВОТО ИЛИ ТРЕТИ ЛИЦА, КАКТО И УСЛУГИ ПО АНАЛИЗИРАНЕ, ПРОЕКТИРАНЕ, ИЗСЛЕДВАНЕ, ИЛИ КОНСУЛТИРАНЕ В ОБЛАСТТА НА ЕНЕРГЕТИКАТА, ОКОЛНАТА СРЕДА, ТЕХНИЧЕСКИ И ИКОНОМИЧЕСКИ ВЪПРОСИ, СВЪРЗАНИ СЪС СЪОРЪЖЕНИЯ ОТ ТОЗИ ВИД И ДРУГА ДЕЙНОСТ, НЕЗАБРАНЕНА ОТ ЗАКОНА.",,"{""4. Изписване на чужд език"": ""“SAS Energy” AD"", ""5а. Адрес за кореспонденция с НАП на територията на страната"": ""Държава: БЪЛГАРИЯ\nОбласт: Благоевград, Община: Петрич\nНаселено място: гр. Петрич, п.к. 2850\nбул./ул. ул.ЦАР БОРИС III № 9"", ""6а. Основна дейност по НКИД"": ""Група по НКИД: 35.11\nКлас по НКИД: Производство на електрическа енергия"", ""10. Представители"": ""Анастасиос Стергиос Сидеридис, Държава: ГЪРЦИЯ"", ""12. Съвет на директорите"": ""Начин, по който се определя мандатът: 3 (три) години\nФАЙНАНС АШУРЪНС ХОЛДИНГ ЕООД, ЕИК/ПИК 204415330, Държава: БЪЛГАРИЯ\nБИО ЕНД БИО ООД, ЕИК/ПИК 203755481, Държава: БЪЛГАРИЯ\nВИТА ЯХТС ООД, ЕИК/ПИК 202419522, Държава: БЪЛГАРИЯ"", ""31. Размер"": ""25500.00 €"", ""31а. Акции"": ""Акция:\nВид: обикновени поименни, Брой акции: 50000, Номинална стойност: 0.51 €"", ""32. Внесен капитал"": ""6391.15 €""}"
203185937,https://portal.registryagency.bg/CR/Reports/ActiveConditionTabResult?uic=203185937,"""ЖАКЛИН 93"" ЕООД",27.09.2026г.,203185937,,ЖАКЛИН 93,Еднолично дружество с ограничена отговорност,БЪЛГАРИЯ,"Област: Бургас, Община: Бургас","гр. Бургас, п.к. 8000","ж.к. МЕДЕН РУДНИК, бл. 465, вх. 3, ет. 3, ап. ДЕСЕН","Производство на стоки с цел търговия на едро и дребно; покупка на стоки или други вещи с цел препродажба в първоначален, обработен или преработен вид; покупка на недвижими имоти и вещни права върху недвижими имоти, извършване на строежи и подобрения, управлението им, отдаване под наем, лизинг или аренда и продажбата им; комисионни, спедиционни, складови и лизингови сделки;туроператорски,турагентски и транспортни сделки; хотелиерство и ресторантьорство; търговско представителство и посредничество на местни и чуждестранни физически и юридически лица; външнотърговски сделки - внос, износ, реекспорт и бартерни сделки, лицензионни сделки, стоков контрол, сделки с интелектуална собственост, рекламни,информационни, програмни, импресарски или други услуги.",,"{""4. Изписване на чужд език"": ""JAKLIN 93"", ""5а. Адрес за кореспонденция с НАП на територията на страната"": ""Държава: БЪЛГАРИЯ\nОбласт: Бургас, Община: Бургас\nНаселено място: гр. Бургас, п.к. 8000\nж.к. МЕДЕН РУДНИК, бл. 465, вх. 3, ет. 3, ап. ДЕСЕН"", ""7. Управители"": ""ТАНЯ ИВАНОВА СТАЙКОВА, Държава: БЪЛГАРИЯ"", ""23. Едноличен собственик на капитала"": ""ТАНЯ ИВАНОВА СТАЙКОВА, Държава: БЪЛГАРИЯ"", ""31. Размер"": ""153.39 €"", ""32. Внесен капитал"": ""153.39 €""}"
201922595,https://portal.registryagency.bg/CR/Reports/ActiveConditionTabResult?uic=201922595,"""ВАРВАРА 2010"" ЕООД",27.09.2026г.,201922595,,ВАРВАРА 2010,Еднолично дружество с ограничена отговорност,БЪЛГАРИЯ,"Област: Стара Загора, Община: Стара Загора","гр. Стара Загора, п.к. 6000","бул./ул. ЖЕЛЕЗНИ ВРАТА № 23, ет. 3, ап. 9","Вътрешна и външнотърговска дейност. Производство на стоки с цел продажба. Търговско представителство и посредничество на местни и чуждестранни физически и юридически лица. Сделки с интелектулна и индустриална собственост. Маркетингова, инвестиционна, инженерингова, програмна и рекламна дейности. Други дейности и услуги, които не са забранени от закона и чието осъществяване не е подчинено на разрешителен режим. Когато има разрешителен режим - след съответното разрешение.",,"{""7. Управители"": ""ЮРИЙ АЛЕКСАНДРОВИЧ АЛЕНИЧЕВ, Държава: РУСКА ФЕДЕРАЦИЯ"", ""23. Едноличен собственик на капитала"": ""ЮРИЙ АЛЕКСАНДРОВИЧ АЛЕНИЧЕВ, Държава: РУСКА ФЕДЕРАЦИЯ"", ""31. Размер"": ""5.11 €"", ""32. Внесен капитал"": ""5.11 €""}"
201922606,https://portal.registryagency.bg/CR/Reports/ActiveConditionTabResult?uic=201922606,"ЕТ ""ТОДОР МАРИНОВ-91"" - Заличен търговец/ЮЛНЦ",27.09.2026г.,,,,,,,,,,,"{""27. Заличаване на търговеца/ЮЛНЦ"": ""Заличен търговец/ЮЛНЦ""}"
176002389,https://portal.registryagency.bg/CR/Reports/ActiveConditionTabResult?uic=176002389,"ЕТ ""ТАНЯ КАРАБАШЕВА-АЯКС 65""",27.09.2026г.,176002389,2408/1993 310,ТАНЯ КАРАБАШЕВА-АЯКС 65,Едноличен търговец,БЪЛГАРИЯ,"Област: Варна, Община: Варна","гр. Варна, п.к. 9000","р-н Одесос, бул./ул. ул. САВА ДОБРОПЛОДНИ № 26, ет. 4, ап. 1","Покупка на стоки и други вещи с цел продажба в първоначален, преработен или обработен вид; покупка на ценин книги и препродажбата им, произовдстов на стоки и продажба на същите; комисионна, спедиционна, складова, лизингова дейност; търговско представителство и посредничество; валутни сделки /след надлежно разрешение/; превозна, хотелиерска, туристическа, рекламна, информационна, програмна и импресраска дейност и предоставяне на други услуги; сделки с интелектуална собстевност; производство на филми, видео и звукозаписи; издателска и печатарска дейност; покупка, строеж и обзавеждане на недвижими имоти, продажба на същите и отдаването им под наем; селскостопанска и животновъдна дейност и преработка на пордукцията; пренаемане на вещи.",ТАНЯ НИКОЛОВА КАРАБАШЕВА,
206540884,https://portal.registryagency.bg/CR/Reports/ActiveConditionTabResult?uic=206540884,"""СОФТСЙ"" ЕООД",27.09.2026г.,206540884,,СОФТСЙ,Еднолично дружество с ограничена отговорност,БЪЛГАРИЯ,"Област: Благоевград, Община: Петрич","гр. Петрич, п.к. 2850",бул./ул. ул.Параскева Филипова № 9,"Услуги в ИТ сектора. Покупка на стока или други вещи с цел продажба в първоначален, преработен или обработен вид в страната и в чужбина; покупко-продажба на автомобили и автомобилни части в страната и чужбина; продажба на стоки собствено производство и страната и в чужбина; търговско представителство, посредничество и агентство на местни и чуждестранни физически и юридически лица в страната и в чужбина; комисионни, спедиционни и превозни сделки в страната и чужбина; търговии; складови сделки и стоков контрол; лицензионни сделки и лизинг; сделки с интелектуално собственост; рекламни, информационни, програмни и импресарски услуги; туристически услуги, включително ресторантьорство, хотелиерство, туроператорска дейност и туристическа агентска дейност; куриерски услуги; покупка, строеж и/или обзавеждане на недвижими имоти в страната и в чужбина с цел продажба; комисионерска дейност в страната и в чужбина; таксиметров превоз в страната и в чужбина /след получаване на необходимите разрешителни в случаи, че е необходимо/; вътрешен и международен транспорт /след получаване на необходимите разрешителни в случаи, че е необходимо/, както и всяка друга търговска дейност, сделки и услуги, не забранени със закон.",,"{""4. Изписване на чужд език"": ""SOFTSY PLTD"", ""7. Управители"": ""Симеон Василев Йовчев, Държава: БЪЛГАРИЯ"", ""23. Едноличен собственик на капитала"": ""Симеон Василев Йовчев, Държава: БЪЛГАРИЯ"", ""31. Размер"": ""5.11 €"", ""32. Внесен капитал"": ""5.11 €""}"
206540891,https://portal.registryagency.bg/CR/Reports/ActiveConditionTabResult?uic=206540891,"""ЖАБОРАН"" ЕООД",27.09.2026г.,206540891,,ЖАБОРАН,Еднолично дружество с ограничена отговорност,БЪЛГАРИЯ,"Област: Кюстендил, Община: Дупница","гр. Дупница, п.к. 2600","бул./ул. ул. ХРИСТО БОТЕВ № 22, ет. 1 Телефон: 0893311613, Адрес на електронна поща: oktoni@abv.bg","Търговия на детски стоки и играчки, дрехи и храни; покупка на стоки или други вещи с цел продажба в първоначален, преработен или обработен вид; продажба на стоки собствено производство; търговско представителство и посредничество; комисионни, спедиционни и преводни сделки, сделки с интелектуална собственост, информационни, програмни, импресарски услуги; покупка, строеж и обзавеждане на недвижими имоти с цел продажба; лизинг; автомобилна електротехника, електродомакински уреди, зареждане и ремонт на пожарогасителна техника; вътрешна и външно-търговска дейност; продажба на стоки за бита, текстил, облекло, обувки, промишлени стоки, безалкохолни напитки, алкохол, цигари, хранителни стоки; кафе-клуб; обществено хранене; организиране на видео-клуб и интернет-клуб; туристическа дейност в страната и чужбина; транспортна дейност-таксиметрови, пътнически и товарни превози в страната и чужбина; организиране на автокъща, авторемонти и тенекиджийски услуги; строителство и ремонт на сгради; посредничество и комисионерска дейност; реклама и импресарска дейност; шивашки услуги; почистване на домовете, както и всякаква друга дейност, която не е забранена със закон.",,"{""4. Изписване на чужд език"": ""JABORAN Ltd"", ""5а. Адрес за кореспонденция с НАП на територията на страната"": ""Държава: БЪЛГАРИЯ\nОбласт: Кюстендил, Община: Дупница\nНаселено място: гр. Дупница, п.к. 2600\nбул./ул. ул.\""ЦАР САМУЙЛ\"" № 13"", ""6а. Основна дейност по НКИД"": ""Група по НКИД: 47.65\nКлас по НКИД: Търговия на дребно с игри и играчки"", ""7. Управители"": ""АНТОАНЕТА ГЕОРГИЕВА ВАРАДИНОВА, Държава: БЪЛГАРИЯ"", ""23. Едноличен собственик на капитала"": ""АНТОАНЕТА ГЕОРГИЕВА ВАРАДИНОВА, Държава: БЪЛГАРИЯ"", ""31. Размер"": ""4.09 €"", ""32. Внесен капитал"": ""4.09 €""}"
201123239,https://portal.registryagency.bg/CR/Reports/ActiveConditionTabResult?uic=201123239,"""ОФИАРС ООД - КЛОН БЪЛГАРИЯ"" КЧТ",27.09.2026г.,201123239,,ОФИАРС ООД - КЛОН БЪЛГАРИЯ,Клон на чуждестранен търговец,БЪЛГАРИЯ,"Област: София, Община: Самоков","гр. Самоков, п.к. 2000",бул./ул. ул.РИЛСКИ СКИОР № 28,"ТЪРГОВИЯ С МЕТАЛОРЕЖЕЩИ МАШИНИ И ИНСТРУМЕНТИ, ТРАНСПОРТ, СПЕДИЦИОННИ И ПРЕВОЗНИ СДЕЛКИ, ПОКУПКА НА СТОКИ ИЛИ ДРУГИ ВЕЩИ С ЦЕЛ ПРЕПРОДАЖБА В ПЪРВОНАЧАЛЕН, ПРЕРАБОТЕН ИЛИ ОБРАБОТЕН ВИД, ПРОДАЖБА НА СТОКИ ОТ СОБСТВЕНО ПРОИЗВОДСТВО, ТЪРГОВСКО ПРЕДСТАВИТЕЛСТВО И ПОСРЕДНИЧЕСТВО НА БЪЛГАРСКИ И ЧУЖДЕСТРАННИ ФИЗИЧЕСКИ И ЮРИДИЧЕСКИ ЛИЦА, ВКЛЮЧИТЕЛНО ПОСРЕДНИЧЕСКИ УСЛУГИ ПРИ ПОКУПКО-ПРОДАЖБА, ЗАМЯНА И ОТДАВАНЕ ПОД НАЕМ НА НЕДВИЖИМИ ИМОТИ, КСЕРОКС УСЛУГИ, КОМИСИОННИ, СКЛАДОВИ СДЕЛКИ, СДЕЛКИ С ИНТЕЛЕКТУАЛНА СОБСТВЕНОСТ, ХОТЕЛИЕРСКИ, ТУРИСТИЧЕСКИ, РЕКЛАМНИ, ИНФОРМАЦИОННИ, ПРОГРАМНИ, ИМПРЕСАРСКИ ИЛИ ДРУГИ УСЛУГИ, КОНСУЛТАНТСКА ДЕЙНОСТ, ПОКУПКА, СТРОЕЖ ИЛИ ОБЗАВЕЖДАНЕ НА НЕДВИЖИМИ ИМОТИ С ЦЕЛ ПРОДАЖБА И ВСЯКА ДРУГА ДЕЙНОСТ, КОЯТО ПО ПРЕДМЕТ И ОБЕМ ИЗИСКВА ДА БЪДЕ ИЗВЪРШВАНА ПО ТЪРГОВСКИ НАЧИН И НЕ Е ЗАБРАНЕНА ЗА ОСЪЩЕСТВЯВАНЕ ОТ БЪЛГАРСКОТО ЗАКОНОДАТЕЛСТВО, ДОРИ И ДА НЕ Е ИЗБРОЕНА ПО-ГОРЕ.",,"{""4. Изписване на чужд език"": ""OFIARS OOD - KLON BULGARIA"", ""10. Представители"": ""ЕДУАРД ДЖАНВЕЛЯН, Държава: АРМЕНИЯ"", ""22. Чуждестранен търговец/чуждестранно юридическо лице с нестопанска цел"": ""Държава: Република Армения\nФирма/Наименование: \""ОФИАРС\""\nРегистър: Държавен регистър Република Армения\nНомер на вписване в регистъра: 264.110.08447\nПравна форма: ООД\nПредставител: Едита Амазасп Мъхоян"", ""54. Обем на представителна власт"": ""Съгласно изрично пълномощно дадено от принципала. Без ограничения.""}"
201123246,https://portal.registryagency.bg/CR/Reports/ActiveConditionTabResult?uic=201123246,"""АНТСТРОЙ"" ЕООД",27.09.2026г.,201123246,,АНТСТРОЙ,Еднолично дружество с ограничена отговорност,БЪЛГАРИЯ,"Област: Варна, Община: Варна","гр. Варна, п.к. 9020","р-н Владислав Варненчик, бл. 216, вх. 2, ет. 2, ап. 35 Телефон: 0896/698259, Адрес на електронна поща: diant06@abv.bg","Педагогически услуги, почасово гледане на деца, почасови занимания и обучения с деца, строеж и обзавеждане на недвижими имоти с цел продажба, сделки с недвижими имоти, вътрешно и външнотърговска дейност; рекламна, хотелиерска и ресторантьорска дейност, след лиценз; транспорт на пътници и товари в страната и чужбина; покупка на стоки или други вещи с цел продажба в първоначален, преработен или обработен вид; производство на стоки с цел продажба; търговско представителство и посредничество; туроператор и туристическа агенция, туристическа дейност след лиценз и други дейности, незабранени от закона.",,"{""4. Изписване на чужд език"": ""\""ANTSTROY\"" EOOD"", ""7. Управители"": ""ДАНИЕЛА СТАЙКОВА ТРОШАНОВА, Държава: БЪЛГАРИЯ"", ""23. Едноличен собственик на капитала"": ""ДАНИЕЛА СТАЙКОВА ТРОШАНОВА, Държава: БЪЛГАРИЯ"", ""31. Размер"": ""5.11 €"", ""32. Внесен капитал"": ""5.11 €""}"
205266373,https://portal.registryagency.bg/CR/Reports/ActiveConditionTabResult?uic=205266373,"""ФОРЕКС ИНТЕРНАЦИОНАЛ"" ЕООД - Заличен търговец/ЮЛНЦ",27.09.2026г.,,,,,,,,,,,"{""27. Заличаване на търговеца/ЮЛНЦ"": ""Заличен търговец/ЮЛНЦ""}"
126047129,https://portal.registryagency.bg/CR/Reports/ActiveConditionTabResult?uic=126047129,"ЕТ ""ТРАСТ-СЕРВИЗ-65 - НИКОЛАЙ КАРАГЬОЗОВ""",27.09.2026г.,126047129,932/1996 560,ТРАСТ-СЕРВИЗ-65 - НИКОЛАЙ КАРАГЬОЗОВ,Едноличен търговец,БЪЛГАРИЯ,"Област: Хасково, Община: Димитровград","гр. Димитровград, п.к. 6400","бул./ул. БУЛ. РАКОВСКИ № 21, вх. Б, ап. 3","TЬPГOBИЯ HA EДPO И ДPEБHO, ПOKУПKA HA CTOKИ ИЛИ ДPУГИ BEЩИ C ЦEЛ ЗА ПPEПPOДAЖБA B ПЬPBOHAЧAЛEH, ПPEPAБOTEH ИЛИ OБPAБOTEH BИД, ПPOИЗBOДCTBO HA CTOKИ C ЦEЛ ПPOДAЖБA, KOMИCИOHHA, CПEДИTOPCKA, CKЛAДOBA, ЛИЗИHГOBA, ПOCPEДHИЧECKA, ПPEBOЗHA ДEЙHOCT, XOTEЛИEPCKA, TУPИCTИЧECKA, PEKЛAMHA, ИHФOPMAЦИOHHA И ИMПPECAPCKA ДEЙHOCT, ПPOИЗBOДCTBO, ПPOДAЖБA И ДABAHE ПOД HAEM HA BИДEO И AУДИO KACETИ И ПOKУПKИ, CTPOEЖ И OБЗABEЖДAHE HA HEДBИЖИMИ ИMOTИ C ЦEЛ ПPOДAЖБA.",НИКОЛАЙ ХРИСТОВ КАРАГЬОЗОВ,"{""4. Изписване на чужд език"": ""TRAST-SERVIZ-65- NIKOLAY KARAGYOZOV""}"
126047143,https://portal.registryagency.bg/CR/Reports/ActiveConditionTabResult?uic=126047143,"ЕТ ""ДИМИТЪР ХЪРСЕВ""",27.09.2026г.,126047143,1429/1994 560,ДИМИТЪР ХЪРСЕВ,Едноличен търговец,БЪЛГАРИЯ,"Област: Хасково, Община: Свиленград",гр. Свиленград,бул./ул. ул.ВАСИЛ ДРУМЕВ № 6,"дезинфекция, дезинсекция и дератизация /унищожаване на вредни насекоми и гризачи/; продажба на препарати за растителна защита и биоциди; почистване на помещения, сгради и терени от опасни отпадъци от металургията, химическата промишленост, печатарската промишленост, медицината, рудодобива и селското стопанство, в това число от пестициди и други подобни; консултанска дейност; търговско представителство и посредничество; външно-търговска дейност и други дейности, незабранени от закона",ДИМИТЪР ДИМОВ ХЪРСЕВ,"{""4. Изписване на чужд език"": ""DIMITAR HARSEV"", ""6а. Основна дейност по НКИД"": ""Група по НКИД: 9003\nКлас по НКИД: Почистване, възстановяване и подобни""}"
206809167,https://portal.registryagency.bg/CR/Reports/ActiveConditionTabResult?uic=206809167,"""ЛИНАЙ АРТ"" ЕООД",27.09.2026г.,206809167,,ЛИНАЙ АРТ,Еднолично дружество с ограничена отговорност,БЪЛГАРИЯ,"Област: Варна, Община: Варна","гр. Варна, п.к. 9000","р-н Одесос, бул./ул. Дебър № 24, вх. Б, ет. 5, ап. 9 Адрес на електронна поща: linay.art@gmail.com","Творческа дейност в областта на изкуствата, концептуален дизайн, илюстрация, анимация, дигитални изкуства и други дейности незабранени от закона.",,"{""4. Изписване на чужд език"": ""LINAY ART EOOD"", ""5а. Адрес за кореспонденция с НАП на територията на страната"": ""Държава: БЪЛГАРИЯ\nОбласт: Варна, Община: Варна\nНаселено място: гр. Варна, п.к. 9000\nр-н Одесос\nбул./ул. Дебър № 24, вх. Б, ет. 5, ап. 9"", ""7. Управители"": ""Илина Даниелова Найденова, Държава: БЪЛГАРИЯ"", ""23. Едноличен собственик на капитала"": ""Илина Даниелова Найденова, Държава: БЪЛГАРИЯ"", ""31. Размер"": ""51.13 €"", ""32. Внесен капитал"": ""51.13 €""}"
130126244,https://portal.registryagency.bg/CR/Reports/ActiveConditionTabResult?uic=130126244,"ЕТ ""ФАТИМЕ ГАЗИНОВА - 65""",27.09.2026г.,130126244,1342/1999 520,ФАТИМЕ ГАЗИНОВА - 65,Едноличен търговец,БЪЛГАРИЯ,"Област: Пазарджик, Община: Велинград","с. Побит камък, п.к. 4633",,"ДОБИВ И ПРОДАЖБА НА ДЪРВЕНИ МАТЕРИАЛИ, ПОКУПКА НА СТОКИ С ЦЕЛ ПРОДАЖБА, ПРОИЗВОДСТВО НА СТОКИ С ЦЕЛ ПРЕПРОДАЖБА, ОТКРИВАНЕ НА ТЪРГОВСКИ ЗАВЕДЕНИЯ, МАГАЗИННИ, РЕСТОРАНТИ, КАФЕ-СЛАДКАРНИЦИ, ПАВИЛИОНИ, ПРЕВОЗНИ ТУРИСТИЧЕСКИ И ДРУГИ УСЛУГИ РАЗРЕШЕНИ ОТ ЗАКОНА, ВНОС-ИЗНОС, БАРТЕРНИ СДЕЛКИ, ОКАЗИОННИ, ПОСРЕДНИЧЕСКА ДЕЙНОСТ.",ФАТИМЕ МЕХМЕД ГАЗИНОВА,"{""6а. Основна дейност по НКИД"": ""Група по НКИД: 5630\nКлас по НКИД: ДЕЙНОСТ НА ПИТЕЙНИ ЗАВЕДЕНИЯ""}"
825092046,https://portal.registryagency.bg/CR/Reports/ActiveConditionTabResult?uic=825092046,"ЕТ ""ВИЛИ-ТОТ-ВЕЛИСЛАВ ТОТЕВ""",27.09.2026г.,825092046,6660/1992 530,ВИЛИ-ТОТ-ВЕЛИСЛАВ ТОТЕВ,Едноличен търговец,БЪЛГАРИЯ,"Област: Пловдив, Община: Пловдив","гр. Пловдив, п.к. 4000","бул./ул. ул. ""МЕНАХЕМ МЕНАХЕМОВ"" № 21","Производство, изкупуване и търговия със селскостопанска продукция, търговия с всички видове стоки - хранителни и промишлени, за които няма изрична забрана от законите в страната, извършване на различни видове услуги, обществено хранене, туризъм, хотелиерство, маркетинг, външнотърговска дейност, внос-износ, реекспорт. бартер и търговия на хранителни и промишлени стоки, представителство, посредничество, агентство на български и чужди фирми и физически лица у нас и в чужбина, патентна, лизингова и лицензна дейност, бутик, оказионна, консигнационна, комисионна и разносна търговия, производство и продажба на сандвичи и закуски, тестени и сладкарски изделия, ястия, скара, грил, салати и гарнитури, кафе, чай и други, сделки с интелектуален труд, както и всяка друга дейност, която не противоречи на закона.",Велислав Иванов Тотев,"{""4. Изписване на чужд език"": ""VILI-TOT-VELISLAV TOTEV"", ""5а. Адрес за кореспонденция с НАП на територията на страната"": ""Държава: БЪЛГАРИЯ\nОбласт: Пловдив, Община: Пловдив\nНаселено място: гр. Пловдив, п.к. 4000\nр-н Централен\nбул./ул. ул. Елиезер Калев № 21""}"
201854226,https://portal.registryagency.bg/CR/Reports/ActiveConditionTabResult?uic=201854226,"""АСТЕР-2002"" ЕООД",27.09.2026г.,201854226,,АСТЕР-2002,Еднолично дружество с ограничена отговорност,БЪЛГАРИЯ,"Област: Силистра, Община: Силистра","гр. Силистра, п.к. 7500",бул./ул. СТРАЦИН № 17,"Търговия със скъпоценни камъни, благородни метали и злато в страната и чужбина; сделки с недвижими имоти; производство, изкупуване, преработка и реализация на селскостопанска продукция-растителна и животинска; хотелиерство и ресторантьорство; вътрешна и външна търговска дейност на едро и дребно; внос и износ; превозна, туристическа, рекламна, информационна и консултантска дейност в страната и чужбина; отдаване под наем и пренаемане; както и всяка друга дейност разрешена от закона.",,"{""4. Изписване на чужд език"": ""ASTER-2002"", ""7. Управители"": ""РОСЕН ИВАНОВ ТОДОРОВ, Държава: БЪЛГАРИЯ"", ""23. Едноличен собственик на капитала"": ""РОСЕН ИВАНОВ ТОДОРОВ, Държава: БЪЛГАРИЯ"", ""31. Размер"": ""2.05 €"", ""32. Внесен капитал"": ""2.05 €""}"
201854233,https://portal.registryagency.bg/CR/Reports/ActiveConditionTabResult?uic=201854233,"""ХАМДИ- 65"" ЕООД",27.09.2026г.,201854233,,ХАМДИ- 65,Еднолично дружество с ограничена отговорност,БЪЛГАРИЯ,"Област: Пловдив, Община: Пловдив","гр. Пловдив, п.к. 4000","р-н Източен, бул./ул. Елба № 34, ет. 8, ап. 23","ТЪРГОВСКА ДЕЙНОСТ, ОБРАБОТКА И ПРОДАЖБА НА МЕСНИ ПРОДУКТИ, ПОКУПКА НА СТОКИ ИЛИ ДРУГИ ВЕЩИ С ЦЕЛ ПРЕПРОДАЖБА В ПЪРВОНАЧАЛЕН, ПРЕРАБОТЕН ИЛИ ОБРАБОТЕН ВИД, ВНОС И ИЗНОС, СДЕЛКИ С ИНТЕЛЕКТУАЛНА СОБСТВЕНОСТ, КОМИСИОННИ И СПЕДИПИОННИ СДЕЛКИ, ТЪРГОВСКО ПРЕДСТАВИТЕЛСТВО И ПОСРЕДНИЧЕСТВО, ХОТЕЛИЕРСКА, ТУРИСТИЧЕСКА, РЕСТОРАНТЬОРСКА, РЕКЛАМНА, ИНФОРМАЦИОННА, ПРОГРАМНА И ДРУГА ДЕЙНОСТ, ВСИЧКИ ВИДОВЕ СТРОИТЕЛНИ И РЕМОНТНИ ДЕЙНОСТИ, ПЪТНИЧЕСКИ И ТОВАРНИ ПРЕВОЗИ, КАКТО И ОСЪЩЕСТВЯВАНЕ НА ВСЯКА ДРУГА НЕЗАБРАНЕНА ОТ ЗАКОНА ТЪРГОВСКА ДЕЙНОСТ, А КОГАТО ИМА РАЗРЕШИТЕЛЕН РЕЖИМ СЛЕД ИЗДАВАНЕ НА СЪОТВЕТНОТО РАЗРЕШЕНИЕ.",,"{""4. Изписване на чужд език"": ""HAMDI- 65 EOOD"", ""7. Управители"": ""Тодор Аргиров Маташев, Държава: БЪЛГАРИЯ"", ""23. Едноличен собственик на капитала"": ""Тодор Аргиров Маташев, Държава: БЪЛГАРИЯ"", ""31. Размер"": ""5.11 €"", ""32. Внесен капитал"": ""5.11 €""}"
201854240,https://portal.registryagency.bg/CR/Reports/ActiveConditionTabResult?uic=201854240,"""КРИСИ - 2012"" ЕООД",27.09.2026г.,201854240,,КРИСИ - 2012,Еднолично дружество с ограничена отговорност,БЪЛГАРИЯ,"Област: Монтана, Община: Монтана","гр. Монтана, п.к. 3400",бул./ул. ул. КЛОКОТНИЦА № 8А,"ЗООМАГАЗИН; ПОСРЕДНИЧЕСКА, КОМИСИОННА И КОНСУЛТАНТСКА ДЕЙНОСТ; МАРКЕТИНГ; РЕКЛАМНА И ИЗДАТЕЛСКА ДЕЙНОСТ; ПРОИЗВОДСТВО, ИЗКУПУВАНЕ, ПРЕРАБОТКА, СЪХРАНЕНИЕ И РЕАЛИЗАЦИЯ НА ХРАНИТЕЛНИ И ПРОМИШЛЕНИ СТОКИ И ПРЕДМЕТИ ЗА БИТА; КЕТЕРИНГ, РЕСТАНТЬОРСТВО И ХОТЕЛИЕРСТВО; ТЪРГОВСКО ПРЕДСТАВИТЕЛСТВО И АГЕНТСТВО НА БЪЛГАРСКИ И ЧУЖДЕСТРАННИ ФИЗИЧЕСКИ И ЮРИДИЧЕСКИ ЛИЦА В СТРАНАТА И ЧУЖБИНА; ТУРИСТИЧЕСКА ДЕЙНОСТ - ТУРОПЕРАТОРСТВО И ТУРИСТИЧЕСКО АГЕНТСТВО; ВЪТРЕШНО И ВЪНШНО ТЪРГОВСКА ДЕЙНОСТ - ВНОС ИЛИ ИЗНОС НА СТОКИ; ТРАНСПОРТНА ДЕЙНОСТ В СТРАНАТА И ЧУЖБИНА - ПРЕВОЗ НА ПЪТНИЦИ И ТОВАРИ; ОТДАВАНЕ ПОД НАЕМ НА НЕДВИЖИМИ И ДВИЖИМИ ВЕЩИ; КАКТО И ВСЯКА ДРУГА ДЕЙНОСТ, НЕЗАБРАНЕНА ОТ ЗАКОНА.",,"{""4. Изписване на чужд език"": ""KRISI - 2012"", ""7. Управители"": ""ХРИСТИНА ИЛИЕВА ЦВЕТКОВА, Държава: БЪЛГАРИЯ"", ""23. Едноличен собственик на капитала"": ""ХРИСТИНА ИЛИЕВА ЦВЕТКОВА, Държава: БЪЛГАРИЯ"", ""31. Размер"": ""2.50 €"", ""32. Внесен капитал"": ""2.50 €""}"
202907112,https://portal.registryagency.bg/CR/Reports/ActiveConditionTabResult?uic=202907112,"""КАПИТАНОВДИЗАЙН"" ЕООД",27.09.2026г.,202907112,,КАПИТАНОВДИЗАЙН,Еднолично дружество с ограничена отговорност,БЪЛГАРИЯ,"Област: Бургас, Община: Бургас","гр. Бургас, п.к. 8000","бул./ул. ул. Елин Пелин № 22, ет. 5","Интериорен и графичен дизайн, консултации и проектиране, търговия с мебели, аксесоари и консумативи, свързани с интериорния дизайн, търговия с произведения на изкуството, покупка на различни вещи с цел продажбата им в първоначален, преработен или обработен вид; производство на стоки с цел продажба; търговско представителство и посредничество; външнотърговски сделки с различен вид стоки, на едро и дребно; лизингови, комисионни, спедиционни, лицензионни, агентски, транспортни, складови и бартерни сделки; хотелиерски, ресторантьорски и туристически услуги, посреднически услуги, рекламни, програмни, импресарски и консултански услуги; покупка, строеж и/или обзавеждане на недвижими имоти с цел продажба.",,"{""4. Изписване на чужд език"": ""KAPITANOVDESIGN Ltd"", ""7. Управители"": ""КРАСИМИР ДИНЕВ КАПИТАНОВ, Държава: БЪЛГАРИЯ"", ""23. Едноличен собственик на капитала"": ""КРАСИМИР ДИНЕВ КАПИТАНОВ, Държава: БЪЛГАРИЯ"", ""31. Размер"": ""255.65 €"", ""32. Внесен капитал"": ""255.65 €""}"
114005147,https://portal.registryagency.bg/CR/Reports/ActiveConditionTabResult?uic=114005147,"ЕТ ""ЦВЕТАН ЦВЕТАНОВ - 65""",27.09.2026г.,114005147,2348/1995 440,ЦВЕТАН ЦВЕТАНОВ - 65,Едноличен търговец,БЪЛГАРИЯ,"Област: Плевен, Община: Плевен","гр. Плевен, п.к. 5800","ж.к. СТОРГОЗИЯ, бл. 55А, ап. 24","ВЪТРЕШНО И ВЪНШНО ТЪРГОВСКА ДЕЙНОСТ СЪС СТОКИ ЗА БИТА, ПРОИЗВОДСТВО И ПРОДАЖБА НА АЛКОХОЛ /СЛЕД ЛИЦЕНЗ/, БЮРО ЗА ОБМЕН НА ВАЛУТА /СЛЕД РАЗРЕШЕНИЕ/, ОХРАНИТЕЛНА ДЕЙНОСТ /СЛЕД РАЗРЕШЕНИЕ/, ТРАНСПОРТНИ И ТАКСИМЕТРОВИ УСЛУГИ, ПРОИЗВОДСТВО И ПРОДАЖБА НА СЕЛСКОСТОПАНСКА ПРОДУКЦИЯ, ХОТЕЛИЕРСТВО И РЕСТОРАНТЬОРСТВО, ВЪТРЕШЕН И МЕЖДУНАРОДЕН ТУРИЗЪМ.",ЦВЕТАН ЛЕНКОВ ЦВЕТАНОВ,
201128065,https://portal.registryagency.bg/CR/Reports/ActiveConditionTabResult?uic=201128065,"ЕТ ""АЛЕКСИЯ - ЦВЕТОМИР СТОЯНОВ""",27.09.2026г.,201128065,,АЛЕКСИЯ - ЦВЕТОМИР СТОЯНОВ,Едноличен търговец,БЪЛГАРИЯ,"Област: Разград, Община: Кубрат","гр. Кубрат, п.к. 7300","бул./ул. ул. ОБОРИЩЕ № 2, вх. Б, ет. 4, ап. 27 Телефон: 082510621","ВЪТРЕШНА И ВЪНШНА ТЪРГОВИЯ С ПОЗВОЛЕНИ ОТ ЗАКОНА СТОКИ; ХОТЕЛИЕРСТВО И РЕСТОРАНТЬОРСТВО; ТРАНСПОРТНА ДЕЙНОСТ; ВНОС, ИЗНОС, РЕЕКСПОРТ, БАРТЕРНИ И ЛИЦЕНЗИОННИ СДЕЛКИ; ПРЕРАБОТКА И РЕАЛИЗАЦИЯ НА СТОКИ ЗА БИТА И ПРОМИШЛЕННОСТТА; ТЪРГОВСКО ПРЕДСТАВИТЕЛСТВО И ПОСРЕДНИЧЕСТВО; ДАВЕНЕ НА КОНСУЛТАЦИИ; ДРУГИ ДЕЙНОСТИ, НЕЗАБРАНЕНИ СЪС ЗАКОН, УКАЗ ИЛИ ДРУГ НОРМАТИВЕН АКТ.",ЦВЕТОМИР СТОЯНОВ ВЕЛИКОВ,"{""6а. Основна дейност по НКИД"": ""Група по НКИД: 4711\nКлас по НКИД: ТЪРГОВИЯ НА ДРЕБНО С ХРАНИТЕЛНИ И НЕХРАНИТЕЛНИ СТОКИ""}"
123037603,https://portal.registryagency.bg/CR/Reports/ActiveConditionTabResult?uic=123037603,"ЕТ ""КАТЯ БРАЙКОВА - КАТЯ""",27.09.2026г.,123037603,1481/1996 550,КАТЯ БРАЙКОВА - КАТЯ,Едноличен търговец,БЪЛГАРИЯ,"Област: Стара Загора, Община: Казанлък","гр. Казанлък, п.к. 6100","бул./ул. ул. Д-Р СТАМБОЛСКИ № 12, ет. 2, ап. 3","ПОКУПКА НА СТОКИ С ЦЕЛ ПРОДАЖБА В ПЪРВОНАЧАЛЕН, ПРЕРАБОТЕН ИЛИ ОБРАБОТЕН ВИД. ПРОИЗВОДСТВО НА РАЗЛИЧНИ СТОКИ С ЦЕЛ ПРОДАЖБА-ЦВЕТЯ, ЗЕЛЕНЧУЦИ, ИЗВЪРШВАНЕ НА ВСЯКАКЪВ ВИД ДЕЙНОСТИ И УСЛУГИ, КОИТО ПО ПРЕДМЕТ И ОБЕМ ИЗИСКВАТ ДА СЕ ВОДЯТ ПО ТЪРГОВСКИ НАЧИН, НЕЗАБРАНЕНИ ОТ ЗАКОНА. ВЪНШНОИКОНОМИЧЕСКИ ОТНОШЕНИЯ ВЪВ ВРЪЗКА С ПРЕДМЕТА НА ДЕЙНОСТ.",КАТЯ СЛАВОВА БРАЙКОВА,"{""4. Изписване на чужд език"": ""ET KATYA BRAJKOVA - KATYA""}"
202752249,https://portal.registryagency.bg/CR/Reports/ActiveConditionTabResult?uic=202752249,"ЕТ ""НИКСЪН - НИКОЛИНА МИТЕВА""",27.09.2026г.,202752249,,НИКСЪН - НИКОЛИНА МИТЕВА,Едноличен търговец,БЪЛГАРИЯ,"Област: Пазарджик, Община: Пазарджик","гр. Пазарджик, п.к. 4400",бул./ул. ул. ВЛАДИСЛАВ № 31,"ПОКУПКА НА СТОКИ ИЛИ ДРУГИ ВЕЩИ С ЦЕЛ ПРЕПРОДАЖБА В ПЪРВОНАЧАЛЕН, ПРЕРАБОТЕН ИЛИ ОБРАБОТЕН ВИД, ПРОДАЖБА НА СТОКИ ОТ СОБСТВЕНО ПРОИЗВОДСТВО,ТЪРГОВИЯ С ПЛОДОВЕ И ЗЕЛЕНЧУЦИ, КАФЕ, БИРА, БЕЗАЛКОХОЛНИ И ДРУГИ ХРАНИТЕЛНИ СТОКИ И НАПИТКИ; ИЗГРАЖДАНЕ НА ТЪРГОВСКИ ОБЕКТИ -ПАВИЛИОНИ, МАГАЗИНИ, КАФЕ-АПЕРИТИВИ, РЕСТОРАНТИ И ДР., ХОТЕЛИЕРСТВО; ТУРИСТИЧЕСКИ, РЕКЛАМНИ, КОНСУЛТАНТСКИ УСЛУГИ, КАКТО И ВСЯКА ДРУГА ДЕЙНОСТ, КОЯТО НЕ Е ЗАБРАНЕНА ОТ ЗАКОНА.",НИКОЛИНА НИКОЛОВА МИТЕВА,"{""4. Изписване на чужд език"": ""ET NIXAN - NIKOLINA MITEVA""}"
204556651,https://portal.registryagency.bg/CR/Reports/ActiveConditionTabResult?uic=204556651,"""ЛЕВОНОВ 2017"" ЕООД",27.09.2026г.,204556651,,ЛЕВОНОВ 2017,Еднолично дружество с ограничена отговорност,БЪЛГАРИЯ,"Област: Благоевград, Община: Петрич","гр. Петрич, п.к. 2850","бул./ул. ул. ""Дунав"" № 13","покупка на стоки или други вещи с цел да ги препродаде в страната или чужбина в техния първоначален, преработен или обработен вид; продажба, внос и износ на плодове и зеленчуци; продажба на ядки, билки и мед; производство и продажба на месо и месни продукти; спедиционни и превозни сделки в страната и чужбина с лек и товарен превоз; продажба на стоки от собствено производство; търговско представителство и посредничество; комисионни, складови сделки; извършване на шивашки услуги; сделки с интелектуална собственост; хотелиерски, туристически, рекламни, информационни, програмни, импресарски услуги; кафетерия и продажба на кафе; ресторантьорство; извършване на таксиметрови услуги; строеж или обзавеждане на недвижими имоти с цел продажба посредническа дейност по наемане на български граждани на работа в страната и в чужбина; лизинг; фризьорски и козметични услуги.",,"{""4. Изписване на чужд език"": ""\""LEVONOV 2017\"" LTD"", ""7. Управители"": ""КИРИЛ ЛЕОНИДОВ ЛЕВОНОВ, Държава: БЪЛГАРИЯ"", ""23. Едноличен собственик на капитала"": ""КИРИЛ ЛЕОНИДОВ ЛЕВОНОВ, Държава: БЪЛГАРИЯ"", ""31. Размер"": ""51.13 €"", ""32. Внесен капитал"": ""51.13 €""}"
204556669,https://portal.registryagency.bg/CR/Reports/ActiveConditionTabResult?uic=204556669,"""СЪЛЮШЪН КОНСУЛТИНГ"" ЕООД",27.09.2026г.,204556669,,СЪЛЮШЪН КОНСУЛТИНГ,Еднолично дружество с ограничена отговорност,БЪЛГАРИЯ,"Област: София (столица), Община: Столична","гр. София, п.к. 1000","р-н Овча купел, бул./ул. бул.“Никола Петков“ № 52, ет. 1, ап. офис 1-8","Покупко-продажба, строеж и обзавеждане на недвижими имоти; извършване на всякакъв вид консултантска дейност; изработка, разпространение и продажба на софтуер и всякакви информационни продукти, изработка, разпространение и продажба на курсове за онлайн обучение; търговско представителство и посредничество, предоставяне на рекламни, информационни, програмни, импресарски или други услуги.",,"{""4. Изписване на чужд език"": ""“SOLUTION CONSULTING” SPLTD."", ""23. Едноличен собственик на капитала"": ""Кристина Сапино, Идентификация 850116, Държава: ИТАЛИЯ"", ""31. Размер"": ""5.11 €"", ""32. Внесен капитал"": ""5.11 €""}"
204556676,https://portal.registryagency.bg/CR/Reports/ActiveConditionTabResult?uic=204556676,"""ШЕФИ - 65"" ЕООД",27.09.2026г.,204556676,,ШЕФИ - 65,Еднолично дружество с ограничена отговорност,БЪЛГАРИЯ,"Област: Търговище, Община: Търговище","гр. Търговище, п.к. 7700",бул./ул. ул. ШЕЙНОВО № 9 Адрес на електронна поща: rihi@abv.bg,"Търговия със стоки в замръзено, консервирано и прясно състояние; търговия с растителни стоки в изсушено, замразено и прясно състояние; търговия със плодове и зеленчуци; търговия с вино и други алкохолни спиртни напитки; покупка на стоки или други вещи с цел продажба в първоначален, преработен или обработен вид в страната и чужбина; външно и вътрешнотърговска дейност с всички стоки разрешени от закона; бартерни сделки; комисионна, спедиционна, складова, превозна и туристическа дейност, транспортна дейност в страната и чужбина; ресторантьорство, хотелиерски и туристически услуги /след лицензиране и категоризация/; автосервиз и автоуслуги /след регистрация и лиценз/; внос и търговия с нови и употребявани моторни превозни средства, авточасти и аксесоари за автомобили /след регистрация/; покупка, строеж или обзавеждане на недвижими имоти с цел продажба; външноикономическа дейност, както и извършването на всяка друга търговска сделка или дейност, която не е забранена със закон, а когато се изисква лиценз или разрешителен режим- след издаване на лиценз или съответното разрешение.",,"{""4. Изписване на чужд език"": ""SHEFI - 65 Ltd"", ""7. Управители"": ""ЕРОЛ ИСАЕВ МУСТАФОВ, Държава: БЪЛГАРИЯ"", ""23. Едноличен собственик на капитала"": ""ЕРОЛ ИСАЕВ МУСТАФОВ, Държава: БЪЛГАРИЯ"", ""31. Размер"": ""1.00 €"", ""32. Внесен капитал"": ""1.00 €""}"
207527740,https://portal.registryagency.bg/CR/Reports/ActiveConditionTabResult?uic=207527740,"""Буллер консалтинг"" ЕООД",27.09.2026г.,207527740,,Буллер консалтинг,Еднолично дружество с ограничена отговорност,БЪЛГАРИЯ,"Област: Варна, Община: Варна","гр. Варна, п.к. 9000","р-н Одесос, бул./ул. ул. МАКЕДОНИЯ № 25","Производство и покупка на стоки цел продажба в първоначален, преработен или обработен вид, продажба на стоки от собствено производство, продажба на хранителни стоки, продажба на хранителни стоки собствено производство, покупка, строеж и обзавеждане на недвижими имоти с цел продажба, управление, поддръжка и отдаване под наем на недвижими имоти и инвестиции, търговско представителство и посредничество в страната и чужбина, внос, износ, превозна, спедиционна, информационна, рекламна, комисионна дейности. Услуги за населението. Транспортна дейност (след лиценз). Туристически, туроператорски, хотелиерски услуги (след лиценз) и други услуги и дейности за населението разрешени от закона.",,"{""4. Изписване на чужд език"": ""Buller consulting"", ""6а. Основна дейност по НКИД"": ""Група по НКИД: 4778\nКлас по НКИД: ТЪРГОВИЯ НА ДРЕБНО С ДРУГИ НЕХРАНИТЕЛНИ СТОКИ"", ""7. Управители"": ""ВЕРНЕР ФРИДРИХ ЕЛБЕРГ, Държава: ГЕРМАНИЯ"", ""23. Едноличен собственик на капитала"": ""ВЕРНЕР ФРИДРИХ ЕЛБЕРГ, Държава: ГЕРМАНИЯ"", ""31. Размер"": ""51.13 €"", ""32. Внесен капитал"": ""51.13 €""}"
825015530,https://portal.registryagency.bg/CR/Reports/ActiveConditionTabResult?uic=825015530,"ЕТ ""БЛАГОЙ ЕВТИМОВ - АТОЛ""",27.09.2026г.,825015530,8577/1991 530,БЛАГОЙ ЕВТИМОВ - АТОЛ,Едноличен търговец,БЪЛГАРИЯ,"Област: Пловдив, Община: Пловдив","гр. Пловдив, п.к. 4023","р-н Тракия, ж.к. ТРАКИЯ, бл. 7, вх. З, ет. 5, ап. 20","АВТОУСЛУГИ, ТЪРГОВСКА ДЕЙНОСТ В СТРАНАТА И ЧУЖБИНА, ВНОС-ИЗНОС, ОТКРИВАНЕ НА МАГАЗИНИ ЗА АВТОЧАСТИ, ЛЕКИ КОЛИ, СТОКИ ЗА БИТА, СЪЗДАВАНЕ НА АВТОСЕРВИЗИ И СЕРВИЗИ ЗА ВСЯКАКВА БИТОВА ТЕХНИКА, СЪЗДАВАНЕ НА КЛУБОВЕ С РАЗВЛЕКАТЕЛНИ И ЕЛЕКТРОННИ ИГРИ И ДРУГИ ДЕЙНОСТИ РАЗРЕШЕНИ ОТ ЗАКОНА И ДРУГИ НОРМАТИВНИ АКТОВЕ.",БЛАГОЙ КИРОВ ЕВТИМОВ,"{""4. Изписване на чужд език"": ""BLAGOY EVTIMOV - ATOL""}"
825015548,https://portal.registryagency.bg/CR/Reports/ActiveConditionTabResult?uic=825015548,"ЕТ ""ЯНАКИЕВ 65 - НИКОЛА ЯНКОВ""",27.09.2026г.,825015548,9846/1990 530,ЯНАКИЕВ 65 - НИКОЛА ЯНКОВ,Едноличен търговец,БЪЛГАРИЯ,"Област: Пловдив, Община: Пловдив","гр. Пловдив, п.к. 4004","бул./ул. район ЮЖЕН, ул.3-ТИ МАРТ № 14 Телефон: 032/629207","ТАКСИМЕТРОВИ, ТРАНСПОРТНИ И ПЪТНИЧЕСКИ УСЛУГИ; РВСТОРАНТЬОРСТВО, ХОТБЛИЕРСТВО; ТУРИСТИЧЕСКИ, ЕКСКУРЗОВОДНИ И ПРЕВОДАЧЕСКИ УСЛУГИ; ПРОДАЖБА НА КАФЕ, ЧАЙ И БЕЗАЛКОХОЛНИ НАПИТКИ, НИСКО АЛКОХОЛНИ НАПИТКИ И КУЛИНАРНИ ИЗДЕЛИЯ. СТУДЕНИ МЕЗЕТА. ЯДКИ, ЦИГАРИ; ПРОИЗВОДСТВО, ТЪРГОВИЯ И РЕАЛИЗАЦИЯ НА ПРОМИШЛЕНИ И НЕПРОМИШЛЕНИ, ХРАНИТЕЛНИ И НЕХРАНИТЕЛНИ СТОКИ, СЕЛСКОСТОПАНСКА ПРОДУКЦИЯ - РАСТИТЕЛНА И ЖИВОТИНСКА; ОКАЗИОННА ТЪРГОВИЯ, КОМИСИОННА ТЪРГОВИЯ С УНИКАТИ И ПРОИЗВЕДЕНИЯ НА ИЗКУСТВОТО, ЦВЕТЯ, ЕКЗОТИЧНИ И ДЕКОРАТИВНИ РАСТЕНИЯ И БИЛКИ; РЕКЛАМНА ДЕЙНОСТ; ФРИЗЬОРСТВО И КОЗМЕТИКА; СТРОИТЕЛНИ И РЕМОНТНИ ДЕЙНОСТИ; АВТОРЕМОНТНИ, ТЕНЕКЕДЖИЙСКИ И БОЯДЖИЙСКИ АВТОУСЛУГИ; ФОТОГРАФСКИ И ВИДЕОУСЛУГИ; ЗАСНЕМАНЕ НА СВАТБИ И ДРУГИ СЕМЕЙНИ ТЪРЖЕСТВА; АРАНЖОРСКА И ДИЗАЙНЕРСКА ДЕЙНОСТ; АТРАКЦИОННИ, КОМПЮТЪРНИ И ЗАБАВНИ ИГРИ; ИМПРЕСАРСКА И ПРОДУЦЕНТСКА ДЕЙНОСТИ; АГЕНТСТВО, СПОНСОРСТВО И ПОСРЕДНИЧЕСТВО, ЕКСПОРТ, РЕЕКСПОРТ И ИМПОРТ, ОБВЪРЗАНИ И СПЕЦИФИЧНИ ВЪНШНОТЪРГОВСКИ ОПЕРАЦИИ, ПОСРЕДНИЧЕСКО- КОМИСИОННА (ТЪРГОВСКА) ДЕЙНОСТ, ЛИЗИНГ И БАРТЕРНИ СДЕЛКИ.",НИКОЛА ЯНКОВ ЯНАКИЕВ,"{""5а. Адрес за кореспонденция с НАП на територията на страната"": ""Държава: БЪЛГАРИЯ\nОбласт: Пловдив, Община: Пловдив\nНаселено място: гр. Пловдив, п.к. 4004\nбул./ул. район ЮЖЕН, ул.3-ТИ МАРТ № 14"", ""6а. Основна дейност по НКИД"": ""Група по НКИД: 4631\nКлас по НКИД: ТЪРГОВИЯ НА ЕДРО С ПЛОДОВЕ И ЗЕЛЕНЧУЦИ""}"
825015555,https://portal.registryagency.bg/CR/Reports/ActiveConditionTabResult?uic=825015555,"ЕТ ""Рени - Ангелина Рашкова""",27.09.2026г.,825015555,1809/1993 530,Рени - Ангелина Рашкова,Едноличен търговец,БЪЛГАРИЯ,"Област: Пловдив, Община: Пловдив","гр. Пловдив, п.к. 4000","р-н Централен, бул./ул. Младежка № 2","ТЪРГОВСКА И ПОСРЕДНИЧЕСКА ДЕЙНОСТ, ВСЯКАКВИ ДРУГИ ДЕЙНОСТИ И УСЛУГИ, НЕЗАБРАНЕНИ С НОРМАТИВЕН АКТ.",Ангелина Георгиева Рашкова,
205710134,https://portal.registryagency.bg/CR/Reports/ActiveConditionTabResult?uic=205710134,"""ПРЕМИЕР МЕЗОН"" ЕООД",27.09.2026г.,205710134,,ПРЕМИЕР МЕЗОН,Еднолично дружество с ограничена отговорност,БЪЛГАРИЯ,"Област: София (столица), Община: Столична","гр. София, п.к. 1124","р-н Средец, бул./ул. Николай В. Гогол № 21 Адрес на електронна поща: d1579@abv.bg","покупко-продажба и отдаване под наем на недвижими имоти, планиране и проектиране на обекти за застрояване, посредничество при покупка и продажба на недвижими имоти от всякакъв вид, както и всякаква друга дейност, незабранена от закона",,"{""4. Изписване на чужд език"": ""PREMIER MAISON EOOD"", ""7. Управители"": ""Инес Георгиева Джамова, Държава: БЪЛГАРИЯ"", ""23. Едноличен собственик на капитала"": ""Инес Георгиева Джамова, Държава: БЪЛГАРИЯ"", ""31. Размер"": ""5112.92 €"", ""32. Внесен капитал"": ""5112.92 €""}"
205944557,https://portal.registryagency.bg/CR/Reports/ActiveConditionTabResult?uic=205944557,"""ДЕТЕРСИВО 94"" ЕООД",27.09.2026г.,205944557,,ДЕТЕРСИВО 94,Еднолично дружество с ограничена отговорност,БЪЛГАРИЯ,"Област: София (столица), Община: Столична","гр. София, п.к. 1000","бул./ул. ул. Проф. Саздо Иванов № 2, ет. 7, ап. 10","покупка на стоки или други вещи с цел препродажба в първоначален, преработен или обработен вид, продажба на стоки от собствено производство, комисионни, спедиционни, складови и лизингови сделки; търговско посредничество и представителство, покупка, строеж или обзавеждане на недвижими имоти с цел продажба, сделки с интелектуална собственост; туристическа, рекламна, информационна дейност; всякаква друга търговска дейност, незабранена със закон",,"{""4. Изписване на чужд език"": ""DETERSIVO 94"", ""7. Управители"": ""ПЕТКО ДИМИТРОВ АНГЕЛОВ, Държава: БЪЛГАРИЯ"", ""23. Едноличен собственик на капитала"": ""ПЕТКО ДИМИТРОВ АНГЕЛОВ, Държава: БЪЛГАРИЯ"", ""31. Размер"": ""1022.58 €"", ""32. Внесен капитал"": ""1022.58 €""}"
207735079,https://portal.registryagency.bg/CR/Reports/ActiveConditionTabResult?uic=207735079,"""ВЕЛИНОВ 2024"" ЕООД",27.09.2026г.,207735079,,ВЕЛИНОВ 2024,Еднолично дружество с ограничена отговорност,БЪЛГАРИЯ,"Област: Перник, Община: Перник","с. Драгичево, п.к. 2351",бул./ул. ул. Възраждане № 108 Адрес на електронна поща: borislavvelinof@gmail.com,"Строителни услуги, ремонтни услуги, специализирани строителни дейности, търговия, както и всички други дейности и услуги, незабранени от закона (след получаване на съответните разрешителни и лицензи).",,"{""7. Управители"": ""БОРИСЛАВ ПЕТРОВ ВЕЛИНОВ, Държава: БЪЛГАРИЯ"", ""23. Едноличен собственик на капитала"": ""Борислав Петров Велинов, Държава: БЪЛГАРИЯ"", ""31. Размер"": ""500.00 €"", ""32. Внесен капитал"": ""500.00 €""}"
204889862,https://portal.registryagency.bg/CR/Reports/ActiveConditionTabResult?uic=204889862,"ЕТ ""ГАЛАНЕД - Василка Иванова - Галина Сепетчиева""",27.09.2026г.,204889862,,ГАЛАНЕД - Василка Иванова - Галина Сепетчиева,Едноличен търговец,БЪЛГАРИЯ,"Област: Сливен, Община: Нова Загора","с. Загорци, п.к. 8939",,"Покупка на стоки или други вещи с цел да бъдат препродадени в първоначален, преработен или обработен вид; продажба на стоки собствено производство; както и всички други дейности незабранени от закона или които се водят по търговски начин съгласно чл.1 ал.3 от ТЗ, след издаване на съответен лиценз, при изискване за това, а при разрешителен режим - след издаване на разрешение.",ГАЛИНА МИТЕВА СЕПЕТЧИЕВА,
204889873,https://portal.registryagency.bg/CR/Reports/ActiveConditionTabResult?uic=204889873,"""ДИМИМИЛ - 78"" ЕООД",27.09.2026г.,204889873,,ДИМИМИЛ - 78,Еднолично дружество с ограничена отговорност,БЪЛГАРИЯ,"Област: София, Община: Ботевград","гр. Ботевград, п.к. 2140",бул./ул. Св. св. Кирил и Методий № 77 Телефон: 0877600761,Търговия на едро и дребно с хранителни и промишлени стоки. Транспортни услуги при съответен разрешителен режим и всичко незабранено със закон.,,"{""4. Изписване на чужд език"": ""DIMIMIL - 78 LTD"", ""7. Управители"": ""ТОШКО АНГЕЛОВ ИВАНОВ, Държава: БЪЛГАРИЯ"", ""23. Едноличен собственик на капитала"": ""ТОШКО АНГЕЛОВ ИВАНОВ, Държава: БЪЛГАРИЯ"", ""31. Размер"": ""5.11 €"", ""32. Внесен капитал"": ""5.11 €""}"
030038932,https://portal.registryagency.bg/CR/Reports/ActiveConditionTabResult?uic=030038932,"ЕТ ""АВТОЛУКС-66 - СТЕФАН БАЛКАНДЖИЕВ""",27.09.2026г.,030038932,1803/1991 410,АВТОЛУКС-66 - СТЕФАН БАЛКАНДЖИЕВ,Едноличен търговец,БЪЛГАРИЯ,"Област: Велико Търново, Община: Павликени","с. Дъскот, п.к. 5223",,"АВТОСЕРВИЗ; АВТОБОЯДЖИЙСКИ, АВТОТЕНЕКЕДЖИЙСКИ УСЛУГИ; ПЬТНА ПОМОЩ; ТАКСИМЕТРОВИ И ТРАНСПОРТНИ ПРЕВОЗИ И УСЛУГИ В СТРАНАТА И ЧУЖБИНА СЬС СОБСТВЕН ИЛИ НАЕТ ЛЕК И ТЕЖКОТОВАРЕН ТРАНСПОРТ; ДАВАНЕ ВЕЩИ ПОД НАЕМ, ВКЛ. И ЛЕКИ КОЛИ; ТЪРГОВИЯ НА ЕДРО И ДРЕБНО В ЛЕВА И ВАЛУТА, ПРИ СПАЗВАНЕ НА ВАЛУТНИТЕ РАЗПОРЕДБИ; ИМПОРТ, ЕКСПОРТ. РЕЕКСПОРТ; БАРТЕРНИ, КОМИСИОННИ, КОНСИГНАЦИОННИ СДЕЛКИ; ТЪРГОВСКО ПОСРЕДНИЧЕСТВО, ПРЕДСТАВИТЕЛСТВО И АГЕНТСТВО; ОКАЗИОН И АНТИКВАРИАТ, РАЗНОСНА ТЪРГОВИЯ; ЛИЗИНГОВА ДЕЙНОСТ; ДЖОЙНТ ВЕНЧЬР; МАРКЕТИНГ; ОБЩЕСТВЕНО ХРАНЕНЕ, ЕКСКУРЗИОННА ДЕЙНОСТ И ТУРИЗЪМ; ПРЕДЛАГАНЕ ЗАБАВНИ КОМПЮТЪРНИ И МЕХАНИЧНИ ИГРИ; ИЗВЪРШВАНЕ И НА ДРУГИ НЕЗАБРАНЕНИ ОТ ЗАКОНА ДЕЙНОСТИ.",СТЕФАН ИВАНОВ БАЛКАНДЖИЕВ,
030038949,https://portal.registryagency.bg/CR/Reports/ActiveConditionTabResult?uic=030038949,"ЕТ ""МОРЕНА - АНГЕЛ АНГЕЛОВ""",27.09.2026г.,030038949,3103/1991 410,МОРЕНА - АНГЕЛ АНГЕЛОВ,Едноличен търговец,БЪЛГАРИЯ,"Област: Велико Търново, Община: Велико Търново","гр. Велико Търново, п.к. 5000","бул./ул. ул. ХРИСТО БОТЕВ № 11, ет. 1, ап. 1 Телефон: 0886012100","ПРОИЗВОДСТВО НА СТОКИ И ПРОДАЖБАТА ИМ; ПОКУПКО-ПРОДАЖБА НА СТОКИ В ПЪРВОНАЧАЛЕН, ПРЕРАБОТЕН ИЛИ ОБРАБОТЕН ВИД С ВНОС И ИЗНОС В ЛЕВА И ВАЛУТА, ПРИ СПАЗВАНЕ НА ВАЛУТНИТЕ РАЗПОРЕДБИ; КОМИСИОННА, СПЕДИЦИОННА И СКЛАДОВА ДЕЙНОСТ; ТЪРГОВСКО ПРЕДСТАВИТЕЛСТВО, ПОСРЕДНИЧЕСТВО И АГЕНТСТВО НА МЕСТНИ И ЧУЖДЕСТРАННИ ФИЗИЧЕСКИ И ЮРЕДИЧЕСКИ ЛИЦА, БАРТЕРНИ СДЕЛКИ И ЛИЗИНГОВИ ОПЕРАЦИИ; ПРЕВОЗНА, ХОТЕЛИЕРСКА, ТУРИСТИЧЕСКА, РЕКЛАМНА, ИЗДАТЕЛСКА, ИНФОРМАЦИОННА, ПРОГРАМНА ДЕЙНОСТИ И ПРЕДОСТАВЯНЕ НА ДРУГИ УСЛУГИ; ТРАНСФЕР НА СТОКИ В СТРАНАТА И ЧУЖБИНА; ВИДЕО И ЗВУКОЗАПИСИ; РЕСТОРАНТЬОРСТВО И КАФЕ-АПЕРАТИВ; ПОКУПКА, СТРОЕЖ И ОБЗАВЕЖДАНЕ НА НЕДВИЖИМИ ИМОТИ С ЦЕЛ ПРОДАЖБА, ДРУГИ ДЕЙНОСТИ, НЕЗАБРАНЕНИ ОТ ЗАКОНА.",АНГЕЛ СТЕФАНОВ АНГЕЛОВ,
200490271,https://portal.registryagency.bg/CR/Reports/ActiveConditionTabResult?uic=200490271,"""ТАЙРА КОМЕРС 2008"" ЕООД - в ликвидация",27.09.2026г.,200490271,,ТАЙРА КОМЕРС 2008,Еднолично дружество с ограничена отговорност,БЪЛГАРИЯ,"Област: Варна, Община: Варна","гр. Варна, п.к. 9000","р-н Одесос, бул./ул. ул. ЦАРИБРОД № 48, ет. 2 Телефон: 052/ 985 130, Адрес на електронна поща: INFO@CITY-ADDRESS.COM","ПРОДАЖБА НА СТОКИ ОТ СОБСТВЕНО ПРОИЗВОДСТВО; ПОКУПКА НА СТОКИ ИЛИ ДРУГИ ВЕЩИ С ЦЕЛ ДА ГИ ПРЕПРОДАДЕ В ПЪРВОНАЧАЛЕН, ПРЕРАБОТЕН ИЛИ ОБРАБОТЕН ВИД; ПРОИЗВОДСТВО, ПРЕРАБОТКА И ТЪРГОВИЯ СЪС СЕЛСКОСТОПАНСКА ПРОДУКЦИЯ; ЖИВОТНОВЪДСТВО, ОВОЩАРСТВО И ПЧЕЛАРСТВО; ПРОИЗВОДСТВО И МОНТАЖ НА АЛУМИНИЕВА И ПВЦ ДОГРАМА; ПОЧИСТВАНЕ СЕМЕНА; ИЗВЪРШВАНЕ НА ПОСРЕДНИЧЕСКА ДЕЙНОСТ ПО ИНФОРМИРАНЕ И НАЕМАНЕ НА РАБОТА В СТРАНАТА И ЧУЖБИНА \СЛЕД ЛИЦЕНЗ\; ТУРОПЕРАТОРСКА И ТУРАГЕНТСКА ДЕЙНОСТ \СЛЕД ЛИЦЕНЗ\; МЕЖДУНАРОДЕН И ВЪТРЕШЕН ТРАНСПОРТ;ИЗРАБОТВАНЕ НА БИЖУТЕРИЙНИ И ЮВЕЛИРНИ ИЗДЕЛИЯ, СУВЕНИРИ, ПЛАСТИКИ, ПРЕРАБОТКА И РЕМОНТ НА БИЖУТЕРИЙНИ И ЮВЕЛИРНИ ИЗДЕЛИЯ, СУВЕНИРИ, ПЛАСТИКИ, ПРЕРАБОТКА И РЕМОНТ НА БИЖУТЕРИЙНИ И ЮВЕЛИРНИ ИЗДЕЛЯ ОТ БЛАГОРОДНИ МЕТАЛИ; ИЗВЪРШВАНЕ НА ВЪНШНОТЪРГОВСКИ СДЕЛКИ С БЛАГОРОДНИ МЕТАЛИ И СКЪПОЦЕННИ КАМЪНИ; ИЗКУПУВАНЕ НА ЗЛАТНИ, СРЕБЪРНИ И ПЛАТИНЕНИ ИЗДЕЛИЯ И СКЪПОЦЕННИ КАМЪНИ; ПРОДАЖБА НА ИЗДЕЛИЯ ОТ ЗЛАТО, СРЕБРО И ПЛАТИНА И НА СКЪПОЦЕННИ КАМЪНИ ОТ МЕСТНО ПРОИЗВОДСТВО И ОТ ВНОС-СЛЕД РАЗРЕШЕНИЕ ОТ МФ; ТЪРГОВСКО ПРЕДСТАВИТЕЛСТВО И ПОСРЕДНИЧЕСТВО; КОМИСИОННИ, СПЕДИЦИОННИ И ПРЕВОЗНИ СДЕЛКИ; ИЗГОТВЯНЕ НА ЕКСПЕРТНИ ОЦЕНКИ ЗА МАШИНИ И СЪОРЪЖЕНИЯ; СКЛАДОВИ СДЕЛКИ; ВНОС И ПРОДАЖБА НА АВТОЧАСТИ; ЛИЦЕНЗИОННИ СДЕЛКИ; СТОКОВ КОНТРОЛ; СДЕЛКИ С ИНТЕЛЕКТУАЛНА СОБСТВЕНОСТ; ХОТЕЛИЕРСКИ, РЕКЛАМНИ, ИНФОРМАЦИОННИ, ПОСРЕДНИЧЕСКИ, КОНСУЛТАНТСКИ, ФРИЗЬОРСКИ, КОЗМЕТИЧНИ ИЛИ ДРУГИ УСЛУГИ; ПОКУПКА, СТРОЕЖ ИЛИ ОБЗАВЕЖДАНЕ НА НЕДВИЖИМИ ИМОТИ С ЦЕЛ ПРОДАЖБА; ЛИЗИНГ;ПРОИЗВОДСТВОНА, СЕРВИЗНА, ТЪРГОВСКА, ТРАНСПОРТНА И ВЪНШНОТЪРГОВСКА ДЕЙНОСТ; МОНТАЖ НА АВТОМАТИЧНИ ГАЗОВИ УРЕДБИ, ГАЗИФИЦИРАНЕ НА НЕДВИЖИМИ ИМОТИ С ПРИРОДНА И БИТОВА ГАЗ.",,"{""4. Изписване на чужд език"": ""TAYRA KOMERS 2008"", ""6а. Основна дейност по НКИД"": ""Група по НКИД: 5131\nКлас по НКИД: ТЪРГОВИЯ НА ЕДРО С ПРЕСНИ ПЛОДОВЕ И ЗЕЛЕНЧУЦИ"", ""7. Управители"": ""ИМДАТ АРИФОВ ШЕРИФОВ, Държава: БЪЛГАРИЯ"", ""23. Едноличен собственик на капитала"": ""ИМДАТ АРИФОВ ШЕРИФОВ, Държава: БЪЛГАРИЯ"", ""31. Размер"": ""2556.46 €"", ""32. Внесен капитал"": ""2556.46 €""}"
200490289,https://portal.registryagency.bg/CR/Reports/ActiveConditionTabResult?uic=200490289,"""ВИШНИН"" ЕООД",27.09.2026г.,200490289,,ВИШНИН,Еднолично дружество с ограничена отговорност,БЪЛГАРИЯ,"Област: Варна, Община: Варна","гр. Варна, п.к. 9000","р-н Одесос, бул./ул. УЛ. Г. С. РАКОВСКИ № 25-27","Придобиване, разпореждане и управление на недвижими имоти и всякакъв друг вид търговска дейност незабранена от закона.",,"{""4. Изписване на чужд език"": ""VISHNIN EOOD"", ""7. Управители"": ""ЕМИЛ ПЕТРОВ ВИШНИН"", ""23. Едноличен собственик на капитала"": ""ЕМИЛ ПЕТРОВ ВИШНИН"", ""31. Размер"": ""2550.00 €"", ""32. Внесен капитал"": ""2550.00 €""}"
104628990,https://portal.registryagency.bg/CR/Reports/ActiveConditionTabResult?uic=104628990,"""ДРИМЕКС 2000"" ЕООД",27.09.2026г.,104628990,1305/2004 410,ДРИМЕКС 2000,Еднолично дружество с ограничена отговорност,БЪЛГАРИЯ,"Област: Велико Търново, Община: Велико Търново","гр. Велико Търново, п.к. 5000","бул./ул. ул. “Цанко Церковски” № 39, офис 308 Адрес на електронна поща: drimex_2000@abv.bg","Строителство и строително-ремонтни дейности, дейности по припокриване на покриви, хидроизолация, каменна зидария и плочници, шпакловка, боядисване, теракот и фаянс, ВиК, всякакъв вид довършителни работи; поддръжка на дворове и градини със всякакъв вид техника, озеляняване; придобиване, изграждане, управление, експлоатация, продажба или отдаване под наем на недвижими имоти; покупко-продажба на стоки и услуги; външно и вътрешнотърговска дейност; транспортна дейност в страната и чужбина със собствени или наети превозни средства; хотелиерство и ресторантьорство, както и всички други дейности и услуги, незабранени от закона.",,"{""4. Изписване на чужд език"": ""DRIMEX 2000"", ""5а. Адрес за кореспонденция с НАП на територията на страната"": ""Държава: БЪЛГАРИЯ\nОбласт: Велико Търново, Община: Велико Търново\nНаселено място: гр. Велико Търново, п.к. 5000\nбул./ул. ул. “Никола Габровски” № 9, ет. 1"", ""7. Управители"": ""ПЕНКО НИКОЛОВ ПЕНЧЕВ, Държава: БЪЛГАРИЯ"", ""23. Едноличен собственик на капитала"": ""ПЕНКО НИКОЛОВ ПЕНЧЕВ, Държава: БЪЛГАРИЯ"", ""31. Размер"": ""2556.46 €"", ""32. Внесен капитал"": ""2556.46 €""}"
201831238,https://portal.registryagency.bg/CR/Reports/ActiveConditionTabResult?uic=201831238,"ЕТ ""МАРТИ - МАРИЯ ГИНЕВА"" - Заличен търговец/ЮЛНЦ",27.09.2026г.,,,,,,,,,,,"{""27. Заличаване на търговеца/ЮЛНЦ"": ""Заличен търговец/ЮЛНЦ""}"
201831245,https://portal.registryagency.bg/CR/Reports/ActiveConditionTabResult?uic=201831245,"""СОЛАВИКИ"" ЕООД",27.09.2026г.,201831245,,СОЛАВИКИ,Еднолично дружество с ограничена отговорност,БЪЛГАРИЯ,"Област: Шумен, Община: Шумен","гр. Шумен, п.к. 9700","бул./ул. ул.КИТКА № 2, вх. 1, ет. 2, ап. 6","Външна н вътрешна търговия на едро и дребно с всякакъв вид стоки за промишлено и лично потребление, разрешени от закона; разкриване на собствени търговски обекти; производство на стоки с цел продажба от промишлен, битов селскостопански характер; арендна дейност; търговия и покупка на стоки с цел препродажбата им в първоначален, преработен или обработен вид; хотелиерски услуги; покупка, строеж и обзавеждане на недвижими имоти; металоконструкции и съоръжения, ВИК; изолации, Външна н вътрешна търговия на едро и дребно с всякакъв вид стоки за промишлено и лично потребление, разрешени от закона; разкриване на собствени търговски обекти ; производство на стоки с цел продажба от промишлен , битов селскостопански характер; арендна дейност ;търговия и покупка на стоки с цел препродажбата им в първоначален ,преработен или обработен вид; хотелиерски услуги; покупка, строеж и обзавеждане на недвижими имоти; металоконструкции и съоръжения, ВИК ; изолации , облицовки и всякакъв вид ремонтни дейности ; търговско представителство и посредничество на местни и чуждестранни физически и юридически лица; комисионна и спедиционна дейност; лизингови сделки; маркетингова ,рекламна и информационна дейност; сделки с интелектуална собственост; както и всяка друга дейност, незабранена със закон, транспортна дейност ;производство и търговия със селскостопанска продукция от растителен и животински произход ; покупко-продажба на недвижими имоти; както и всяка дейност, незабранена от действащото законодателство.",,"{""7. Управители"": ""ВИКТОР ВЕНКОВ ЛИЛОВ, Държава: БЪЛГАРИЯ"", ""23. Едноличен собственик на капитала"": ""ВИКТОР ВЕНКОВ ЛИЛОВ, Държава: БЪЛГАРИЯ"", ""31. Размер"": ""255.00 €"", ""32. Внесен капитал"": ""255.00 €""}"
175326630,https://portal.registryagency.bg/CR/Reports/ActiveConditionTabResult?uic=175326630,"""АЛЕТИ"" ЕООД",27.09.2026г.,175326630,11048/2007 110,АЛЕТИ,Еднолично дружество с ограничена отговорност,БЪЛГАРИЯ,"Област: София (столица), Община: Столична","гр. София, п.к. 1700","р-н Студентски, ж.к. СТУДЕНТСКИ ГРАД, бл. 6А, вх. Б, ет. 2, ап. 7","BHOC И ИЗHOC, BЪHШHO И BЪTPEШHOTЪPГOBCKA ДEЙHOCT B CTPAHATA И ЧУЖБИHA, TЪPГOBИЯ HA EДPO И ДPEБHO CЪC CTOKИ И УCЛУГИ, ПOKУПKA HA CTOKИ ИЛИ ДPУГИ BEЩИ C ЦEЛ ПPEПPOДAЖБA B ПЪPBOHAЧAЛEH, ПPEPAБOTEH ИЛИ OБPAБOTEH BИД, ПPOДAЖБA HA CTOKИ OT COБCTBEHO ПPOИЗBOДCTBO, KAKTO И BCЯKA ДPУГA ДEЙHOCT И УCЛУГИ, HEЗAБPAHEHИ OT ЗAKOHA.",,"{""7. Управители"": ""АТАНАС ГОСПОДИНОВ АНГЕЛОВ"", ""23. Едноличен собственик на капитала"": ""АТАНАС ГОСПОДИНОВ АНГЕЛОВ"", ""31. Размер"": ""2500.00 €"", ""32. Внесен капитал"": ""2500.00 €""}"
114639856,https://portal.registryagency.bg/CR/Reports/ActiveConditionTabResult?uic=114639856,"""АМБЪР 66"" ЕООД",27.09.2026г.,114639856,753/2005 440,АМБЪР 66,Еднолично дружество с ограничена отговорност,БЪЛГАРИЯ,"Област: Плевен, Община: Гулянци","с. Брест, п.к. 5971","бул./ул. ХАН АСПАРУХ № 6, ет. 1, ап. 3 Телефон: 0888 741 186, Адрес на електронна поща: amber66@abv.bg","ТЪРГОВСКА ДЕЙНОСТ В СТРАНАТА И ЧУЖБИНА, РЕКЛАМНА ДЕЙНОСТ /БЕЗ КИНО И ПЕЧАТ/. ИМПРЕСАРСКА ДЕЙНОСТ, ПРОДУЦЕНТСКА ДЕЙНОСТ В СТРАНАТА И ЧУЖБИНА, ФИЛМОПРОИЗВОДСТВО И ИЗДАТЕЛСКА ДЕЙНОСТ, ТЪРГОВСКО ПРЕДСТАВИТЕЛСТВО /БЕЗ ПРОЦЕСУАЛНО/, ПОСРЕДНИЧЕСТВО И АГЕНТСТВО НА НАШИ И ЧУЖДЕСТРАННИ ФИЗИЧЕСКИ И ЮРИДИЧЕСКИ ЛИЦА. РАЗКРИВАНЕ НА МАГАЗИНИ ЗА ХРАНИТЕЛНИ И НЕХРАНИТЕЛНИ СТОКИ, ОКАЗИОН /БЕЗ ПАМЕТНИЦИ НА КУЛТУРАТА/. ЛИЗИНГОВА, КОМИСИОННА И КОНСИГНАЦИОННА ТЪРГОВИЯ, ПРЕВОЗ НА ПЪТНИЦИ И ТОВАРИ СЪС СОБСТВЕН ИЛИ НАЕТ ТРАНСПОРТ. РЕСТОРАНТЬОРСТВО И ОБЩЕСТВЕНО ХРАНЕНЕ. ХОТЕЛИЕРСТВО. ВИЗОВИ И ТУРИСТИЧЕСКИ УСЛУГИ И УЧАСТИЕ ПОД КАКВАТО И ДА БИЛО ФОРМА В ДРУГИ ДРУЖЕСТВА ИЛИ В ТЯХНОТО УПРАВЛЕНИЕ. ПРОИЗВОДСТВО И ПРЕРАБОТКА НА РАСТИТЕЛНИ МАСЛА.",,"{""6а. Основна дейност по НКИД"": ""Група по НКИД: 1071\nКлас по НКИД: производство на хляб, хлебни и пресни сладкарски изделия"", ""7. Управители"": ""ПЛАМЕН ВИТКОВ ДАНЧЕВ, Държава: БЪЛГАРИЯ"", ""23. Едноличен собственик на капитала"": ""ПЛАМЕН ВИТКОВ ДАНЧЕВ, Държава: БЪЛГАРИЯ"", ""31. Размер"": ""2556.46 €"", ""32. Внесен капитал"": ""2556.46 €""}"
114040225,https://portal.registryagency.bg/CR/Reports/ActiveConditionTabResult?uic=114040225,"ЕТ ""ИЗОЛ - КИРИЛ КИРИЛОВ - ПЛЕВЕН""",27.09.2026г.,114040225,296/1995 440,ИЗОЛ - КИРИЛ КИРИЛОВ - ПЛЕВЕН,Едноличен търговец,БЪЛГАРИЯ,"Област: Плевен, Община: Плевен","гр. Плевен, п.к. 5800","бул./ул. РУЙ № 6, ет. 2, ап. 8 Телефон: 0878928096","СТРОИТЕЛНА ДЕЙНОСТ И УСЛУГИ, ИЗГРАЖДАНЕ НА СТРОИТЕЛНИ ОБЕКТИ В СТРАНАТА И ЧУЖИБНА, ХИДРОИЗОЛАЦИИ. ПРОЕКТИРАНЕ, КОНСУЛТАНТСКА И ЕКСПЕРТНА ДЕЙНОСГ, ТЕХНИЧЕСКО ОБЕЗПЕЧАВАНЕ И СЕРВИЗ. ТЪРГОВИЯ С НЕДВИЖИМИ ИМОТИ И ДВИЖИМИ ВЕЩИ, ПРОИЗВОДСТВО, ПРЕРАБОТКА ИЗКУПУВАНЕ. ВНОС-ИЗНОС. ТЪРГОВИЯ НА ЕДРО И ДРЕБНО С И БЕЗ ПОСРЕДНИЧЕСТВОТО НА ФИРМИ В СТРАНАТА И ЧУЖИБИНА НА ВСИЧКИ ВИДОВЕ СЕЛСКОСТОПАНСКА И ЖИВОТИНСКА ПРОДУКЦИЯ В ПРЯСНО, ЖИВО И ПРЕРАБОТЕНО СЪСТОЯНИЕ. ОРАНЖЕРИЙНО ПРОИЗВОДСТВО НА ЦВЕТЯ, ГЪБИ, ПЛОДОВЕ И ЗЕЛЕНЧУЦИ. РИБОРАЗВЪДНА И РИБОЛОВНА ДЕЙНОСТ. ЛОЗАРСТВО. ВИНАРСТВО /СЛЕД ИЗДАВАНЕ НА ЛИЦЕНЗ/ И ОВОЩАРСТВО. ПЧЕЛАРСГВО И ТЪРГОВИЯ С ПЧЕЛНИ ПРОДУКТИ. СЪБИРАНЕ И ИЗКУПУВАНЕ НА ДИВОРАСТЯЩИ ПЛОДОВЕ И БИЛКИ, ТЪРГОВСКО ПРЕДСТАВИТЕЛСТВО /БЕЗ ПРОЦЕСУАЛНО/ ПОСРЕДНИЧЕСТВО И АГЕНТСТВО НА МЕСТНИ И ЧУЖДЕСТРАННИ ФИРМИ. ФИЗИЧЕСКИ И ЮРИДИЧЕСКИ ЛИЦА В СТРАНАТА И ЧУЖИБНА. ВЪНШНОТЪРГОВСКА ДЕЙНОСТ - ИМПОРТ, ЕКСПОРТ, СДЕЛКИ С ВИНА /СЛЕД ИЗДАВАНЕ НА ЛИЦЕНЗ/. ПЛОДОВЕ, ЗЕЛЕНЧУЦИ. СПЕЦИФИЧНИ СДЕЛКИ СЪС СТОКИ И УСЛУГИ /РАЗРЕШЕНИ ОТ ЗАКОНА/. БАРТЕРНИ СДЕЛКИ И РЕЕКСПОРТ НА ВСИЧКИ РАЗРЕШЕНИ ОТ ЗАКОНА СТОКИ И ХРАНИТЕЛНИ ПРОДУКТИ. МАРКЕТИНГОВА, ИНЖЕНЕРИНГОВА, ИНФОРМАЦИОННА, РЕКЛАМНА /БЕЗ КИНО И ПЕЧАТ/. ПРОУЧВАТЕЛНА. НАУЧНО-ИЗСЛЕДОВАТЕЛСКА И ВНЕДРИТЕЛСКА ДЕЙНОСТ В ОБЛАСТТА НА СТРОИТЕЛСТВОТО И СТРОИТЕЛНИТЕ МАТЕРИАЛИ, КАРТОГРАФИЯ. ГЕОДЕЗИЯ И ХРАНИТЕЛНО-ВКУСОВАТА ПРОМИШЛЕНОСТ. ДИЗАЙН В ИНДУСТРИАЛНОТО ПРОИЗВОДСТВО И ПРОИЗВОДСТВЕНАТА СРЕДА, МАТЕРИАЛНО-ТЕХНИЧЕСКО СНАБДЯВАНЕ И СЪДЕЙСТВИЕ НА ДРУГИ ФИРМИ ЗА ИЗПОЛЗУВАНЕ НА СВОБОДНИ ПРОИЗВОДСТВЕНИ МОЩНОСТИ И УСЛУГИ. ПОКУПКО-ПРОДАЖБА НА БЕЗДЕЙСТВУВАЩИ МАШИНИ И СЪОРЪЖЕНИЯ, ОСНОВНИ И СПОМАГАТЕЛНИ МАТЕРИАЛИ И РЕЗЕРВНИ ЧАСТИ. ЛИЗИНГОВА ДЕЙНОСТ. СОФТУЕР И НОУ-ХАУ, ДЪРВООБРАБ0ТВАНЕ, ТУРИЗЪМ - ВЪТРЕШЕН И МЕЖДУНАРОДЕН И ТУРИСТИЧЕСКИ УСЛУГИ. ХОТЕЛИЕРСТВО И РЕСТОРАНТЬОРСТВО. ИМПРЕСАРСКА ДЕЙНОСТ. ОРГАНИЗИРАНЕ НА СИМПОЗИУМИ, БАЗАРИ И ИЗЛОЖБИ В СТРАНАТА И ЧУЖБИНА. СПОРТНИ. ЗАБАВНИ И УВЕСЕЛИТЕЛНИ ПРОЯВИ И ЕЛЕКТРОННИ ИГРИ. УСЛУГИ СЪС ЗВУКОЗАПИСВАЩА, ФОТО, ВИДЕО И КОПИРНА ТЕХНИКА. РАЗПРОСТАРНЕНИЕ НА КАСЕТИ И ФИЛМИ, РЕКЛАМНА /БЕЗ КИНО И ПЕЧАТ/ И ИЗДАТЕЛСКА ДЕЙНОСТ, ТАКСИМЕТРОВИ, ТОВАРОПЪТНИЧЕСКИ ПРЕВОЗИ СЪССОБСТВЕН И НАЕТ ТРАНСПОРТ В СТРАНАТА И ЧУЖБИНА. ПОКУПКО-ПРОДАЖБА НА СТАРИ И УПОТРЕБЯВАНИ АВТОМОБИЛИ. РЕЗЕРВНИ ЧАСТИ И ТЕХНИКА, АВТОСЕРВИЗ И БЕНЗИНОСТАНЦИЯ /СЛЕД СЪОТВЕТНО РАЗРЕШЕНИЕ/. ШИВАШКИ УСЛУГИ СЪС СОБСТВЕНИ И МАТЕРИАЛИ НА КЛИЕНТА. БУТИК, ТЪРГОВИЯ С ВСИЧКИ ВИДОВЕ ОБЛЕКЛА.",КИРИЛ МАРИНОВ КИРИЛОВ,"{""4. Изписване на чужд език"": ""IZOL-KIRIL KIRILOV-PLEVEN""}"
201582192,https://portal.registryagency.bg/CR/Reports/ActiveConditionTabResult?uic=201582192,"""ХВАК"" ООД",27.09.2026г.,201582192,,ХВАК,Дружество с ограничена отговорност,БЪЛГАРИЯ,"Област: София (столица), Община: Столична",гр. София,"р-н Овча купел, бул./ул. АНГЕЛОВ ВРЪХ, бл. 1, вх. Г, ет. 4, ап. 45","МАРКЕТИНГ В ОБЛАСТТА НА ЕЛЕКТРОННАТА ТЪРГОВИЯ, АйТи УСЛУГИ, УЕБ ДИЗАЙН И ПОДДРЪЖКА, ТЪРГОВИЯ СЪС СТОКИ И УСЛУГИ, ВНОС И ИЗНОС НА СТОКИ И УСЛУГИ, ПРЕДСТАВИТЕЛСТВО И ПОСРЕДНИЧЕСТВО НА МЕСТНИ И ЧУЖДЕСТРАННИ ЛИЦА, КАКТО И ВСЯКАКВИ ДРУГИ ДЕЙНОСТИ, НЕЗАБРАНЕНИ СЪС ЗАКОН",,"{""4. Изписване на чужд език"": ""HVAK"", ""7. Управители"": ""ГЕОРГИ ДИМЧЕВ СТАНИМИРОВ, Държава: БЪЛГАРИЯ"", ""19. Съдружници"": ""ГЕОРГИ ДИМЧЕВ СТАНИМИРОВ, Държава: БЪЛГАРИЯ, Размер на дяловото участие: 1300.00 лв.\nМАРИЯ ХРИСТОМИРОВА ДУКОВА, Държава: БЪЛГАРИЯ, Размер на дяловото участие: 700.00 лв."", ""31. Размер"": ""1022.58 €"", ""32. Внесен капитал"": ""1022.58 €""}"
201582203,https://portal.registryagency.bg/CR/Reports/ActiveConditionTabResult?uic=201582203,"ЕТ ""АНИ - АНКА ПАУНОВА""",27.09.2026г.,201582203,,АНИ - АНКА ПАУНОВА,Едноличен търговец,БЪЛГАРИЯ,"Област: Пловдив, Община: Асеновград","гр. Асеновград, п.к. 4230",бул./ул. ул. Странджа № 9,"ПОКУПКА НА СТОКИ И ДРУГИ ВЕЩИ С ЦЕЛ ПРОДАЖБА В ПЪРВОНАЧАЛЕН, ПРЕРАБОТЕН И ОБРАБОТЕН ВИД; ПРОДАЖБА НА СТОКИ ОТ СОБСТВЕНО ПРОИЗВОДСТВО; ТЪРГОВСКО ПРЕДСТАВИТЕЛСТВО И ПОСРЕДНИЧЕСТВО; СЧЕТОВОДНИ УСЛУГИ; КОМИСИОННИ, СПЕДИЦИОННИ И ПРЕВОЗНИ СДЕЛКИ; СКЛАДОВИ СДЕЛКИ, ЛИЦЕНЗИОННИ СДЕЛКИ; СТОКОВ КОНТРОЛ; СДЕЛКИ С ИНТЕЛЕКТУАЛНА СОБСТВЕНОСТ; ХОТЕЛИЕРСКИ, ТУРИСТИЧЕСКИ, РЕКЛАМНИ, ИНФОРМАЦИОННИ, ПРОГРАМНИ, ИМПРЕСАРСКИ И ДРУГИ УСЛУГИ; ПОКУПКА, СТРОЕЖ И ОБЗАВЕЖДАНЕ НА НЕДВИЖИМИ ИМОТИ С ЦЕЛ ПРОДАЖБА; КАКТО И ВСЯКАКВИ ДРУГИ СДЕЛКИ, НЕЗАБРАНЕНИ ОТ ЗАКОНА.",АНКА МИХАЙЛОВА ПАУНОВА,"{""4. Изписване на чужд език"": ""ANI - ANKA PAUNOVA ET""}"
201582210,https://portal.registryagency.bg/CR/Reports/ActiveConditionTabResult?uic=201582210,"""АНДИ - 66"" ООД",27.09.2026г.,201582210,,АНДИ - 66,Дружество с ограничена отговорност,БЪЛГАРИЯ,"Област: Велико Търново, Община: Горна Оряховица","гр. Горна Оряховица, п.к. 5100",бул./ул. СВЕТИ КНЯЗ БОРИС ПЪРВИ № 44,"ВЪТРЕШНО И ВЪНШНОТЪРГОВСКА ДЕЙНОСТ ВЪВ ВСИЧКИТЕ ИМ РАЗНОВИДНОСТИ; ПОКУПКА НА СТОКИ И ДРУГИ ВЕЩИ С ЦЕЛ ПРЕПРОДАЖБА В ПЪРВОНАЧАЛЕН, ПРЕРАБОТЕН ИЛИ ОБРАБОТЕН ВИД; ТЪРГОВСКО ПРЕДСТАВИТЕЛСТВО И ПОСРЕДНИЧЕСТВО; АГЕНТСТВО И ДРУГИ ДЕЙНОСТИ И УСЛУГИ, НЕЗАБРАНЕНИ ОТ ЗАКОНА.",,"{""7. Управители"": ""АНГЕЛ ИГНАТОВ АТАНАСОВ, Държава: БЪЛГАРИЯ"", ""19. Съдружници"": ""АНГЕЛ ИГНАТОВ АТАНАСОВ, Държава: БЪЛГАРИЯ, Размер на дяловото участие: 60.00 лв.\nДАНИЕЛА ГЕОРГИЕВА АТАНАСОВА, Държава: БЪЛГАРИЯ, Размер на дяловото участие: 40.00 лв."", ""31. Размер"": ""51.13 €"", ""32. Внесен капитал"": ""51.13 €""}"
201582228,https://portal.registryagency.bg/CR/Reports/ActiveConditionTabResult?uic=201582228,"""ЛЕСКО - 2011"" ООД",27.09.2026г.,201582228,,ЛЕСКО - 2011,Дружество с ограничена отговорност,БЪЛГАРИЯ,"Област: Кюстендил, Община: Кюстендил","гр. Кюстендил, п.к. 2500","бул./ул. ул.ЮСТИНИЯН № 4А, ет. 2","Добив и търговия с дървен материал, производство, изкупуване, преработка, съхранение и реализация на хранителни и други промишлени стоки и предмети за бита, с цел препродажбата им в първоначален, преработен или обработен вид, кетеринг, ресторантьорство и хотелиерство, търговско представителство и агентство на български и чуждестранни физически и юридически лица в страната и чужбина, туристическа дейност туроператорство и туристическо агентство, вътрешно и външно търговска дейност - внос или износ на стоки, транспортна дейност в страната и чужбина - превоз на пътници и товари, както и всяка друга дейност незабранена от закона",,"{""4. Изписване на чужд език"": ""LESKO - 2011"", ""6а. Основна дейност по НКИД"": ""Група по НКИД: 0220\nКлас по НКИД: ДЪРВОДОБИВ"", ""7. Управители"": ""ДЕСИСЛАВА ВЕНЦИСЛАВОВА ДРАГАНОВА, Държава: БЪЛГАРИЯ\nТРИФКОВИЧ ЦВЕТАН, Държава: БЪЛГАРИЯ"", ""11. Начин на представляване"": ""по друг начин:\nЗАЕДНО И ПООТДЕЛНО"", ""19. Съдружници"": ""ДЕСИСЛАВА ВЕНЦИСЛАВОВА ДРАГАНОВА, Държава: БЪЛГАРИЯ, Размер на дяловото участие: 5.00 лв.\nЦВЕТАН ТРИФКОВИЧ, Държава: БЪЛГАРИЯ, Размер на дяловото участие: 5.00 лв."", ""31. Размер"": ""5.11 €"", ""32. Внесен капитал"": ""5.11 €""}"
201582235,https://portal.registryagency.bg/CR/Reports/ActiveConditionTabResult?uic=201582235,"ЕТ ""СТРЕМ ТРАНС - ВЕНЦИСЛАВ АЛЕКСИЕВ""",27.09.2026г.,201582235,,СТРЕМ ТРАНС - ВЕНЦИСЛАВ АЛЕКСИЕВ,Едноличен търговец,БЪЛГАРИЯ,"Област: София (столица), Община: Столична","гр. София, п.к. 1606","р-н Красно село, ж.к. КРИВА РЕКА, бул./ул. ул. Акад. ИВАН ЕВСТ. ГЕШОВ № 9, вх. 1, ет. 5, ап. 8 Адрес на електронна поща: wenzi_alexiev@abv.bg","ТЪРГОВСКА ДЕЙНОСТ, ТЪРГОВИЯ, ВНОС, ИЗНОС И РЕЕКСПОРТ, КАКТО И ВСЯКА ДРУГА ДЕЙНОСТ НЕЗАБРАНЕНА СЪС ЗАКОН",ВЕНЦИСЛАВ ПЕТКОВ АЛЕКСИЕВ,"{""4. Изписване на чужд език"": ""STREM TRANS - VENTSISLAV ALEKSIEV""}"
148046599,https://portal.registryagency.bg/CR/Reports/ActiveConditionTabResult?uic=148046599,"""ЦБА ТРЕЙД"" ООД",27.09.2026г.,148046599,2969/2006 310,ЦБА ТРЕЙД,Дружество с ограничена отговорност,БЪЛГАРИЯ,"Област: Варна, Община: Варна","гр. Варна, п.к. 9003","р-н Аспарухово, ж.к. Аспарухово, бул./ул. Народни будители № 2, ет. 3 Телефон: 052/463035,463036, Адрес на електронна поща: cbavarna_finances@mbox.contact.bg","ПРОИЗВОДСТВО И ТЪРГОВИЯ С ХРАНИТЕЛНИ СТОКИ, ПРОИЗВОДСТВО, ИЗКУПУВАНЕ, ПЕРАБОТКА, СЪХРАНЕНИЕ И РЕАЛИЗАЦИЯ НА СЕЛСКОСТОПАНСКА ПРОДУКЦИЯ НА ЕДРО И ДРЕБНО, СДЕЛКИ С ИНТЕЛЕКТУАЛНА СОБСТВЕНОСТ, ИМПРЕСАРСКА И ИЗДАТЕЛСКА ДЕЙНОСТ, КОНСУЛТАНТСКА И ПОСРЕДНИЧЕСКА ДЕЙНОСТ, ТЪРГОВСКО ПРЕДСТАВИТЕЛСТВО, ПОСРЕДНИЧЕСТВО И АГЕНТСТВО НА ЧУЖДИ ФИРМИ, ТУРОПЕРАТОРСКА И ТУРИСТИЧЕСКА АГЕНТСКА ДЕЙНОСТ, СЛЕД ЛИЦЕНЗ, КОМПЛЕКСНА ХОТЕЛИЕРСКА И РЕСТОРАНТЬОРСККА ДЕЙНОСТ, КОМПЛЕКСНА ТРАНСПОРТНА ДЕЙНОСТ, РЕНТ-А-КАР И ТАКСИМЕТРОВИ УСЛУГИ.",,"{""5а. Адрес за кореспонденция с НАП на територията на страната"": ""Държава: БЪЛГАРИЯ\nОбласт: Варна, Община: Варна\nНаселено място: гр. Варна, п.к. 9003\nр-н Аспарухово\nж.к. КВ.АСПАРУХОВО, бул./ул. БУЛ.НАРОДНИ БУДИТЕЛИ № 2, ет. 3"", ""7. Управители"": ""ДАНИЕЛ МАРТИНОВ КОНДОВ, Държава: БЪЛГАРИЯ"", ""19. Съдружници"": ""МАРТИН МИЛЕНОВ КОНДОВ, Държава: БЪЛГАРИЯ, Размер на дяловото участие: 4000.00 лв.\nДАНИЕЛ МАРТИНОВ КОНДОВ, Държава: БЪЛГАРИЯ, Размер на дяловото участие: 8000.00 лв."", ""31. Размер"": ""6135.50 €"", ""32. Внесен капитал"": ""6135.50 €""}"
148046617,https://portal.registryagency.bg/CR/Reports/ActiveConditionTabResult?uic=148046617,"""ЕТЕГРА"" ООД",27.09.2026г.,148046617,3047/2006 310,ЕТЕГРА,Дружество с ограничена отговорност,БЪЛГАРИЯ,"Област: Варна, Община: Варна","гр. Варна, п.к. 9010","р-н Приморски, бул./ул. ул. НАРЦИС 11","ХОТЕЛИЕРСТВО И РЕСТОРАНТЬОРСТВО, ТУРОПЕРАТОРСКА И ТУРИСТИЧЕСКА АГЕНТСКА ДЕЙНОСТ \СЛЕД ЛИЦЕНЗ\, ПОКУПКА НА СТОКИ С ЦЕЛ ПРОДАЖБА В ПЪРВОНАЧАЛЕН, ОБРАБОТЕН ИЛИ ПРЕРАБОТЕН ВИД; ПРОДАЖБА НА СТОКИ СОБСТВЕНО ПРОИЗВОДСТВО; ПОКУПКА, СРОЕЖ ИЛИ ОБЗАВЕЖДАНЕ НА НЕДВИЖИМИ ИМОТИ С ЦЕЛ ПРОДАЖБА; ЛИЗИНГ; СКЛАДОВИ СДЕЛКИ; КОМИСИОННИ, СПЕДИЦИОННИ И ПРЕВОЗНИ СДЕЛКИ; ТЪРГОВСКО ПРЕДСТАВИТЕЛСТВО И ПОСРЕДНИЧЕСТВО, ИНФОРМАЦИОННИ, ПРОГРАМНИ, ИМПРЕСАРСКИ И ДРУГИ СДЕЛКИ С ИНТЕЛЕКТУАЛНА И ИНДУСТРИАЛНА СОБСТВЕНОСТ.",,"{""7. Управители"": ""КРАСИМИРА РУМЕНОВА ИВАНОВА, Държава: БЪЛГАРИЯ\nИВАН НИКОЛАЕВ ИВАНОВ, Държава: БЪЛГАРИЯ"", ""11. Начин на представляване"": ""заедно"", ""19. Съдружници"": ""\""АМФОРА ТУРС\"" ЕООД, ЕИК/ПИК 103788215, Държава: БЪЛГАРИЯ, Размер на дяловото участие: 2500.00 лв.\nНИКОЛАЙ РАДКОВ ИВАНОВ, Държава: БЪЛГАРИЯ, Размер на дяловото участие: 2500.00 лв."", ""31. Размер"": ""2556.46 €"", ""32. Внесен капитал"": ""2556.46 €""}"
202978586,https://portal.registryagency.bg/CR/Reports/ActiveConditionTabResult?uic=202978586,"""МИТКО - 2008"" ООД",27.09.2026г.,202978586,,МИТКО - 2008,Дружество с ограничена отговорност,БЪЛГАРИЯ,"Област: Сливен, Община: Нова Загора","гр. Нова Загора, п.к. 8900",бул./ул. ул. Гурко № 19 Телефон: 0894 488 148,"Търговия на едро и дребно с хранителни, нехранителни и др. стоки, разрешени от закона, внос, износ, комисионна, спедиторска, складова, консултантска дейност, социални дейности и услуги, други дейности и услуги, незабранени със закон.",,"{""4. Изписване на чужд език"": ""MITKO - 2008 Ltd"", ""7. Управители"": ""КРАСИМИР МИТКОВ АТАНАСОВ, Държава: БЪЛГАРИЯ"", ""19. Съдружници"": ""КРАСИМИР МИТКОВ АТАНАСОВ, Държава: БЪЛГАРИЯ, Размер на дяловото участие: 5.00 лв.\nСТЕЛА ГОСПОДИНОВА МИНЧЕВА, Държава: БЪЛГАРИЯ, Размер на дяловото участие: 5.00 лв."", ""31. Размер"": ""5.11 €"", ""32. Внесен капитал"": ""5.11 €""}"
202978593,https://portal.registryagency.bg/CR/Reports/ActiveConditionTabResult?uic=202978593,"""БАТЕ КОЛЬО"" ЕООД",27.09.2026г.,202978593,,БАТЕ КОЛЬО,Еднолично дружество с ограничена отговорност,БЪЛГАРИЯ,"Област: Шумен, Община: Каолиново","с. Тодор Икономово, п.к. 9964","бул./ул. ул. ""Девети септември"" № 9 Адрес на електронна поща: finans_k@abv.bg","Превози на товари и пътници, спедиция и друга транспортна дейност, търговия на едро и дребно с всякакъв вид стоки, търговско представителство и посредничество, доставка, сервиз и ремонт на всякакъв вид технически системи, производство и търговия със селскостопански продукти; всякакъв вид услуги, и комисионна дейност; рекламна дейност и маркетинг; внос, износ, бартер и реекспорт, както и всички други дейности, незабренени със закон, след снабдяване със съответното разрешително или лиценз",,"{""4. Изписване на чужд език"": ""BATE KOLYO Ltd"", ""7. Управители"": ""СЕНИХА БИНАС КАЗАНДЖЪ, Държава: БЪЛГАРИЯ"", ""23. Едноличен собственик на капитала"": ""СЕНИХА БИНАС КАЗАНДЖЪ, Държава: БЪЛГАРИЯ"", ""31. Размер"": ""5.11 €"", ""32. Внесен капитал"": ""5.11 €""}"
203217250,https://portal.registryagency.bg/CR/Reports/ActiveConditionTabResult?uic=203217250,"""ТРАК ЦЕНТРУМ ХАСКОВО"" ЕООД",27.09.2026г.,203217250,,ТРАК ЦЕНТРУМ ХАСКОВО,Еднолично дружество с ограничена отговорност,БЪЛГАРИЯ,"Област: Хасково, Община: Хасково","с. Нова Надежда, п.к. 6330",бул./ул. ул. „Иван Райков” № 3,"ТЪРГОВИЯ С ЛЕКИ И ТЕЖКОТОВАРНИ АВТОМОБИЛИ, РЕЗЕРВНИ ЧАСТИ И ПРИНАДЛЕЖНОСТИ ЗА АВТОМОБИЛИ; СЕРВИЗНО ОБСЛУЖВАНЕ И РЕМОНТ НА АВТОМОБИЛИ; РЕНТ-А-КАР; ПОКУПКА НА СТОКИ ИЛИ ДРУГИ ВЕЩИ С ЦЕЛ ДА ГИ ПРЕПРОДАДЕ В ПЪРВОНАЧАЛЕН, ПРЕРАБОТЕН ИЛИ ОБРАБОТЕН ВИД; ПРОДАЖБА НА СТОКИ ОТ СОБСТВЕНО ПРОИЗВОДСТВО; ТЪРГОВСКО ПРЕДСТАВИТЕЛСТВО И ПОСРЕДНИЧЕСТВО; КОМИСИОННИ, СПЕДИЦИОННИ И ПРЕВОЗНИ СДЕЛКИ; СКЛАДОВИ СДЕЛКИ; ЛИЦЕНЗИОННИ СДЕЛКИ; СТОКОВ КОНТРОЛ; СДЕЛКИ С ИНТЕЛЕКТУАЛНА СОБСТВЕНОСТ; ХОТЕЛИЕРСКИ, ТУРИСТИЧЕСКИ, РЕКЛАМНИ, ИНФОРМАЦИОННИ, ПРОГРАМНИ, ИМПРЕСАРСКИ, КОНСУЛТАНТСКИ ИЛИ ДРУГИ УСЛУГИ; ПОКУПКА, СТРОЕЖ ИЛИ ОБЗАВЕЖДАНЕ НА НЕДВИЖИМИ ИМОТИ С ЦЕЛ ПРОДАЖБА; ЛИЗИНГ.",,"{""4. Изписване на чужд език"": ""TRUCK CENTRUM HASKOVO"", ""7. Управители"": ""ВАСФИ АЛПТЕКИН, Държава: ТУРЦИЯ"", ""23. Едноличен собственик на капитала"": ""ВАСФИ АЛПТЕКИН, Държава: ТУРЦИЯ"", ""31. Размер"": ""51.13 €"", ""32. Внесен капитал"": ""51.13 €""}"
205251318,https://portal.registryagency.bg/CR/Reports/ActiveConditionTabResult?uic=205251318,"""ВИВИАН-66"" ЕООД",27.09.2026г.,205251318,,ВИВИАН-66,Еднолично дружество с ограничена отговорност,БЪЛГАРИЯ,"Област: Пазарджик, Община: Велинград","гр. Велинград, п.к. 4600",бул./ул. бул. Съединение № 125,"Производство и търговия на сладкарски изделия. Покупка на стоки или други вещи с цел продажба в първоначален, преработен или обработен вид, производство на всякакъв вид стоки и услуги, дърводобив, дървообработване и дървопласмент, производство на мебели и други изделия, туристическа дейност, ресторантьорство и хотелиерство, туроператорска и комисионна дейност, търговско представителство, строителство, превозваческа и спедиционна дейност, както и всяка друга дейност, незабранена със закон.",,"{""4. Изписване на чужд език"": ""VIVIAN-66 LTD"", ""7. Управители"": ""Катерина Иванова Златинова, Държава: БЪЛГАРИЯ"", ""23. Едноличен собственик на капитала"": ""Катерина Иванова Златинова, Държава: БЪЛГАРИЯ"", ""31. Размер"": ""511.00 €"", ""32. Внесен капитал"": ""511.00 €""}"
205251325,https://portal.registryagency.bg/CR/Reports/ActiveConditionTabResult?uic=205251325,"""Никрис 2018"" ЕООД",27.09.2026г.,205251325,,Никрис 2018,Еднолично дружество с ограничена отговорност,БЪЛГАРИЯ,"Област: Враца, Община: Мездра","с. Игнатица, п.к. 3167",бул./ул. ул. Райко Даскалов № 8,"ТЪРГОВИЯ С ХРАНИТЕЛНИ И НЕХРАНИТЕЛНИ СТОКИ, ПРОЕКТИРАНЕ, ПОКУПКА, СТРОЕЖ, РЕМОНТ И ОБЗАВЕЖДАНЕ НА НЕДВИЖИМИ ИМОТИ И ПРОДАЖБАТА ИМ; ПРОИЗВОДСТВО И ПРОДАЖБА НА СЕЛСКОСТОПАНСКА И ЖИВОТИНСКА ПРОДУКЦИЯ; ПОКУПКА НА СТОКИ ИЛИ ДРУГИ ВЕЩИ С ЦЕЛ ПРОДАЖБАТА ИМ В ПЪРВОНАЧАЛЕН, ОБРАБОТЕН ИЛИ ПРЕРАБОТЕН ВИД, ПРОИЗВОДСТВО И ТЪРГОВИЯ НА ХРАНИ И ХРАНИТЕЛНИ СТОКИ; ПРОДАЖБА НА КАФЕ, БЕЗАЛКОХОЛНИ И АЛКОХОЛНИ НАПИТКИ; ТУРИСТИЧЕСКА, ПРЕВОЗНА, ТАКСИМЕТРОВА, ХОТЕЛИЕРСКА Л РЕСТОРАНТСКА ДЕЙНОСТ И СВЪРЗАНИТЕ С ТЯХ ДЕЙНОСТИ; СКЛАДОВА, РЕКЛАМНА, ЛИЗИНГОВА, СПЕДИЦИОННА, ИНФОРМАЦИОННА, ПРОГРАМНА, ИМПРЕСАРСКА ДЕЙНОСТ ИЛИ ПРЕДОСТАВЯНЕТО НА ДРУГИ УСЛУГИ, БАРТЕРНИ СДЕЛКИ, ТЪРГОВСКО ПРЕДСТАВИТЕЛСТВО И ПОСРЕДНИЧЕСТВО; ВЪТРЕШНОИКОНОМИЧЕСКА И ВЪНШНОИКОНОМИЧЕСКА И ТЪРГОВСКА ДЕЙНОСТ НА ЕДРО И ДРЕБНО В СТРАНАТА И ЧУЖБИНА; ПРЕДСТАВИТЕЛСТВО НА МЕСТНИ И ЧУЖДИ ФИЗИЧЕСКИ И ЮРИДИЧЕСКИ ЛИЦА; И ВСИЧКИ ДРУГИ НЕЗАБРАНЕНИ ОТ ЗАКОНА ДЕЙНОСТИ.",,"{""4. Изписване на чужд език"": ""Nikris 2018"", ""7. Управители"": ""КАМЕЛИЯ ГОШЕВА СИМЕОНОВА, Държава: БЪЛГАРИЯ"", ""23. Едноличен собственик на капитала"": ""КАМЕЛИЯ ГОШЕВА СИМЕОНОВА, Държава: БЪЛГАРИЯ"", ""31. Размер"": ""25.56 €"", ""32. Внесен капитал"": ""25.56 €""}"
103236682,https://portal.registryagency.bg/CR/Reports/ActiveConditionTabResult?uic=103236682,"ЕТ ""АДА - АСЕН АСЕНОВ""",27.09.2026г.,103236682,762/1995 310,АДА - АСЕН АСЕНОВ,Едноличен търговец,БЪЛГАРИЯ,"Област: Варна, Община: Долни чифлик","гр. Долни чифлик, п.к. 9120",бул./ул. УЛ. БИСТРИЦА № 7,"Вътрешно и външно търговска дейност; транспорт на пътници и товари в страната и чужбина ; хотелиерство и ресторантьорство, след лиценз; вътрешен и международен туризъм, след лиценз; търговско представителство и посредничество в страната и чужбина; производство, обработка и реализация на селскостопанска продукция, промишлени и хранителни стоки; производство, сервиз и поддръжка на домакинска и промишлена техника; строително-монтажна и проектантска дейност; битови услуги на гражданите; импресарска и рекламна дейност; търговия с течни горива и петролни продукти.",АСЕН ДИМИТРОВ АСЕНОВ,"{""6а. Основна дейност по НКИД"": ""Група по НКИД: 5050\nКлас по НКИД: ТЪРГОВИЯ НА ДРЕБНО С АВТОМОБИЛИ И СМАЗОЧНИ МАТЕРИАЛИ""}"
204278682,https://portal.registryagency.bg/CR/Reports/ActiveConditionTabResult?uic=204278682,"""БАРТНЕР КОНСУЛТИНГ ЕНД ПАРТНЕРС"" ЕАД",27.09.2026г.,204278682,,БАРТНЕР КОНСУЛТИНГ ЕНД ПАРТНЕРС,Еднолично акционерно дружество,БЪЛГАРИЯ,"Област: София (столица), Община: Столична","гр. София, п.к. 1142","р-н Средец, бул./ул. ""Васил Левски"" № 59, ет. 2, ап. 7","Всякакъв вид фирмено консултиране на местни и чуждестранни дружества във всички сектори; предоставяне на услуги при осъществяване на търговски, технически, професионални дейности, проучвания или изследвания, наемане на оборудвани площи или сходни дейности; предоставяне на услуги, свързани с управлението и организацията на дружеството, обучение на персонала, маркетинг, контрол на управлението, реорганизация и преструктуриране на фирми, придобиване, продажба и сливане на дружества, организиране на изложения, събития, срещи и промоционални инициативи, насочени към развитие на предприятията, както и изготвяне на фирмени планове и стратегии за нови инвестиции; събиране и обработка на данни, собствени и на трети страни, технически контрол на дружества и всяка свързана с това дейност; инсталация, поддръжка и търговия със софтуерни продукти; преводачески услуги, подбор и селекция на персонал, издателска, графична дейност, издаване, преиздаване и продажба на печатни издания, списания и книги; организиране на конференции, промотиране и организиране на обучение в областта на информационните технологии, правото, административната и данъчна материя, търговията; вътрешна и външна търговия, електронна търговия; Дружеството може да извършва движими и недвижими операции и всички дейности, полезни за постигане предмета на дейност; придобиване на интереси, дялове, участие в други дружества, преследващи сходни и аналогични цели, както и всяка друга дейност, незабранена от закона.",,"{""4. Изписване на чужд език"": ""BARTNER CONSULTING & PARTNERS AD"", ""10. Представители"": ""Давид Оливиери, Държава: ИТАЛИЯ"", ""12. Съвет на директорите"": ""АНДРЕА ГУЦО, Държава: ИТАЛИЯ\nДавид Оливиери, Държава: ИТАЛИЯ"", ""23. Едноличен собственик на капитала"": ""Давид Оливиери, Държава: ИТАЛИЯ"", ""31. Размер"": ""25500.00 €"", ""31а. Акции"": ""Акция:\nВид: поименни акции, Брой акции: 50000, Номинална стойност: 0.51 €"", ""32. Внесен капитал"": ""25500.00 €""}"
204278699,https://portal.registryagency.bg/CR/Reports/ActiveConditionTabResult?uic=204278699,"""Тарцса"" ЕООД",27.09.2026г.,204278699,,Тарцса,Еднолично дружество с ограничена отговорност,БЪЛГАРИЯ,"Област: София (столица), Община: Столична","гр. София, п.к. 1000","р-н Средец, бул./ул. ул. 6-ти септември № 1, ет. 1, офис 1","Дружеството има за предмет на дейност рекламни и консултантски услуги,графичен и уеб дизайн, уеб оптимизация, както и всяка друга дейност, незабранена от закона.Дружеството извършва дейностите, за които са въведени ограничения след получаване на необходимото разрешение (лиценз), регистрация и други необходими административни процедури за целта.",,"{""4. Изписване на чужд език"": ""Tarcsa Ltd"", ""7. Управители"": ""Ивайло Атанасов Атанасов, Държава: БЪЛГАРИЯ"", ""23. Едноличен собственик на капитала"": ""Ивайло Атанасов Атанасов, Държава: БЪЛГАРИЯ"", ""31. Размер"": ""5.11 €"", ""32. Внесен капитал"": ""5.11 €""}"
204278700,https://portal.registryagency.bg/CR/Reports/ActiveConditionTabResult?uic=204278700,"""ДАРА-2100"" ЕООД",27.09.2026г.,204278700,,ДАРА-2100,Еднолично дружество с ограничена отговорност,БЪЛГАРИЯ,"Област: София (столица), Община: Столична","гр. София, п.к. 1000","р-н Възраждане, бул./ул. УЛ.ПОЗИТАНО № 144 Телефон: 0885150856","ПОСРЕДНИЧЕСКА ДЕЙНОСТ В СФЕРАТА НА ЗАСТРАХОВАНЕТО; РЕКЛАМНА И МАРКЕТИНГОВА ДЕЙНОСТ НА ДРУЖЕСТВОТО; ОРГАНИЗИРАНЕ И УЧАСТИЕ В МЕЖДУНАРОДНИ ПРОЯВИ; ТЪРГОВСКА; ТРАНСПОРТНА И СПЕДИЦИОННА; ABTO-СЕРВИЗНА ДЕЙНОСТ; ПРОИЗВОДСТВО НА ОБОРУДВАНЕ И СТОКИ; ХОТЕЛИЕРСКА; КОНСУЛТАНТСКА; ПРЕВОДАЧЕСКА; ШИВАШКА ДЕЙНОСТ И УСЛУГИ; ТУРИСТИЧЕСКА; ТУРАГЕНТСКА И ТУРОПЕРАТОРСКА ДЕЙНОСТ; ТЪРГОВСКО ПРЕДСТАВИТЕЛСТВО И ПОСРЕДНИЧЕСТВО; ТЪРГОВИЯ НА ЕДРО И ДРЕБНО С ВСИЧКИ ВИДОВЕ СТОКИ И МАТЕРИАЛ; ТЪРГОВИЯ СЪС СЕЛСКОСТОПАНСКА ПРОДУКЦИЯ; ВНОС, ИЗНОС, РЕЕКСПОРТ, БАРТЕР НА ИЗДЕЛИЯ И СЪОРЪЖЕНИЯ, МАШИНИ И АПАРАТИ ОТ ВСИЧКИ ВИДОВЕ, НОУ- ХАУ, ТЕХНОЛОГИИ; СДЕЛКИ С НЕДВИЖИМИ ИМОТИ И ИНТЕЛЕКТУАЛНА СОБСТВЕНОСТ И ВСИЧКИ ДРУГИ ДЕЙНОСТИ, НЕЗАБРАНЕНИ СЪС ЗАКОН В СТРАНАТА И ЧУЖБИНА.",,"{""4. Изписване на чужд език"": ""DARA-2100 SLTD"", ""7. Управители"": ""АНЕТА КОСТАДИНОВА АНТОВА, Държава: БЪЛГАРИЯ"", ""23. Едноличен собственик на капитала"": ""АНЕТА КОСТАДИНОВА АНТОВА, Държава: БЪЛГАРИЯ"", ""31. Размер"": ""153.39 €"", ""32. Внесен капитал"": ""153.39 €""}"
203993139,https://portal.registryagency.bg/CR/Reports/ActiveConditionTabResult?uic=203993139,"""ГЕПАРД-78"" ЕООД",27.09.2026г.,203993139,,ГЕПАРД-78,Еднолично дружество с ограничена отговорност,БЪЛГАРИЯ,"Област: София (столица), Община: Столична","гр. София, п.к. 1000","р-н Средец, бул./ул. ул. ""Граф Игнатиев"" № 6, ет. 2, ап. 4 Адрес на електронна поща: gepard96@abv.bg","ПОКУПКА НА СТОКИ ИЛИ ДРУГИ ВЕЩИ С ЦЕЛ ПРЕПРОДАЖБА В ПЪРВОНАЧАЛЕН, ПРЕРАБОТЕН ИЛИ ОБРАБОТЕН ВИД, ВЪТРЕШНА И ВЪНШНА ТЪРГОВИЯ, ТЪРГОВСКО ПРЕДСТАВИТЕЛСТВО И ПОСРЕДНИЧЕСТВО НА БЪЛГАРСКИ И ЧУЖДЕСТРАННИ ФИЗИЧЕСКИ И ЮРИДИЧЕСКИ ЛИЦА; ПРОИЗВОДСТВО И ПРОДАЖБА НА СОКОВЕ И СИРОПИ; ПРОДАЖБА НА ЧАЙ, КАФЕ, АЛКОХОЛНИ И БЕЗАЛКОХОЛНИ НАПИТКИ, БИРА, ТЕСТЕНИ И ЗАХАРНИ ИЗДЕЛИЯ, СЛАДОЛЕД, ЯДКИ, ФЪСТЪЦИ, ПУКАНКИ, ЦИГАРИ; ТЪРГОВИЯ С ХРАНИТЕЛНИ И НЕХРАНИТЕЛНИ СТОКИ, ПРОИЗВОДСТВО НА ФИРМАТА И НА ДРУГИ МЕСТНИ И ЧУЖДЕСТРАННИ ЛИЦА И ФИРМИ, ВКЛЮЧИТЕЛНО НА ЕДРО И ДРЕБНО, ПОДВИЖНА И СТАЦИОНАРНА, ВЪТРЕШНА И ВЪНШНА, ОКАЗИОННА, КОМИСИОННА, ФИРМЕНА, НА КОНСИГНАЦИЯ, АНТИКВАРНА, ВНОС, ИЗНОС, РЕЕКСПОРТ, БАРТЕРНИ СДЕЛКИ; ПРЕВОЗ НА ПЪТНИЦИ И ТОВАРИ В СТРАНАТА И ЧУЖБИНА; ТАКСИМЕТРОВ ПРЕВОЗ НА МОТОРНИ ПРЕВОЗНИ СРЕДСТВА И СЕЛСКОСТОПАНСКА ТЕХНИКА; ПОКУПКО - ПРОДАЖБА НА ВСИЧКИ ВИДОВЕ СТОКИ В НАС И ЧУЖБИНА.",,"{""4. Изписване на чужд език"": ""GEPARD-78 LTD"", ""7. Управители"": ""ИВАН ДИМИТРОВ ЙОНКОВ, Държава: БЪЛГАРИЯ\nДЕНИС ВАЛЕНТИНОВ НЕСТОРОВ, Държава: БЪЛГАРИЯ"", ""11. Начин на представляване"": ""по друг начин:\nзаедно или поотделно"", ""23. Едноличен собственик на капитала"": ""ИВАН ДИМИТРОВ ЙОНКОВ, Държава: БЪЛГАРИЯ"", ""31. Размер"": ""511.29 €"", ""32. Внесен капитал"": ""511.29 €""}"
103514602,https://portal.registryagency.bg/CR/Reports/ActiveConditionTabResult?uic=103514602,"ЕТ ""РУСКА ПАНКОВА""",27.09.2026г.,103514602,573/2000 310,РУСКА ПАНКОВА,Едноличен търговец,БЪЛГАРИЯ,"Област: Варна, Община: Варна","гр. Варна, п.к. 9022","р-н Приморски, бул./ул. ул. ХРИСТО КАВАРНАЛИЕВ № 3","ПРОИЗВОДСТВО И ТЪРГОВИЯ НА СТОКИ С ЦЕЛ ПРОДАЖБА, ТРАНСПОРТНИ И СПЕДИТОРСКИ УСЛУГИ, ТЪРГОВИЯ В СТРАНАТА И ЧУЖБИНА, СТРОИТЕЛНА ДЕЙНОСТ, ХОТЕЛИРЕСТВО И РЕСТОРАНТЬОРСТВО СЛЕД ЛИЦЕНЗ, БИТОВИ УСЛУГИ, АВТОРЕМОНТНИ УСЛУГИ, ПОСРЕДНИЧЕСКА ДЕЙНОСТ, РЕКЛАМНА ДЕЙНОСТ, СКЛАДОВА И ЛИЗИНГОВА ДЕЙНОСТ, ТЕЛЕФОНЕН СЕРВИЗ, ТЕЛЕКОМУНИКАЦИОННИ УСЛУГИ, РТ СЕРВИЗ; ПРОИЗВОДСТВО И ТЪРГОВИЯ НА СТОКИ С ЦЕЛ ПРОДАЖБА, ТРАНСПОРТНИ И СПЕДИТОРСКИ УСЛУГИ, ТЪРГОВИЯ В СТРАНАТА И ЧУЖБИНА, СТРОИТЕЛНА ДЕЙНОСТ, ХОТЕЛИЕРСТВО И РЕСТОРАНТЬОРСТВО СЛЕД ЛИЦЕНЗ, БИТОВИ УСЛУГИ, АВТОРЕМОНТНИ УСЛУГИ, ПОСРЕДНИЧЕСКА ДЕЙНОСТ, РЕКЛАМНА ДЕЙНОСТ, СКЛАДОВА И ЛИЗИНГОВА ДЕЙНОСТ, ТЕЛЕФОНЕН СЕРВИЗ, ТЕЛЕКОМУНИКАЦИОННИ УСЛУГИ, РТ СЕРВИЗ.",РУСКА ДИМИТРОВА ПАНКОВА,"{""4. Изписване на чужд език"": ""RUSKA PANKOVA"", ""6а. Основна дейност по НКИД"": ""Група по НКИД: 5242\nКлас по НКИД: ТЪРГОВИЯ НА ДРЕБНО С ОБЛЕКЛО""}"
206146537,https://portal.registryagency.bg/CR/Reports/ActiveConditionTabResult?uic=206146537,"""НИКИНАТ"" ЕООД",27.09.2026г.,206146537,,НИКИНАТ,Еднолично дружество с ограничена отговорност,БЪЛГАРИЯ,"Област: Бургас, Община: Бургас","гр. Бургас, п.к. -","ж.к. Братя Миладинови, бул./ул. - № -, бл. 30, вх. 2, ет. 2, ап. 20 Телефон: -, Факс: -, Адрес на електронна поща: -, Интернет страница: -","производство и търговия с храни и хранителни продукти и стоки в първоначален, преработен и/или обработен вид в стационарни и/или мобилни търговски обекти за бързо хранене или ресторанти; управление и менажиране на търговски обекти за бързо хранене или ресторанти, вериги от търговски обекти и други недвижими имоти в сферата на търговията и ресторантьорството; търговски сделки в дребната промишленост и хранителната индустрия; както и всякаква друга дейност, незабранена от закона.",,"{""4. Изписване на чужд език"": ""\""NIKINAT\"" LTD"", ""5а. Адрес за кореспонденция с НАП на територията на страната"": ""Държава: БЪЛГАРИЯ\nОбласт: Бургас, Община: Бургас\nНаселено място: гр. Бургас, п.к. -\nж.к. Братя Миладинови, бул./ул. - № -, бл. 30, вх. 2, ет. 2, ап. 20"", ""7. Управители"": ""Димитър Стоянов Бъчваров, Държава: БЪЛГАРИЯ"", ""23. Едноличен собственик на капитала"": ""Димитър Стоянов Бъчваров, Държава: БЪЛГАРИЯ"", ""31. Размер"": ""5.11 €"", ""32. Внесен капитал"": ""5.11 €""}"
206146544,https://portal.registryagency.bg/CR/Reports/ActiveConditionTabResult?uic=206146544,"""БИЖИКА 66"" ЕООД",27.09.2026г.,206146544,,БИЖИКА 66,Еднолично дружество с ограничена отговорност,БЪЛГАРИЯ,"Област: Пловдив, Община: Раковски","с. Белозем, п.к. 4130",бул./ул. ул.Райна Княгиня № 6,"Производство, покупка и продажба на хранителни, нехранителни, селскостопански, промишлени и други стоки и вещи, разрешени от закона с цел да се препродадат в първоначален, преработен или обработен вид. Продажба на стоки от собствено производство, разрешени от закона. Ресторантьорство и обществено хранене, хотелиерски, туристически, рекламни, транспортни, информационни, програмни, импресарски и други услуги. Проектиране, строителство, строително–монтажни, строително–ремонтни дейности. Вътрешна и външна търговия на едро и дребно с всякакви стоки и вещи, разрешени от закона. Търговско представителство и посредничество на местни и чуждестранни физически и юридически лица, комисионна, спедиционна, лицензионна и складова дейности, лизингови и превозни сделки, маркетинг, инженерингова дейност, транспорт, реклама, информационна, програмна, хотелиерска, туристическа и външнотърговска дейности, всякакъв вид услуги. Покупка, строеж или обзавеждане на недвижими имоти с цел продажба, посредническа дейност по покупка, продажба или други дейности по разпореждане с недвижими имоти. Менителници, записи на заповед и чекове. Всички дейности, разрешени от закона, като дейностите ще се осъществяват в страната и чужбина.",,"{""4. Изписване на чужд език"": ""BIJIKA 66 ltd"", ""7. Управители"": ""Димитър Минчев Минчев, Държава: БЪЛГАРИЯ"", ""23. Едноличен собственик на капитала"": ""Димитър Минчев Минчев, Държава: БЪЛГАРИЯ"", ""31. Размер"": ""1.02 €"", ""32. Внесен капитал"": ""1.02 €""}"
207442966,https://portal.registryagency.bg/CR/Reports/ActiveConditionTabResult?uic=207442966,"""Бил Кис 66 - земеделски производител"" ЕООД",27.09.2026г.,207442966,,Бил Кис 66 - земеделски производител,Еднолично дружество с ограничена отговорност,БЪЛГАРИЯ,"Област: Смолян, Община: Смолян","гр. Смолян, п.к. 4700","бул./ул. ул. Орфей № 3, вх. А, ет. 2, ап. 4","изкупуване, производство, преработка и търговия със селскостопанска продукция, гъби, билки и горски плодове, търговия на едро и дребно в страната и чужбина с всякакви незабранени от закона стоки, суровини и материали, посредничество, обучение, спедиционни и превозни сделки, туристически услуги, ремонтни услуги, както и всички други видове дейности, незабранени от закона",,"{""4. Изписване на чужд език"": ""Bil Kiss 66 - zemedelski proizvoditel Ltd."", ""7. Управители"": ""ЗАХАРИНКА ЯКИМОВА БИЛЯНОВА, Държава: БЪЛГАРИЯ"", ""23. Едноличен собственик на капитала"": ""ЗАХАРИНКА ЯКИМОВА БИЛЯНОВА, Държава: БЪЛГАРИЯ"", ""31. Размер"": ""51.13 €"", ""32. Внесен капитал"": ""51.13 €""}"
817076996,https://portal.registryagency.bg/CR/Reports/ActiveConditionTabResult?uic=817076996,"ЕТ ""БИЛЯНА-66-ГИНКА СТЕФАНОВА""",27.09.2026г.,817076996,313/1995 420,БИЛЯНА-66-ГИНКА СТЕФАНОВА,Едноличен търговец,БЪЛГАРИЯ,"Област: Габрово, Община: Габрово","гр. Габрово, п.к. 5300",бул./ул. ул. НИКОЛА ВОЙНОВСКИ № 256,"ПОКУПКА НА СТОКИ ИЛИ ДРУГИ ВЕЩИ С ЦЕЛ ПРЕПРОДАЖБА В ПЪРВОНАЧАЛЕН, ПРЕРАБОТЕН ИЛИ ОБРАБОТЕН ВИД. ПРОИЗВОДСТВО НА СТОКИ С ЦЕЛ ПРОДАЖБА. СПЕДИЦИОННА, ТРАНСПОРТНА, СКЛАДОВА ДЕЙНОСТ. ОБЩЕСТВЕНО ХРАНЕНЕ. РЕСТОРАНТЬОРСТВО И ХОТЕЛИЕРСТВО. ВЪТРЕШНА И ВЪНШНА ТЪРГОВИЯ, КАКТО И ДРУГИ СТОПАНСКИ ДЕЙНОСТИ, НЕЗАБРАНЕНИ ОТ ТЗ ЗА ЕТ.",ГИНКА ИВАНОВА СТЕФАНОВА,"{""4. Изписване на чужд език"": ""BILIANA-66-GINKA STEFANOVA"", ""5а. Адрес за кореспонденция с НАП на територията на страната"": ""Държава: БЪЛГАРИЯ\nОбласт: Габрово, Община: Габрово\nНаселено място: гр. Габрово, п.к. 5300\nбул./ул. ул. ЯСЕН № 27, вх. А, ап. 2"", ""6а. Основна дейност по НКИД"": ""Група по НКИД: 4719\nКлас по НКИД: ТЪРГОВИЯ""}"
041068784,https://portal.registryagency.bg/CR/Reports/ActiveConditionTabResult?uic=041068784,"ЕТ ""АЕЛИТА-88 - СВЕТЛЮ АЛЕКСАНДРОВ""",27.09.2026г.,041068784,5216/1990 310,АЕЛИТА-88 - СВЕТЛЮ АЛЕКСАНДРОВ,Едноличен търговец,БЪЛГАРИЯ,"Област: Варна, Община: Варна","гр. Варна, п.к. 9000","р-н Одесос, бул./ул. ул. СТАРА ПЛАНИНА № 7 Телефон: 0887 841119","Таксиметрови услуги- превоз на пътници и товари с МПС в страната и чужбина; търговия на дребно и едро, внос и износ, продажба на топли и студени безалкохолни и алкохолни напитки; ремонт на електронна и радио навигационна апаратура, ремонт на ел.инсталации на МПС, радиотелевизионна и електронна техника; производство, изкупуване и продажба на селскостопанска продукция, тестени, месни, млечни и захарни изделия; оказионни услуги на комисионни начала;",СВЕТЛЮ АЛЕКСАНДРОВ АЛЕКСАНДРОВ,"{""5а. Адрес за кореспонденция с НАП на територията на страната"": ""Държава: БЪЛГАРИЯ\nОбласт: Варна, Община: Варна\nНаселено място: гр. Варна, п.к. 9009\nбул./ул. ул. Свобода № 33, ет. 1, ап. 3""}"
041068791,https://portal.registryagency.bg/CR/Reports/ActiveConditionTabResult?uic=041068791,"ЕТ ""БОДИЕС-66 - БОРИСЛАВ ДИМИТРОВ""",27.09.2026г.,041068791,8637/1991 310,БОДИЕС-66 - БОРИСЛАВ ДИМИТРОВ,Едноличен търговец,БЪЛГАРИЯ,"Област: Варна, Община: Варна",с. Тополи,бул./ул. ул. МАТЕЙ СТОЯНОВ № 16 Телефон: 52 465 977,"Производство на стоки; външнотърговска дейност с внос, износ на всякакъв вид стоки, материали, резервни части, фирмени магазини, сервизи, абонаментно поддържане и ремонт на моторни превозни средства, битова техника, асансьорни уредби, селскостопанска техника; търговия; посредничество и услуги; строителство, транспорт и селскостопанска техника; търговия; посредничество и услуги; строителство, транспорт и таксиметрови услуги с автобуси, лек и тежкотоварен превоз, експлоатация на увеселителни заведения за обществено хранене; хотелиерство, туристическо обслужване в страната и извън нея; събиране, изкупуване и търговия със селскостопанска и животинска продукция в страната и чужбина; покупко-продажба на селскостопански фуражи, инвентар, техника, селскостопански машини, автомобили, камиони и автобуси=",БОРИСЛАВ СТОЯНОВ ДИМИТРОВ,
103187385,https://portal.registryagency.bg/CR/Reports/ActiveConditionTabResult?uic=103187385,"ЕТ ""БОРИСЛАВ КОСТАДИНОВ ДИМОВ - 66""",27.09.2026г.,103187385,806/1990 310,БОРИСЛАВ КОСТАДИНОВ ДИМОВ - 66,Едноличен търговец,БЪЛГАРИЯ,"Област: Варна, Община: Варна","гр. Варна, п.к. 9000","р-н Аспарухово, бул./ул. ул. НАРОДНИ БУДИТЕЛИ бл. 43 ет.9 ап.35 Телефон: 0899/258596",ТРАНСПОРТНИ УСЛУГИ-ПРЕВОЗ НА ПЪТНИЦИ И ТОВАРИ,БОРИСЛАВ КОСТАДИНОВ ДИМОВ,"{""5а. Адрес за кореспонденция с НАП на територията на страната"": ""Държава: БЪЛГАРИЯ\nОбласт: Варна, Община: Варна\nНаселено място: гр. Варна, п.к. 9003\nр-н Аспарухово\nбул./ул. УЛ. МУР № 17, бл. Г, вх. Б, ет. 1, ап. 21""}"
203296962,https://portal.registryagency.bg/CR/Reports/ActiveConditionTabResult?uic=203296962,"""РЕН ГРУП"" ЕООД",27.09.2026г.,203296962,,РЕН ГРУП,Еднолично дружество с ограничена отговорност,БЪЛГАРИЯ,"Област: София, Община: Пирдоп","гр. Пирдоп, п.к. 2070",бул./ул. ул.Цар Освободител № 75А,"Търговия, ресторантьорство, хотелиерство, пране, химическо почистване, внос, износ, производство, маркетинг и проучване, комисионерство, строителство и всички други дейности и услуги, които не са изрично забранени със закон.",,"{""4. Изписване на чужд език"": ""REN GROUP LTD"", ""7. Управители"": ""РАЙНА СТОЙКОВА ПЕТКОВА, Държава: БЪЛГАРИЯ"", ""23. Едноличен собственик на капитала"": ""РАЙНА СТОЙКОВА ПЕТКОВА, Държава: БЪЛГАРИЯ"", ""31. Размер"": ""511.29 €"", ""32. Внесен капитал"": ""511.29 €""}"
203296979,https://portal.registryagency.bg/CR/Reports/ActiveConditionTabResult?uic=203296979,"""Форсол"" ООД",27.09.2026г.,203296979,,Форсол,Дружество с ограничена отговорност,БЪЛГАРИЯ,"Област: Бургас, Община: Бургас","гр. Бургас, п.к. 8000","бул./ул. Съединение № 5, ет. 5 Телефон: 0887364846","Оpгaнизaция нa тoвapo-paзтoвapнa дeйнocт (oбpaбoткa нa кopaби, вaгoни и aвтomoбили), opгaнизaция и пpeвoз нa тoвapи c aвтomoбилeн, жeлeзoпътeн, вoдeн и въздушeн тpaнcпopт, кopaбнo aгeнтиpaнe, cпeдициoннa (вътpeшнa и мeждунapoднa), дърводобив и търговия, cклaдoвa дейност, aгeнтиpaнe, cнaбдявaнe нa кopaби c xpaнитeлни и дpуги пpoдукти, тъpгoвия c цвeтни и чepни meтaли, брокерска, фpaxтoвaнe нa кopaби, пpиcтaнищнa и cтифaдopингoвa дeйнocт, пpoизвoдcтвo и тъpгoвия cъc cтoки и уcлуги, пpeвoзни, peклaмни, кoмиcиoнни cдeлки, мapкeтинг, тъpгoвcкo пpeдcтaвитeлcтвo и посредничество нa физичecки и юpидичecки лицa в cтpaнaтa и чужбинa, cключвaнe и peaлизaция нa външнoтъpгoвcки дoгoвopи и cдeлки, бapтep и peeкcпopт, всякякъв вид сделки и услуги, незабранени със закон.",,"{""4. Изписване на чужд език"": ""Forsol"", ""5а. Адрес за кореспонденция с НАП на територията на страната"": ""Държава: БЪЛГАРИЯ\nОбласт: Бургас, Община: Бургас\nНаселено място: гр. Бургас, п.к. 8000\nбул./ул. Съединение № 5, ет. 5"", ""7. Управители"": ""Ивайло Мариов Петров, Държава: БЪЛГАРИЯ"", ""19. Съдружници"": ""Ивайло Мариов Петров, Държава: БЪЛГАРИЯ, Размер на дяловото участие: 6.00 лв.\nХристо Антонов Свраков, Държава: БЪЛГАРИЯ, Размер на дяловото участие: 3.00 лв."", ""31. Размер"": ""4.60 €"", ""32. Внесен капитал"": ""4.60 €""}"
206371288,https://portal.registryagency.bg/CR/Reports/ActiveConditionTabResult?uic=206371288,"""Борчеви 66"" ООД",27.09.2026г.,206371288,,Борчеви 66,Дружество с ограничена отговорност,БЪЛГАРИЯ,"Област: Перник, Община: Радомир","с. Дрен, п.к. 2430",,"Покупка на стоки и други вещи с цел продажба в първоначален или преработен вид, извършване на външнотърговска дейност, вътрешен и международен транспорт, търговия на едро и на дребно, дистрибуция на стоки, търговско посредничество и представителство, посреднически услуги в областта на транспорта, както и всяка друга търговска дейност, която не е забранена от закон, а когато има регистрационен или разрешителен режим - след извършването на регистрацията, съответно - след получаване на съответното разрешение или лиценз.",,"{""4. Изписване на чужд език"": ""borchevi 66"", ""6а. Основна дейност по НКИД"": ""Група по НКИД: 4711\nКлас по НКИД: Търговия на дребно"", ""7. Управители"": ""ИЗАБЕЛА АНДРЕЕВА БОРЧЕВА, Държава: БЪЛГАРИЯ"", ""19. Съдружници"": ""ВЕЛИЗАР ДИМИТРОВ БОРЧЕВ, Държава: БЪЛГАРИЯ, Размер на дяловото участие: 10.00 лв.\nИЗАБЕЛА АНДРЕЕВА БОРЧЕВА, Държава: БЪЛГАРИЯ, Размер на дяловото участие: 10.00 лв."", ""31. Размер"": ""10.23 €"", ""32. Внесен капитал"": ""10.23 €""}"
205655798,https://portal.registryagency.bg/CR/Reports/ActiveConditionTabResult?uic=205655798,"""ДЕЛУКС СТИЛ"" ЕООД",27.09.2026г.,205655798,,ДЕЛУКС СТИЛ,Еднолично дружество с ограничена отговорност,БЪЛГАРИЯ,"Област: Хасково, Община: Хасково","с. Книжовник, п.к. 6390",бул./ул. Възрожденска № 19,"Покупка на стоки или други вещи с цел продажба в първоначален, преработен или обработен вид в страната и чужбина; Разносна търговия; Продажба на стоки от собствено производство; Производство, изкупуване, преработка и търговия на преработена и непреработена растителна и животинска продукция от всякакъв произход, на мляко и млечни продукти както и продукция от риба и аквакултури – внос и износ; Търговско представителство и посредничество; Комисионни, спедиционни и превозни сделки, складови, лицензионни и лизингови сделки и сделки с интелектуална собственост; Туристически услуги, турагентска и туроператорска дейност в страната и чужбина; Хотелиерски услуги / извън случаите на чл.2 т.3 от ТЗ/; Рекламни, информационни, програмни, импресарски, издателски, печатарски услуги /под формата на предприятие /; Таксиметрова дейност; Покупка, строеж или обзавеждане на недвижими имоти с цел продажба; Проектиране и строителство на жилищни и промишлени сгради и съоръжения; Откриване и експлоатация на магазини, ресторанти, барове, кафе-аперитиви; Козметични и фризьорски услуги; Външно-търговски сделки, изразяващи се в импорт, експорт, реекспорт и бартерни сделки разрешени от закона; Вътрешен и международен транспорт /след надлежно разрешение/; Онлайн търговия; Маркетингова дейност както и всяка друга дейност незабранена от законодателството.",,"{""4. Изписване на чужд език"": ""''DELUXE STYLE\"""", ""7. Управители"": ""БОГДАН ЗАПРЯНОВ ЖЕКОВ, Държава: БЪЛГАРИЯ"", ""23. Едноличен собственик на капитала"": ""БОГДАН ЗАПРЯНОВ ЖЕКОВ, Държава: БЪЛГАРИЯ"", ""31. Размер"": ""511.29 €"", ""32. Внесен капитал"": ""511.29 €""}"
205655809,https://portal.registryagency.bg/CR/Reports/ActiveConditionTabResult?uic=205655809,"""Уайт Клауд Сълюшънс"" ЕООД",27.09.2026г.,205655809,,Уайт Клауд Сълюшънс,Еднолично дружество с ограничена отговорност,БЪЛГАРИЯ,"Област: София (столица), Община: Столична","гр. София, п.к. 1000","р-н Средец, бул./ул. бул. ""Витоша"" № 25, ет. 2","Маркетинг, Разработване на софтуер, IT консултации, създаване и поддръжка на база данни, интернет оптимизации, вътрешна и външна търговия, търговско представителство и посредничество и всякакъв вид търговска дейност, незабранена от закона.",,"{""4. Изписване на чужд език"": ""White Cloud Solutions LTD"", ""7. Управители"": ""Артуро Хендрик Кампанон Брандсма, Държава: НИДЕРЛАНДИЯ"", ""23. Едноличен собственик на капитала"": ""Артуро Хендрик Кампанон Брандсма, Държава: НИДЕРЛАНДИЯ"", ""31. Размер"": ""25.56 €"", ""32. Внесен капитал"": ""25.56 €""}"
205655816,https://portal.registryagency.bg/CR/Reports/ActiveConditionTabResult?uic=205655816,"""СЕКЮЪР САЙД"" ЕООД",27.09.2026г.,205655816,,СЕКЮЪР САЙД,Еднолично дружество с ограничена отговорност,БЪЛГАРИЯ,"Област: Видин, Община: Видин","гр. Видин, п.к. 3700",бул./ул. ул. НЕЗАВИСИМОСТ № 1 Телефон: michelangelo_rosarno@hotmail.com,"КОМПЮТЪРНИ И СОФТУЕРНИ УСЛУГИ, СВЪРЗАНИ С ОПТИМАЛНА ЗАЩИТА НА КИБЕРСИГУРНОСТТА НА ИНФОРМАЦИОНННИТЕ ТЕХНОЛОГИИ, СЪС ПРЕИМУЩЕСТВЕНО ИЗПОЛЗВАНЕ НА ИНФОРМАЦИОННИ ТЕХНОЛОГИИ, СВЪРЗАНИ СЪС ЗАЩИТА НА АЙ ТИ СИСТЕМИ, ПРИЛОЖЕНИЯ И МРЕЖИ И ВСЯКАКВИ ТЕХНОЛОГИИ ОТ ТОЗИ ТИП, РАЗВИТИЕ, МАРКЕТИНГ И ПРОДАЖБА НА ИНОВАТИВНИ ПРОДУКТИ И ТЕХНОЛОГИИ, СВЪРЗАНИ С КИБЕРСИГУРНОСТТА И ИНФОРМАЦИОННИТЕ ТЕХНОЛОГИИ, ПРОДАЖБА И МЕНИДЖМЪНТ НА АЙ ТИ РЕШЕНИЯ, СВЪРЗАНИ С ХАРДУЕРНИ И СОФТУЕРНИ УСЛУГИ, ИЗПОЛЗВАНЕ И РЕАЛИЗАЦИЯ НА ИНОВАТИВНИ ТЕХНОЛОГИИ И РЕШЕНИЯ КАСАЕЩИ КИБЕРСИГУРНОСТТА И ИНФОРМАЦИОННИТЕ ТЕХНОЛОГИИ, КАКТО И ВСЯКАКЪВ ДРУГ ВИД ТЪРГОВСКА ДЕЙНОСТ, КОЯТО НЕ Е ЗАБРАНЕНА СЪС ЗАКОН, КАТО ДЕЙНОСТТА ЩЕ СЕ ОСЪЩЕСТВЯВА В СТРАНАТА И В ЧУЖБИНА.",,"{""4. Изписване на чужд език"": ""SECURE SIDE PTD"", ""7. Управители"": ""КАТЕРИНА ДЕ ЛОРЕНЦО, Държава: ИТАЛИЯ"", ""23. Едноличен собственик на капитала"": ""КАТЕРИНА ДЕ ЛОРЕНЦО, Държава: ИТАЛИЯ"", ""31. Размер"": ""1.02 €"", ""32. Внесен капитал"": ""1.02 €""}"
207737226,https://portal.registryagency.bg/CR/Reports/ActiveConditionTabResult?uic=207737226,"""СЕБО-2008"" ЕООД",27.09.2026г.,207737226,,СЕБО-2008,Еднолично дружество с ограничена отговорност,БЪЛГАРИЯ,"Област: Търговище, Община: Търговище","с. Голямо Соколово, п.к. 7778",бул./ул. ул. ЮРИЙ ГАГАРИН № 24,"Търговия с хранителни и нехранителни стоки на дребно и едро, дейност на ресторанти и заведения за бързо обслужване, търговия на едро и дребно в страната и чужбина, сделки с недвижими имоти, проектиране, строителство /високо, ниско жилищно и промишлено/, ремонт на сгради и съоръжение; търговска дейност (комисионна, лизингова, бартерна и др. разновидности) на едро и дребно с всички разрешени от закона стоки и вещи (хранителни, промишлени, стоки за бита, суровини, нефтопродукти, оборудване за производство и др.) чрез магазини, павилиони, едрови складове и заведения за обществено хранене, внос и износ на стоки, маркетинг, посредничество и представителство на чужди и наши фирми в страната и чужбина, производство и реализация на селскостопански произведения- растителни и животински, в сурово и преработено състояние; производство на хранителни стоки, суровини за тях, безалкохолни и др. напитки; транспортни и превозни услуги на пътници и товари в страната и чужбина; вътрешен и международен туризъм, хотелиерство и ресторантьорство и съответните им спомагателни дейности, бюра за пътувания в страната н чужбина, шивашки услуги и изработване на ишлеме, и всички други дейности, незабранени от закона, когато за извършване на дейност е необходим съответен лиценз, дейността да се счита вписана в предмета на дейност след издаването му.",,"{""4. Изписване на чужд език"": ""SEBO-2008 Ltd"", ""7. Управители"": ""ХАСАН СЕБАЙДИНОВ ХАСАНОВ, Държава: БЪЛГАРИЯ"", ""23. Едноличен собственик на капитала"": ""ХАСАН СЕБАЙДИНОВ ХАСАНОВ, Държава: БЪЛГАРИЯ"", ""31. Размер"": ""51.13 €"", ""32. Внесен капитал"": ""51.13 €""}"
835019438,https://portal.registryagency.bg/CR/Reports/ActiveConditionTabResult?uic=835019438,"ЕТ ""ВАЛЕНТИН ЦОНЕВ - 66""",27.09.2026г.,835019438,124/1993 350,ВАЛЕНТИН ЦОНЕВ - 66,Едноличен търговец,БЪЛГАРИЯ,"Област: Търговище, Община: Попово","гр. Попово, п.к. 7800",бул./ул. ул.Коломенска № 15,"ТЪРГОВСКА ДЕЙНОСТ В ЧУЖБИНА И В СТРАНАТА; ПРОИЗВОДСТВО И РЕАЛИЗАЦИЯ НА СЕЛСКОСТОПАНСКА ПРОДУКЦИЯ-РАСТИТЕЛНА И ЖИВОТИНСКА У НАС И В ЧУЖБИНА; ТАКСИМЕТРОВИ УСЛУГИ, ЛЕК И ТОВАРЕН ПРЕВОЗ НА ХОРА И ТОВАРИ; РЕСТОРАНТЬОРСТВО И ХОТЕЛИЕРСТВО; ШИВАШКИ УСЛУГИ; БАРТЕРНИ СДЕЛКИ У НАС И В ЧУЖБИНА; КОМИСИОННА ТЪРГОВИЯ; ФРИЗЬОРО- КОЗМЕТИЧНИ УСЛУГИ; АВТОМОНТЬОРСКИ УСЛУГИ; СТРОИТЕЛНО-МОНТАЖНИ РАБОТИ; ПОСРЕДНИЧЕСКА ДЕЙНОСТ; РЕЕКСПОРТ; ПОКУПКО-ПРОДАЖБА НА ВАЛУТА.",ВАЛЕНТИН ЦОНЕВ ЦОНЕВ,"{""6а. Основна дейност по НКИД"": ""Група по НКИД: 4932\nКлас по НКИД: ЛЕК ТАКСИМЕТРОВ ПРЕВОЗ""}"
835019452,https://portal.registryagency.bg/CR/Reports/ActiveConditionTabResult?uic=835019452,"ЕТ ""ИВАН ПЕНЧЕВ - ИВИ-93""",27.09.2026г.,835019452,1135/1993 350,ИВАН ПЕНЧЕВ - ИВИ-93,Едноличен търговец,БЪЛГАРИЯ,"Област: Търговище, Община: Попово","гр. Попово, п.к. 7800",бул./ул. ул. ЦАР АСЕН № 30 Телефон: 0887/733181,"ПOKУПKA HA CTOKИ ИЛИ ДPУГИ BEЩИ C ЦEЛ ПPEПPOДAЖБA B ПЪPBOHAЧAЛEH, ПРЕРАБОТЕН ИЛИ OБPAБOTEH BИД, ПРОИЗВОДСТВО НА СТОКИ С ЦЕЛ ПРОДАЖБА; КОМИСИОННА, СПЕДИЦИОННА, СКЛАДОВА ДЕЙНОСТ, ТЪРГОВСКО ПРЕДСТАВИТЕЛСТВО И ПОСРЕДНИЧЕСТВО; ПРЕВОЗНА ДЕЙНОСТ В СТРАНАТА И ЧУЖБИНА; ХОТЕЛИЕРСКА, ТУРИСТИЧЕСКА, РЕКЛАМНА, ИНФОРМАЦИОННА, ПРОГРАМНА, ИМПРЕСАРСКА ДЕЙНОСТИ; ПРЕДОСТАВЯНЕ НА УСЛУГИ НА НАСЕЛЕНИЕТО, ПРОИЗВОДСТВО НА ВИДЕО И ЗВУКОЗАПИСИ; ПОКУПКА, СТРОЕЖ ИЛИ ОБЗАВЕЖДАНЕ НА НЕДВИЖИМИ ИМОТИ С ЦЕЛ ПРОДАЖБА; РАЗКРИВАНЕ НА ЗАВЕДЕНИЯ ЗА ОБЩЕСТВЕНО ХРАНЕНЕ И С РАЗВЛЕКАТЕЛЕН ХАРАКТЕР, ВНОС И ИЗНОС, БАРТЕРНИ СДЕЛКИ.",ИВАН ПЕНЧЕВ РАЙЧЕВ,
201645949,https://portal.registryagency.bg/CR/Reports/ActiveConditionTabResult?uic=201645949,"ЕТ ""БЕБА - 86 - ЙОРДАН КУЦАРОВ""",27.09.2026г.,201645949,,БЕБА - 86 - ЙОРДАН КУЦАРОВ,Едноличен търговец,БЪЛГАРИЯ,"Област: Бургас, Община: Сунгурларе","с. Подвис, п.к. 8450",бул./ул. ул. Иван Вазов № 2,"ДЪРВОДОБИВ, ВКЛЮЧИТЕЛНО СЕЧ И ИЗВОЗ НА ДЪРВЕН МАТЕРИАЛ И СДЕЛКИ С ДЪРВЕН МАТЕРИАЛ, ПОКУПКА НА СТОКИ ИЛИ ДРУГИ ВЕЩИ С ЦЕЛ ПРЕПРОДАЖБА В ПЪРВОНАЧАЛЕН, ПРЕРАБОТЕН ИЛИ ОБРАБОТЕН ВИД, ПРОДАЖБА НА СТОКИ ОТ СОБСТВЕНО ПРОИЗВОДСТВО, ТЪРГОВСКО ПРЕДСТАВИТЕЛСТВО И ПОСРЕДНИЧЕСТВО, КОМИСИОННИ, СПЕДИЦИОННИ И ПРЕВОЗНИ СДЕЛКИ, СКЛАДОВИ СДЕЛКИ, ХОТЕЛИЕРСКИ, ТУРИСТИЧЕСКИ, РЕКЛАМНИ, ИНФОРМАЦИОННИ, ПРОГРАМНИ, ИМПРЕСАРСКИ ИЛИ ДРУГИ УСЛУГИ, ПОКУПКА, СТРОЕЖ ИЛИ ОБЗАВЕЖДАНЕ НА НЕДВИЖИМИ ИМОТИ С ЦЕЛ ПРОДАЖБА.",ЙОРДАН ГОСПОДИНОВ КУЦАРОВ,
207518638,https://portal.registryagency.bg/CR/Reports/ActiveConditionTabResult?uic=207518638,"""Клесия"" ЕООД",27.09.2026г.,207518638,,Клесия,Еднолично дружество с ограничена отговорност,БЪЛГАРИЯ,"Област: София (столица), Община: Столична","гр. София, п.к. 1202","р-н Оборище, бул./ул. ул. ""Г. С. Раковски"" № 42А, ет. партер Адрес на електронна поща: clesia@gestbg.com","Маркетингови услуги; разработка на уебсайтове; уеб дизайн; уеб графики; пазарни проучвания; кол център; организиране на събития, събрания, панаири и изложби включително управление на съоръжения; производство и търговия на щамповано облекло и джаджи; продажба на строително оборудване, включително скелета и материали за строителни работи; всяка друга незабранена от закона дейност и при спазване на съответните разрешителни/лицензионни режими",,"{""4. Изписване на чужд език"": ""\""Clesia\"" Ltd"", ""7. Управители"": ""СТЕФАН МАГДАЛЕНОВ РАДКОВ, Държава: БЪЛГАРИЯ"", ""23. Едноличен собственик на капитала"": ""СТЕФАН МАГДАЛЕНОВ РАДКОВ, Държава: БЪЛГАРИЯ"", ""31. Размер"": ""511.29 €"", ""32. Внесен капитал"": ""511.29 €""}"
207518645,https://portal.registryagency.bg/CR/Reports/ActiveConditionTabResult?uic=207518645,"ЕТ ""БЮТИ СТУДИО - СИБЕЛ БЕКИР""",27.09.2026г.,207518645,,БЮТИ СТУДИО - СИБЕЛ БЕКИР,Едноличен търговец,БЪЛГАРИЯ,"Област: Хасково, Община: Хасково","гр. Хасково, п.к. 6300","бул./ул. Симеон Стоянов № 3, вх. Г, ап. 79","Покупка на стоки или други вещи с цел да ги препродаде в първоначален, преработен или обработен вид; Продажба на стоки собствено производство; Търговско представителство и посредничество; Комисионни, спедиционни и превозни сделки; Хотелски, туристически, рекламни, консултантски, информационни, програмни и други услуги.",Сибел Юсние Бекир,"{""6а. Основна дейност по НКИД"": ""Група по НКИД: 9622\nКлас по НКИД: Козметични услуги""}"
207518652,https://portal.registryagency.bg/CR/Reports/ActiveConditionTabResult?uic=207518652,"""ПАКО ТРЕЙД"" ЕООД",27.09.2026г.,207518652,,ПАКО ТРЕЙД,Еднолично дружество с ограничена отговорност,БЪЛГАРИЯ,"Област: Велико Търново, Община: Полски Тръмбеш","гр. Полски Тръмбеш, п.к. 5180",бул./ул. Марица № 6,"Вътрешен и международен транспорт; покупко – продажба на недвижими имоти и други сделки с недвижими имоти и интелектуална собственост; строителство и проектиране; маркетинг и инженеринг; управление на дружества; финансово–счетоводни, административни и консултантски услуги; търговско представителство, посредничество и агентство на местни и чуждестранни физически и юридически лица; сдружение и съвместни програми с международни и български организации и институции; издателска, рекламна и импресарска дейност; производство и търговия с хранителни и нехранителни стоки, машини, съоръжения, резервни части, автомобили; външно-търговска дейност; електронни и механични игри; упражняване на хазартна дейност, след получаване на необходимия за това лиценз; хотелиерство, ресторантьорство и туроператорска дейност; и всякакви други дейности и услуги незабранени от закона.",,"{""7. Управители"": ""ПЛАМЕН ИВАНОВ ПЕТКОВ, Държава: БЪЛГАРИЯ"", ""23. Едноличен собственик на капитала"": ""ПЛАМЕН ИВАНОВ ПЕТКОВ, Държава: БЪЛГАРИЯ"", ""31. Размер"": ""25.56 €"", ""32. Внесен капитал"": ""25.56 €""}"
203794817,https://portal.registryagency.bg/CR/Reports/ActiveConditionTabResult?uic=203794817,"""БЕКОФИС"" ЕООД",27.09.2026г.,203794817,,БЕКОФИС,Еднолично дружество с ограничена отговорност,БЪЛГАРИЯ,"Област: София (столица), Община: Столична","гр. София, п.к. 1000","р-н Средец, бул./ул. ул. Христо Белчев № 28, вх. Б, ет. 1, ап. 2","Консултантски услуги, търговско представителство и посредничество, комисионни, спедиционни и превозни сделки, складови сделки, туристически, рекламни, информационни, програмни, импресарски и други услуги, покупка, строеж или обзавеждане на недвижими имоти с цел продажба и/или наем, лизинг.",,"{""7. Управители"": ""МАРКО БЕНДА, Държава: СЛОВЕНИЯ"", ""23. Едноличен собственик на капитала"": ""МАРКО БЕНДА, Държава: СЛОВЕНИЯ"", ""31. Размер"": ""1.02 €"", ""32. Внесен капитал"": ""1.02 €""}"
203794824,https://portal.registryagency.bg/CR/Reports/ActiveConditionTabResult?uic=203794824,"""Ваня Спасова 66"" ЕООД",27.09.2026г.,203794824,,Ваня Спасова 66,Еднолично дружество с ограничена отговорност,БЪЛГАРИЯ,"Област: Пазарджик, Община: Пазарджик","гр. Пазарджик, п.к. 4400",бул./ул. Ропотамо № 8,"Откриване на обекти за бързо хранене, ресторантьорска дейност,търговия на дребно със захарни изделия, кафе, цигари и с всякакъв вид стоки, туристически услуги, производство на стоки с цел продажба в първоначален, преработен и всякакъв друг вид, консултантски услуги, комисионна и складова дейност, търговско представителство и посредничество, всякаква друга търговска дейност незабранена от Българското и Европейското Законодателство",,"{""4. Изписване на чужд език"": ""Vania Spasova 66"", ""5а. Адрес за кореспонденция с НАП на територията на страната"": ""Държава: БЪЛГАРИЯ\nОбласт: Пазарджик, Община: Пазарджик\nНаселено място: гр. Пазарджик, п.к. 4400\nбул./ул. Ропотамо № 8"", ""7. Управители"": ""Николай Мильов Савов, Държава: БЪЛГАРИЯ"", ""23. Едноличен собственик на капитала"": ""НИКОЛАЙ МИЛЬОВ САВОВ, Държава: БЪЛГАРИЯ"", ""31. Размер"": ""5.11 €"", ""32. Внесен капитал"": ""5.11 €""}"
200047297,https://portal.registryagency.bg/CR/Reports/ActiveConditionTabResult?uic=200047297,"""АСТРА КАР 2007"" ЕООД",27.09.2026г.,200047297,,АСТРА КАР 2007,Еднолично дружество с ограничена отговорност,БЪЛГАРИЯ,"Област: Варна, Община: Варна","гр. Варна, п.к. 9023","р-н Владислав Варненчик, ж.к. ВЛ. ВАРНЕНЧИК, бл. 227, вх. 7, ап. 229","търговия с леки и товарни автомобили;внос и продажба на авточасти; производствена, строителна, сервизна, търговска, транспортна и външнотърговска дейност; услуги на населението; монтаж на автоматични газови уредби, газифициране на недвижими имоти с природна и битова газ; производство и монтаж на алуминиева дограма; производство и търговия на селскостопански стоки; почистване на семена; извършване на посредническа дейност по информиране и наемане на работа в страната и чужбина /след снабдяване с лиценз/; туроператорска и турагентска дейност /след снабдяване с лиценз/; международен и вътрешен транспорт; изработване на бижутерийни и ювелирни изделия, сувенири, пластики, преработка и ремонт на бижутерийни и ювелирни изделия от благородни метали; извършване външнотърговски сделки с благородни метали и скъпоценни камъни; изкупуване на златни, сребърни и платинени изделия и скъпоценни камъни; продажба на изделия от злато, сребро и платина и на скъпоценни камъни от местно производство и от внос- след разрешение от МФ; продажба на стоки от собствено производство; покупка на стоки или други вещи, с цел да ги препродаде в първоначален, преработен или обработен вид; производство, преработка и търговия със селскостопанска продукция; търговско представителство и посредничество; комисионни, спедиционни и превозни сделки; изготвяне на експертни оценки; складови сделки; стоков контрол; всякакви други дейности, незабранени със закон.",,"{""6а. Основна дейност по НКИД"": ""Група по НКИД: 4511\nКлас по НКИД: ТЪРГОВИЯ С ЛЕКИ И ЛЕКОТОВАРНИ АВТОМОБИЛИ ДО 3,5 Т"", ""7. Управители"": ""ДЕЯН ГЕОРГИЕВ КОВАЧЕВ"", ""23. Едноличен собственик на капитала"": ""Деян Георгиев Ковачев, Държава: БЪЛГАРИЯ"", ""31. Размер"": ""2556.46 €"", ""32. Внесен капитал"": ""1789.52 €""}"
200047308,https://portal.registryagency.bg/CR/Reports/ActiveConditionTabResult?uic=200047308,"ЕТ ""ДАНИЕЛА-МИЛКА ДОБРЕВА""",27.09.2026г.,200047308,,ДАНИЕЛА-МИЛКА ДОБРЕВА,Едноличен търговец,БЪЛГАРИЯ,"Област: Силистра, Община: Ситово","с. Гарван, п.к. 7589",бул./ул. УЛ.ДВАДЕСЕТ И ОСМА № 10 Телефон: 895 785 884,"ПРОИЗВОДСТВО И ТЪРГОВИЯ С ХРАНИТЕЛНИ, ПРОМИШЛЕНИ , СЕЛСКОСТОПАНСКИ СТОКИ, ЦИГАРИ , СПИРТНИ НАПИТКА , ТРАНСПРОТНИ УСЛУГИ, РЕСТОРАНТЬОРСТВО, ХОТЕЛИЕРСТВО , ТУРИЗЪМ, ВЪНШНО-ТЪРГОВСКА ДЕЙНОСТ , И ВСИЧКИ ДЕЙНОСТИ , НЕЗАБРАНЕНИ ОТ ЗАКОНА .",МИЛКА ИВАНОВА ДОБРЕВА,"{""4. Изписване на чужд език"": ""DANIELA-MILKA DOBREVA"", ""6а. Основна дейност по НКИД"": ""Група по НКИД:\nКлас по НКИД: ТЪРГОВИЯ""}"
200047315,https://portal.registryagency.bg/CR/Reports/ActiveConditionTabResult?uic=200047315,"ЕТ ""КРАСИ КРЪСТЕВ""",27.09.2026г.,200047315,,КРАСИ КРЪСТЕВ,Едноличен търговец,БЪЛГАРИЯ,"Област: Благоевград, Община: Благоевград","гр. Благоевград, п.к. 2700","ж.к. АЛЕН МАК №10, вх. Б, ет. 6, ап. 12","ТАКСИМЕТРОВИ УСЛУГИ, ПОКУПКА НА СТОКИ ИЛИ ДРУГИ ВЕЩИ С ЦЕЛ ДА ГИ ПРЕПРОДАДЕ В ПЪРВОНАЧАЛЕН ВИД: ПРОДАЖБА НА СТОКИ ОТ СОБСТВЕНО ПРОИЗВОДСТВО ; ТЪРГОВСКО ПРЕДСТАВИТЕЛСТВО И ПОСРЕДНИЧЕСТВО ; КОМИСИОННИ, СПЕДИЦИОННИ И ПРЕВОЗНИ СДЕЛКИ; ОТДАВАНЕ НА АВТОМОБИЛИ ПОД НАЕМ;",КРАСИМИР МИХАЙЛОВ КРЪСТЕВ,"{""4. Изписване на чужд език"": ""KRASI KRASTEV"", ""6а. Основна дейност по НКИД"": ""Група по НКИД:\nКлас по НКИД: УСЛУГИ ПО ТАКСИМЕТРОВ ПРЕВОЗ НА ПЪТНИЦИ""}"
130071292,https://portal.registryagency.bg/CR/Reports/ActiveConditionTabResult?uic=130071292,"""ВЕК 66"" ЕООД",27.09.2026г.,130071292,10684/1999 110,ВЕК 66,Еднолично дружество с ограничена отговорност,БЪЛГАРИЯ,"Област: София (столица), Община: Столична","гр. София, п.к. 1784","р-н Младост, ж.к. МЛАДОСТ 1, бл. 1Б, ет. 20, ателие 5","ИЗРАБОТКА НА ЗЛАТНИ ИЗДЕЛИЯ С МАТЕРИАЛ НА КЛИЕНТА /ИШЛЕМЕ/, ПРЕРАБОТКА И ПОПРАВКА НА ЗЛАТНИ ИЗДЕЛИЯ, ИЗРАБОТКА, ПРЕРАБОТКА И ПОПРАВКА НА СРЕБЪРНИ ИЗДЕЛИЯ, ВЪТРЕШНА И ВЪНШНА ТЪРГОВИЯ, КАКТО И ВСЯКАКВА ДРУГА ДЕЙНОСТ, НЕЗАБРАНЕНА ОТ ЗАКОНА.",,"{""7. Управители"": ""АЛЕКСАНДЪР ИВАНОВ ПЕНЕВ, Държава: БЪЛГАРИЯ"", ""23. Едноличен собственик на капитала"": ""АЛЕКСАНДЪР ИВАНОВ ПЕНЕВ, Държава: БЪЛГАРИЯ"", ""31. Размер"": ""2556.46 €"", ""32. Внесен капитал"": ""2556.46 €""}"
201910066,https://portal.registryagency.bg/CR/Reports/ActiveConditionTabResult?uic=201910066,"""ВИП БРОКЕРС ГРУП"" ООД",27.09.2026г.,201910066,,ВИП БРОКЕРС ГРУП,Дружество с ограничена отговорност,БЪЛГАРИЯ,"Област: София (столица), Община: Столична","гр. София, п.к. 1680","р-н Красно село, ж.к. КРАСНО СЕЛО, бл. 192, вх. Б, ет. 3, ап. 55 Телефон: 0887/617317, Адрес на електронна поща: ocetarov@mail.bg","ЗАСТРАХОВАТЕЛНО БРОКЕРСТВО И КОНСУЛТАЦИИ В ОБЛАСТТА НА ЗАСТРАХОВАНЕТО, АКТЮЕРСТВО И ВСЯКАКВИ ДРУГИ ДЕЙНОСТИ, НЕЗАБРАНЕНИ СЪС ЗАКОН. ЗА ДЕЙНОСТИ, ЗА КОИТО СЕ ИЗИСКВА РАЗРЕШЕНИЕ ИЛИ ЛИЦЕНЗ, ДРУЖЕСТВОТО ЩЕ ОСЪЩЕСТВЯВА СЛЕД СНАБДЯВАНЕТО МУ СЪС СЪОТВЕТНОТО РАЗРЕШЕНИЕ/ЛИЦЕНЗ.",,"{""4. Изписване на чужд език"": ""VIP BROKERS GRUP OOD"", ""7. Управители"": ""ГЕОРГИ ВАСИЛЕВ ОЦЕТАРОВ, Държава: БЪЛГАРИЯ"", ""19. Съдружници"": ""ГЕОРГИ ВАСИЛЕВ ОЦЕТАРОВ, Държава: БЪЛГАРИЯ, Размер на дяловото участие: 17500.00 лв."", ""31. Размер"": ""17895.22 €"", ""32. Внесен капитал"": ""17895.22 €""}"
202665328,https://portal.registryagency.bg/CR/Reports/ActiveConditionTabResult?uic=202665328,"""ГЕО Трейдинг - София"" ЕООД",27.09.2026г.,202665328,,ГЕО Трейдинг - София,Еднолично дружество с ограничена отговорност,БЪЛГАРИЯ,"Област: София (столица), Община: Столична","гр. София, п.к. 1309","р-н Илинден, ж.к. ""Света Троица”, бл. 362, вх. Б, ап. 29 Телефон: 0878 86 70 78","Външно- и вътрешно-търговска дейност; покупко-продажба на стоки или други вещи с цел препродажба в първоначален, преработен или обработен вид; продажба на стоки от собствено производство; търговско представителство и посредничество; комисионни, спедиционни, превозни, складови и лицензионни сделки; хотелиерски, туристически, рекламни, информационни, програмни и други услуги; и всяка друга дейност незабранени от закона.",,"{""4. Изписване на чужд език"": ""„GEO Trading - Sofia“ EGmbH"", ""7. Управители"": ""ДАНИЕЛ ЛИОН ЩЕФЕНС, Държава: ГЕРМАНИЯ"", ""23. Едноличен собственик на капитала"": ""ДАНИЕЛ ЛИОН ЩЕФЕНС, Държава: ГЕРМАНИЯ"", ""31. Размер"": ""2556.46 €"", ""32. Внесен капитал"": ""2556.46 €""}"
207112267,https://portal.registryagency.bg/CR/Reports/ActiveConditionTabResult?uic=207112267,"""ФУТУРА СЪРВИСЕС"" ЕООД",27.09.2026г.,207112267,,ФУТУРА СЪРВИСЕС,Еднолично дружество с ограничена отговорност,БЪЛГАРИЯ,"Област: Благоевград, Община: Петрич","гр. Петрич, п.к. 2850",бул./ул. Дунав № 17,"покупка на стоки или други вещи с цел да се препродаде в първоначален, преработен или обработен вид; продажба на стоки от собствено производство; търговско представителство и посредничество; комисионни, спедиции и превозни сделки в страната и чужбина със собствен или друг превоз; отдаване на автомобили,мотоциклети под наем; складови сделки; лицензионни сделки; стоков контрол; сделки с интелектуална собственост; хотелиерски, туристически, рекламни, информационни, компютърни, импресарски, строително-монтажни работи, шивашки и др. услуги; строеж или обзавеждане на недвижими имоти с цел продажба; лизинг; производство и търговия на строителството изделия; и други дейности, незабранени от закона.",,"{""4. Изписване на чужд език"": ""FUTURA SERVICES SRL"", ""7. Управители"": ""БЕНИТО ЛАНАРИ, Държава: ИТАЛИЯ"", ""23. Едноличен собственик на капитала"": ""БЕНИТО ЛАНАРИ, Държава: ИТАЛИЯ"", ""31. Размер"": ""1.02 €"", ""32. Внесен капитал"": ""1.02 €""}"
207112274,https://portal.registryagency.bg/CR/Reports/ActiveConditionTabResult?uic=207112274,"""АНДЕЙЛ"" ЕООД",27.09.2026г.,207112274,,АНДЕЙЛ,Еднолично дружество с ограничена отговорност,БЪЛГАРИЯ,"Област: Силистра, Община: Дулово","с. Чернолик, п.к. 7693",бул./ул. Йордан Йовков № 2 Телефон: 0890422487,"Производство и покупка на стоки или други вещи с цел продажба. Разкриване на търговски обекти. Търговия на едро и дребно, покупка и продажба, вътрешно и външно търговска дейност - внос или износ на стоки, дистрибуция на стоки, ресторант за бързо хранене, заведения за обществено хранене, ресторантьорство и хотелиерство, кетъринг, производство, изкупуване, преработка, съхранение и реализация на хранителни и промишлени стоки и предмети за бита. Вътрешна и външнотърговска дейност. Търговско представителство и посредничество, комисионерство с недвижими имоти. Дружеството може да извършва и всякакви други дейности, разрешени от българското законодателство при съобразяване и спазване на всякакви лицензионни, регистрационни или други изисквания.",,"{""4. Изписване на чужд език"": ""ANDEIL EOOD"", ""7. Управители"": ""АНЪЛ САЛИМ НЕДЖМИ, Държава: БЪЛГАРИЯ"", ""23. Едноличен собственик на капитала"": ""АНЪЛ САЛИМ НЕДЖМИ, Държава: БЪЛГАРИЯ"", ""31. Размер"": ""51.13 €"", ""32. Внесен капитал"": ""51.13 €""}"
130873050,https://portal.registryagency.bg/CR/Reports/ActiveConditionTabResult?uic=130873050,"ЕТ ""ЯНКИ - ЯНКА ПАВЛОВА""",27.09.2026г.,130873050,2408/2002 110,ЯНКИ - ЯНКА ПАВЛОВА,Едноличен търговец,БЪЛГАРИЯ,"Област: София (столица), Община: Столична","гр. София, п.к. 1756","р-н Студентски, ж.к. ДЪРВЕНИЦА, бл. 38, вх. Б, ет. 1, ап. 34 Телефон: 8772414","ТЪРГОВИЯ В СТРАНАТА И ЧУЖБИНА НА ЕДРО И ДРЕБНО, ТРАНСПОРТНА И СПЕДИТОРСКА ДЕЙНОСТ, РЕСТОРАНТЬОРСТВО, КАФЕТЕРИЯ, УСЛУГИ СВЪРЗАНИ С ТЪРГОВСКАТА ДЕЙНОСТ, РЕКЛАМНА ДЕЙНОСТ, ПРЕДСТАВИТЕЛСТВО В СТРАНАТА И ЧУЖБИНА НА ЮРИДИЧЕСКИ И ФИЗИЧЕСКИ ЛИЦА, КАКТО И ВСЯКАКВА ДРУГА ДЕЙНОСТ, НЕЗАБРАНЕНА СЪС ЗАКОН",ЯНКА ПАВЛОВА ДИМИТРОВА,"{""6а. Основна дейност по НКИД"": ""Група по НКИД: 1071\nКлас по НКИД: ПРОИЗВОДСТВО НА ХЛЯБ И ХЛЕБНИ ИЗДЕЛИЯ""}"
200345347,https://portal.registryagency.bg/CR/Reports/ActiveConditionTabResult?uic=200345347,"ЕТ ""ВИЛИ 66 - НИНА КОСТАДИНОВА""",27.09.2026г.,200345347,,ВИЛИ 66 - НИНА КОСТАДИНОВА,Едноличен търговец,БЪЛГАРИЯ,"Област: Пловдив, Община: Марица","с. Рогош, п.к. 4140","бул./ул. ул. ""НИКОЛА Д. ПЕТКОВ"" № 55","ВЪТРЕШНА И ВЪНШНА ТЪРГОВИЯ С ВСЯКАКЪВ ВИД СТОКИ РАЗРЕШЕНИ ОТ ЗАКОНА, ТЪРГОВИЯ НА ЕДРО И ДРЕБНО; ПОКУПКА НА СТОКИ И ВЕЩИ ЗА ПРЕПРОДАЖБА В ПЪРВОНАЧАЛЕН, ПРЕРАБОТЕН И ОБРАБОТЕН ВИД; ПРОИЗВОДСТВО И ТЪРГОВИЯ НА ХРАНИТЕЛНИ, НЕХРАНИТЕЛНИ СТОКИ, ПРОМИШЛЕНИ СТОКИ ЗА ПРОДАЖБА В Т.Ч. ТЕКСТИЛНИ СТОКИ; ХОТЕЛИЕРСТВО, РЕСТОРАНТЬОРСТВО, ТУРИСТИЧЕСКИ, РЕКЛАМНИ, ИНФОРМАЦИОННИ И ПРОГРАМНИ УСЛУГИ; ИМПОРТ, ЕКСПОРТ, РЕЕКСПОРТ И СДЕЛКИ НА БАРТЕРНА ОСНОВА СЪС СТОКИТЕ И УСЛУГИТЕ ПО ЦЕЛИЯТ ПРЕДМЕТ НА ДЕЙНОСТ.",НИНА КОСТАДИНОВА КОСТАДИНОВА,
200345354,https://portal.registryagency.bg/CR/Reports/ActiveConditionTabResult?uic=200345354,"""ГАММА БОМАР"" ЕООД",27.09.2026г.,200345354,,ГАММА БОМАР,Еднолично дружество с ограничена отговорност,БЪЛГАРИЯ,"Област: Бургас, Община: Бургас","гр. Бургас, п.к. 8001","ж.к. БРАТЯ МИЛАДИНОВИ, бл. 57, вх. 3, ет. 1, ап. 4","ПРОВЕЖДАНЕ НА ЧУЖДОЕЗИКОВО ОБУЧЕНИЕ, ПРОВЕЖДАНЕ НА ИЗПИТИ ЗА ЗАВЪРШЕНО НИВО НА ЕЗИКОВО ОБУЧЕНИЕ, ИЗДАВАНЕ НА СЕРТИФИКАТИ ЗА СТЕПЕН НА ЕЗИКОВА ПОДГОТОВКА, ОРГАНИЗИРАНЕ НА ДРУГ ВИД ОБУЧЕНИЕ, ПРЕПОДАВАТЕЛСКА ДЕЙНОСТ ПО РАЗЛИЧНИ ДИСЦИПЛИНИ, ПЕДАГОГИЧЕСКИ УСЛУГИ, КВАЛИФИКАЦИОННИ КУРСОВЕ И СЕМИНАРИ И ИЗДАВАНЕ НА СЕРТИФИКАТИ, ОБУЧЕНИЕ ПО МЕНИДЖМЪНТ И ИНФОРМАЦИОННИ ТЕХНОЛОГИИ, РАЗРАБОТВАНЕ НА МЕТОДИКИ НА ОБУЧЕНИЕ, СЪОБРАЗЕНИ С ДЪРЖАВНИТЕ ИЗИСКВАНИЯ И ЕВРОПЕЙСКИТЕ СТАНДАРТИ, ПРЕВОДИ ОТ БЪЛГАРСКИ ЕЗИК НА ЧУЖДИ ЕЗИЦИ И ОТ ЧУЖДИ ЕЗИЦИ НА БЪЛГАРСКИ ЕЗИК /ПРЕВОДАЧЕСКА ДЕЙНОСТ/, СЪЗДАВАНЕ НА ДЕТСКИ ЗАНИМАТЕЛНИ ЦЕНТРОВЕ, ОРГАНИЗИРАНЕ НА ДЕТСКИ ТЪРЖЕСТВА, ИЗДАТЕЛСКА ДЕЙНОСТ, ХОТЕЛИЕРСКИ, ТУРИСТИЧЕСКИ И ТУРОПЕРАТОРСКИ, РЕКЛАМНИ, ИНФОРМАЦИОННИ, ПРОГРАМНИ И ИМПРЕСАРСКИ УСЛУГИ, ВЕТЕРИНАРНИ УСЛУГИ И ДЕЙНОСТИ, СЧЕТОВОДНИ УСЛУГИ, КОНСУЛТАНТСКА ДЕЙНОСТ, СДЕЛКИ С ИНТЕЛЕКТУАЛНА СОБСТВЕНОСТ, ЛИЗИНГ, ПОКУПКА, СТРОЕЖ И ОБЗАВЕЖДАНЕ НА НЕДВИЖИМИ ИМОТИ С ЦЕЛ ПРОДАЖБА, ОТДАВАНЕ ПОД НАЕМ И УПРАВЛЕНИЕ, TЪPГOBCKO ПPEДCTABИTEЛCTBO И ПOCPEДHИЧECTBO, СКЛАДОВИ СДЕЛКИ, ВЪТРЕШНА И ВЪНШНА ТЪРГОВИЯ, ПOKУПKA HA CTOKИ ИЛИ ДPУГИ BEЩИ C ЦEЛ ПРЕПРOДAЖБA B ПЪPBOHAЧAЛEH, ПPEPAБOTEH ИЛИ OБPAБOTEH BИД, ПРОДАЖБА НА БИЛЕТИ, ПPOДAЖБA HA CTOKИ OT COБCTBEHO ПPOИЗBOДCTBO, KOMИCИOHHИ СДЕЛКИ, CПEДИЦИOHHИ И ПPEBOЗHИ CДEЛKИ, В ТОВА ЧИСЛО МЕЖДУНАРОДЕН ТРАНСПОРТ, ПОСРЕДНИЧЕСКА ДЕЙНОСТ ПО НАЕМАНЕ НА РАБОТА НА ЛИЦА В СТРАНАТА И ЧУЖБИНА, КАКТО И ВСЯКА ДРУГА ДЕЙНОСТ, НЕЗАБРАНЕНА ОТ ЗАКОНА, ПРИ СПАЗВАНЕ НА СЪОТВЕТНИТЕ РАЗРЕШИТЕЛНИ И ЛИЦЕНЗИОННИ РЕЖИМИ.",,"{""4. Изписване на чужд език"": ""GAMMA BOMAR"", ""7. Управители"": ""МАРИЯ ТОДОРОВА КОСТАДИНОВА"", ""23. Едноличен собственик на капитала"": ""МАРИЯ ТОДОРОВА КОСТАДИНОВА"", ""31. Размер"": ""2556.46 €"", ""32. Внесен капитал"": ""2556.46 €""}"
207866662,https://portal.registryagency.bg/CR/Reports/ActiveConditionTabResult?uic=207866662,"""Храст Промет"" ЕООД",27.09.2026г.,207866662,,Храст Промет,Еднолично дружество с ограничена отговорност,БЪЛГАРИЯ,"Област: София, Община: Ботевград","с. Гурково, п.к. 2145","бул./ул. ул.""Рударка"" № 20 Адрес на електронна поща: adv.velchev@gmail.com","Търговска дейност; производство, покупка и продажба на всякакви стоки и материали в първоначален, преработен и обработен вид; внос, износ и реизнос на всякакъв вид хранителни и/или промишлени стоки; транспортни и спедиторски услуги; посредническа дейност; комисионни и консигнационни сделки; всяка друга незабранена със закон дейност, като за дейностите изискващи разрешение или лиценз важи правилото, че ще бъдат осъществувани след снабдяването със съответния такъв.",,"{""4. Изписване на чужд език"": ""Hrast Promet Ltd."", ""7. Управители"": ""Петър Николаев Йотов, Държава: БЪЛГАРИЯ"", ""23. Едноличен собственик на капитала"": ""Петър Николаев Йотов, Държава: БЪЛГАРИЯ"", ""31. Размер"": ""51.13 €"", ""32. Внесен капитал"": ""51.13 €""}"
205224869,https://portal.registryagency.bg/CR/Reports/ActiveConditionTabResult?uic=205224869,"""ОЛИМПИК ЧАЛАНДЪЖЪР"" ЕООД - Заличен търговец/ЮЛНЦ",27.09.2026г.,,,,,,,,,,,"{""27. Заличаване на търговеца/ЮЛНЦ"": ""Заличен търговец/ЮЛНЦ""}"
205224876,https://portal.registryagency.bg/CR/Reports/ActiveConditionTabResult?uic=205224876,"""СЧЕТОВОДНА КАНТОРА РЕНМАРК"" ЕООД",27.09.2026г.,205224876,,СЧЕТОВОДНА КАНТОРА РЕНМАРК,Еднолично дружество с ограничена отговорност,БЪЛГАРИЯ,"Област: София (столица), Община: Столична","гр. София, п.к. 1309","р-н Илинден, ж.к. Света Троица, бл. 379, вх. В, ет. 2, ап. 29 Телефон: 0899/901432, Факс: 0899901438, Адрес на електронна поща: office@renmark.bg, Интернет страница: www.renmark.bg","Комплексно счетоводно обслужване на търговски дружества и консултации; Организиране на счетоводно отчитане и съставяне на годишни , междинни и други финансови отчети по реда на Закона за счетоводството; администриране на работната заплата и други възнаграждения; консултантска дейност в областта на данъчното и счетоводното законодателство; изготвяне на икономически анализи , финансови и бизнес проекти, както и всякакъв друг вид дейност , незабранена от законодателството на Р.България.",,"{""4. Изписване на чужд език"": ""ACCOUNTING COMPANY RENMARK Ldt"", ""5а. Адрес за кореспонденция с НАП на територията на страната"": ""Държава: БЪЛГАРИЯ\nОбласт: София (столица), Община: Столична\nНаселено място: гр. София, п.к. 1309\nр-н Илинден\nж.к. Света Троица, бл. 379, вх. В, ет. 2, ап. 29"", ""6а. Основна дейност по НКИД"": ""Група по НКИД: 69.20\nКлас по НКИД: Счетоводни и одиторски дейности; данъчни консултации"", ""7. Управители"": ""Иван Кирилов Младенов, Държава: БЪЛГАРИЯ"", ""23. Едноличен собственик на капитала"": ""Иван Кирилов Младенов, Държава: БЪЛГАРИЯ"", ""31. Размер"": ""1022.58 €"", ""32. Внесен капитал"": ""1022.58 €""}"
205224883,https://portal.registryagency.bg/CR/Reports/ActiveConditionTabResult?uic=205224883,"""ОРИОН ИНВЕСТМЪНТ ГРУП"" ООД",27.09.2026г.,205224883,,ОРИОН ИНВЕСТМЪНТ ГРУП,Дружество с ограничена отговорност,БЪЛГАРИЯ,"Област: Стара Загора, Община: Казанлък","с. Черганово, п.к. 6139","бул./ул. ул.""Панайот Волов"" № 2","Туристическа, рекламна и информационна дейност, външна и вътрешна търговия с преработена и непреработена селскостопанска продукция, производство и търговия на машини за хранително вкусовата промишленост, производство и търговия на хладилно и ресторантьорско професионално оборудване, производство и търговия на машини за хлебопроизводство, с хранителни продукти, подправки и други пакетирани стоки, търговско представителство и посредничество в страната и чужбина, както и всички други сделки, извършвани по търговски начин и незабранени от закона. Дейността ще се извършва в страната и чужбина.",,"{""4. Изписване на чужд език"": ""\""ORION INVESTMENT GROUP\""Ltd"", ""5а. Адрес за кореспонденция с НАП на територията на страната"": ""Държава: БЪЛГАРИЯ\nОбласт: Стара Загора, Община: Казанлък\nНаселено място: с. Черганово, п.к. 6139\nбул./ул. ул.\""Панайот Волов\"" № 2"", ""7. Управители"": ""ГЕОРГИ АТАНАСОВ АВРАМОВ, Държава: БЪЛГАРИЯ"", ""19. Съдружници"": ""ГЕОРГИ АТАНАСОВ АВРАМОВ, Държава: БЪЛГАРИЯ, Размер на дяловото участие: 10.00 лв.\nАКИЛ АБДУЛ КХАЛИЛ АХМАД, Държава: ОАЕ, Размер на дяловото участие: 80.00 лв.\nАБДУЛ КХАЛИЛ АБДУЛ САТТАР, Държава: ОАЕ, Размер на дяловото участие: 10.00 лв."", ""31. Размер"": ""51.13 €"", ""32. Внесен капитал"": ""51.13 €""}"
205224890,https://portal.registryagency.bg/CR/Reports/ActiveConditionTabResult?uic=205224890,"""ВИТО 66"" ЕООД",27.09.2026г.,205224890,,ВИТО 66,Еднолично дружество с ограничена отговорност,БЪЛГАРИЯ,"Област: Монтана, Община: Монтана","гр. Монтана, п.к. 3400",бул./ул. ул. МОРАВА № 22,"ПОКУПКА НА СТОКИ ИЛИ ДРУГИ ВЕЩИ С ЦЕЛ ПРОДАЖБА В ПЪРВОНАЧАЛЕН, ПРЕРАБОТЕН ИЛИ ОБРАБОТЕН ВИД; ПРОДАЖБА НА СТОКИ ОТ СОБСТВЕНО ПРОИЗВОДСТВО; КОМИСИОННА, СПЕДИЦИОННА, СКЛАДОВА, ЛИЗИНГОВА ДЕЙНОСТ; ТЪРГОВСКО ПРЕДСТАВИТЕЛСТВО И ПОСРЕДНИЧЕСТВО НА МЕСТНИ И ЧУЖДИ ФИЗИЧЕСКИ И ЮРИДИЧЕСКИ ЛИЦА В СТРАНАТА И В ЧУЖБИНА; ПРЕВОЗНИ, ХОТЕЛИЕРСКИ, РЕСТОРАНТЬОРСКИ, ТУРИСТИЧЕСКИ, РЕКЛАМНИ, ФРИЗЬОРСКИ, КОЗМЕТИЧНИ И ДРУГИ УСЛУГИ; ПОКУПКА, СТРОЕЖ И ИЗВЪРШВАНЕ НА СПЕЦИАЛИЗИРАНИ СТРОИТЕЛНИ ДЕЙНОСТИ, И ОБЗАВЕЖДАНЕ НА НЕДВИЖИМИ ИМОТИ С ЦЕЛ ПРОДАЖБА; ВНОС, ИЗНОС, БАРТЕРНИ СДЕЛКИ, КАКТО И ОСЪЩЕСТВЯВАНЕ НА ВСЯКАКВА ДРУГА ТЪРГОВСКА ДЕЙНОСТ В СТРАНАТА И В ЧУЖБИНА, НЕЗАБРАНЕНА ОТ ЗАКОНА.",,"{""7. Управители"": ""ВИТАЛИ ИЛИЕВ ГУТОРАНСКИ, Държава: БЪЛГАРИЯ"", ""23. Едноличен собственик на капитала"": ""ВИТАЛИ ИЛИЕВ ГУТОРАНСКИ, Държава: БЪЛГАРИЯ"", ""31. Размер"": ""2556.46 €"", ""32. Внесен капитал"": ""2556.46 €""}"
103105559,https://portal.registryagency.bg/CR/Reports/ActiveConditionTabResult?uic=103105559,"""СТЕНАП"" ЕООД",27.09.2026г.,103105559,4627/1996 310,СТЕНАП,Еднолично дружество с ограничена отговорност,БЪЛГАРИЯ,"Област: Варна, Община: Варна","гр. Варна, п.к. 9000","р-н Одесос, бул./ул. ул. 27-ми ЮЛИ № 12 Телефон: 0888 209 851, Адрес на електронна поща: stenap8242@abv.bg","ВЪТРЕШНО И ВЪНШНОТЪРГОВСКА ДЕЙНОСТ; ТРАНСПОРТ НА ПЪТНИЦИ И ТОВАРИ В СТРАНАТА И ЧУЖБИНА; ХОТЕЛИЕРСТВО, РЕСТОРАНТЬОРСТВО, ВЪТРЕШЕН И МЕЖДУНАРОДЕН ТУРИЗЪМ СЛЕД ЛИЦЕНЗ; ТЪРГОВСКО ПРЕДСТАВИТЕЛСТВО И ПОСРЕДНИЧЕСТВО В СТРАНАТА И ЧУЖБИНА; МАРКЕТИНГОВИ ПРОУЧВАНИЯ В СТРАНАТА И ЧУЖБИНА; ПРОИЗВОДСТВО, ОБРАБОТКА И РЕАЛИЗАЦИЯ НА СЕЛСКОСТОПАНСКА ПРОДУКЦИЯ, ПРОМИШЛЕНИ И ХРАНИТЕЛНИ СТОКИ; ПРОИЗВОДСТВО, СЕРВИЗ И ПОДДРЪЖКА НА ДОМАКИНСКА И ПРОМИШЛЕНА ТЕХНИКА, ВКЛЮЧИТЕЛНО ЕЛЕКТРОНИКА И КЛИМАТИЧНА ТЕХНИКА, СОФТУЕРНО И ХАРДУЕРНО ОБСЛУЖВАНЕ; СТРОИТЕЛНО-МОНТАЖНА И ПРОЕКТАНТСКА ДЕЙНОСТ; БИТОВИ УСЛУГИ НА ГРАЖДАНИТЕ; ИМПРЕСАРСКА, РЕКЛАМНА ДЕЙНОСТ; ОРГАНИЗИРАНЕ НА КУРСОВЕ И ШКОЛИ; ПРЕВОДНИ УСЛУГИ; СДЕЛКИ С ИНТЕЛЕКТУАЛНА СОБСТВЕНОСТ ПО НАДЛЕЖНИЯ РЕД; ПОКУПКО-ПРОДАЖБА И ОТДАВАНЕ ПОД НАЕМ НА НЕДВИЖИМИ ИМОТИ.",,"{""4. Изписване на чужд език"": ""STENAP"", ""7. Управители"": ""ЙОНКО РАЙКОВ КОСТАДИНОВ, Държава: БЪЛГАРИЯ"", ""23. Едноличен собственик на капитала"": ""ЙОНКО РАЙКОВ КОСТАДИНОВ, Държава: БЪЛГАРИЯ"", ""31. Размер"": ""2556.46 €"", ""32. Внесен капитал"": ""2556.46 €""}"
206773269,https://portal.registryagency.bg/CR/Reports/ActiveConditionTabResult?uic=206773269,"""КАЙЛА КАРАНИ"" ЕООД",27.09.2026г.,206773269,,КАЙЛА КАРАНИ,Еднолично дружество с ограничена отговорност,БЪЛГАРИЯ,"Област: Шумен, Община: Хитрино","с. Тервел, п.к. 9769","бул./ул. 3 ти МАРТ № 16 Телефон: +359899130952, Адрес на електронна поща: kaylakarani@mail.bg","Търговия на дребно с риба и други морски храни; Търговия на дребно с хляб, хлебни, захарни и сладкарски изделия; Тьрговия на дребно с напитки; Търговия на дребно с тютюневи изделия; Търговия на дребно с други хранителни стоки; Търговия на дребно в специализирани магазини с хранителни стоки, напитки и тютюневи изделия; Търговия на дребно с плодове и зеленчуци; Търговия на дребно с месо и месни продукти; Търговия на дребно с облекло; Търговия на дребно с обувки и кожени изделия; Търговия на дребно със спортни стоки; Търговия на дребно с парфюмерийни и козметични стоки и тоалетни принадлежности; Търговия на дребно с други нехранителни стоки, некласифицирана другаде; Търговия на дребно в магазини с употребявани стоки; Търговия на дребно с игри и играчки; Търговия на едро с облекло и обувки, Търговия на едро с парфюмерийни и козметични стоки, Търговия на едро с часовници и бижутерия, Търговия на едро с други нехранителни потребителски стоки, Търговия на едро с нехранителни потребителски стоки; Производство на бижута и подобни изделия; Други разнообразни производства, некласифицирани другаде; Търговия на дребно в неспециализирани магазини предимно с хранителни стоки, напитки и тютюневи изделия; Търговия на дребно в неспециализирани магазини с разнообразни стоки; Търговия на дребно в специализирани магазини със стоки, предназначени за свободното време; Търговия на дребно с книги; Търговия на дребно с вестници и канцеларски стоки; Търговия на дребно със спортни стоки; Търговия на дребно с игри и играчки;",,"{""4. Изписване на чужд език"": ""KAYLA KARANI LTD"", ""7. Управители"": ""РЕЙХАНЕ ИБРАХИМОВА МУСТАФОВА, Държава: БЪЛГАРИЯ"", ""23. Едноличен собственик на капитала"": ""РЕЙХАНЕ ИБРАХИМОВА МУСТАФОВА, Държава: БЪЛГАРИЯ"", ""31. Размер"": ""20.45 €"", ""32. Внесен капитал"": ""20.45 €""}"
208354704,https://portal.registryagency.bg/CR/Reports/ActiveConditionTabResult?uic=208354704,"""КРАФТ ХАНДС"" ООД",27.09.2026г.,208354704,,КРАФТ ХАНДС,Дружество с ограничена отговорност,БЪЛГАРИЯ,"Област: Бургас, Община: Несебър","гр. Свети Влас, п.к. 8256","ж.к. ЮРТА ПОД ПЪТЯ, бул./ул. ПИРИН № 4, вх. F, ет. 2, ап. F 8 Адрес на електронна поща: crafthandsood@gmail.com","Фризьорски и козметични услуги, дейност на фитнес центрове и зали, поддържане на добро физическо състояние, други персонални услуги, професионално обучение след средно образование, туроператорство и туристическо агентство, търговия на едро и дребно с хранителни и нехранителни стоки в страната и чужбина, търговско представителство или посредничество, покупка и продажба на автомобили, недвижими имоти, даване под наем и експлоатация, посредническа дейност по операции с недвижими имоти, рекламна дейност, транспортна дейност в страната и чужбина, спедиционни, превозни и складови сделки, складиране и съхраняване на товари, внос и износ на стоки и услуги, консултански услуги, както и всяка друга дейност, незабранена от закона.",,"{""4. Изписване на чужд език"": ""CRAFT HANDS Ltd."", ""7. Управители"": ""НАТАЛЯ ЯКОВЕНКО, Държава: УКРАЙНА\nАНДРИЙ ЯКОВЕНКО, Държава: БЪЛГАРИЯ"", ""11. Начин на представляване"": ""по друг начин:\nЗАЕДНО И ПООТДЕЛНО"", ""19. Съдружници"": ""НАТАЛЯ ЯКОВЕНКО, Държава: УКРАЙНА, Размер на дяловото участие: 25.00 лв.\nАНДРИЙ ЯКОВЕНКО, Държава: УКРАЙНА, Размер на дяловото участие: 25.00 лв."", ""31. Размер"": ""25.56 €"", ""32. Внесен капитал"": ""25.56 €""}"
208354711,https://portal.registryagency.bg/CR/Reports/ActiveConditionTabResult?uic=208354711,"""ГАРАЖ 66"" ЕООД",27.09.2026г.,208354711,,ГАРАЖ 66,Еднолично дружество с ограничена отговорност,БЪЛГАРИЯ,"Област: Стара Загора, Община: Казанлък","гр. Казанлък, п.к. 6100","бул./ул. ул. ""Стара Планина"" № 123","Авторемонтни и сервизни услуги, поддръжка на коли и търговия с тях , търговия с промишлени и хранителни стоки; търговско представителство и посредничество в страната и чужбина; внос и износ на стоки и услуги; транспортни услуги; хотелиерство и ресторантьорство; комисионна дейност; превозна, складова, рекламна дейност; вътрешна и външна търговия и услуги с всякакъв вид промишлени, непромишлени и селскостопански стоки; търговско представителство и посредничество и друга стопанска дейност незабранена от закона, която по предмет и обем изисква воденето и да става по търговски начин, а когато има разрешителен режим или лиценз след съответното разрешително или лиценз.",,"{""4. Изписване на чужд език"": ""GARAGE 66 LTD"", ""7. Управители"": ""СТЕФАН ГЕОРГИЕВ КИСЬОВ, Държава: БЪЛГАРИЯ"", ""23. Едноличен собственик на капитала"": ""СТЕФАН ГЕОРГИЕВ КИСЬОВ, Държава: БЪЛГАРИЯ"", ""31. Размер"": ""33.75 €"", ""32. Внесен капитал"": ""33.75 €""}"
208354729,https://portal.registryagency.bg/CR/Reports/ActiveConditionTabResult?uic=208354729,"""82 ПРИНТ"" ЕООД",27.09.2026г.,208354729,,82 ПРИНТ,Еднолично дружество с ограничена отговорност,БЪЛГАРИЯ,"Област: Хасково, Община: Димитровград","гр. Димитровград, п.к. 6400",бул./ул. бул. Раковски № 17,"Покупка на стоки или други вещи с цел да бъдат препродадени в първоначален, обработен или преработен вид, продажба на стоки от собствено производство, търговско представителство и посредничество, комисионни, спедиционни сделки, превозни сделки на пътници и товари в страната и чужбина, дистрибуторство, складови сделки, ресторантьорство и хотелиерство /извън случаите на чл.2, ал.3 от ТЗ/, куриерски услуги, покупка, строеж и обзавеждане на недвижими имоти с цел продажба или отдаване под наем, внос и износ на стоки, строително монтажна дейност, рециклиране, рекламна и издателска дейност, Преработка и консервиране на плодове и зеленчуци; производство и търговия в страната и чужбина на хранителни, потребителски и промишлени стоки; дейности, при които има разрешителен режим след издаване на съответното разрешително, както и всички други дейности и услуги, които не са забранени от закона.",,"{""4. Изписване на чужд език"": ""\""82 PRINT\"" LTD"", ""7. Управители"": ""ВАСИЛ МЕТОДИЕВ ЯНЕВ, Държава: БЪЛГАРИЯ"", ""23. Едноличен собственик на капитала"": ""ВАСИЛ МЕТОДИЕВ ЯНЕВ, Държава: БЪЛГАРИЯ"", ""31. Размер"": ""25.56 €"", ""32. Внесен капитал"": ""25.56 €""}"
208354736,https://portal.registryagency.bg/CR/Reports/ActiveConditionTabResult?uic=208354736,"""БАЛКАНДЖИИ"" ЕООД",27.09.2026г.,208354736,,БАЛКАНДЖИИ,Еднолично дружество с ограничена отговорност,БЪЛГАРИЯ,"Област: Ловеч, Община: Априлци","гр. Априлци, п.к. 5641",бул./ул. ул. Хелевска № 3 Адрес на електронна поща: balkandji2025@gmail.com,"Хотелиерство, ресторантьорство, туроператорска и турагентска дейност, организиране на културни, спортни, развлекателни и туристически събития, търговия на дребно и едро, рекламна и информационна дейност, управление на недвижими имоти, туристически услуги, електронна търговия, дигитален маркетинг, обучение и консултантски услуги, както и всякаква друга дейност, която не е забранена от закона, и която по смисъла на Търговския закон има характер на търговска дейност",,"{""4. Изписване на чужд език"": ""BALKANDJII"", ""7. Управители"": ""ВЕНЕЛИН ПЕТКОВ ВЕНКОВ, Държава: БЪЛГАРИЯ"", ""23. Едноличен собственик на капитала"": ""ВЕНЕЛИН ПЕТКОВ ВЕНКОВ, Държава: БЪЛГАРИЯ"", ""31. Размер"": ""51.13 €"", ""32. Внесен капитал"": ""51.13 €""}"
202199873,https://portal.registryagency.bg/CR/Reports/ActiveConditionTabResult?uic=202199873,"""""КОЛЛИЗЕЙ"""" ЕООД",27.09.2026г.,202199873,,"""КОЛЛИЗЕЙ""",Еднолично дружество с ограничена отговорност,БЪЛГАРИЯ,"Област: Бургас, Община: Созопол","гр. Созопол, п.к. 8130","ж.к. в.с. САНТА МАРИНА, бл. 57, вх. Б, ет. 2, ап. Б-4","Покупка на стоки или други вещи с цел препродажба в първоначален, преработен или обработен вид; продажба на стоки от собствено производсво, хранителни и пакетирани стоки; продажба на промишлени стоки; търговско представителство и посредничество; спедиционни и превозни сделки; вътрешен и международен туризъм; туроператорска дейност и туристическа агентска дейност; комплескно туристическо обслужване, ресторантьорски, хотелиерски, рекламни, информационни, консултански, куриерски и други услуги; покупка, строеж или обзавеждане на недвижими имоти с цел продажба.",,"{""4. Изписване на чужд език"": ""KOLLIZEJ LTD"", ""5а. Адрес за кореспонденция с НАП на територията на страната"": ""Държава: БЪЛГАРИЯ\nОбласт: Бургас, Община: Созопол\nНаселено място: гр. Созопол, п.к. 8130\nж.к. в.с. САНТА МАРИНА, бл. 57, вх. Б, ет. 2, ап. Б-4"", ""7. Управители"": ""ВЕРА ВЛАДИМИРОВНА ИЛЬИНА, Държава: РУСКА ФЕДЕРАЦИЯ"", ""23. Едноличен собственик на капитала"": ""ВЕРА ВЛАДИМИРОВНА ИЛЬИНА, Държава: РУСКА ФЕДЕРАЦИЯ"", ""31. Размер"": ""1.02 €"", ""32. Внесен капитал"": ""1.02 €""}"
101681241,https://portal.registryagency.bg/CR/Reports/ActiveConditionTabResult?uic=101681241,"""МЕДЖИК БЛЕК СИЙ ТУРС"" ООД",27.09.2026г.,101681241,490/2005 120,МЕДЖИК БЛЕК СИЙ ТУРС,Дружество с ограничена отговорност,БЪЛГАРИЯ,"Област: Благоевград, Община: Благоевград","гр. Благоевград, п.к. 2700","бул./ул. ул.Иван Михайлов № 57, вх. А","Покупка на стоки или други вещи с цел продажба в първоначален, преработен или обработен вид; продажба на стоки от собствено производство; филморазпространение; търговско представителство и посредничество; комисионни, спедиционни, превозни сделки; складови сделки; сделки с инетелектуална собственост; хотелиерски, туристически, рекламни, информационни, програмни, импресарски услуги; покупка, строеж или обзавеждане на недвижими имоти с цел продажба; лизинг.",,"{""4. Изписване на чужд език"": ""MAGIC BLACK SEA TOURS GmBH"", ""7. Управители"": ""ГЕОРГИ ДИМИТРОВ ШАРОВ, Държава: БЪЛГАРИЯ"", ""19. Съдружници"": ""ГЕОРГИ ДИМИТРОВ ШАРОВ, Държава: БЪЛГАРИЯ, Размер на дяловото участие: 2550.00 лв.\nКРИСТОФ ХАУКЕ, Държава: АВСТРИЯ, Размер на дяловото участие: 1250.00 лв.\nХАЙДЕ ШВАРЦЛ, Държава: АВСТРИЯ, Размер на дяловото участие: 1200.00 лв."", ""31. Размер"": ""2556.46 €"", ""32. Внесен капитал"": ""2556.46 €""}"
203627273,https://portal.registryagency.bg/CR/Reports/ActiveConditionTabResult?uic=203627273,"""ЕКХ 100"" ЕООД",27.09.2026г.,203627273,,ЕКХ 100,Еднолично дружество с ограничена отговорност,БЪЛГАРИЯ,"Област: Плевен, Община: Плевен","гр. Плевен, п.к. 5800","ж.к. СТОРГОЗИЯ №94, вх. А, ет. 7, ап. 21","ВЪТРЕШНО И ВЪНШНО-ТЪРГОВСКА ДЕЙНОСТ СЪС СТОКИ ЗА БИТА, IT УСЛУГИ; ПРЕДОСТАВЯНЕ НА КОМПЮТЪРНИ УСЛУГИ, ВЪВ ВРЪЗКА С ПРОИЗВОДСТВОТО И ТЕСТВАНЕТО НА СОФТУЕР, КОМПЮТЪРНИ ТЕХНОЛОГИИ, ПРИСПОСПОБЯВАНЕ НА СОФТУЕР КЪМ КОМПЮТЪРНИ ТЕХНОЛОГИИ; ИЗГРАЖДАНЕ НА КОМУНИКАЦИОННИ СИСТЕМИ И МРЕЖИ И ПРОИЗВОДСТВО НА КОМПОНЕНТИ ЗА ТЯХ, РАЗРАБОТКА НА КОМПЮТЪРНИ ПРОГРАМИ, ПРЕДСТАВИТЕЛСТВО И ПОСРЕДНИЧЕСТВО НА ЧУЖДЕСТРАННИ ФИРМИ, ВНОС И ИЗНОС НА КОМПОНЕНТИ, МАРКЕТИНГ, РЕКЛАМА, КОНСУЛТАЦИИ; ПРОИЗВОДСТВО И ПРОДАЖБА НА АКОХОЛНИ /СЛЕД ЛИЦЕНЗ/ И ТЮТЮНЕВИ /СЛЕД ЛИЦЕНЗ/ ИЗДЕЛИЯ, ХОТЕЛИЕРСТВО И РЕСТОРАНТЬОРСТВО, ВЪТРЕШЕН И МЕЖДУНАРОДЕН ТУРИЗЪМ; ТРАНСПОРТНИ УСЛУГИ В СТРАНАТА И ЧУЖБИНА СЪС СОБСТВЕНИ И НАЕТИ МПС; ПОКУПКО-ПРОДАЖБА НА ЕДРО И ДРЕБНО НА ПЛОДОВЕ И ЗЕЛЕНЧУЦИ; ВЪНШНО И ВЪТРЕШНОТЪРГОВСКА ДЕЙНОСТ С ВСИЧКИ СТОКИ НЕЗАБРАНЕНИ ОТ ЗАКОНА; ПОКУПКО-ПРОДАЖБИ НА НЕДВИЖИМИ И ДВИЖИМИ ВЕЩИ; СТРОИТЕЛНА ДЕЙНОСТ; ПОКУПКА И ПРОИЗВОДСТВО НА СТОКИ С ЦЕЛ ПРОДАЖБА В ПЪРВОНАЧАЛЕН, ОБРАБОТЕН ИЛИ ПРЕРАБОТЕН ВИД, ДИСТРИБУТОРСКА ДЕЙНОСТ, ТЪРГОВСКА ДЕЙНОСТ НА ЕДРО И ДРЕБНО, ТЪРГОВСКО ПРЕДСТАВИТЕЛСТВО /БЕЗ ПРОЦЕСУАЛНО/ И ПОСРЕДНИЧЕСТВО, КОНСИГНАЦИОННА ТЪРГОВИЯ",,"{""7. Управители"": ""КАЛИН ТОДОРОВ НИЦОВ, Държава: БЪЛГАРИЯ"", ""23. Едноличен собственик на капитала"": ""КАЛИН ТОДОРОВ НИЦОВ, Държава: БЪЛГАРИЯ"", ""31. Размер"": ""5.11 €"", ""32. Внесен капитал"": ""5.11 €""}"
203627280,https://portal.registryagency.bg/CR/Reports/ActiveConditionTabResult?uic=203627280,"""ЧИСТИ ВЪГЛИЩНИ ТЕХНОЛОГИИ"" ООД",27.09.2026г.,203627280,,ЧИСТИ ВЪГЛИЩНИ ТЕХНОЛОГИИ,Дружество с ограничена отговорност,БЪЛГАРИЯ,"Област: София (столица), Община: Столична","гр. София, п.к. 1680","р-н Витоша, бул./ул. бул. ""Тодор Каблешков"" № 61, вх. Б, ет. 7, ап. 35","Търговска дейност в страната и в чужбина; покупка, строителство или обзавеждане на недвижими имоти с цел продажба; туризъм и рекламна дейност; всяка друга незабранена от закона търговска дейност.",,"{""4. Изписване на чужд език"": ""\""CLEAN COAL TECHNOLOGY\"" Ltd."", ""5а. Адрес за кореспонденция с НАП на територията на страната"": ""Държава: БЪЛГАРИЯ\nОбласт: София (столица), Община: Столична\nНаселено място: гр. София, п.к. 1680\nр-н Витоша\nбул./ул. бул. \""Тодор Каблешков\"" № 61, вх. Б, ет. 7, ап. 35"", ""7. Управители"": ""Георги Михайлов Узунов, Държава: БЪЛГАРИЯ"", ""19. Съдружници"": ""Георги Михайлов Узунов, Държава: БЪЛГАРИЯ, Размер на дяловото участие: 500.00 лв.\nИНДЪСТРИАЛ ГРУП ЕЙЖА ЛИМИТЕД, Идентификация 1484708, Чуждестранно юридическо лице, Държава: ХОНКОНГ, Размер на дяловото участие: 500.00 лв."", ""31. Размер"": ""511.29 €"", ""32. Внесен капитал"": ""511.29 €""}"
115199477,https://portal.registryagency.bg/CR/Reports/ActiveConditionTabResult?uic=115199477,"ЕТ ""ВЕСТ - ЧОНО ЧОНОВ""",27.09.2026г.,115199477,390/1998 530,ВЕСТ - ЧОНО ЧОНОВ,Едноличен търговец,БЪЛГАРИЯ,"Област: Пловдив, Община: Пловдив","гр. Пловдив, п.к. 4000","р-н Централен, бул./ул. ул. ИЗТОК № 53, вх. Г, ет. 5, ап. 15 Телефон: 0887537516","ПРЕВОЗ НА ХОРА И ТОВАРИ В СТРАНАТА И В ЧУЖБИНА, ТЪРГОВСКА ДЕЙНОСТ, ПОСРЕДНИЧЕСТВО, ТАКСИМЕТРОВИ УСЛУГИ, КАКТО И ВСИЧКИ ДЕЙНОСТИ, РАЗРЕШЕНИ ОТ ЗАКОНА.",ЧОНО СТАЙКОВ ЧОНОВ,"{""4. Изписване на чужд език"": ""VEST - CHONO CHONOV""}"
837025799,https://portal.registryagency.bg/CR/Reports/ActiveConditionTabResult?uic=837025799,"""ГЕОРГИЕВ - ИВАНОВ СУПЕР 66"" СД",27.09.2026г.,837025799,57/1991 360,ГЕОРГИЕВ - ИВАНОВ СУПЕР 66,Събирателно дружество,БЪЛГАРИЯ,"Област: Шумен, Община: Нови пазар","гр. Нови пазар, п.к. 9900",бул./ул. ул.ХАДЖИ ДИМИТЪР № 14,ТЪРГОВИЯ С АЛКОХОЛНИ И БЕЗАЛКОХОЛНИ НАПИТКИ И СТОКИ ЗА ПОТРЕБЛЕНИЕ И СПОРТНО - РЕКЛАМНА ДЕЙНОСТ.,,"{""4. Изписване на чужд език"": ""GEORGIEV - IVANOV SUPER 66"", ""6а. Основна дейност по НКИД"": ""Група по НКИД: 4631\nКлас по НКИД: ТЪРГОВИЯ НА ЕДРО С ПЛОДОВЕ И ЗЕЛЕНЧУЦИ И ДР."", ""7а. Лица, на които е възложено управлението"": ""ГЕОРГИ ВЕЛИЧКОВ ГЕОРГИЕВ, Държава: БЪЛГАРИЯ\nИВАН ГЕОРГИЕВ ИВАНОВ, Държава: БЪЛГАРИЯ"", ""8. Начин на управление"": ""по друг начин: ЗАЕДНО И ПООТДЕЛНО"", ""10. Представители"": ""ГЕОРГИ ВЕЛИЧКОВ ГЕОРГИЕВ, Държава: БЪЛГАРИЯ\nИВАН ГЕОРГИЕВ ИВАНОВ, Държава: БЪЛГАРИЯ"", ""11. Начин на представляване"": ""по друг начин:\nЗАЕДНО И ПООТДЕЛНО"", ""20. Неограничено отговорни съдружници"": ""ГЕОРГИ ВЕЛИЧКОВ ГЕОРГИЕВ\nДържава: БЪЛГАРИЯ\nОбласт: Шумен, Община: Нови пазар\nНаселено място: гр. Нови пазар, п.к. 9900\nбул./ул. УЛ. \""ЦАР ОСВОБОДИТЕЛ\"" № 5, вх. 1, ет. 2, ап. 9\nИВАН ГЕОРГИЕВ ИВАНОВ\nДържава: БЪЛГАРИЯ\nОбласт: Шумен, Община: Нови пазар\nНаселено място: гр. Нови пазар, п.к. 9900\nбул./ул. УЛ. \""СТЕФАН КАРАДЖА\"" № 24, вх. В, ет. 3, ап. 39""}"
202931526,https://portal.registryagency.bg/CR/Reports/ActiveConditionTabResult?uic=202931526,"""ЖОРО - 68"" ЕООД",27.09.2026г.,202931526,,ЖОРО - 68,Еднолично дружество с ограничена отговорност,БЪЛГАРИЯ,"Област: Ямбол, Община: Елхово","с. Вълча поляна, п.к. 8748",бул./ул. ул. ГЕОРГИ БЕНКОВСКИ № 4 Телефон: 0895703419,"търговия на едро и дребно в страната и чужбина, търговско представителство и посредничество, производство, изкупуване, преработка, съхранение и реализация на селскостопанска продукция от растителен и животински произход, автотранспортни услуги, магазини за авточасти, строителни и ремонтни дейности, ремонт на битова техника и ел. услуги, обществено хранене и търговия с хранителни продукти и промишлени стоки, местно и чуждестранно производство, безалкохолни и алкохолни напитки и тютюневи изделия/след получаването на лиценз/, ресторантьорство и хотелиерство, кафе-сладкарници и магазини, забавни и електронни игри/без хазарт/, интернет услуги и всички други дейности и услуги на населението, не забранени със закон за които при нужда за упражняването им, Дружеството ще придобива необходимите лицензи и разрешения.",,"{""7. Управители"": ""ГЕОРГИ ПЕТРОВ ОВЧАРОВ, Държава: БЪЛГАРИЯ"", ""23. Едноличен собственик на капитала"": ""ГЕОРГИ ПЕТРОВ ОВЧАРОВ, Държава: БЪЛГАРИЯ"", ""31. Размер"": ""2.56 €"", ""32. Внесен капитал"": ""2.56 €""}"
203412370,https://portal.registryagency.bg/CR/Reports/ActiveConditionTabResult?uic=203412370,"""МЛАДЕН АУТО"" ЕООД - Заличен търговец/ЮЛНЦ",27.09.2026г.,,,,,,,,,,,"{""27. Заличаване на търговеца/ЮЛНЦ"": ""Заличен търговец/ЮЛНЦ""}"
203527134,https://portal.registryagency.bg/CR/Reports/ActiveConditionTabResult?uic=203527134,"""ГЛОБУС ТРАНС - ДИМИТРОВ 66"" ЕООД",27.09.2026г.,203527134,,ГЛОБУС ТРАНС - ДИМИТРОВ 66,Еднолично дружество с ограничена отговорност,БЪЛГАРИЯ,"Област: Плевен, Община: Левски","гр. Левски, п.к. 5900",бул./ул. Александър Стамболийски № 12,"ТРАНСПОРТНА И СПЕДИЦИОННА ДЕЙНОСТ В СТРАНАТА И ЧУЖБИНА, ПРЕВОЗНИ, СКЛАДОВИ И ЛИЦЕНЗИОННИ СДЕЛКИ, ВНОС И ИЗНОС, АГЕНТСТВО, ВЪТРЕШНО И ВЪНШНО ТЪРГОВСКА ДЕЙНОСТ СЪС СТОКИ /БЕЗ ЗАБРАНЕНИТЕ ОТ ЗАКОНА/, ЧРЕЗ БАРТЕРНИ, РЕЕКСПОРТНИ И ДРУГИ СПЕЦИФИЧНИ СДЕЛКИ И ОПЕРАЦИИ С НАШИ И ЧУЖДИ ФИРМИ, АВТОСЕРВИЗ, ТЪРГОВИЯ НА ЕДРО И ДРЕБНО С ПРОМИШЛЕНИ И ХРАНИТЕЛНИ СТОКИ В СТРАНАТА И ЧУЖБИНА, ТЪРГОВИЯ С ЦИГАРИ И ЦИГАРЕНИ ИЗДЕЛИЯ/СЛЕД ЛИЦЕНЗ/, КОМИСИОННИ СДЕЛКИ, ТЪРГОВИЯ С БЕЗАЛКОХОЛНИ НАПИТКИ И АЛКОХОЛНИ/СЛЕД ЛИЦЕНЗ/, ТЪРГОВИЯ С КНИГИ И ПЕРИОДИЧЕН ПЕЧАТ, ТЪРГОВСКО ПРЕДСТАВИТЕЛСТВО И ПОСРЕДНИЧЕСТВО; КАФЕ-АПЕРИТИВ;",,"{""4. Изписване на чужд език"": ""GLOBUS TRANS - DIMITROV 66"", ""5а. Адрес за кореспонденция с НАП на територията на страната"": ""Държава: БЪЛГАРИЯ\nОбласт: Плевен, Община: Левски\nНаселено място: гр. Левски, п.к. 5900\nбул./ул. Александър Стамболийски № 12"", ""7. Управители"": ""ЦВЕТАН МЕТОДИЕВ ДИМИТРОВ, Държава: БЪЛГАРИЯ"", ""23. Едноличен собственик на капитала"": ""ЦВЕТАН МЕТОДИЕВ ДИМИТРОВ, Държава: БЪЛГАРИЯ"", ""31. Размер"": ""5.11 €"", ""32. Внесен капитал"": ""5.11 €""}"
203527141,https://portal.registryagency.bg/CR/Reports/ActiveConditionTabResult?uic=203527141,"""МАНТРЕЙДИНГ"" ЕООД",27.09.2026г.,203527141,,МАНТРЕЙДИНГ,Еднолично дружество с ограничена отговорност,БЪЛГАРИЯ,"Област: София (столица), Община: Столична","гр. София, п.к. 1142","р-н Средец, бул./ул. Евлоги и Христо Георгиеви № 65","ТЪРГОВСКА И ПРОИЗВОДСТВЕНА ДЕЙНОСТ, РЕКЛАМНА, КОНСУЛТАНТСКА, ИНФОРМАЦИОННА И ДРУГИ ДЕЙНОСТИ, ТЪРГОВСКО ПРЕДСТАВИТЕЛСТВО И ПОСРЕДНИЧЕСТВО НА БЪЛГАРСКИ И ЧУЖДЕСТРАННИ ФИРМИ, КАКТО И ДРУГИ ДЕЙНОСТИ И УСЛУГИ, РАЗРЕШЕНИ ОТ ЗАКОНА.",,"{""4. Изписване на чужд език"": ""MANTRADING LTD"", ""7. Управители"": ""Стефан Олимпос Дела Крус, Държава: БЪЛГАРИЯ"", ""23. Едноличен собственик на капитала"": ""СТЕФАН ОЛИМПОС ДЕЛА КРУС, Държава: БЪЛГАРИЯ"", ""31. Размер"": ""25.56 €"", ""32. Внесен капитал"": ""25.56 €""}"
203094665,https://portal.registryagency.bg/CR/Reports/ActiveConditionTabResult?uic=203094665,"""ГОЛД СТАР - 66"" ЕООД",27.09.2026г.,203094665,,ГОЛД СТАР - 66,Еднолично дружество с ограничена отговорност,БЪЛГАРИЯ,"Област: Монтана, Община: Лом","с. Трайково, п.к. 3645",бул./ул. ул. Пирин № 4,"ЕКСПЛОАТАЦИЯ НА ПИТЕЙНИ ЗАВЕДЕНИЯ И ЗАВЕДЕНИЯ ЗА ОБЩЕСТВЕНО ХРАНЕНЕ, ЗАБАВНИ, СПОРТНИ И АТРАКЦИОННИ ОБЕКТИ И СЪОРЪЖЕНИЯ; ПОКУПКА НА СТОКИ И ДРУГИ ВЕЩИ С ЦЕЛ ПРЕПРОДАЖБА В ПЪРВОНАЧАЛЕН, ОБРАБОТЕН ИЛИ ПРЕРАБОТЕН ВИД; ВЪНШНОТЪРГОВСКА ДЕЙНОСТ; ПРЕВОЗНИ, СПЕДИЦИОННИ, СКЛАДОВИ И КОМИСИОННИ СДЕЛКИ; ТЪРГОВСКО ПРЕДСТАВИТЕЛСТВО И ПОСРЕДНИЧЕСТВО; ПРОДАЖБА НА СТОКИ ОТ СОБСТВЕНО ПРОИЗВОДСТВО; ПРОИЗВОДСТВО, ИЗКУПУВАНЕ, ПРЕРАБОТКА И ТЪРГОВИЯ СЪС СЕЛСКОСТОПАНСКА ПРОДУКЦИЯ; СТРОИТЕЛНА И РЕМОНТНА ДЕЙНОСТ; ТЪРГОВИЯ СЪС СТРОИТЕЛНИ И ГОРИВНИ МАТЕРИАЛИ; ЛИЗИНГОВИ, МАРКЕТИНГОВИ И ВАЛУТНИ СДЕЛКИ; ТУРИСТИЧЕСКИ, ХОТЕЛИЕРСКИ, СЕРВИЗНИ, ИНФОРМАЦИОННИ, КОНСУЛТАНТСКИ, РЕКЛАМНИ И ДРУГИ УСЛУГИ, КАКТО И ВСЯКАКВИ ДРУГИ СДЕЛКИ НЕ ЗАБРАНЕНИ СЪС ЗАКОН, КАТО ДЕЙНОСТИТЕ ЗА КОИТО СЕ ИЗИСКВА РАЗРЕШЕНИЕ НА ДЪРЖАВЕН ОРГАН, ЩЕ СЕ ИЗВЪРШВАТ СЛЕД ПОЛУЧАВАНЕТО МУ",,"{""7. Управители"": ""КИРИЛ ГЕРАСИМОВ ИЛИЕВ, Държава: БЪЛГАРИЯ"", ""23. Едноличен собственик на капитала"": ""КИРИЛ ГЕРАСИМОВ ИЛИЕВ, Държава: БЪЛГАРИЯ"", ""31. Размер"": ""25.56 €"", ""32. Внесен капитал"": ""25.56 €""}"
203365209,https://portal.registryagency.bg/CR/Reports/ActiveConditionTabResult?uic=203365209,"""ПЛАСТБАУ"" ЕООД",27.09.2026г.,203365209,,ПЛАСТБАУ,Еднолично дружество с ограничена отговорност,БЪЛГАРИЯ,"Област: Видин, Община: Видин","гр. Видин, п.к. 3700","ж.к. Александър Стамболийски, бл. 2, вх. А, ет. 4, ап. 12 Адрес на електронна поща: plastbau@abv.bg","ДОВЪРШИТЕЛНИ СТРОИТЕЛНИ РЕМОНТИ. ДЕКОРАЦИЯ, РЕСТАВРАЦИЯ НА СГРАДИ КЪЩИ И ВИЛИ. ТРАНСПОРТНА ДЕЙНОСТ, ПРЕВОЗИ В СТРАНАТА И ЧУЖБИНА, ПОКУПКО-ПРОДАЖБА НА АВТОМОБИЛИ, ТЪРГОВИЯ СЪС ВСЯКАКЪВ ВИД СТОКИ И ПРОДУКТИ, ВЪТРЕШНА И ВЪНШНА ТЪРГОВИЯ С ПОЗВОЛЕНИ ОТ ЗАКОНА СТОКИ, ПРЕРАБОТКА И РЕАЛИЗАЦИЯ НА СТОКИ ЗА БИТА И ПРОМИШЛЕНОСТТА, ТЪРГОВИЯ С ВСИЧКИ ВИДОВЕ ВТОРИЧНИ СУРОВИНИ, ПРОИЗВОДСТВО И ТЪРГОВИЯ С АЛКОХОЛ И БЕЗАЛКОХОЛНИ НАПИТКИ, ТЪРГОВИЯ С ХРАНИТЕЛНИ И ПРОМИШЛЕНИ СТОКИ, РЕСТОРАНТЬОРСТВО, ХОТЕЛИЕРСКА ДЕЙНОСТ, КОМИСИОННА, СПЕДИЦИОННА, СКЛАДОВА, ЛИЗИНГОВА ДЕЙНОСТ, ПРОИЗВОДСТВО НА СЕЛСКОСТОПАНСКА ПРОДУКЦИЯ С ЦЕЛ ПРОДАЖБА И ИЗНОС; ИЗКУПУВАНЕ, СЪХРАНЯВАНЕ, ВНОС И ИЗНОС НА ЗЕМЕДЕЛСКА И ГОРСКА ТЕХНИКА КАКТО И ДРУГИ ДЕЙНОСТИ НЕЗАБРАНЕНИ СЪС ЗАКОН, УКАЗ ИЛИ ДРУГ НОРМАТИВЕН АКТ, КАТО ДЕЙНОСТТА СИ ЩЕ ОСЪЩЕСТВЯВА В СТРАНАТА И ЧУЖБИНА.",,"{""4. Изписване на чужд език"": ""PLASTBAU PLtd."", ""7. Управители"": ""ПЛАМЕН РАДКОВ СТОЯНОВ, Държава: БЪЛГАРИЯ"", ""23. Едноличен собственик на капитала"": ""ПЛАМЕН РАДКОВ СТОЯНОВ, Държава: БЪЛГАРИЯ"", ""31. Размер"": ""25.56 €"", ""32. Внесен капитал"": ""25.56 €""}"
205196626,https://portal.registryagency.bg/CR/Reports/ActiveConditionTabResult?uic=205196626,"""Галантико"" ЕООД",27.09.2026г.,205196626,,Галантико,Еднолично дружество с ограничена отговорност,БЪЛГАРИЯ,"Област: София (столица), Община: Столична","гр. София, п.к. 1517","р-н Подуяне, ж.к. Сухата река, бул./ул. ул.Плакалница № 16, бл. 38, вх. Б, ет. 1, ап. 13","Онлайн магазин за Дрехи, обувки и аксесоари покупка на стоки или други вещи с цел препродажба в първоначален, преработен или обработен вид, внос, износ, продажба на стоки от собствено производство, търговско представителство и посредничество на български и чуждестранни физически и юридически лица, включително посреднически услуги при покупко-продажба, замяна и отдаване под наем на недвижими имоти, комисионни, спедиционни и превозни сделки, складови сделки, сделки с интелектуална собственост, хотелиерски, туристически, рекламни, информационни, програмни, импресарски или други услуги, покупка, строеж или обзавеждане на недвижими имоти с цел продажба и всяка друга дейност, която по предмет и обем изисква да бъде извършвана по търговски начин и не е забранена за осъществяване от българското законодателство, дори и да не е изброена по-горе.",,"{""7. Управители"": ""Диана Димитрова Димитрова, Държава: БЪЛГАРИЯ"", ""23. Едноличен собственик на капитала"": ""Диана Димитрова Димитрова, Държава: БЪЛГАРИЯ"", ""31. Размер"": ""5.11 €"", ""32. Внесен капитал"": ""5.11 €""}"
205196633,https://portal.registryagency.bg/CR/Reports/ActiveConditionTabResult?uic=205196633,"""ВЕЛИНГРАД ХОТЕЛС"" ЕООД",27.09.2026г.,205196633,,ВЕЛИНГРАД ХОТЕЛС,Еднолично дружество с ограничена отговорност,БЪЛГАРИЯ,"Област: София (столица), Община: Столична","гр. София, п.к. 1680","р-н Красно село, бул./ул. Пирински проход № 23, ет. 5, ап. 13","туристическа дейност-туроператорска дейност и туристическа агентска дейност; хотелиерство и ресторантьорство; предоставяне на допълнителни туристически услуги; туристически транспорт в страната и чужбина; търговско представителство и посредничество; покупка на стоки с цел продажба в първоначален, обработен или преработен вид; покупка строеж и обзавеждане на недвижими имоти с цел продажба; управление на недвижими имоти, както и всякаква друга дейност незабранена от закон.",,"{""4. Изписване на чужд език"": ""VELINGRAD HOTELS EOOD"", ""7. Управители"": ""ДАНИЕЛА ИВАНОВА СТОЙЧЕВА, Държава: БЪЛГАРИЯ"", ""23. Едноличен собственик на капитала"": ""ДАНИЕЛА ИВАНОВА СТОЙЧЕВА, Държава: БЪЛГАРИЯ"", ""31. Размер"": ""25.56 €"", ""32. Внесен капитал"": ""25.56 €""}"
205196640,https://portal.registryagency.bg/CR/Reports/ActiveConditionTabResult?uic=205196640,"ЕТ ""СТЕФАНИ – Недялка Михайлова""",27.09.2026г.,205196640,,СТЕФАНИ – Недялка Михайлова,Едноличен търговец,БЪЛГАРИЯ,"Област: Пловдив, Община: Пловдив","гр. Пловдив, п.к. 4000","р-н Централен, бул./ул. Д-р. Селимински № 14, ет. 4, ап. 7","„Извършване на вътрешно и външно търговска дейност; посредничество; представителство, както и всякакви други дейности незабранени от закона.”",Недялка Димитрова Михайлова,
205277747,https://portal.registryagency.bg/CR/Reports/ActiveConditionTabResult?uic=205277747,"""АВРА СПЕД"" ЕООД",27.09.2026г.,205277747,,АВРА СПЕД,Еднолично дружество с ограничена отговорност,БЪЛГАРИЯ,"Област: София (столица), Община: Столична","гр. София, п.к. 1528","р-н Искър, ж.к. Гара Искър, бул./ул. 5010-та № 1","търговия, производство, търговско представителство и посредничество, комисионни, спедиционни и превозни сделки, хотелиерски, ресторантьорски, туристически, рекламни, информационни, програмни и импресарски услуги, лизинг, внос и износ на стоки и всички други сделки и услуги, които не са забранени със закон.",,"{""7. Управители"": ""СТАНКА НИКОЛОВА АВРАМОВА, Държава: БЪЛГАРИЯ"", ""23. Едноличен собственик на капитала"": ""АНГЕЛ НИКОЛАЕВ АВРАМОВ, Държава: БЪЛГАРИЯ"", ""31. Размер"": ""2.56 €"", ""32. Внесен капитал"": ""2.56 €""}"
205277754,https://portal.registryagency.bg/CR/Reports/ActiveConditionTabResult?uic=205277754,"""Глобал Трейд Солушънс Юръп"" ЕООД",27.09.2026г.,205277754,,Глобал Трейд Солушънс Юръп,Еднолично дружество с ограничена отговорност,БЪЛГАРИЯ,"Област: Бургас, Община: Бургас","гр. Бургас, п.к. 8000","бул./ул. ул. ""Васил Априлов"" № 2, ет. 2","покупка на стоки с цел продажба в първоначален, преработен или обработен вид; продажба на стоки собствено производство; сделки по осъществяване на търговско представителство и посредничество; комисионни, спедиционни, складови и лизингови сделки;",,"{""4. Изписване на чужд език"": ""“Global Trade Solutions Europe” Ltd."", ""7. Управители"": ""Марина Александровна Сенькина, Държава: РУСКА ФЕДЕРАЦИЯ"", ""23. Едноличен собственик на капитала"": ""Марина Александровна Сенькина, Държава: РУСКА ФЕДЕРАЦИЯ"", ""31. Размер"": ""1.02 €"", ""32. Внесен капитал"": ""1.02 €""}"
203331114,https://portal.registryagency.bg/CR/Reports/ActiveConditionTabResult?uic=203331114,"""ДЕВОРА ТЕКС"" ООД",27.09.2026г.,203331114,,ДЕВОРА ТЕКС,Дружество с ограничена отговорност,БЪЛГАРИЯ,"Област: Хасково, Община: Хасково","гр. Хасково, п.к. 6300","бул./ул. ул.Княз Борис I № 2-6, вх. Б, ет. 6, ап. 27","покупка на стоки и други вещи с цел продажба в първоначален, преработен и обработен вид; продажба на стоки от собствено производство; търговско представителство и посредничество; комисионни, спедиционни и превозни сделки; складови сделки; сделки с интелектуална собственост; покупка, строеж или обзавеждане на недвижими имоти с цел продажба; лизинг; обработка на текстил и текстилни изделия.",,"{""4. Изписване на чужд език"": ""DEVORA TEX ltd"", ""5а. Адрес за кореспонденция с НАП на територията на страната"": ""Държава: БЪЛГАРИЯ\nОбласт: Хасково, Община: Хасково\nНаселено място: гр. Хасково, п.к. 6300\nбул./ул. ул.Княз Борис I № 2-6, вх. Б, ет. 6, ап. 27"", ""7. Управители"": ""Димитрия Георгиева Шопова-Русева, Държава: БЪЛГАРИЯ"", ""19. Съдружници"": ""Димитрия Георгиева Шопова-Русева, Държава: БЪЛГАРИЯ, Размер на дяловото участие: 2000.00 лв.\nАдриана Русева Русева, Държава: БЪЛГАРИЯ, Размер на дяловото участие: 2000.00 лв."", ""31. Размер"": ""2045.17 €"", ""32. Внесен капитал"": ""2045.17 €""}"
203331121,https://portal.registryagency.bg/CR/Reports/ActiveConditionTabResult?uic=203331121,"""ММ722"" ООД",27.09.2026г.,203331121,,ММ722,Дружество с ограничена отговорност,БЪЛГАРИЯ,"Област: Пловдив, Община: Пловдив","гр. Пловдив, п.к. 4003","р-н Северен, бул./ул. ул. ВАСИЛ ЛЕВСКИ № 103, ет. 8, ап. 66","ТЪРГОВСКО ПРЕДСТАВИТЕЛСТВО И ПОСРЕДНИЧЕСТВО, ВЪТРЕШНА И ВЪНШНА ТЪРГОВИЯ; ДРУГИ ДЕЙНОСТИ, СВЪРЗАНИ СЪС СВОБОДНОТО ВРЕМЕ - ЗАЛАГАНИЯ ЗА ЕВРОФУТБОЛ; ИНФОРМАЦИОННИ, ИМПРЕСАРСКИ ИЛИ ДРУГИ УСЛУГИ, КАКТО И ВСИЧКИ ДРУГИ ДЕЙНОСТИ, НЕЗАБРАНЕНИ ОТ ЗАКОН",,"{""4. Изписване на чужд език"": ""ММ722 LTD"", ""7. Управители"": ""МИЛЕН МИТКОВ ХУНЕВ, Държава: БЪЛГАРИЯ"", ""19. Съдружници"": ""МИЛЕН МИТКОВ ХУНЕВ, Държава: БЪЛГАРИЯ, Размер на дяловото участие: 8.00 лв.\nМАРИЯ СЛАВЧЕВА ИЛИЕВА, Държава: БЪЛГАРИЯ, Размер на дяловото участие: 2.00 лв."", ""31. Размер"": ""5.11 €"", ""32. Внесен капитал"": ""5.11 €""}"
200619734,https://portal.registryagency.bg/CR/Reports/ActiveConditionTabResult?uic=200619734,"""АВТО ПОЛЮС"" ЕООД",27.09.2026г.,200619734,,АВТО ПОЛЮС,Еднолично дружество с ограничена отговорност,БЪЛГАРИЯ,"Област: София (столица), Община: Столична","гр. София, п.к. 1000","р-н Подуяне, бул./ул. ж.к. Левски зона Г, бл. 15, вх. Е, ет. 5, ап. 157","ПОКУПКО - ПРОДАЖБА НА СТОКИ ИЛИ ДРУГИ ВЕЩИ С ЦЕЛ ПРОДАЖБА В ПЪРВОНАЧАЛЕН, ПРЕРАБОТЕН ИЛИ ОБРАБОТЕН ВИД, ПРОДАЖБА НА СТОКИ ОТ СОБСТВЕНО ПРОИЗВОДСТВО; ТЪРГОВСКО ПРЕДСТАВИТЕЛСТВО И ПОСРЕДНИЧЕСТВО, СПЕДИЦИОННИ, ПРЕВОЗНИ, СКЛАДОВИ И ЛИЦЕНЗИОННИ СДЕЛКИ, ХОТЕЛИЕРСКИ, ТУРИСТИЧЕСКИ, РЕКЛАМНИ, ИНФОРМАЦИОННИ, ПРОГРАМНИ, ИМПРЕСАРСКИ, ПРЕВОД И ЛЕГАЛИЗАЦИЯ НА ДОКУМЕНТИ, ФРИЗЬОРСКИ, КОЗМЕТИЧНИ, СЧЕТОВОДНИ И ДРУГИ УСЛУГИ, ПОКУПКА, СТРОЕЖ И ОБЗАВЕЖДАНЕ НА НЕДВИЖИМИ ИМОТИ С ЦЕЛ ПРОДАЖБА; ЛИЗИНГ И ДРУГИ ДЕЙНОСТИ, НЕЗАБРАНЕНИ ОТ ЗАКОНА.",,"{""7. Управители"": ""Александър Живков Иванов, Държава: БЪЛГАРИЯ"", ""23. Едноличен собственик на капитала"": ""Александър Живков Иванов, Държава: БЪЛГАРИЯ"", ""31. Размер"": ""2556.46 €"", ""32. Внесен капитал"": ""2556.46 €""}"
200619741,https://portal.registryagency.bg/CR/Reports/ActiveConditionTabResult?uic=200619741,"""ФЕНИКС МЕГА ГРУП"" ЕООД",27.09.2026г.,200619741,,ФЕНИКС МЕГА ГРУП,Еднолично дружество с ограничена отговорност,БЪЛГАРИЯ,"Област: София (столица), Община: Столична",гр. София,"р-н Младост, ж.к. МЛАДОСТ 2, бл. 206, вх. 1, ет. 7, ап. 13 Телефон: 0899939912 и 02/885-48-39, Адрес на електронна поща: wmarkowa@abv.bg","ФИНАНСОВО И СЧЕТОВОДНИ УСЛУГИ; ВЪНШНА И ВЪТРЕШНА ТЪРГОВИЯ НА ЕДРО И ДРЕБНО С ВСЯКАКЪВ ВИД СТОКИ ЗА ПРОМИШЛЕНО И ЛИЧНО ПОТРЕБЛЕНИЕ, РАЗРЕШЕНИ ОТ ЗАКОНА; РАЗКРИВАНЕ НА СОБСТВЕНИ ТЪРГОВСКИ ОБЕКТИ; ПРОИЗВОДСТО НА СТОКИ С ЦЕЛ ПРОДАЖБА; ПРЕДПРИЕМАЧЕСКА ДЕЙНОСТ, МАРКЕТИНГОВИ ПРОУЧВАНИЯ И СПЕЦИАЛИЗИРАН АНАЛИЗ НА ПАЗАРИ И ТЪРГОВСКИ ПРЕДПРИЯТИЯ; РЕКЛАМНА ДЕЙНОСТ; КОНСУЛТАНТСКА ДЕЙНОСТ; ИЗГОТВЯНЕ НА ИНВЕСТИЦИОННИ ПРОЕКТИ; ПРЕДСТАВИТЕЛСТВО И ПОСРЕДНИЧЕСТВО В БЪЛГАРСКИ И ЧУЖДЕСТРАННИ ФИЗИЧЕСКИ И ЮРИДИЧЕСКИ ЛЕЦА; СПЕДИТОРСКА И ТРАНСПОРТНА ДЕЙНОСТ; РАЗРАБОТКА НА ИНФОРМАЦИОННИ ТЕХНОЛОГИИ И ПРОИЗВОДСТВЕНИ ИНОВАЦИИ; ПОКУПКО- ПРОДАЖБА НА НЕДВИЖИМИ ИМОТИ, РЕСТОРАНТЬОРСТВО И ХОТЕЛИЕРСТВО, ТУРИСТИЧЕСКА И ТУРОПЕРАТОРСКА ДЕЙНОСТ, ДОВЪРШИТЕЛНИ СТРОИТЕЛНИ ДЕЙНОСТИ, ОЗВУЧАВАНЕ НА СВАТБЕНИ И ДРУГ ВИД МЕРОПРИЯТИЯ, ОРГАНИЗИРАНИ НА ОБЩЕСТВЕНИ МЕСТА И ВИДЕО ЗАСНЕМАНЕ И ОСВЕТЛЕНИЕ, КАКТО И ВСЯКАКВА ДРУГА ДЕЙНОСТ, НЕЗАБРАНЕНА СЪС ЗАКОН ИЛИ ДРУГ НОРМАТИВЕН АКТ ОТ ДЕЙСТВАЩОТО ЗАКОНОДАТЕЛСТВО.",,"{""4. Изписване на чужд език"": ""FENIKS MEGA GRUP"", ""5а. Адрес за кореспонденция с НАП на територията на страната"": ""Държава: БЪЛГАРИЯ\nОбласт: София (столица), Община: Столична\nНаселено място: гр. София, п.к. 1756\nр-н Студентски\nбул./ул. КЛИМЕНТ ОХРИДСКИ № 25, вх. 1, ет. 1, ап. 20"", ""6а. Основна дейност по НКИД"": ""Група по НКИД: 5629\nКлас по НКИД: РЕСТОРАНТ. ДР. ДЕЙН. ПО ПРИГОТВ. И ДОСТ. НА ХРАНА"", ""7. Управители"": ""ИВАНКА ЙОВЧЕВА МАРКОВА"", ""23. Едноличен собственик на капитала"": ""ИВАНКА ЙОВЧЕВА МАРКОВА"", ""31. Размер"": ""2556.46 €"", ""32. Внесен капитал"": ""2556.46 €""}"
200619759,https://portal.registryagency.bg/CR/Reports/ActiveConditionTabResult?uic=200619759,"""ДАНИКС 66"" ООД",27.09.2026г.,200619759,,ДАНИКС 66,Дружество с ограничена отговорност,БЪЛГАРИЯ,"Област: Варна, Община: Варна","гр. Варна, п.к. 9000","р-н Одесос, бул./ул. ул. Тодор Влайков № 16А, ет. 3, ап. 6","ФРИЗЬОРСТВО, КОЗМЕТИКА, САЛОНИ ЗА КРАСОТА И ВСИЧКИ СЪПЪТСТВАЩИ УСЛУГИ; ТЪРГОВИЯ НА ЕДРО И ДРЕБНО; СТРОИТЕЛСТВО, СТРОИТЕЛНО-МОНТАЖНИ УСЛУГИ НА НЕДВИЖИМИ ИМОТИ; ПОКУПКА, РЕМОНТ И ПОСТРОЯВАНЕ С ЦЕЛ ПРОДАЖБА И ОТДАВАНЕ ПОД НАЕМ; ИНВЕСТИЦИИ; ПОСРЕДНИЧЕСТВО ПРИ ПОКУПКО-ПРОДАЖБА И НАЕМА НА НЕДВИЖИМИ ИМОТИ; ПОСРЕДНИЧЕСТВО И ПРЕДСТАВИТЕЛСТВО НА МЕСТНИ И ЧУЖДЕСТРАННИ ЮРИДИЧЕСКИ ЛИЦА; КОНСУЛТАНСКА ДЕЙНОСТ; ПОСРЕДНИЧЕСТВО ПРИ НАМИРАНЕ НА РАБОТА В СТРАНАТА И ЧУЖБИНА; СЕЛСКОСТОПАНСКА ДЕЙНОСТ; ВНОС И ИЗНОС НА СТОКИ И УСЛУГИ; СКЛАДОВА ДЕЙНОСТ; ЛИЗИНГОВА ДЕЙНОСТ; СДЕЛКИ С ИНТЕЛЕКТУАЛНА СОБСТВЕНОСТ; ПРОИЗВОДСТВО НА СТОКИ И ИЗВЪРШВАНЕ НА УСЛУГИ С ЦЕЛ ПРОДАЖБА; РЕКЛАМА, МЕНИДЖМЪНТ И МАРКЕТИНГ; КОМИСИОННА ДЕЙНОСТ; ОБМЯНА НА ВАЛУТА; ОРГАНИЗИРАНЕ И ПРОВЕЖДАНЕ НА КУРСОВЕ ПО ЧУЖДОЕЗИКОВО ОБУЧЕНИЕ; ПРОВЕЖДАНЕ НА ПРОФЕСИОНАЛНИ ЗАНИМАНИЯ С ДЕЦА И РОДИТЕЛИ; ОРГАНИЗАРАНЕ НА МЕРОПРИЯТИЯ С ДЕЦА; ВНОС НА АВТОМОБИЛИ; ТРАНСПОРТНА ДЕЙНОСТ; СПЕДИТОРСКИ УСЛУГИ; ПЪТНА ПОМОЩ; ТЪРГОВИЯ С АВТОЧАСТИ.",,"{""4. Изписване на чужд език"": ""DANIX 66 OOD"", ""5а. Адрес за кореспонденция с НАП на територията на страната"": ""Държава: БЪЛГАРИЯ\nОбласт: Варна, Община: Варна\nНаселено място: гр. Варна, п.к. 9000\nр-н Одесос\nбул./ул. ул. Тодор Влайков № 16А, ет. 3, ап. 6"", ""6а. Основна дейност по НКИД"": ""Група по НКИД: 9602\nКлас по НКИД: ФРИЗЬОРСКИ И КОЗМЕТИЧНИ УСЛУГИ"", ""7. Управители"": ""ДИМИТРИНКА СТОЯНОВА АЛЕКСАНДРОВА"", ""16. Срок на дружеството"": ""Начин, по който се определя срокът: БЕЗСРОЧНО"", ""19. Съдружници"": ""ДИМИТРИНКА СТОЯНОВА АЛЕКСАНДРОВА, Държава: БЪЛГАРИЯ, Размер на дяловото участие: 3000.00 лв.\nГЕРГАНА МИХАЙЛОВА ВАЩЕНКО, Държава: БЪЛГАРИЯ, Размер на дяловото участие: 1000.00 лв.\nВИОЛЕТА ТОДОРОВА ВАЩЕНКО, Държава: БЪЛГАРИЯ, Размер на дяловото участие: 900.00 лв.\nТОДОР МИХАЙЛОВ ВАЩЕНКО, Държава: БЪЛГАРИЯ, Размер на дяловото участие: 100.00 лв."", ""31. Размер"": ""2556.46 €"", ""32. Внесен капитал"": ""2556.46 €""}"
102831603,https://portal.registryagency.bg/CR/Reports/ActiveConditionTabResult?uic=102831603,"ЕТ ""ЕТТИ-ПЕСТКОНТРОЛ - ГЕОРГИ ЛАЗАРОВ""",27.09.2026г.,102831603,108/2003 210,ЕТТИ-ПЕСТКОНТРОЛ - ГЕОРГИ ЛАЗАРОВ,Едноличен търговец,БЪЛГАРИЯ,"Област: Бургас, Община: Несебър","с. Кошарица, п.к. 8224",,"ПОКУПКА НА СТОКИ ИЛИ ДРУГИ ВЕЩИ С ЦЕЛ ПРЕПРОДАЖБА В ПЪРВОНАЧАЛЕН, ПРЕРАБОТЕН ИЛИ ОБРАБОТЕН ВИД, ПРОДАЖБА НА СТОКИ ОТ СОБСТВЕНО ПРОИЗВОДСТВО, ТЪРГОВСКО ПРЕДСТАВИТЕЛСТВО И ПОСРЕДНИЧЕСТВО, КОМИСИОННИ, СПЕДИЦИОННИ И ПРЕВОЗНИ СДЕЛКИ, ВНОС И ИЗНОС, СКЛАДОВИ СДЕЛКИ, ЛИЦЕНЗИОННИ СДЕЛКИ, СТОКОВ КОНТРОЛ, ТРАНСПОРТНИ СДЕЛКИ, СПЕДИЦИЯ, СДЕЛКИ С ИНТЕЛЕКТУАЛНА СОБСТВЕНОСТ, МАГАЗИНЕРСТВО, РЕСТОРАНТЬОРСТВО, КАФЕТЕРИЯ, ХОТЕЛИЕРСКИ, ТУРИСТИЧЕСКИ, РЕКЛАМНИ, ИНФОРМАЦИОННИ, ПРОГРАМНИ, ИМПРЕСАРСКИ ИЛИ ДРУГИ УСЛУГИ, ПОКУПКА, СТРОЕЖ ИЛИ ОБЗАВЕЖДАНЕ НА НЕДВИЖИМИ ИМОТИ С ЦЕЛ ПРОДАЖБА, ЛИЗИНГ ДЕЗИНФЕКЦИЯ ДЕЗИНСЕКЦИЯ И ДЕРАТИЗАЦИЯ НА ТЪРГОВСКИ ПРОМИШЛЕНИ ОБЕКТИ И НАСЕЛЕНИ МЕСТА ИЗВЪРШВАНЕ НА ФУМИГАЦИОННА ДЕЙНОСТ НА СЕЛСКОСТОПАНСКИ ПРОДУКТИ И ОБЕКТИ С ПРЕПАРАТИ ЗА БОРБА С БИТОВИ ПАРАЗИТИ СЕЛСКОСТОПАНСКИ НЕПРИЯТЕЛИ И ГРИЗАЧИ ИЗПИТВАНЕ НА ВОДНИ ПРОБИ ОТ ОБЕКТИ ЗА КЪПАНЕ И СПОРТ ИЗВЪРШВАНЕ МОНИТОРИНГ И ИЗМЕРВАНЕ ФАКТОРИТЕ НА ОКОЛНАТА И РАБОТНА СРЕДА КОНСУЛТАЦИИ НА СЛУЖБИ ПО ТРУДОВА МЕДИЦИНА И БЕЗОПАСНОСТ НА ТРУДА ПРЕГЛЕД И РЕМОНТ НА ОГНЕСТРЕЛНО ОРЪЖИЕ СЛЕД СЪОТВЕТНОТО РАЗРЕШЕНИЕ ЗА ВСЯКА ДЕЙНОСТ ЗА КОЯТО СЕ ИЗИСКВА ТАКОВА.",ГЕОРГИ ЛАЗАРОВ ГЕОРГИЕВ,
102831610,https://portal.registryagency.bg/CR/Reports/ActiveConditionTabResult?uic=102831610,"""ТОТО КОМЕРС"" ООД",27.09.2026г.,102831610,126/2003 210,ТОТО КОМЕРС,Дружество с ограничена отговорност,БЪЛГАРИЯ,"Област: Бургас, Община: Бургас","гр. Бургас, п.к. 8000","ж.к. ""Лазур"", бл. 48, вх. В, ет. 2, ап. 6 Телефон: 0899898311","ПOKУПKA HA CTOKИ ИЛИ ДPУГИ BEЩИ C ЦEЛ ДA ГИ ПPEПPOДAДE B ПЪPBOHAЧAЛEH, ПPEPAБOTEH ИЛИ OБPAБOTEH BИД, ПPOДAЖБA HA CTOKИ OT COБCTBEHO ПPOИЗBOДCTBO, TЪPГOBCKO ПPEДCTABИTEЛCTBO И ПOCPEДHИЧECTBO HA MECTHИ И ЧУЖДECTPAHHИ ЛИЦA, KOMИCИOHHИ, CПEДИЦИOHHИ И ПPEBOЗHИ CДEЛKИ - ПPEBOЗ HA ПЪTHИЦИ И TOBAPИ, BAЛУTHИ CДEЛKИ, CKЛAДOBИ CДEЛKИ, ЛИЦEHЗИOHHИ CДEЛKИ, CTOKOB KOHTPOЛ, XOTEЛИEPCKИ, TУPИCTИЧECKИ, TУPOПEPATOPCKИ, PEKЛAMHИ, ИHФOPMAЦИOHHИ, ПPOГPAMHИ, ИMПPECAPCKИ, CЧETOBOДHИ ИЛИ ДPУГИ УCЛУГИ, BHOC, ИЗHOC И PEEKCПOPT HA CTOKИ И УCЛУГИ, ПOKУПKA, CTPOEЖ ИЛИ OБЗABEЖДAHE HA HEДBИЖИMИ ИMOTИ C ЦEЛ ПPOДAЖБA, ЛИЗИHГ.",,"{""7. Управители"": ""ТОШКО ИВАНОВ ИВАНОВ"", ""19. Съдружници"": ""ТОШКО ИВАНОВ ИВАНОВ, Държава: БЪЛГАРИЯ, Размер на дяловото участие: 2500.00 лв.\nРАДКА АТАНАСОВА ИВАНОВА, Държава: БЪЛГАРИЯ, Размер на дяловото участие: 2500.00 лв."", ""31. Размер"": ""2556.46 €"", ""32. Внесен капитал"": ""2556.46 €""}"
203375107,https://portal.registryagency.bg/CR/Reports/ActiveConditionTabResult?uic=203375107,"""АЛЕКС КАФЕ"" ЕООД",27.09.2026г.,203375107,,АЛЕКС КАФЕ,Еднолично дружество с ограничена отговорност,БЪЛГАРИЯ,"Област: София (столица), Община: Столична","гр. София, п.к. 1729","р-н Младост, ж.к. Младост 1А, бл. 534, вх. 1, ет. 4, ап. 17 Телефон: +359899838392, Адрес на електронна поща: grozdanovboyko@gmail.com","ХРАНИТЕЛНО - ВКУСОВА ПРОМИШЛЕНОСТ, РЕСТОРАНТЬОРСТВО, ЗАВЕДЕНИЯ ЗА БЪРЗО ХРАНЕНЕ И КАФЕТЕРИИ. ТЪРГОВСКА И ВЪНШНОТЪРГОВСКА ДЕЙНОСТ, ВКЛЮЧИТЕЛНО ЕКСПОРТ, ИМПОРТ, РЕЕКСПОРТ, БАРТЕРНИ СДЕЛКИ, СПЕЦИФИЧНИ ТЪРГОВСКИ ОПЕРАЦИИ, КОМИСИОННА И СКЛАДОВА ДЕЙНОСТ, ДИСТРИБУТОРСКА ДЕЙНОСТ, ТЪРГОВСКО ПРЕДСТАВИТЕЛСТВО И ПОСРЕДНИЧЕСТВО НА БЪЛГАРСКИ И ЧУЖДЕСТРАННИ ФИЗИЧЕСКИ И ЮРИДИЧЕСКИ ЛИЦА, МАРКЕТИНГ, ИЗКУПУВАНЕ НА СТОКИ ИЛИ ДРУГИ ВЕЩИ С ЦЕЛ ПРЕПРОДАЖБА В ПЪРВОНАЧАЛЕН, ПРЕРАБОТЕН ИЛИ ОБРАБОТЕН ВИД, ТРАНСПОРТНА И СПЕДИТОРСКА ДЕЙНОСТ В СТРАНАТА И В ЧУЖБИНА И ВСЯКАКВИ ДРУГИ ДЕЙНОСТИ И УСЛУГИ, НЕЗАБРАНЕНИ СЪС ЗАКОН.",,"{""4. Изписване на чужд език"": ""ALEX CAFE"", ""7. Управители"": ""БОЙКО СТОЯНОВ ГРОЗДАНОВ, Държава: БЪЛГАРИЯ"", ""23. Едноличен собственик на капитала"": ""БОЙКО СТОЯНОВ ГРОЗДАНОВ, Държава: БЪЛГАРИЯ"", ""31. Размер"": ""511.29 €"", ""32. Внесен капитал"": ""511.29 €""}"
203375114,https://portal.registryagency.bg/CR/Reports/ActiveConditionTabResult?uic=203375114,"""ДЕЛЬО 66"" ЕООД",27.09.2026г.,203375114,,ДЕЛЬО 66,Еднолично дружество с ограничена отговорност,БЪЛГАРИЯ,"Област: Пловдив, Община: Пловдив","гр. Пловдив, п.к. 4006","р-н Източен, бул./ул. УЛ.ЗЛАТОРОГ № 24, ет. 1, ап. 3 Телефон: escapebg@abv.bg","ПРОДАЖБА НА СТОКИ СОБСТВЕНО ПРОИЗВОДСТВО, ТЪРГОВСКО ПРЕДСТАВИТЕЛСТВО И ПОСРЕДНИЧЕСТВО, КОМИСИОННИ И ПРЕВОЗНИ СДЕЛКИ, СКЛАДОВИ СДЕЛКИ, ЛИЦЕНЗИОННИ СДЕЛКИ, СТОКОВ КОНТРОЛ, СДЕЛКИ С ИНТЕЛЕКТУАЛНА СОБСТВЕНОСТ, ХОТЕЛИЕРСКИ, ТУРИСТИЧЕСКИ, РЕСТОРАНТЬОРСКИ УСЛУГИ, ВЪНШНОТЪРГОВСКА ДЕЙНОСТ, ТЪРГОВИЯ С ХРАНИТЕЛНИ СТОКИ, ВЪНШНА И ВЪТРЕШНА ТЪРГОВИЯ, ВНОС, ИЗНОС, ТРАНСПОРТНА ДЕЙНОСТ, ПОКУПКА, СТРОЕЖ ИЛИ ОБЗАВЕЖДАНЕ НА НЕДВИЖИМИ ИМОТИ С ЦЕЛ ПРОДАЖБА, ЛИЗИНГ, МЕЖДУНАРОДНИ ПРЕВОЗИ И КОНСУЛТАНСКИ УСЛУГИ.",,"{""4. Изписване на чужд език"": ""DELIO 66"", ""6а. Основна дейност по НКИД"": ""Група по НКИД: 5610\nКлас по НКИД: ДЕЙНОСТ НА РЕСТОРАНТИ И ЗАВЕДЕНИЯ ЗА БЪРЗО ОБСЛУЖВАНЕ"", ""7. Управители"": ""ЕЛЕНКО ГЕОРГИЕВ ЙОРДАНОВ, Държава: БЪЛГАРИЯ"", ""23. Едноличен собственик на капитала"": ""ЕЛЕНКО ГЕОРГИЕВ ЙОРДАНОВ, Държава: БЪЛГАРИЯ"", ""31. Размер"": ""5.11 €"", ""32. Внесен капитал"": ""5.11 €""}"
203375121,https://portal.registryagency.bg/CR/Reports/ActiveConditionTabResult?uic=203375121,"""Релакс – Пепи Крушкова"" ЕООД",27.09.2026г.,203375121,,Релакс – Пепи Крушкова,Еднолично дружество с ограничена отговорност,БЪЛГАРИЯ,"Област: Пловдив, Община: Родопи","с. Брестник, п.к. 4107","бул./ул. ул. ""Хаджи Димитър"" № 3","Масажни и терапевтични услуги; физиотерапия, балнеотерапия и спа – услуги; услуги, свързани с антицелулитни процедури и ароматерапия; фризьорски услуги; гримьорство; маникюр, педикюр и ноктопластика; козметични услуги; производство, разпространение и търговия на едро и дребно с козметични продукти; рекламни услуги и производство, разпространение и търговия с рекламни материали; производство, разпространение и търговия с опаковки и опаковъчни изделия; покупка на стоки или други вещи с цел продажба в първоначален, преработен или обработен вид; продажба на стоки от собствено производство; преводаческа дейност; консултантски услуги; услуги, свързани с телекомуникациите; хотелиерски, туристически и информационни услуги; покупка, строеж и обзавеждане на недвижими имоти с цел продажба; търговско представителство и посредничество; сделки с интелектуална собственост; издателска и печатарска дейност, както и всяка друга търговска дейност, която не е забранена със закон при спазване на всички приложими регистрационни и/ или разрешителни режими",,"{""7. Управители"": ""Пенка Георгиева Крушкова, Държава: БЪЛГАРИЯ"", ""23. Едноличен собственик на капитала"": ""Пенка Георгиева Крушкова, Държава: БЪЛГАРИЯ"", ""31. Размер"": ""5.11 €"", ""32. Внесен капитал"": ""5.11 €""}"
206724927,https://portal.registryagency.bg/CR/Reports/ActiveConditionTabResult?uic=206724927,"""ДЖАМБО 66"" ЕООД",27.09.2026г.,206724927,,ДЖАМБО 66,Еднолично дружество с ограничена отговорност,БЪЛГАРИЯ,"Област: Велико Търново, Община: Велико Търново","гр. Велико Търново, п.к. 5000","бул./ул. ул. Георги Бенковски № 5, вх. А, ет. 5, ап. 14 Телефон: 0885335283","ТЪРГОВИЯ СЪС СТРОИТЕЛНИ МАТЕРИАЛИ; СТРОИТЕЛСТВО НА ЖИЛИЩНИ СГРАДИ; ТРАНСПОРТНИ УСЛУГИ В СТРАНАТА И ЧУЖБИНА; ПРОИЗВОДСТВО И РЕАЛИЗАЦИЯ НА ИЗДЕЛИЯ ОТ ДЪРВО И МЕТАЛ; ТЪРГОВИЯ С: ХРАНИТЕЛНИ И НЕХРАНИТЕЛНИ СТОКИ, МАШИНИ, СЪОРЪЖЕНИЯ, РЕЗЕРВНИ ЧАСТИ, АВТОМОБИЛИ; ВЪНШНОТЪРГОВСКА ДЕЙНОСТ; ПОСРЕДНИЧЕСКА ДЕЙНОСТ; ПРЕДСТАВИТЕЛСТВО И АГЕНТСТВО НА ФИЗИЧЕСКИ И ЮРИДИЧЕСКИ ЛИЦА В СТРАНАТА И В ЧУЖБИНА; РЕСТОРАНТЬОРСТВО, ХОТЕЛИЕРСТВО И ТУРОПЕРАТОРСКА ДЕЙНОСТ; ВЪТРЕШЕН И МЕЖДУНАРОДЕН ТУРИЗЪМ, И ДРУГИ ДЕЙНОСТИ И УСЛУГИ, НЕЗАБРАНЕНИ ОТ ЗАКОНА",,"{""4. Изписване на чужд език"": ""JAMBO 66 Ltd"", ""6а. Основна дейност по НКИД"": ""Група по НКИД: 4673\nКлас по НКИД: Търговия с материали за строителството"", ""7. Управители"": ""ВЕНЦИСЛАВ ИЛИЯНОВ ВЕСЕЛИНОВ, Държава: БЪЛГАРИЯ"", ""23. Едноличен собственик на капитала"": ""ВЕНЦИСЛАВ ИЛИЯНОВ ВЕСЕЛИНОВ, Държава: БЪЛГАРИЯ"", ""31. Размер"": ""5.11 €"", ""32. Внесен капитал"": ""5.11 €""}"
206724934,https://portal.registryagency.bg/CR/Reports/ActiveConditionTabResult?uic=206724934,"""КАРИНА ПРАЙС"" ООД",27.09.2026г.,206724934,,КАРИНА ПРАЙС,Дружество с ограничена отговорност,БЪЛГАРИЯ,"Област: Варна, Община: Варна","гр. Варна, п.к. 9000","р-н Одесос, бул./ул. Яребична № 5, ет. 2, ап. 5","ПОКУПКА НА СТОКИ ИЛИ ДРУГИ ВЕЩИ С ЦЕЛ ПРЕПРОДАЖБА В ПЪРВОНАЧАЛЕН, ПРЕРАБОТЕН ИЛИ ОБРАБОТЕН ВИД; ПРОДАЖБА И ТЪРГОВИЯ С АЛКОХОЛ, ЦИГАРИ, ТЮТЮНЕВИ И ЗАХАРНИ ИЗДЕЛИЯ; ПРОДАЖБА НА СТОКИ ОТ СОБСТВЕНО ПРОИЗВОДСТВО; ТЪРГОВСКО ПРЕДСТАВИТЕЛСТВО И ПОСРЕДНИЧЕСТВО; КОМИСИОННИ, СПЕДИЦИОННИ И ПРЕВОЗНИ СДЕЛКИ; СКЛАДОВИ СДЕЛКИ; СТОКОВ КОНТРОЛ; ХОТЕЛИЕРСКИ, ТУРИСТИЧЕСКИ, РЕКЛАМНИ, МАРКЕТИНГОВИ, РЕСТОРАНТЬОРСКИ, ИНФОРМАЦИОННИ, ИМПРЕСАРСКИ, ПРОЕКТАНТСКИ И ВСЯКАКЪВ ВИД ДРУГИ УСЛУГИ; ТЪРГОВИЯ НА ЕДРО И НА ДРЕБНО; ПОКУПКА, СТРОЕЖ ИЛИ ОБЗАВЕЖДАНЕ НА НЕДВИЖИМИ ИМОТИ С ЦЕЛ ПРОДАЖБА; ИЗДАТЕЛСКА ДЕЙНОСТ; ОРГАНИЗИРАНЕ, ПЛАНИРАНЕ И ДИЗАЙН НА СВАТБЕНИ, ФИРМЕНИ, СЕМЕЙНИ И ВСЯКАКВИ ТЪРЖЕСТВА; КАКТО И ВСЯКАКВА ДРУГА ДЕЙНОСТ, НЕЗАБРАНЕНА ОТ ЗАКОНА, А КОГАТО ИМА РЕГИСТРАЦИОНЕН ИЛИ РАЗРЕШИТЕЛЕН РЕЖИМ – СЛЕД ИЗВЪРШВАНЕТО НА РЕГИСТРАЦИЯТА, СЪОТВЕТНО – СЛЕД ПОЛУЧАВАНЕТО НА СЪОТВЕТНОТО РАЗРЕШЕНИЕ ИЛИ ЛИЦЕНЗ.",,"{""7. Управители"": ""ГЮЛБИЕ РАМИС САФИ, Държава: БЪЛГАРИЯ\nЮЛВИЕ РАМИС САФИ, Държава: БЪЛГАРИЯ"", ""11. Начин на представляване"": ""по друг начин:\nзаедно и поотделно"", ""19. Съдружници"": ""ГЮЛБИЕ РАМИС САФИ, Държава: БЪЛГАРИЯ, Размер на дяловото участие: 1.00 лв.\nЮЛВИЕ РАМИС САФИ, Държава: БЪЛГАРИЯ, Размер на дяловото участие: 1.00 лв."", ""31. Размер"": ""1.02 €"", ""32. Внесен капитал"": ""1.02 €""}"
206724941,https://portal.registryagency.bg/CR/Reports/ActiveConditionTabResult?uic=206724941,"""БРИТА 67"" ЕООД",27.09.2026г.,206724941,,БРИТА 67,Еднолично дружество с ограничена отговорност,БЪЛГАРИЯ,"Област: Варна, Община: Девня","гр. Девня, п.к. 9160","ж.к. кв.Девня, бул./ул. * № 2, бл. *, вх. В, ет. 3, ап. 37","Търговско представителство и посредничество; сделки с интелектуална собственост; компютърни услуги; софтуерни услуги; програмни и др. услуги. Търговска дейност в страната и чужбина. Покупка на стоки или други вещи с цел продажба в първоначален, преработен или обработен вид. Услуги в областта на администрацията, бита, промишлеността, селското стопанство, комисионни, спедиторски и превозни сделки. Ресторантьорство, хотелиерски, туристически, рекламни, информационни, програмни или други услуги. Покупка, строеж и обзавеждане на недвижими имоти с цел продажба, посредническа дейност за недвижими имоти и наемни отношения. Предоставяне на всякакъв вид услуги на населението. Както и всякакви други дейности и услуги не забранени от закона или друг нормативен акт, или след издаване на съответния лиценз.",,"{""4. Изписване на чужд език"": ""\""BRITA 67\"" LTD"", ""7. Управители"": ""Бисерка Танчева Монева, Държава: БЪЛГАРИЯ"", ""23. Едноличен собственик на капитала"": ""Бисерка Танчева Монева, Държава: БЪЛГАРИЯ"", ""31. Размер"": ""25.56 €"", ""32. Внесен капитал"": ""25.56 €""}"
201463569,https://portal.registryagency.bg/CR/Reports/ActiveConditionTabResult?uic=201463569,"""ДЖИЕЛ 66"" ЕООД",27.09.2026г.,201463569,,ДЖИЕЛ 66,Еднолично дружество с ограничена отговорност,БЪЛГАРИЯ,"Област: София, Община: Елин Пелин","с. Елин Пелин, п.к. 2109",бул./ул. Марица № 5,"Търговия – вътрешна и външна, търговия с твърди горива, дистрибуторство, спедиция, посредническа дейност, производство на екопелети, както и всякаква друга дейност, незабранена със закон.",,"{""4. Изписване на чужд език"": ""JL 66"", ""7. Управители"": ""ЮЛИАН ГЕОРГИЕВ ЦЕНЕВ, Държава: БЪЛГАРИЯ"", ""23. Едноличен собственик на капитала"": ""ЮЛИАН ГЕОРГИЕВ ЦЕНЕВ, Държава: БЪЛГАРИЯ"", ""31. Размер"": ""1.02 €"", ""32. Внесен капитал"": ""1.02 €""}"
202644113,https://portal.registryagency.bg/CR/Reports/ActiveConditionTabResult?uic=202644113,"""КОПЕРНИК ТЕХНОЛОДЖИ"" ЕООД",27.09.2026г.,202644113,,КОПЕРНИК ТЕХНОЛОДЖИ,Еднолично дружество с ограничена отговорност,БЪЛГАРИЯ,"Област: София (столица), Община: Столична","гр. София, п.к. 1700","р-н Студентски, бул./ул. ПРОФ. ХР. ВАКАРЕЛСКИ № 13А, вх. 2 Телефон: 02/9620033","ПРОИЗВОДСТВО И ТЪРГОВИЯ НА МАШИНИ, ДЕТАЙЛИ И ВЪЗЛИ ЗА МАШИНОСТРОЕНЕТО; ВЪТРЕШНА И ВЪНШНА ТЪРГОВИЯ; ПРЕДСТАВИТЕЛСТВО, ПОСРЕДНИЧЕСТВО И АГЕНТСТВО НА МЕСТНИ И ЧУЖДИ ФИЗИЧЕСКИ И ЮРИДИЧЕСКИ ЛИЦА; ТРАНСПОРТНА И СПЕДИТОРСКА ДЕЙНОСТ В СТРАНАТА И В ЧУЖБИНА; ПРОИЗВОДСТВО И ТЪРГОВИЯ С ПРОМИШЛЕНИ СТОКИ, СТОКИ ЗА БИТА, ХРАНИТЕЛНИ И СЕЛСКОСТОПАНСКИ СТОКИ, КАКТО И ВСИЧКИ ДРУГИ ДЕЙНОСТИ НЕЗАБРАНЕНИ ОТ ЗАКОНА.",,"{""4. Изписване на чужд език"": ""KOPERNIK TECHNOLOGY"", ""7. Управители"": ""ЕРИК ФРАНСОА ВИДЕЕМ, Държава: ФРАНЦИЯ"", ""23. Едноличен собственик на капитала"": ""ЕРИК ФРАНСОА ВИДЕЕМ, Държава: ФРАНЦИЯ"", ""31. Размер"": ""511.29 €"", ""32. Внесен капитал"": ""511.29 €""}"
202644120,https://portal.registryagency.bg/CR/Reports/ActiveConditionTabResult?uic=202644120,"""ПАВЛОВА ПАТЕНТ"" ЕООД",27.09.2026г.,202644120,,ПАВЛОВА ПАТЕНТ,Еднолично дружество с ограничена отговорност,БЪЛГАРИЯ,"Област: София (столица), Община: Столична","гр. София, п.к. 1111","р-н Слатина, бул./ул. ул. Елисавета Багряна, бл. 31, ап. 1","СДЕЛКИ С ИНДУСТРИАЛНА СОБСТВЕНОСТ; КОНСУЛТАНТСКА И РЕКЛАМНА ДЕЙНОСТ; ИМПОРТ И ЕКСПОРТ; ТЪРГОВИЯ НА ЕДРО И ДРЕБНО С ВСИЧКИ ВИДОВЕ СТОКИ И УСЛУГИ; СТРОИТЕЛНА И СТРОИТЕЛНО-МОНТАЖНА ДЕЙНОСТ; КОМИСИОННА, СПЕДИЦИОННА И ПРЕВОЗНА ДЕЙНОСТ; ТЪРГОВСКО ПРЕДСТАВИТЕЛСТВО И ПОСРЕДНИЧЕСТВО; ОСЪЩЕСТВЯВАНЕТО НА ВСЯКАКВА ДРУГА ТЪРГОВСКА ДЕЙНОСТ, НЕЗАБРАНЕНА ОТ ЗАКОНА, ПРИ СПАЗВАНЕ НА ВСИЧКИ ПРИЛОЖИМИ РАЗРЕШИТЕЛНИ И ЛИЦЕНЗИОННИ РЕЖИМИ.",,"{""4. Изписване на чужд език"": ""PAVLOVA PATENT"", ""7. Управители"": ""Силва Павлова Павлова, Държава: БЪЛГАРИЯ"", ""23. Едноличен собственик на капитала"": ""Силва Павлова Павлова, Държава: БЪЛГАРИЯ"", ""31. Размер"": ""25.56 €"", ""32. Внесен капитал"": ""25.56 €""}"
202644138,https://portal.registryagency.bg/CR/Reports/ActiveConditionTabResult?uic=202644138,"""ДИВА 66"" ЕООД",27.09.2026г.,202644138,,ДИВА 66,Еднолично дружество с ограничена отговорност,БЪЛГАРИЯ,"Област: София (столица), Община: Столична","гр. София, п.к. 1756","р-н Студентски, бул./ул. ул.Овчаренски водопад № 4, ет. 1, ап. 5","Фризьорски услуги, козметика, маникюр, търговия с авточасти и автомобили, търговия с алкохол и цигари (след лиценз), покупка на стоки или други вещи с цел препродажба в първоначален, преработен или обработен вид, внос, износ, продажба на стоки от собствено производство, търговско представителство и посредничество на български и чуждестранни физически и юридически лица, включително посреднически услуги при покупко-продажба, замяна и отдаване под наем на недвижими имоти, комисионни, спедиционни и превозни сделки, складови сделки, сделки с интелектуална собственост, хотелиерски, туристически, рекламни, информационни, програмни, импресарски или други услуги, консултанска дейност, покупка, строеж или обзавеждане на недвижими имоти с цел продажба и всяка друга дейност, която по предмет и обем изисква да бъде извършвана по търговски начин и не е забранена за осъществяване от българското законодателство, дори и да не е изброена по-горе.",,"{""4. Изписване на чужд език"": ""DIVA 66 LTD."", ""7. Управители"": ""НАДЯ ГЕОРГИЕВА КРЪСТАНОВА, Държава: БЪЛГАРИЯ"", ""23. Едноличен собственик на капитала"": ""НАДЯ ГЕОРГИЕВА КРЪСТАНОВА, Държава: БЪЛГАРИЯ"", ""31. Размер"": ""1.02 €"", ""32. Внесен капитал"": ""1.02 €""}"
103050244,https://portal.registryagency.bg/CR/Reports/ActiveConditionTabResult?uic=103050244,"ЕТ ""АЛБЕНА-75 - ПЕТЪР НАКОВ"" - Заличен търговец/ЮЛНЦ",27.09.2026г.,,,,,,,,,,,"{""27. Заличаване на търговеца/ЮЛНЦ"": ""Заличен търговец/ЮЛНЦ""}"
119620621,https://portal.registryagency.bg/CR/Reports/ActiveConditionTabResult?uic=119620621,"ЕТ ""МНГ - НИКОЛАЙ МИХОВ"" - Заличен търговец/ЮЛНЦ",27.09.2026г.,,,,,,,,,,,"{""27. Заличаване на търговеца/ЮЛНЦ"": ""Заличен търговец/ЮЛНЦ""}"
200048965,https://portal.registryagency.bg/CR/Reports/ActiveConditionTabResult?uic=200048965,"""ЕРА СТРОЙ"" ЕООД",27.09.2026г.,200048965,,ЕРА СТРОЙ,Еднолично дружество с ограничена отговорност,БЪЛГАРИЯ,"Област: Кюстендил, Община: Кюстендил","с. Соволяно, п.к. 2547",бул./ул. Пионер № 6 Адрес на електронна поща: era_stoja@abv.bg,"СТРОИТЕЛСТВО, СТРОИТЕЛНИ РЕМОНТИ, ПОКУПКА И ОБЗАВЕЖДАНЕ НА НЕДВИЖИМИ ИМОТИ, ПОСРЕДНИЧЕСКА И КОНСУЛТАНТСКА ДЕЙНОСТ И ВСЯКА ДЕЙНОСТ НЕЗАБРАНЕНА ОТ ЗАКОН.",,"{""4. Изписване на чужд език"": ""ERA STROI LTD"", ""5а. Адрес за кореспонденция с НАП на територията на страната"": ""Държава: БЪЛГАРИЯ\nОбласт: Кюстендил, Община: Кюстендил\nНаселено място: с. Соволяно, п.к. 2547\nбул./ул. Пионер № 6"", ""6а. Основна дейност по НКИД"": ""Група по НКИД: 46.90\nКлас по НКИД: Неспециализирана търговия на едро"", ""7. Управители"": ""ЛЮДМИЛ СТОЙНЕВ ВАСЕВ, Държава: БЪЛГАРИЯ"", ""11. Начин на представляване"": """", ""23. Едноличен собственик на капитала"": ""ЛЮДМИЛ СТОЙНЕВ ВАСЕВ, Държава: БЪЛГАРИЯ"", ""31. Размер"": ""2556.46 €"", ""32. Внесен капитал"": ""2556.46 €""}"
200048972,https://portal.registryagency.bg/CR/Reports/ActiveConditionTabResult?uic=200048972,"ЕТ ""ДИЯНА 66 - ДАНУЦ БУТУЗА"" - Заличен търговец/ЮЛНЦ",27.09.2026г.,,,,,,,,,,,"{""27. Заличаване на търговеца/ЮЛНЦ"": ""Заличен търговец/ЮЛНЦ""}"
201573186,https://portal.registryagency.bg/CR/Reports/ActiveConditionTabResult?uic=201573186,"""ТЕКАСИ"" АД - Заличен търговец/ЮЛНЦ",27.09.2026г.,,,,,,,,,,,"{""27. Заличаване на търговеца/ЮЛНЦ"": ""Заличен търговец/ЮЛНЦ""}"
131173542,https://portal.registryagency.bg/CR/Reports/ActiveConditionTabResult?uic=131173542,"""КРАШ 2000"" ООД",27.09.2026г.,131173542,11873/2003 110,КРАШ 2000,Дружество с ограничена отговорност,БЪЛГАРИЯ,"Област: София (столица), Община: Столична","гр. София, п.к. 1124","р-н Оборище, бул./ул. бул.""Евлоги Георгиев"" № 76, вх. А, ет. 1, ап. 2","Производство, търговия в страната и чужбина, посредничество и представителство на физическите и юридическите лица в страната и чужбина, пълни туристически, транспортни или таксиметрови услуги в страната и чужбина с лични и фирмени леки коли, лекотоварни и товарни автомобили, пълна вътрешнотърговска и външнотърговска дейност в страната и чужбина, бартерни сделки, реекспорт, предприемаческа дейност, туристическа дейност, счетоводни услуги, строително-монтажна дейност, включително изграждане на обекти и предаването им под ключ, търговия, посредничество при продажба на недвижими имоти, рекламна, извършване на всякаква разрешена от закона дейност.",,"{""7. Управители"": ""ЕМИЛ ЕМИЛОВ ИВАНОВ"", ""19. Съдружници"": ""ЕМИЛ ЕМИЛОВ ИВАНОВ\nБАХТИШЕН ЕХЛИМАНОВА КАЗАНДЖИЕВА\nНИЯ КРИСТАЛЕНОВА БЕЛЧЕВА\nДАНИЕЛА СПАСОВА ПЕТРОВА"", ""31. Размер"": ""2556.46 €"", ""32. Внесен капитал"": ""2556.46 €""}"
124111412,https://portal.registryagency.bg/CR/Reports/ActiveConditionTabResult?uic=124111412,"ЕТ ""ВАНИ - ЯНКА ВАСИЛЕВА"" - Заличен търговец/ЮЛНЦ",27.09.2026г.,,,,,,,,,,,"{""27. Заличаване на търговеца/ЮЛНЦ"": ""Заличен търговец/ЮЛНЦ""}"
124111429,https://portal.registryagency.bg/CR/Reports/ActiveConditionTabResult?uic=124111429,"ЕТ ""ОПТИКА 97 - СТОЯНКА МИЛЕВА""",27.09.2026г.,124111429,824/1997 320,ОПТИКА 97 - СТОЯНКА МИЛЕВА,Едноличен търговец,БЪЛГАРИЯ,"Област: Добрич, Община: Добрич","гр. Добрич, п.к. 9300",бул./ул. ул. КИРИЛ И МЕТОДИЙ 6 вх.А ет.2 ап.3 Телефон: 823844,"ТЪРГОВИЯ С ОЧНА ОПТИКА, СЛУХОВИ АПАРАТИ, ДИАГНОСТИЧНИ СРЕДСТВА, ВСИЧКИ ВИДОВЕ ОПТИЧЕСКИ УСЛУГИ, ВКЛЮЧИТЕЛНО НАПРАВА И РЕМОНТ НА СЛУХОВИ АПАРАТИ, ТЪРГОВИЯ СЪС СРЕДСТВА ЗА ОПАЗВАНЕ НА ЧОВЕШКОТО ЗДРАВЕ, ПОКУПКА НА СТОКИ ИЛИ ДРУГИ ВЕЩИ С ЦЕЛ ПРОДАЖБА В ПЪРВОНАЧАЛЕН, ПРЕРАБОТЕН ИЛИ ОБРАБОТЕН ВИД, ПРОИЗВОДСТВО НА СТОКИ ОТ СОБСТВЕНО ПРОИЗВОДСТВО, ТЪРГОВСКО ПРЕДСТАВИТЕЛСТВО И ПОСРЕДНИЧЕСТВО, КОМИСИОННИ, СПЕДИЦИОННИ И ПРЕВОЗНИ СДЕЛКИ, СКЛАДОВИ СДЕЛКИ, ЛИЦЕНЗИОННИ СДЕЛКИ, СТОКОВ КОНТРОЛ, СДЕЛКИ С ИНТЕЛЕКТУАЛНА СОБСТВЕНОСТ, ХОТЕЛИЕРСКИ, ТУРИСТИЧЕСКИ, РЕКЛАМНИ, ИНФОРМАЦИОННИ, ПРОГРАМНИ, ИМПРЕСАРСКИ ИЛИ ДРУГИ УСЛУГИ, ПОКУПКА, СТРОЕЖ ИЛИ ОБЗАВЕЖДАНЕ НА НЕДВИЖИМИ ИМОТИ С ЦЕЛ ПРОДАЖБА.",СТОЯНКА САВОВА МИЛЕВА,"{""4. Изписване на чужд език"": ""OPTIKA - 97 - STOYANKA MILEVA""}"
124111437,https://portal.registryagency.bg/CR/Reports/ActiveConditionTabResult?uic=124111437,"ЕТ ""ДРАГОМИР АНГЕЛОВ - ДРАГО 66""",27.09.2026г.,124111437,252/1996 320,ДРАГОМИР АНГЕЛОВ - ДРАГО 66,Едноличен търговец,БЪЛГАРИЯ,"Област: Добрич, Община: Добрич","гр. Добрич, п.к. 9300",бул./ул. ул. АЛЕН МАК № 20,"ТУРИЗЪМ, ХОТЕЛИЕРСТВО,ПОЧИВНО ДЕЛО,ПРОГРАМНА,ИМПРЕСАРСКА ДЕЙНОСТ, РЕСТОРАНТЬОРСТВО,ЕКСПЛОАТАЦИЯ НА ПИТЕЙНИ ЗАВЕДЕНИЯ, ЗАВЕДЕНИЯ ЗА РАЗВЛЕЧЕНИЯ, АТРАКЦИИ И ОБЩЕСТВЕНО ХРАНЕНЕ, ПРОИЗВОДСТВО И ТЪРГОВИЯ С АЛКОХОЛНИ И БЕЗАЛКОХОЛНИ НАПИТКИ /СЛЕД ПОЛУЧАВАНЕ НА ЛИЦЕНЗ/,КАФЕ И ДР.,ТЪРГОВСКО ПОСРЕДНИЧЕСТВО И ПРЕДСТАВИТЕЛСТВО,ТЪРГОВИЯ С ХРАНИТЕЛНИ И ПРОМИШЛЕНИ СТОКИ, ПРОДУКЦИЯ НА СЕЛСКОТО СТОПАНСТВО,ЛЕКАТА И ТЕЖКА ПРОМИШЛЕНОСТ И МАШИНОСТРОЕНЕТО,ВНОС И ИЗНОС,СТРОИТЕЛСТВО И РЕМОНТ НА ВСЯКАКВА ТЕХНИКА С БИТОВО И ПРОИЗВОДСТВЕНО ПРЕДНАЗНАЧЕНИЕ, ВКЛ.АВТОСЕРВИЗ, ОТДАВАНЕ НА АВТОМОБИЛИ,ВИДЕО И АУДИО КАСЕТИ И ДРУГИ ВЕЩИ ПОД НАЕМ, ВИДЕО И ЗВУКОЗАПИС,ПРОИЗВОДСТВО НА МЕБЕЛИ,УСЛУГИ ЗА НАСЕЛЕНИЕТО.",ДРАГОМИР КИРИЛОВ АНГЕЛОВ,
206734378,https://portal.registryagency.bg/CR/Reports/ActiveConditionTabResult?uic=206734378,"""Вертиккал Консулт"" ЕООД",27.09.2026г.,206734378,,Вертиккал Консулт,Еднолично дружество с ограничена отговорност,БЪЛГАРИЯ,"Област: София (столица), Община: Столична","гр. София, п.к. 1172","р-н Изгрев, бул./ул. СВ.ПИМЕН ЗОГРАФСКИ № 17, вх. А, ет. 4, ап. 9","Разработка на софтуер, консултантски услуги в сферата на ИТ, продажба и посредническа дейност при продажба на специализиран софтуер, търговско представителство на други компании, както и всяка друга дейност, незабранена от действащото законодателство.",,"{""4. Изписване на чужд език"": ""Verticcal Consult"", ""5а. Адрес за кореспонденция с НАП на територията на страната"": ""Държава: БЪЛГАРИЯ\nОбласт: София (столица), Община: Столична\nНаселено място: гр. София, п.к. 1172\nр-н Изгрев\nбул./ул. СВ.ПИМЕН ЗОГРАФСКИ № 17, вх. a, ет. 4, ап. 9"", ""6а. Основна дейност по НКИД"": ""Група по НКИД: 62.02\nКлас по НКИД: Консултантска дейност по информационни технологии"", ""7. Управители"": ""РОСЕН ХРИСТОВ ДАНЕВ, Държава: БЪЛГАРИЯ"", ""23. Едноличен собственик на капитала"": ""РОСЕН ХРИСТОВ ДАНЕВ, Държава: БЪЛГАРИЯ"", ""31. Размер"": ""511.29 €"", ""32. Внесен капитал"": ""511.29 €""}"
202924542,https://portal.registryagency.bg/CR/Reports/ActiveConditionTabResult?uic=202924542,"""Болкан Биомас Компани"" ЕООД",27.09.2026г.,202924542,,Болкан Биомас Компани,Еднолично дружество с ограничена отговорност,БЪЛГАРИЯ,"Област: София (столица), Община: Столична","гр. София, п.к. 1000","р-н Младост, ж.к. МЛАДОСТ 2, бл. 223, вх. 9, ет. 5, ап. 127","покупка на стоки или други вещи с цел да ги препродаде в първоначален, преработен или обработен вид; продажба на стоки от собствено производство; търговско представителство и посредничество; комисионни, спедиционни и превозни сделки в страната и чужбина; лицензионни сделки; складови сделки; сделки с интелектуална собственост; хотелиерски, ресторантьорски, туристически, рекламни, информационни, програмни, импресарски услуги; внос и износ на стоки; строителство, проектиране, ремонт, модернизация и реконструкция на промишлени и жилищни сгради и други строителни обекти в страната и чужбина, услуги със строителна техника, придобиване на недвижими имоти (жилищни и нежилищни сгради), вкл. ограничени вещни права върху тях, с цел ползване, продажба, лизинг, отдаване под наем, замяна и лизинг, както и всяка друга дейност незабранена от закона.",,"{""4. Изписване на чужд език"": ""Balkan Biomass Company Ltd"", ""5а. Адрес за кореспонденция с НАП на територията на страната"": ""Държава: БЪЛГАРИЯ\nОбласт: София (столица), Община: Столична\nНаселено място: гр. София, п.к. 1000\nр-н Младост\nж.к. МЛАДОСТ 2, бл. 223, вх. 9, ет. 5, ап. 127"", ""7. Управители"": ""БОРИСЛАВ ВИДИНОВ ДАСКАЛОВ, Държава: БЪЛГАРИЯ"", ""23. Едноличен собственик на капитала"": ""БОРИСЛАВ ВИДИНОВ ДАСКАЛОВ, Държава: БЪЛГАРИЯ"", ""31. Размер"": ""5.11 €"", ""32. Внесен капитал"": ""5.11 €""}"
202924552,https://portal.registryagency.bg/CR/Reports/ActiveConditionTabResult?uic=202924552,"""ВЕЛИНОВ СТРОЙ КОМЕРС"" ЕООД",27.09.2026г.,202924552,,ВЕЛИНОВ СТРОЙ КОМЕРС,Еднолично дружество с ограничена отговорност,БЪЛГАРИЯ,"Област: София (столица), Община: Столична","гр. София, п.к. 1612","р-н Красно село, ж.к. Хиподрума, бл. 142, вх. А, ет. 1","СТРОИТЕЛСТВО, ПРОЕКТИРАНЕ, СТРОИТЕЛНО-РЕМОНТНИ ДЕЙНОСТИ, ИНЖЕНЕРИНГ, КОНСУЛТАНТСКА ДЕЙНОСТ И ПОСРЕДНИЧЕСТВО В СФЕРАТА НА СТРОИТЕЛСТВОТО, СДЕЛКИ С НЕДВИЖИМИ ИМОТИ, ВЪТРЕШНА И ВЪНШНА ТЪРГОВИЯ, ТЪРГОВСКО ПОСРЕДНИЧЕСТВО И ПРЕДСТАВИТЕЛСТВО, КАКТО И ВСИЧКИ ДРУГИ ДЕЙНОСТИ, НЕЗАБРАНЕНИ ОТ ЗАКОНА.",,"{""4. Изписване на чужд език"": ""VELINOV STROY COMMERCE"", ""7. Управители"": ""АНТОН ДОБРЕВ ВЕЛИНОВ, Държава: БЪЛГАРИЯ"", ""23. Едноличен собственик на капитала"": ""АНТОН ДОБРЕВ ВЕЛИНОВ, Държава: БЪЛГАРИЯ"", ""31. Размер"": ""5.11 €"", ""32. Внесен капитал"": ""5.11 €""}"
204274698,https://portal.registryagency.bg/CR/Reports/ActiveConditionTabResult?uic=204274698,"""БУСГЛОБАЛ БЪЛГАРИЯ"" ООД",27.09.2026г.,204274698,,БУСГЛОБАЛ БЪЛГАРИЯ,Дружество с ограничена отговорност,БЪЛГАРИЯ,"Област: София (столица), Община: Столична","гр. София, п.к. 1138","р-н Панчарево, бул./ул. бул.Цариградско шосе № 198","Търговия, импорт, експорт, транспорт, логистика; търговско представителство и посредничество във връзка с осъществяваната от дружеството дейност; всякаква друга стопанска дейност, незабранена от закона.",,"{""4. Изписване на чужд език"": ""BUSGLOBAL BULGARIA Ltd."", ""19. Съдружници"": ""Франческо Палмизано, Държава: ИТАЛИЯ, Размер на дяловото участие: 51.00 лв.\nАндрей Атанасов Колаков, Държава: БЪЛГАРИЯ, Размер на дяловото участие: 49.00 лв."", ""31. Размер"": ""51.13 €"", ""32. Внесен капитал"": ""51.13 €""}"
130492505,https://portal.registryagency.bg/CR/Reports/ActiveConditionTabResult?uic=130492505,"""ФОНДАЦИЯ ""ХРИСТОФОРОС"""" Фондация - Заличен търговец/ЮЛНЦ",27.09.2026г.,,,,,,,,,,,"{""27. Заличаване на търговеца/ЮЛНЦ"": ""Заличен търговец/ЮЛНЦ""}"
204414068,https://portal.registryagency.bg/CR/Reports/ActiveConditionTabResult?uic=204414068,"""МИТИ 2014"" ЕООД",27.09.2026г.,204414068,,МИТИ 2014,Еднолично дружество с ограничена отговорност,БЪЛГАРИЯ,"Област: Стара Загора, Община: Стара Загора","гр. Стара Загора, п.к. 6000","ж.к. ТРИ ЧУЧУРА №61, ет. 10, ап. 70 Телефон: 0897904454, Адрес на електронна поща: miti_st@abv.bg","Покупка на стоки или други вещи с цел препродажба в първоначален, преработен или обработен вид, продажба на стоки собствено производство, вътрешна и външна търговия, търговско представителство и посредничество на местни и чуждестранни физически и юридически лица, извършване на електронна търговия, фризьорски и козметични услуги, рекламни, импресарски, маркетингови, информационни и програмни и други услуги, транспортна дейност, хотелиерство и ресторантьорство, туризъм, както и всички други дейности не забранени от закона или които се водят по търговски начин съгласно чл. 1 ал. 3 от ТЗ след издаване на съответен лиценз. При разрешителен режим- след издаване на разрешение.",,"{""4. Изписване на чужд език"": ""MITI 2014 LTD"", ""5а. Адрес за кореспонденция с НАП на територията на страната"": ""Държава: БЪЛГАРИЯ\nОбласт: Стара Загора, Община: Стара Загора\nНаселено място: гр. Стара Загора, п.к. 6000\nж.к. ТРИ ЧУЧУРА №61, ет. 10, ап. 70"", ""6а. Основна дейност по НКИД"": ""Група по НКИД: 4711\nКлас по НКИД: ТЪРГОВИЯ НА ДРЕБНО В НЕСПЕЦИАЛИЗИРАНИ МАГАЗИНИ"", ""7. Управители"": ""СТАМО МИТЕВ МИТЕВ, Държава: БЪЛГАРИЯ"", ""23. Едноличен собственик на капитала"": ""СТАМО МИТЕВ МИТЕВ, Държава: БЪЛГАРИЯ"", ""31. Размер"": ""511.00 €"", ""32. Внесен капитал"": ""511.00 €""}"
205780677,https://portal.registryagency.bg/CR/Reports/ActiveConditionTabResult?uic=205780677,"""КОТАНТИ"" ЕООД",27.09.2026г.,205780677,,КОТАНТИ,Еднолично дружество с ограничена отговорност,БЪЛГАРИЯ,"Област: София (столица), Община: Столична","гр. София, п.к. 1504","р-н Оборище, бул./ул. Марин Дринов № 31","Търговия и производство на различни видове стоки, външна търговия, посредническа дейност, внос и износ, международен и вътрешен транспорт, туризъм, ресторантьорство и хотелиерство, покупка, строеж и сделки с недвижими имоти, сервизна дейност, консултантска и рекламна дейност и различни видове услуги, както и всяка друга дейност незабранена от закона.",,"{""4. Изписване на чужд език"": ""KOTANTI"", ""7. Управители"": ""ИНО ЛЮБОМИРОВ ВАСИЛЕВ, Държава: БЪЛГАРИЯ"", ""23. Едноличен собственик на капитала"": ""ИНО ЛЮБОМИРОВ ВАСИЛЕВ, Държава: БЪЛГАРИЯ"", ""31. Размер"": ""1.02 €"", ""32. Внесен капитал"": ""1.02 €""}"
205780684,https://portal.registryagency.bg/CR/Reports/ActiveConditionTabResult?uic=205780684,"""ПЕРИЕРО"" ЕООД",27.09.2026г.,205780684,,ПЕРИЕРО,Еднолично дружество с ограничена отговорност,БЪЛГАРИЯ,"Област: София (столица), Община: Столична","гр. София, п.к. 1124","р-н Средец, бул./ул. ул. Крали Марко № 12","Търговия и производство на различни видове стоки, външна търговия, посредническа дейност, внос и износ, международен и вътрешен транспорт, туризъм, ресторантьорство и хотелиерство, покупка, строеж и сделки с недвижими имоти, сервизна дейност, консултантска и рекламна дейност и различни видове услуги, както и всяка друга дейност незабранена от закона.",,"{""4. Изписване на чужд език"": ""PERIERO"", ""7. Управители"": ""ИНО ЛЮБОМИРОВ ВАСИЛЕВ, Държава: БЪЛГАРИЯ"", ""23. Едноличен собственик на капитала"": ""ИНО ЛЮБОМИРОВ ВАСИЛЕВ, Държава: БЪЛГАРИЯ"", ""31. Размер"": ""1.02 €"", ""32. Внесен капитал"": ""1.02 €""}"
205780691,https://portal.registryagency.bg/CR/Reports/ActiveConditionTabResult?uic=205780691,"""ЕЛБИ 66"" ЕООД",27.09.2026г.,205780691,,ЕЛБИ 66,Еднолично дружество с ограничена отговорност,БЪЛГАРИЯ,"Област: Габрово, Община: Севлиево","с. Градница, п.к. 5439",бул./ул. ул. АЛЕКО КОНСТАНТИНОВ № 27,"ПОКУПКА НА СТОКИ ИЛИ ДРУГИ ВЕЩИ С ЦЕЛ ПРЕПРОДАЖБА В ПЪРВОНАЧАЛЕН, ПРЕРАБОТЕН ИЛИ ОБРАБОТЕН ВИД В СТРАНАТА ИЛИ ЧУЖБИНА, ПРОИЗВОДСТВО НА СТОКИ С ЦЕЛ ПРОДАЖБА В СТРАНАТА И ЧУЖБИНА, СДЕЛКИ С ИНТЕЛЕКТУАЛНАТА СОБСТВЕНОСТ, ПОСРЕДНИЧЕСКА ДЕЙНОСТ И УСЛУГИ В СТРАНАТА И ЧУЖБИНА, КАКТО И ВСЯКАКЪВ ВИД ДЕЙНОСТ И УСЛУГИ, НЕЗАБРАНЕНИ СЪС ЗАКОНА.",,"{""4. Изписване на чужд език"": ""ELBI 66"", ""7. Управители"": ""САВА ХРИСТОВА ПЕТРОВА, Държава: БЪЛГАРИЯ"", ""23. Едноличен собственик на капитала"": ""САВА ХРИСТОВА ПЕТРОВА, Държава: БЪЛГАРИЯ"", ""31. Размер"": ""5.11 €"", ""32. Внесен капитал"": ""5.11 €""}"
201878501,https://portal.registryagency.bg/CR/Reports/ActiveConditionTabResult?uic=201878501,"ЕТ ""СПИТ 90 - ПЛАМЕН ДИМИТРОВ""",27.09.2026г.,201878501,,СПИТ 90 - ПЛАМЕН ДИМИТРОВ,Едноличен търговец,БЪЛГАРИЯ,"Област: Хасково, Община: Димитровград","гр. Димитровград, п.к. 6400","бул./ул. ЕМИЛИЯН СТАНЕВ № 11, вх. Б, ет. 3, ап. 7","ПОКУПКА НА СТОКИ ИЛИ ДРУГИ ВЕЩИ С ЦЕЛ ДА ГИ ПРЕПРОДАДЕ В ПЪРВОНАЧАЛЕН, ПРЕРАБОТЕН ИЛИ ОБРАБОТЕН ВИД; ПРОДАЖБА НА СТОКИ ОТ СОБСТВЕНО ПРОИЗВОДСТВО; ТЪРГОВСКО ПРЕДСТАВИТЕЛСТВО И ПОСРЕДНИЧЕСТВО; КОМИСИОННИ, СПЕДИЦИОННИ И ПРЕВОЗНИ СДЕЛКИ; СКЛАДОВИ СДЕЛКИ; ЛИЦЕНЗИОННИ СДЕЛКИ; СТОКОВ КОНТРОЛ; СДЕЛКИ С ИНТЕЛЕКТУАЛНА СОБСТВЕНОСТ; ХОТЕЛИЕРСКИ (С ИЗКЛЮЧЕНИЕ НА СЛУЧАИТЕ НА ЧЛ. 2, Т. 3 ОТ ТЗ), ТУРИСТИЧЕСКИ, РЕКЛАМНИ, ИНФОРМАЦИОННИ, ПРОГРАМНИ, ИМПРЕСАРСКИ ИЛИ ДРУГИ УСЛУГИ, КАТО ВСИЧКИ СЕ ИЗВЪРШВАТ ПОД ФОРМАТА НА ПРЕДПРИЯТИЕ; ПОКУПКА, СТРОЕЖ ИЛИ ОБЗАВЕЖДАНЕ НА НЕДВИЖИМИ ИМОТИ С ЦЕЛ ПРОДАЖБА; ЛИЗИНГ; ИМПОРТ, ЕСПОРТ И РЕЕКСПОРТ; БАРТЕРНИ СДЕЛКИ.",ПЛАМЕН МИЛКОВ ДИМИТРОВ,"{""4. Изписване на чужд език"": ""SPIT 90 - PLAMEN DIMITROV""}"
112042937,https://portal.registryagency.bg/CR/Reports/ActiveConditionTabResult?uic=112042937,"ЕТ ""СТЕФАН ТЕРЗИЕВ""",27.09.2026г.,112042937,1319/1994 520,СТЕФАН ТЕРЗИЕВ,Едноличен търговец,БЪЛГАРИЯ,"Област: Пазарджик, Община: Велинград","гр. Велинград, п.к. 4600",бул./ул. Скриеница № 9,"вътрешна и външна търговия, производство и реализация на стоки и услуги за населението, бита и промишлеността, търговско представителство и посредничество на български и чуждестранни физически и юридически лица, внос - износ, реекспорт и бартерни сделки с всички незабранени със закон стоки, превоз на стоки и пътници в страната и чужбина, изграждане и експлоатация на заведения за обществено хранене и кафетерии, развлекателни и електронни игри, туристически услуги, рекламна дейност, както и всяка друга дейност, незабранена със закон.",Стефан Тосков Терзиев,
112042944,https://portal.registryagency.bg/CR/Reports/ActiveConditionTabResult?uic=112042944,"ЕТ ""СЧЕТОВОДНА КЪЩА АЛФА - АНТОАНЕТА ЦОПАНОВА""",27.09.2026г.,112042944,1554/1994 520,СЧЕТОВОДНА КЪЩА АЛФА - АНТОАНЕТА ЦОПАНОВА,Едноличен търговец,БЪЛГАРИЯ,"Област: Пазарджик, Община: Велинград","гр. Велинград, п.к. 4600",бул./ул. ул. ВИКТОР ЮГО № 12,ИЗВЪРШВАНЕ НА СЧЕТОВОДНИ УСЛУГИ.КОНСУЛТАНСКИ УСЛУГИ.ПРЕДПРИЕМАЧЕСКА И ТЪРГОВСКА ДЕЙНОСТ КАКТО И ВСЯКА ДРУГА ДЕЙНОСТ НЕЗАБРАНЕНА ИЗРИЧНО С ЗАКОН,Антоанета Иванова Цопанова,"{""4. Изписване на чужд език"": ""SCHETOVODNA KASHTA ALFA-ANTOANETA COPANOVA"", ""5а. Адрес за кореспонденция с НАП на територията на страната"": ""Държава: БЪЛГАРИЯ\nОбласт: Пазарджик, Община: Велинград\nНаселено място: гр. Велинград, п.к. 4600\nбул./ул. ул. ВИКТОР ЮГО № 12"", ""6а. Основна дейност по НКИД"": ""Група по НКИД: 7412\nКлас по НКИД: СЧЕТОВОДНИ ДЕЙНОСТИ""}"
112042951,https://portal.registryagency.bg/CR/Reports/ActiveConditionTabResult?uic=112042951,"ЕТ ""ЕМИЛ 66 - ЮСЕИН ДРИКОВ""",27.09.2026г.,112042951,2905/1993 520,ЕМИЛ 66 - ЮСЕИН ДРИКОВ,Едноличен търговец,БЪЛГАРИЯ,"Област: Пазарджик, Община: Ракитово","гр. Ракитово, п.к. 4640",бул./ул. ул. ОГОСТА 12,"ДЬPBOДOБИB И TЬPГOBИЯ C ДЬPBEH MATEPИAЛ. УCЛУГИ. ДЬPBOДEЛCTBO. CTPOИTEЛCTBO. KOMИCИOHHA, ПOCPEДHИЧECKA, CKЛAДOBA, CПEДИTOPCKA, TPAHCПOPTHA ДEЙHOCT. ПOKУПKO-ПPOДAЖБA HA CTOKИ И ДPУГИ ДEЙHOCTИ И УCЛУГИ, HEЗAБPAHEHИ CЬC ЗAKOH.",ЮСЕИН ЛЕТИФОВ ДРИКОВ,
112042969,https://portal.registryagency.bg/CR/Reports/ActiveConditionTabResult?uic=112042969,"ЕТ ""ВЕЛИЧКО АЧЕВ"" - Заличен търговец/ЮЛНЦ",27.09.2026г.,,,,,,,,,,,"{""27. Заличаване на търговеца/ЮЛНЦ"": ""Заличен търговец/ЮЛНЦ""}"
112042976,https://portal.registryagency.bg/CR/Reports/ActiveConditionTabResult?uic=112042976,"ЕТ ""НЕЗАБРАВКА - АНГЕЛ МЪРКОВ""",27.09.2026г.,112042976,3818/1992 520,НЕЗАБРАВКА - АНГЕЛ МЪРКОВ,Едноличен търговец,БЪЛГАРИЯ,"Област: Пазарджик, Община: Ракитово","с. Дорково, п.к. 4641 Телефон: 03543/25 36",,"ПОКУПКО-ПРОДАЖБА НА АЛКОХОЛНИ И БЕЗАЛКОХОЛНИ НАПИТКИ, ПОКУПКО-ПРОДАЖБА НА ХРАНИТЕЛНИ СТОКИ, ПОКУПКО-ПРОДАЖБА НА ДЪРВЕН И СТРОИТЕЛЕН МАТЕРИАЛ В СТРАНАТА И ЧУЖБИНА И СЪС СЪДЕЙСТВИЕТО НА ДРУГИ ФИРМИ, ПОКУПКО-ПРОДАЖБА НА ДИВОРАСТЯЩИ ПЛОДОВЕ В СТРАНАТА И ЧУЖБИНА, ПОКУПКО ПРОДАЖБА НА ПРОМИШЛЕНИ СТОКИ, ГОТОВА КОНФЕКЦИЯ ПАМУЧНИ И ВЪЛНЕНИ ПЛАТОВЕ И ДРЕХИ, ПОКУПКО-ПРОДАЖБА НА ОБУВКИ, ИЗВЪРШВАНЕ НА ТРАНСПОРТНИ УСЛУГИ С ЛЕКИ И ТОВАРНИ КОЛИ, ПОКУПКО-ПРОДАЖБА НА СЕЛСКОСТОПАНСКА ПРОДУКЦИЯ ЗЕЛЕНЧУЦИ И МЕСО В СТРАНАТА И ЧУЖБИНА И ВСЯКАКВА ДРЕГА ДЕЙНОСТ, КОЯТА НЕ Е ЗАБРАНЕНА ОТ ТЪРГОВСКИЯ ЗАКОН.",АНГЕЛ ИВАНОВ МЪРКОВ,"{""6а. Основна дейност по НКИД"": ""Група по НКИД: 4711\nКлас по НКИД: ТЪРГОВИЯ НА ДРЕБНО В НЕСП. ИЛИ ПРЕД. ХРАНИТЕЛНИ СТОКИ""}"
120542859,https://portal.registryagency.bg/CR/Reports/ActiveConditionTabResult?uic=120542859,"ЕТ ""СОНЯ СИВЕНОВА""",27.09.2026г.,120542859,259/2002 540,СОНЯ СИВЕНОВА,Едноличен търговец,БЪЛГАРИЯ,"Област: Смолян, Община: Чепеларе","гр. Чепеларе, п.к. 4850",бул./ул. ул. НИКОЛА ЧИЧОВСКИ 30 Телефон: 0898644639,"ТЪРГОВИЯ НА ЕДРО И ДРЕБНО В СТРАНАТА И ЧУЖБИНА С ВСЯКАКВИ НЕЗАБРАНЕНИ ОТ ЗАКОНА СТОКИ, СУРОВИНИ И МАТЕРИАЛИ, ТЪРГОВСКО ПРЕДСТАВИТЕЛСТВО И ПОСРЕДНИЧЕСТВО, КОМИСИОННИ, СПЕДИЦИОННИ И ПРЕВОЗНИ СДЕЛКИ, ВКЛЮЧИТЕЛНО ТОВАРНИ И ПЪТНИЧЕСКИ ТАКСИМЕТРОВИ ПРЕВОЗИ, ТУРИСТИЧЕСКИ, ХОТЕЛИЕРСКИ, РЕКЛАМНИ, РЕСТОРАНТЬОРСКИ, АВТОСЕРВИЗНИ, ШИВАШКИ, ТЪКАЧНИ, ДЪРВОДЕЛСКИ И ДРУГИ НЕЗАБРАНЕНИ ОТ ЗАКОНА УСЛУГИ, ТЪРГОВИЯ С НЕДВИЖИМИ ИМОТИ, ИЗКУПУВАНЕ, ПРОИЗВОДСТВО, ПРЕРАБОТКА И ТЪРГОВИЯ СЪС СЕЛСКОСТОПАНСКА ПРОДУКЦИЯ, ГЪБИ, БИЛКИ , ГОРСКИ ПЛОДОВЕ, ДЪРВЕН МАТЕРИАЛ И ИЗДЕЛИЯ ОТ ДЪРВЕСИНА.",СОНЯ АНГЕЛОВА СИВЕНОВА,"{""6а. Основна дейност по НКИД"": ""Група по НКИД:\nКлас по НКИД: Търговия""}"
120542867,https://portal.registryagency.bg/CR/Reports/ActiveConditionTabResult?uic=120542867,"ЕТ ""ЕНРИКО-66 - РАДКО АНГЕЛОВ""",27.09.2026г.,120542867,610/2001 540,ЕНРИКО-66 - РАДКО АНГЕЛОВ,Едноличен търговец,БЪЛГАРИЯ,"Област: Смолян, Община: Девин","гр. Девин, п.к. 4800",бул./ул. ул. РОДОПИ № 4,"ТЪРГОВСКА И ВЪНШНО-ТЪРГОВСКА ДЕЙНОСТ, ТРАНСФЕР НА ТЕХНОЛОГИИ, НОУ-ХАУ, МАРКЕТИНГ И ИНЖЕНЕРИНГ В ОБЛАСТТА НА ПРОГРАМНИТЕ ПРОДУКТИ, СИСТЕМИТЕ ЗА УПРАВЛЕНИЕ И ОБСЛУЖВАЩИТЕ ГИ ТЕХНИЧЕСКИ СРЕДСТВА, ДОСТАВКА, МОНТАЖ, СЕРВИС, ПРОЕКТИРАНЕ НА УСТРОЙСТВА И СЪОРЪЖЕНИЯ ЗА ПРИЕМАНЕ НА САТЕЛИТНИ ПРОГРАМИ И ТРАНСЛИРАНЕТО ИМ ПО КАБЕЛНИ МРЕЖИ, ИНВЕСТИЦИОННА ДЕЙНОСТ, ИЗВЪРШВАНЕ НА РАДИО-ТЕЛЕВИЗИОННА ДЕЙНОСТ СЛЕД ПОЛУЧАВАНЕ НА СЪОТВЕТНИЯ ЛИЦЕНЗ ПО ЗАКОНА ЗА РАДИОТО И ТЕЛЕВИЗИЯТА И ИЗВЪРШВАНЕ НА ДАЛЕКОСЪОБЩЕНИЯТА, СЛЕД ПОЛУЧАВАНЕ НА ЛИЦЕНЗ ПО ЗАКОНА ЗА ДАЛЕКОСЪОБЩЕНИЯТА, КАКТО И ИЗВЪРШВАНЕ НА ВСИЧКИ ДЕЙНОСТИ НЕЗАБРАНЕНИ ОТ ЗАКОНА.",РАДКО СЕРГЕЕВ АНГЕЛОВ,
120521079,https://portal.registryagency.bg/CR/Reports/ActiveConditionTabResult?uic=120521079,"ЕТ ""РОСИЦА МАРГАРИТОВА""",27.09.2026г.,120521079,10/2001 540,РОСИЦА МАРГАРИТОВА,Едноличен търговец,БЪЛГАРИЯ,"Област: Смолян, Община: Смолян","гр. Смолян, п.к. 4700",бул./ул. ул. ПРЕСПА 6,"ПPOИЗBOДCTBO, ИЗKУПУBAHE И PEAЛИЗAЦИЯ HA CEЛCKOCTOПAHCKA И ЖИBOTИHCKA ПPOДУKЦИЯ HA CTOKИ ЗA ШИPOKO ПOTPEБЛEHИE. MAPKETИHГ, ЛИЗИHГ, TPAHCПOPTHA, CПEДИTOPCKA, TЪPГOBCKA B TOBA ЧИCЛO И B CBOБOДHИTE БEЗMИTHИ ЗOHИ, ПOCPEДHИЧECKA, KOHCУЛTAHTCKA, CEPBИЗHA, PEKЛAMHA, BЪHШHOTЪPГOBCKA И BЪHШHOИKOHOMИЧECKA ДEЙHOCTИ. MEЖДУHAPOДEH TPAHCПOPT И MEЖДУHAPOДHИ ПPEBOЗИ, БAPTEPHИ, EKCПOPTHИ И PEEKCПOPTHИ OПEPAЦИИ. XOTEЛИEPCTBO, PECTOPAHTЬOPCTBO. PAЗKPИBAHE HA ФИPMEH MAГAЗИH ЗA ПPOДAЖБA HA CTOKИ, TУPИЗЪM И УCЛУГИ CBЪPЗAHИ C TУPИЗMA И BCИЧKИ ДPУГИ ДEЙHOCTИ ЗA KOИTO HЯMA ИЗPИЧHA ЗAKOHOBA ЗAБPAHA.",РОСИЦА НИКОЛОВА МАРГАРИТОВА,"{""4. Изписване на чужд език"": ""ROSICA MARGARITOVA"", ""6а. Основна дейност по НКИД"": ""Група по НКИД: 4743\nКлас по НКИД: Търговия с битова техника""}"
120521093,https://portal.registryagency.bg/CR/Reports/ActiveConditionTabResult?uic=120521093,"""ЕРГОНОМИЯ - 66"" ЕООД",27.09.2026г.,120521093,816/2000 540,ЕРГОНОМИЯ - 66,Еднолично дружество с ограничена отговорност,БЪЛГАРИЯ,"Област: Смолян, Община: Смолян","гр. Смолян, п.к. 4700",бул./ул. ул. ВАСИЛ АПРИЛОВ № 27,"Покупко–продажба и мениджмънт на недвижими имоти; строителсно-монтажни работи; проектиране, изграждане, подържане и ремонт на електросъоръжения до и над 1000 вата, в и к и телекомуникационни съоръжения; интернет услуги и пренос на данни, създаване на служба по трудова медицина; обучение на представители в комитети и групи по условия на труда; обучение по електробезопасност; обучение по първа медицинска помощ за водачи на мпс; организиране на компютърни, езикови и други курсове; всички видове обучение за деца и възрастни; дърводобив, дървопреработване и мебелна промишленост; всички видове ремонтни услуги; рекламна дейност; производство и реализация на компютърни програмни продукти; информационна борса; търговия с произведения на изкуството и антиквариат; вътрешно и външнотърговска дейност; организиране на занимателни и спортни игри; хотелиерство и ресторантьорство; транспортни и туристически услуги; търговско представителство и посредничество на местни и чуждестранни физически и юридически лица; всяка друга дейност не забранена със закон.",,"{""4. Изписване на чужд език"": ""ERGONOMIA - 66"", ""6а. Основна дейност по НКИД"": ""Група по НКИД: 8690\nКлас по НКИД: други дейности по хумонитарно здраве и позване"", ""7. Управители"": ""СВЕТОМИР ФЕЛИКСОВ ЧОКОВ, Държава: БЪЛГАРИЯ"", ""23. Едноличен собственик на капитала"": ""СВЕТОМИР ФЕЛИКСОВ ЧОКОВ, Държава: БЪЛГАРИЯ"", ""31. Размер"": ""2556.46 €"", ""32. Внесен капитал"": ""2556.46 €""}"
830118658,https://portal.registryagency.bg/CR/Reports/ActiveConditionTabResult?uic=830118658,"ЕТ ""ЖАР-ДАР 66 - ДАФИНКА ДЖАРОВА"" - Заличен търговец/ЮЛНЦ",27.09.2026г.,,,,,,,,,,,"{""27. Заличаване на търговеца/ЮЛНЦ"": ""Заличен търговец/ЮЛНЦ""}"
830118667,https://portal.registryagency.bg/CR/Reports/ActiveConditionTabResult?uic=830118667,"ЕТ ""ПЕТЪР СТЕФАНОВ""",27.09.2026г.,830118667,1150/1990 540,ПЕТЪР СТЕФАНОВ,Едноличен търговец,БЪЛГАРИЯ,"Област: Смолян, Община: Смолян","гр. Смолян, п.к. 4700","бул./ул. ул. ПЕРЕЛИК № 19, бл. КЦ27, вх. А, ап. 3","ШИВАШКИ УСЛУГИ, ТРАНСПОРТНИ УСЛУГИ В СТРАНАТА И ЧУЖБИНА; АВТОТРАНСПОРТНИ УСЛУГИ; ЗАВАРЪЧНИ УСЛУГИ НА ГРАЖДАНИ И ЮРИДИЧЕСКИ ЛИЦА; ТЪРГОВИЯ С БЕЗАЛКОХОЛНИ НАПИТКИ В СТРАНАТА И ЧУЖБИНА; ПРОИЗВОДСТВО И ТЪРГОВИЯ С ЖИВОТИНСКА И СЕЛСКОСТОПАНСКА ПРОДУКЦИЯ; ХОТЕЛИЕРСТВО И ТЪРГОВСКО ОБСЛУЖВАНЕ НА ГРАЖДАНИ ОТ СТРАНАТА И ЧУЖБИНА; ПРОДАЖБА НА СПИРТНИ НАПИТКИ; ВЪТРЕШЕН И МЕЖДУНАРОДЕН ТУРИЗЪМ; УСЛУГИ НА ГРАЖДАНИ И ЮРИДИЧЕСКИ ЛИЦА С КОВАНО ЖЕЛЯЗО.",ПЕТЪР МОМЧИЛОВ СТЕФАНОВ,"{""5а. Адрес за кореспонденция с НАП на територията на страната"": ""Държава: БЪЛГАРИЯ\nОбласт: Смолян, Община: Смолян\nНаселено място: гр. Смолян, п.к. 4700\nж.к. НОВ ЦЕНТЪР, бул./ул. ул. ПЕРЕЛИК № 19, бл. КЦ-27, вх. А, ет. 2, ап. 3""}"
103079185,https://portal.registryagency.bg/CR/Reports/ActiveConditionTabResult?uic=103079185,"ЕТ ""ЖЕЧЕВ-66-НЕДКО РАДЕВ""",27.09.2026г.,103079185,7712/1993 310,ЖЕЧЕВ-66-НЕДКО РАДЕВ,Едноличен търговец,БЪЛГАРИЯ,"Област: Варна, Община: Провадия","с. Манастир, п.к. 9224 Телефон: 0898902488",,"Покупка на стоки и други вещи с цел продажба в първоначален, преработен или обработен вид; производство на стоки с цел продажба; комисионна, спедиционна, складова, лизингова дейност; търговско представителство и посредничество; валутни сделки след надлежно разрешение; превозна, хотелиерска, туристическа, рекламна, информационна, програмна, импресарска или предоставянето на други услуги; сделки с интелектуална собственост; производство на филми, видео и звукозаписи, както и други подобни дейности; издателска и печатарска дейност; покупка, строеж и обзавеждане на недвижими имоти с цел продажба; таксиметрови услуги и ресторантьорство;",НЕДКО РАДЕВ ЖЕЧЕВ,
103079192,https://portal.registryagency.bg/CR/Reports/ActiveConditionTabResult?uic=103079192,"""СЕЛЕКТ"" ЕООД",27.09.2026г.,103079192,1089/1996 310,СЕЛЕКТ,Еднолично дружество с ограничена отговорност,БЪЛГАРИЯ,"Област: София (столица), Община: Столична","гр. София, п.к. 1421","р-н Лозенец, бул./ул. ул. ,,Св. Наум"" № 30","ПОКУПКА НА СТОКИ ИЛИ ДРУГИ ВЕЩИ С ЦЕЛ ПРОДАЖБА В ПЪРВОНАЧАЛЕН, ПРЕРАБОТЕН ИЛИ ОБРАБОТЕН ВИД, ПРОИЗВОДСТВО НА СТОКИ И ПРОДАЖБАТА НА СЪЩИТЕ, КОМИСИОННА, СПЕДИЦИОННА, ТРАНСПОРТНА, СКЛАДОВА, РЕМОНТНА, ЛИЗИНГОВА ДЕЙНОСТ, ТЪРГОВСКО ПРЕДСТАВИТЕЛСТВО И ПОСРЕДНИЧЕСТВО, ХОТЕЛИЕРСТВО, РЕСТОРАНТЬОРСТВО И ТУРИЗЪМ, СЛЕД ЛИЦЕНЗ, РЕКЛАМНА, ИНФОРМАЦИОННА, ПРОГРАМНА, ИМПРЕСАРСКА ДЕЙНОСТ И ПРЕДОСТАВЯНЕ НА ДРУГИ УСЛУГИ, СДЕЛКИ С ИНТЕЛЕКТУАЛНА СОБСТВЕНОСТ, ПРОИЗВОДСТВО НА ФИЛМИ, ВИДЕО- И ЗВУКОЗАПИСИ, КАКТО И ДРУГИ ПОДОБНИ ДЕЙНОСТИ, ИЗДАТЕЛСКА И ПЕЧАТАРСКА ДЕЙНОСТ, ПОКУПКА, СТРОЕЖ И ОБЗАВЕЖДАНЕ НА НЕДВИЖИМИ ИМОТИ И ПРОДАЖБА И ОТДАВАНЕ НА СЪЩИТЕ ПОД НАЕМ, СЕЛСКОСТОПАНСКА И ЖИВОТНОВЪДНА ДЕЙНОСТ И ПРЕРАБОТКА НА ПРОДУКЦИЯТА, ВЪНШНОТЪРГОВСКА ДЕЙНОСТ - ВНОС, ИЗНОС",,"{""4. Изписване на чужд език"": ""SELECT"", ""6а. Основна дейност по НКИД"": ""Група по НКИД: 4299\nКлас по НКИД: СТРОИТЕЛСТВО НА ДРУГИ СЪОРЪЖЕНИЯ, НЕКЛАСИФИЦИРАНИ ДРУГАДЕ"", ""7. Управители"": ""Георги Иванов Ковачев, Държава: БЪЛГАРИЯ"", ""23. Едноличен собственик на капитала"": ""\""Пи Ви Консулт\"" ООД, ЕИК/ПИК 200992683, Държава: БЪЛГАРИЯ"", ""31. Размер"": ""2556.46 €"", ""32. Внесен капитал"": ""2556.46 €""}"
103079203,https://portal.registryagency.bg/CR/Reports/ActiveConditionTabResult?uic=103079203,"ЕТ ""МАРГАЛ - ЗАПРО ЗАПРЕВ""",27.09.2026г.,103079203,3856/1990 310,МАРГАЛ - ЗАПРО ЗАПРЕВ,Едноличен търговец,БЪЛГАРИЯ,"Област: Варна, Община: Варна","гр. Варна, п.к. 9023","р-н Владислав Варненчик, бул./ул. кв. ВЛ. ВАРНЕНЧИК, бл. 21, вх. 7, ет. 3, ап. 7 Телефон: 0889300323",ТРАНСПОРТНИ УСЛУГИ; ПРОИЗВОДСТВО И ТЪРГОВИЯ СЪС СЕЛСКОСТОПАНСКА ПРОДУКЦИЯ; ТЪРГОВСКА ДЕЙНОСТ; ВЪНШНОИКОНОМИЧЕСКА ДЕЙНОСТ.,ЗАПРО ИЛИЕВ ЗАПРЕВ,"{""4. Изписване на чужд език"": ""MARGAL - ZAPRO ZAPREV"", ""5а. Адрес за кореспонденция с НАП на територията на страната"": ""Държава: БЪЛГАРИЯ\nОбласт: Варна, Община: Варна\nНаселено място: гр. Варна, п.к. 9000\nр-н Аспарухово\nж.к. АСПАРУХОВО, бул./ул. УЛ. КИРИЛ И МЕТОДИЙ № 41, ап. 24""}"
205675320,https://portal.registryagency.bg/CR/Reports/ActiveConditionTabResult?uic=205675320,"""СОФРАНО"" ЕООД",27.09.2026г.,205675320,,СОФРАНО,Еднолично дружество с ограничена отговорност,БЪЛГАРИЯ,"Област: Благоевград, Община: Благоевград","гр. Благоевград, п.к. 2700",бул./ул. ВАСИЛ МЕЧКУЕВСКИ № 22,"ТЪРГОВИЯ С ВСЯКАКВИ СТОКИ НА ЕДРО И ДРЕБНО, ВНОС И ИЗНОС, ПОКУПКА, ПРОДАЖБА И ОТДАВАНЕ ПОД НАЕМ НА ПЛАВАТЕЛНИ СЪДОВЕ/ ЯХТИ/, ПОКУПКА С ЦЕЛ ПРОДАЖБА НА СТОКИ В ПЪРВОНАЧАЛЕН, ПРЕРАБОТЕН ИЛИ ОБРАБОТЕН ВИД, ТУРИСТИЧЕСКА И ТУРОПЕРАТОРСКА ДЕЙНОСТ, КОМИСИОННИ, ЛИЗИНГОВИ, СКЛАДОВИ, СПЕДИЦИОННИ СДЕЛКИ, ПРЕВОЗНИ СДЕЛКИ, РЕКЛАМНА И ИНФОРМАЦИОННА ДЕЙНОСТ, ХОТЕЛИЕРСТВО И РЕСТОРАНТЬОРСТВО, ТЪРГОВСКО ПРЕДСТАВИТЕЛСТВО/ БЕЗ ПРОЦЕСУАЛНО/ И ПОСРЕДНИЧЕСТВО, ПОКУПКА, СТРОИТЕЛСТВО И ОБЗАВЕЖДАНЕ НА НЕДВИЖИМИ ИМОТИ С ЦЕЛ ПРОДАЖБА И СДЕЛКИ С НЕДВИЖИМИ ИМОТИ, СДЕЛКИ С ОБЕКТИ НА ИНТЕЛЕКТУАЛНАТА СОБСТВЕНОСТ И ВСЯКА ДРУГА ТЪРГОВСКА ДЕЙНОСТ НЕЗАБРАНЕНА ОТ ЗАКОН.",,"{""4. Изписване на чужд език"": ""SOFRANO"", ""5а. Адрес за кореспонденция с НАП на територията на страната"": ""Държава: БЪЛГАРИЯ\nОбласт: Благоевград, Община: Благоевград\nНаселено място: гр. Благоевград, п.к. 2700"", ""7. Управители"": ""КОНСТАНТИНОС ЛЕОНИДАС КУБУРИС, Държава: ГЪРЦИЯ"", ""23. Едноличен собственик на капитала"": ""КОНСТАНТИНОС ЛЕОНИДАС КУБУРИС, Държава: ГЪРЦИЯ"", ""31. Размер"": ""5.11 €"", ""32. Внесен капитал"": ""5.11 €""}"
115654334,https://portal.registryagency.bg/CR/Reports/ActiveConditionTabResult?uic=115654334,"""РИТОН ТРАНС"" ООД",27.09.2026г.,115654334,3391/2001 530,РИТОН ТРАНС,Дружество с ограничена отговорност,БЪЛГАРИЯ,"Област: Пловдив, Община: Пловдив","гр. Пловдив, п.к. 4023","р-н Тракия, ж.к. ТРАКИЯ, бл. 126, вх. Г, ет. 6, ап. 16","ОРГАНИЗИРАНЕ, ПРЕВОЗ, СЪХРАНЕНИЕ И ПРОДАЖБА НА НЕФТЕНИ ПРОДУКТИ И ВСИЧКИ ТЕХНИ ПРОИЗВОДНИ, ВКЛЮЧИТЕЛНО НА АВТОМОБИЛНИ АКСЕСОАРИ И ОКОМПЛЕКТОВКА ОТ ВСЯКАКЪВ ВИД, ФИНАНСОВИ КОНСУЛТАЦИИ И СЧЕТОВОДНИ УСЛУГИ, ВЪТРЕШНА И ВЪНШНОТЪРГОВСКА ДЕЙНОСТ СЪС СТОКИ, СУРОВИНИ, МАТЕРИАЛИ, СЪОРЪЖЕНИЯ, МАШИНИ ПО ОТНОШЕНИЕ НА КОИТО НЯМА НОРМАТИВНО ОГРАНИЧИТЕЛЕН РЕЖИМ, ПРОИЗВОДСТВО И ТЪРГОВСКА РЕАЛИЗАЦИЯ НА СТОКИ ОТ ХРАНИТЕЛНО-ВКУСОВАТА ПРОМИШЛЕНОСТ, ПРОИЗВОДСТВО, СЪХРАНЕНИЕ И ТЪРГОВСКА РЕАЛИЗАЦИЯ НА СЕЛСКОСТОПАНСКА ПРОДУКЦИЯ ОТ РАСТИТЕЛЕН И ЖИВОТИНСКИ ПРОИЗХОД, КОМИСИОННА, СПЕДИЦИОННА, СКЛАДОВА И ЛИЗИНГОВА ДЕЙНОСТ, ВКЛЮЧИТЕЛНО ФРАНЧАЙЗИНГ, КОНСУЛТАНТСКИ И МЕНИДЖЪРСКИ УСЛУГИ ОТ ВСЯКАКЪВ ВИД, ПРЕДСТАВИТЕЛСТВО /БЕЗ ПРОЦЕСУАЛНО/ И ПОСРЕДНИЧЕСТВО НА БЪЛГАРСКИ И ЧУЖДЕСТРАННИ ФИЗИЧЕСКИ И ЮРИДИЧЕСКИ ЛИЦА У НАС И В ЧУЖБИНА, СДЕЛКИ С ИНТЕЛЕКТУАЛНА СОБСТВЕНОСТ, СДЕЛКИ С НЕДВИЖИМИ ИМОТИ И ОГРАНИЧЕНИ ВЕЩНИ ПРАВА ВЪРХУ ТЯХ, СТРОИТЕЛНА И ПРОЕКТАНТСКА ДЕЙНОСТ, ХОТЕЛИЕРСТВО, ТУРИСТИЧЕСКА, РЕКЛАМНА И ИМПРЕСАРСКА ДЕЙНОСТ В СТРАНАТА И ЧУЖБИНА, ОСЪЩЕСТВЯВАНЕ НА ВСЯКА ДРУГА ТЪРГОВСКА ДЕЙНОСТ, КОЯТО НЕ Е НОРМАТИВНО ЗАБРАНЕНА ОТ ЗАКОНА, ТРАНСПОРТНИ УСЛУГИ В СТРАНАТА И ЧУЖБИНА /СЛЕД СЪОТВЕТНО РАЗРЕШИТЕЛНО/.",,"{""4. Изписване на чужд език"": ""RITON TRANS LTD"", ""6а. Основна дейност по НКИД"": ""Група по НКИД: 4941\nКлас по НКИД: ТОВАРЕН АВТОМОБИЛЕН ТРАНСПОРТ"", ""7. Управители"": ""ГЕОРГИ ИВАНОВ СТАНКОВ, Държава: БЪЛГАРИЯ\nРАЙЧО НИКОЛОВ РАЕВ, Държава: БЪЛГАРИЯ"", ""11. Начин на представляване"": ""по друг начин:\nЗАЕДНО И ПООТДЕЛНО"", ""19. Съдружници"": ""ГЕОРГИ ИВАНОВ СТАНКОВ, Държава: БЪЛГАРИЯ, Размер на дяловото участие: 2500.00 лв.\nРАЙЧО НИКОЛОВ РАЕВ, Държава: БЪЛГАРИЯ, Размер на дяловото участие: 2500.00 лв."", ""31. Размер"": ""2556.46 €"", ""32. Внесен капитал"": ""2556.46 €""}"
123131084,https://portal.registryagency.bg/CR/Reports/ActiveConditionTabResult?uic=123131084,"ЕТ ""НИКОЛАЙ ГЕНОВ""",27.09.2026г.,123131084,4560/1992 550,НИКОЛАЙ ГЕНОВ,Едноличен търговец,БЪЛГАРИЯ,"Област: Стара Загора, Община: Стара Загора","гр. Стара Загора, п.к. 6000","бул./ул. БРАТЯ ЖЕКОВИ, бл. АП.4","ПОКУПКА НА СТОКИ ИЛИ ДРУГИ ВЕЩИ С ЦЕЛ ПРЕПРОДАЖБА В ПЪРВОНАЧАЛЕН, ОБРАБОТЕН ИЛИ ПРЕРАБОТЕН ВИД, ВКЛ. И ВНОС И ИЗНОС. КОНСТРУИРАНЕ, ПРОИЗВОДСТВО И РЕАЛИЗАЦИЯ НА АГРЕГАТИ И ПРИСПОСОБЛЕНИЯ С РЕЗЕРВНИ ЧАСТИ ЗА ШЕВНИ И ДРУГИ МАШИНИ, ВКЛЮЧИТЕЛНО ИЗНОС НА ТАКИВА. РЕМОНТ И СЕРВИЗ НА ТРИКОТАЖНА, ТЕКСТИЛНА И ДРУГА ТЕХНИКА. ПРОИЗВОДСТВО И ПРОДАЖБА НА СТОКИ ЗА БИТА, ВКЛ. ИЗНОС НА ТАКИВА. ХОТЕЛИЕРСКА - ИЗВЪН СЛ. НА ЧЛ.2 Т.З ОТ ТЗ, ИНФОРМАЦИОННА И ТУРИСТИЧЕСКА ДЕЙНОСТ. ПЧЕЛАРСТВО, ЖИВОТНОВЪДСТВО, РАСТЕНИЕВЪДСТВО, ЦВЕТАРСТВО, РЕАЛИЗАЦИЯ НА ТЕХНИТЕ ПРОИЗВОДНИ /БЕЗ ДИВЕЧОВИ КОЖИ/. ПРЕВОЗНИ УСЛУГИ, РЕМОНТ И СЕРВИЗ НА БИТОВА ЕЛЕКТРОНИКА И СЪОРЪЖЕНИЯ. ПОСРЕДНИЧЕСТВО, КОМИСИОНЕРСТВО, ПРЕДСТАВИТЕЛСТВО - БЕЗ ПРОЦЕСУАЛНО. ДРУГА ТЪРГОВСКА ДЕЙНОСТ ПО СМИСЪЛА НА ЧЛ.1 ОТ ТЪРГОВСКИЯ ЗАКОН, КОЯТО НЕ Е ЗАБРАНЕНА ОТ ЗАКОНА.",НИКОЛАЙ ГЕНОВ ГИНЕВ,"{""5а. Адрес за кореспонденция с НАП на територията на страната"": ""Държава: БЪЛГАРИЯ\nОбласт: Стара Загора, Община: Стара Загора\nНаселено място: гр. Стара Загора, п.к. 6000\nбул./ул. БР. ЖЕКОВИ № 109, вх. А, ет. 5, ап. 39""}"
204289045,https://portal.registryagency.bg/CR/Reports/ActiveConditionTabResult?uic=204289045,"""ИВМАР -66"" ЕООД",27.09.2026г.,204289045,,ИВМАР -66,Еднолично дружество с ограничена отговорност,БЪЛГАРИЯ,"Област: Русе, Община: Русе","гр. Русе, п.к. 7000",бул./ул. ул. ИСКЪР № 11,"ПРОИЗВОДСТВО И РЕМОНТ НА ХИДРАВЛИЧНИ, КЛИМАТИЧНИ, ВЪЗДУШНИ И ГОРИВНИ МАРКУЧИ, ИНЖЕНЕРИНГОВА, ВНЕДРИТЕЛСКА ДЕЙНОСТ, ТЪРГОВИЯ НА ЕДРО И ДРЕБНО С ХРАНИТЕЛНИ И ПРОМИШЛЕНИ СТОКИ, ПРЕДСТАВИТЕЛСТВО И ДИСТРИБУЦИЯ НА ЧУЖДЕСТРАННИ ФИРМИ, БАРТЕРНИ СДЕЛКИ, РАЗКРИВАНЕ И ЕКСПЛОАТАЦИЯ НА ЗАВЕДЕНИЯ ЗА ОБЩЕСТВЕНО ХРАНЕНЕ, РЕСТОРАНТЬОРСТВО, ТЪРГОВИЯ НА КОНСИГНАЦИЯ, И ДУГА РАЗРЕШЕНА ОТ ЗАКОНА ДЕЙНОСТ, КАКТО И ВСЯКА НЕЗАБРАНЕНА ОТ ЗАКОНА ДЕЙНОСТ, А КОГАТО ЗА УПРАЖНЯВАНЕТО ИМ Е НЕОБХОДИМО РАЗРЕШЕНИЕ / ЛИЦЕНЗ, СЛЕД СНАБДЯВАНЕ С ТАКОВА ЗА СЪОТВЕТНИТЕ ДЕЙНОСТИ, ЗА КОИТО СЕ ИЗИСКВА.",,"{""4. Изписване на чужд език"": ""IVMAR -66"", ""7. Управители"": ""ИВАЙЛО КАЛОЯНОВ ПЕТРОВ, Държава: БЪЛГАРИЯ"", ""23. Едноличен собственик на капитала"": ""ИВАЙЛО КАЛОЯНОВ ПЕТРОВ, Държава: БЪЛГАРИЯ"", ""31. Размер"": ""5000.00 €"", ""32. Внесен капитал"": ""5000.00 €""}"
204289052,https://portal.registryagency.bg/CR/Reports/ActiveConditionTabResult?uic=204289052,"""Про Кинг Секюрити"" ЕООД",27.09.2026г.,204289052,,Про Кинг Секюрити,Еднолично дружество с ограничена отговорност,БЪЛГАРИЯ,"Област: София (столица), Община: Столична","гр. София, п.к. 1618","р-н Красно село, бул./ул. ул.Княгиня Клементина № 21","Услуги по охрана на имущество на физически и юридически лица след лицензиране; детективски услуги, както и всяка друга дейност незабранена от закона",,"{""4. Изписване на чужд език"": ""Pro King Security Ltd."", ""7. Управители"": ""Зорница Велкова Велкова-Чуканова, Държава: БЪЛГАРИЯ"", ""23. Едноличен собственик на капитала"": ""\""Про Кинг България\"" ООД, ЕИК/ПИК 202906882, Държава: БЪЛГАРИЯ"", ""31. Размер"": ""51.13 €"", ""32. Внесен капитал"": ""51.13 €""}"
201155094,https://portal.registryagency.bg/CR/Reports/ActiveConditionTabResult?uic=201155094,"ЕТ ""ЗЛАТИНА ГЬОТЕВА""",27.09.2026г.,201155094,,ЗЛАТИНА ГЬОТЕВА,Едноличен търговец,БЪЛГАРИЯ,"Област: Благоевград, Община: Сандански","гр. Сандански, п.к. 2800",бул./ул. ул. Спано Поле № 2,"покупка на стоки или други вещи с цел да ги препродаде в първоначален, преработен или обработен вид, продажба на стоки от собствено производство; продажба на хранителни, промишлени, селскостопански стоки и моторни превозни средства, търговско представителство и посредничество; комисионни, спедиционни и превозни сделки, складови сделки, сделки с интелектуална собственост, хотелиерски, ресторантьорски, туристически, рекламни, информационни, програмни, компютърни и импресарски услуги, комуникационни услуги; автомонтьорски услуги; вътрешни и международни превози на пътници и товари с автомобили; транспортна дейност в страната и в чужбина със собствен и нает транспорт; шивашки услуги.",ЗЛАТИНА ЙОРДАНОВА ГЬОТЕВА,
201155105,https://portal.registryagency.bg/CR/Reports/ActiveConditionTabResult?uic=201155105,"""ДИМАНА КОНСУЛТИНГ"" ЕООД - в ликвидация",27.09.2026г.,201155105,,ДИМАНА КОНСУЛТИНГ,Еднолично дружество с ограничена отговорност,БЪЛГАРИЯ,"Област: Пазарджик, Община: Пазарджик","гр. Пазарджик, п.к. 4400",бул./ул. ул. Оборище № 15,"ДЕЙНОСТИ ПО ЗДРАВОСЛОВНИ И БЕЗОПАСНИ УСЛОВИЯ НА ТРУД, УПРАВЛЕНИЕ НА АКТИВИ И ЛЕЧЕБНИ ЗАВЕДЕНИЯ, БОЛНИЧЕН ТРАНСПОРТ, ИЗГРАЖДАНЕ И ПОДДЪРЖАНЕ НА СИСТЕМИ ЗА КАЧЕСТВО И КОНТРОЛ И НА СИСТЕМИ ЗА БЕЗОПАСНОСТ НА ХРАНИТЕ, ПРЕДСТАВИТЕЛСТВО НА МЕСТНИ И ЧУЖДЕСТРАННИ ФИЗИЧЕСКИ И ЮРИДИЧЕСКИ ЛИЦА, ТЪРГОВСКО ПОСРЕДНИЧЕСТВО И АГЕНТСТВО, ПРОИЗВОДСТВО И ПРОДАЖБА НА ПРОМИШЛЕНИ И ХРАНИТЕЛНИ СТОКИ, В ТОВА ЧИСЛО И АЛКОХОЛНИ И СПИРТНИ ИЗДЕЛИЯ/ ПРИ СПАЗВАНЕ НА ЗАКОНОВИТЕ ИЗИСКВАНИЯ ЗА ТОВА/, ВЪНШНОТЪРГОВСКА ДЕЙНОСТ, КОМИСИОННА И КОНСИГНАЦИОННА ТЪРГОВСКА ДЕЙНОСТ, РЕКЛАМНА ДЕЙНОСТ, КОНСУЛТАНТСКА ДЕЙНОСТ В ОБЛАСТТА НА ФИНАНСИТЕ, СЧЕТОВОДСТВО, МАРКЕТИНГА И РЕКЛАМАТА, ТЪРГОВСКИ СДЕЛКИ С НЕДВИЖИМИ ИМОТИ, ТРАНСПОРТНИ И СПЕДИТОРСКИ УСЛУГИ С ЛЕК И ТОВАРЕН ПРЕВОЗ В СТРАНАТА И ЧУЖБИНА, МАРКЕТИНГ, ТЪРГОВИЯ С ИЗДЕЛИЯ НА ТЮТЮНЕВАТА ПРОМИШЛЕНОСТ, ОБМЕН НА ВАЛУТА И ДРУГИ ЦЕННОСТИ/ ПРИ СПАЗВАНЕ НА ЗАКОНОВИТЕ ИЗИСКВАНИЯ ЗА ТОВА/, КАКТО И ВСЯКАКВИ ДРУГИ ДЕЙНОСТИ, ПОЗВОЛЕНИ ОТ ЗАКОНА И НЕИЗИСКВАЩИ РАЗЛИЧЕН ОТ ТЪРГОВСКИЯ РЕЖИМ НА РЕГИСТРАЦИЯ.",,"{""4. Изписване на чужд език"": ""DIMANA KONSULTING LTD"", ""5а. Адрес за кореспонденция с НАП на територията на страната"": ""Държава: БЪЛГАРИЯ\nОбласт: Русе, Община: Русе\nНаселено място: гр. Русе, п.к. 7000\nбул./ул. РАКОВСКА № 9, ет. 2"", ""7. Управители"": ""ЙОРДАНКА ТОДОРОВА ДИМИТРОВА, Държава: БЪЛГАРИЯ"", ""11. Начин на представляване"": ""по друг начин:"", ""23. Едноличен собственик на капитала"": ""ЙОРДАНКА ТОДОРОВА ДИМИТРОВА, Държава: БЪЛГАРИЯ"", ""26. Прекратяване на търговската дейност"": ""Прекратяване на търговската дейност"", ""31. Размер"": ""1.02 €"", ""32. Внесен капитал"": ""1.02 €""}"
201155112,https://portal.registryagency.bg/CR/Reports/ActiveConditionTabResult?uic=201155112,"ЕТ ""ЦВЕТАНА КАМЕНОВА - ЦВЕТИ""",27.09.2026г.,201155112,,ЦВЕТАНА КАМЕНОВА - ЦВЕТИ,Едноличен търговец,БЪЛГАРИЯ,"Област: Враца, Община: Враца","гр. Враца, п.к. 3000","бул./ул. ул.ВЕЖЕН № 8, ет. 15, ап. 88","ПОКУПКА И ПРОДАЖБА НА СТОКИ, ПРОДАЖБА НА СТОКИ СОБСТВЕНО ПРОИЗВОДСТВО, СЧЕТОВОДНИ УСЛУГИ, РЕКЛАМНА ДЕЙНОСТ, ТЪРГОВИЯ С ПРОМИШЛЕНА И СЕЛСКОСТОПАНСКА ПРОДУКЦИЯ И ВСИЧКИ ДЕЙНОСТИ РАЗРЕШЕНИ И НЕЗАБРАНЕНИ ОТ ЗАКОНОДАТЕЛСТВОТО НА РЕПУБЛИКА БЪЛГАРИЯ.",ЦВЕТАНА КАМЕНОВА МИТОВА,"{""6а. Основна дейност по НКИД"": ""Група по НКИД:\nКлас по НКИД: ТЪРГОВИЯ НА ДРЕБНО""}"
205763763,https://portal.registryagency.bg/CR/Reports/ActiveConditionTabResult?uic=205763763,"ЕТ ""КРАСИ-КРЕМЕНА ПЕТРОВА""",27.09.2026г.,205763763,,КРАСИ-КРЕМЕНА ПЕТРОВА,Едноличен търговец,БЪЛГАРИЯ,"Област: Стара Загора, Община: Раднево","гр. Раднево, п.к. 6260","бул./ул. а Загора, ул. “Стефан Караджа“ № 2, вх. Г, ет. 1, ап. 3","Покупка на стоки или други вещи с цел продажба в първоначален, преработен или обработен вид, продажба на стоки от собствено производство, козметични услуги, маникюр, педикюр, ноктопластика, продажба на козметика, търговско представителство и посредничество, комисионни, спедиционни и превозни сделки в страната и чужбина, лицензионни сделки, сделки с интелектуална собственост, хотелиерски, ресторантьорски, туристически, рекламни, покупка, строеж или обзавеждане на недвижими имоти с цел продажба и всяка незабранена от закона дейност, а при разрешителен или лицензионен режим при спазване на съответния нормативно установен ред.",КРЕМЕНА СТЕФАНОВА ПЕТРОВА,
205763770,https://portal.registryagency.bg/CR/Reports/ActiveConditionTabResult?uic=205763770,"""ЧИКОЛЕТКО"" ЕООД",27.09.2026г.,205763770,,ЧИКОЛЕТКО,Еднолично дружество с ограничена отговорност,БЪЛГАРИЯ,"Област: София (столица), Община: Столична","гр. София, п.к. 1000","р-н Люлин, ж.к. ЛЮЛИН 9, бл. 909, вх. Д, ет. 2, ап. 95","Търговия на дребно чрез поръчки по пощата, телефона или Интернет; внос и търговия на детски стоки; търговско представителство, посредническа дейност; рекламна дейност; хотелиерство и ресторантьорство; вътрешна и външна търговия; търговия на дребно; както и всички други дейности, незабранени със закон.",,"{""4. Изписване на чужд език"": ""CHICOLETKO"", ""5а. Адрес за кореспонденция с НАП на територията на страната"": ""Държава: БЪЛГАРИЯ\nОбласт: София (столица), Община: Столична\nНаселено място: гр. София, п.к. 1000\nр-н Люлин\nж.к. ЛЮЛИН 9, бл. 909, вх. Д, ет. 2, ап. 95"", ""6а. Основна дейност по НКИД"": ""Група по НКИД: 47.91\nКлас по НКИД: Търговия на дребно чрез поръчки по пощата, телефона или Интернет"", ""7. Управители"": ""МАРИЯ АНДРЕЕВА ЛЮБОМИРОВА, Държава: БЪЛГАРИЯ"", ""23. Едноличен собственик на капитала"": ""МАРИЯ АНДРЕЕВА ЛЮБОМИРОВА, Държава: БЪЛГАРИЯ"", ""31. Размер"": ""1533.88 €"", ""32. Внесен капитал"": ""1533.88 €""}"
205763788,https://portal.registryagency.bg/CR/Reports/ActiveConditionTabResult?uic=205763788,"""ИДД 66"" ЕООД",27.09.2026г.,205763788,,ИДД 66,Еднолично дружество с ограничена отговорност,БЪЛГАРИЯ,"Област: Габрово, Община: Габрово","гр. Габрово, п.к. 5300",бул./ул. ул. ХРИСТО БОТЕВ № 8,"ПОКУПКАТА НА СТОКИ ИЛИ ДРУГИ ВЕЩИ С ЦЕЛ ПРЕПРОДАЖБА В ПЪРВОНАЧАЛЕН, ПРЕРАБОТЕН И ОБРАБОТЕН ВИД, ПРОИЗВОДСТВОТО НА СТОКИ ИЛИ ДРУГИ ВЕЩИ С ЦЕЛ ПРОДАЖБА, ВНОСЪТ, ИЗНОСЪТ И ДИСТРИБУЦИЯТА НА СТОКИ, ПРЕДОСТАВЯНЕТО НА КОНСУЛТАНТСКИ, РЕКЛАМНИ, МАРКЕТИНГОВИ, ТУР-ОПЕРАТОРСКИ, СПЕДИТОРСКИ, ТРАНСПОРТНИ, СКЛАДОВИ И ЛИЗИНГОВИ УСЛУГИ, ОСЪЩЕСТВЯВАНЕТО НА ТЪРГОВСКО ПРЕДСТАВИТЕЛСТВО И ПОСРЕДНИЧЕСТВО, КАКТО И ВСЯКА ДРУГА РАЗРЕШЕНА ОТ ЗАКОНА ДЕЙНОСТ, ИЗВЪРШВАНЕТО НА КОЯТО, В СЪОТВЕТСТВИЕ С ТЪРГОВСКИЯ ЗАКОН НА РЕПУБЛИКА БЪЛГАРИЯ МОЖЕ ДА БЪДЕ СЪЗДАДЕНО ЕДНОЛИЧНО ДРУЖЕСТВО ОГРАНИЧЕНА ОТГОВОРНОСТ.",,"{""4. Изписване на чужд език"": ""IDD 66 LTD"", ""6а. Основна дейност по НКИД"": ""Група по НКИД: 4778\nКлас по НКИД: ТЪРГОВИЯ НА ДРЕБНО С ДРУГИ НЕХРАНИТЕЛНИ СТОКИ"", ""7. Управители"": ""ИВАН ДОНЧЕВ ДОНЧЕВ, Държава: БЪЛГАРИЯ"", ""23. Едноличен собственик на капитала"": ""ИВАН ДОНЧЕВ ДОНЧЕВ, Държава: БЪЛГАРИЯ"", ""31. Размер"": ""255.65 €"", ""32. Внесен капитал"": ""255.65 €""}"
204323348,https://portal.registryagency.bg/CR/Reports/ActiveConditionTabResult?uic=204323348,"""ТРЕЙДИНГ ТАЙЪР"" ЕООД - в ликвидация",27.09.2026г.,204323348,,ТРЕЙДИНГ ТАЙЪР,Еднолично дружество с ограничена отговорност,БЪЛГАРИЯ,"Област: София (столица), Община: Столична","гр. София, п.к. 1000","р-н Средец, бул./ул. ул. ""Стефан Караджа"" № 7, вх. В, ет. 2, ап. 25","Търговия с всякакви видове гуми и резервни части за моторни превозни средства, продажба на едро и на дребно и поправка на същите, онлайн продажба, както и свързаните с това услуги; закупуване и продажба на превозни средства, лекотоварни и тежкотоварни автомобили, търговски и индустриални превозни средства, както и всяка друга търговска дейност, която не е забранена от закона.",,"{""4. Изписване на чужд език"": ""TRADING TYRE Ltd."", ""5а. Адрес за кореспонденция с НАП на територията на страната"": ""Държава: БЪЛГАРИЯ\nОбласт: София (столица), Община: Столична\nНаселено място: гр. София, п.к. 1000\nр-н Средец\nбул./ул. ул. \""Стефан Караджа\"" № 7, вх. В, ет. 2, ап. 25"", ""7. Управители"": ""КОЗИМО ДЖЕНТИЛЕ, Държава: ИТАЛИЯ"", ""23. Едноличен собственик на капитала"": ""КОЗИМО ДЖЕНТИЛЕ, Държава: ИТАЛИЯ"", ""26. Прекратяване на търговската дейност"": ""Прекратяване на търговската дейност"", ""31. Размер"": ""102.26 €"", ""32. Внесен капитал"": ""102.26 €""}"
203334982,https://portal.registryagency.bg/CR/Reports/ActiveConditionTabResult?uic=203334982,"""БУЛЛС ТРАНС"" ЕООД",27.09.2026г.,203334982,,БУЛЛС ТРАНС,Еднолично дружество с ограничена отговорност,БЪЛГАРИЯ,"Област: Благоевград, Община: Благоевград","гр. Благоевград, п.к. 2700",бул./ул. КРУШЕВО № 3,"Покупка на стоки или други вещи с цел да ги продаде на едро и дребно в първоначален, преработен или обработен вид в страната и чужбина; продажба на стоки от собствено производство; търговия с живи животни в страната и чужбина, търговия с месо и местни изделия в страната и в чужбина, шивашки услуги, козметични услуги, ресторантьорство, търговско представителство и посредничество; комисионни и спедиционни сделки, транспортна дейност в страната и в чужбина, складови сделки, сделки с интелектуална собственост; покупка, строеж или обзавеждане на недвижими имоти с цел продажба; лизингови сделки, туристически, информационни, рекламни, импресарски, консултантски, комисионерски и маркетингови услуги, кетъринг, селски туризъм, ноу – хау, както и всякаква друга дейност незабранена от закона...",,"{""4. Изписване на чужд език"": ""\""BULLS TRANS “Ltd."", ""7. Управители"": ""ДАМИАНОС ГАЛАТАКИС, Държава: КИПЪР"", ""23. Едноличен собственик на капитала"": ""ДАМИАНОС ГАЛАТАКИС, Държава: КИПЪР"", ""31. Размер"": ""51.13 €"", ""32. Внесен капитал"": ""51.13 €""}"
203334990,https://portal.registryagency.bg/CR/Reports/ActiveConditionTabResult?uic=203334990,"""РОРАМАР 2"" ЕООД",27.09.2026г.,203334990,,РОРАМАР 2,Еднолично дружество с ограничена отговорност,БЪЛГАРИЯ,"Област: Русе, Община: Русе","гр. Русе, п.к. 7000","бул./ул. ул. Лозен Планина № 17, вх. 2, ет. 3","търговия със всички видове стоки в първоначален и преработен вид, вкл. цветя и цветарски консумативи, маркетинг, рекламна дейност; спедиция, износ, внос и реекспорт; производство и реализация на индустриални и други стоки; както и Всякаква друга производствена, търговска и стопанска дейност, която не е забранена от закона. Дейносттите за които се изисква лицензионен или друг регистрационен режим ще се извършват след получаване на такъв.",,"{""4. Изписване на чужд език"": ""RORAMAR 2"", ""7. Управители"": ""Ралица Димитрова Русева, Държава: БЪЛГАРИЯ"", ""23. Едноличен собственик на капитала"": ""Ралица Димитрова Русева, Държава: БЪЛГАРИЯ"", ""31. Размер"": ""1.02 €"", ""32. Внесен капитал"": ""1.02 €""}"
201054638,https://portal.registryagency.bg/CR/Reports/ActiveConditionTabResult?uic=201054638,"ЕТ ""СТЕКРАСИТА - СТЕФКА ЯНЧЕВА""",27.09.2026г.,201054638,,СТЕКРАСИТА - СТЕФКА ЯНЧЕВА,Едноличен търговец,БЪЛГАРИЯ,"Област: Бургас, Община: Царево","гр. Ахтопол, п.к. 8280",бул./ул. ул. Патриарх Евтимий № 12,"ПОКУПКА НА СТОКИ ИЛИ ДРУГИ ВЕЩИ С ЦЕЛ ПРОДАЖБА В ПЪРВОНАЧАЛЕН, ПРЕРАБОТЕН ИЛИ ОБРАБОТЕН ВИД, ПРОДАЖБА НА СТОКИ ОТ СОБСТВЕНО ПРОИЗВОДСТВО, ТЪРГОВСКО ПРЕДСТАВИТЕЛСТВО И ПОСРЕДНИЧЕСТВО, КОМИСИОННИ, СПЕДИЦИОННИ И ПРЕВОЗНИ СДЕЛКИ, СКЛАДОВИ СДЕЛКИ, СДЕЛКИ С ИНТЕЛЕКТУАЛНА СОБСТВЕНОСТ, ХОТЕЛИЕРСКИ, ТУРИСТИЧЕСКИ, РЕКЛАМНИ, ИНФОРМАЦИОННИ, ПРОГРАМНИ, ИМПРЕСАРСКИ ИЛИ ДРУГИ УСЛУГИ, ПОКУПКА, СТРОЕЖ ИЛИ ОБЗАВЕЖДАНЕ НА НЕДВИЖИМИ ИМОТИ С ЦЕЛ ПРОДАЖБА, ЛИЗИНГ.",СТЕФКА КУЗМАНОВА ЯНЧЕВА,"{""6а. Основна дейност по НКИД"": ""Група по НКИД:\nКлас по НКИД: ТЪРГОВИЯ""}"
201054647,https://portal.registryagency.bg/CR/Reports/ActiveConditionTabResult?uic=201054647,"""ФИКЕЛ"" ЕООД",27.09.2026г.,201054647,,ФИКЕЛ,Еднолично дружество с ограничена отговорност,БЪЛГАРИЯ,"Област: Габрово, Община: Габрово","гр. Габрово, п.к. 5300",бул./ул. ул. индустриална № 83 Телефон: 066801043,"ВЪТРЕШНО И ВЪНШНО ТЪРГОВСКА ДЕЙНОСТ; ТЪРГОВСКО ПРЕДСТАВИТЕЛСТВО, ПОСРЕДНИЧЕСТВО, МАРКЕТИНГ, СТРОИТЕЛСТВО, ПРОИЗВОДСТВО, ТЪРГОВИЯ С ХРАНИТЕЛНИ И НЕХРАНИТЕЛНИ СТОКИ, МАШИНИ, СЪОРЪЖЕНИЯ, РЕЗЕРВНИ ЧАСТИ, АВТОМОБИЛИ, РЕКЛАМНА И ИМПРЕСАРСКА ДЕЙНОСТ, ВЪТРЕШЕН И МЕЖДУНАРОДЕН ТРАНСПОРТ. ДРУГИ ДЕЙНОСТИ, НЕЗАБРАНЕНИ СЪС ЗАКОН.",,"{""4. Изписване на чужд език"": ""FIKEL"", ""5а. Адрес за кореспонденция с НАП на територията на страната"": ""Държава: БЪЛГАРИЯ\nОбласт: Габрово, Община: Габрово\nНаселено място: гр. Габрово, п.к. 5300\nбул./ул. ул.Индустриална № 83"", ""6а. Основна дейност по НКИД"": ""Група по НКИД: 4645\nКлас по НКИД: ТЪРГОВИЯ НА ЕДРО С ПАРФЮМЕРИЙНИ И КОЗМЕТИЧНИ СТОКИ"", ""7. Управители"": ""НИКОЛАЙ РАДИОНОВ УМНИКОВ, Държава: БЪЛГАРИЯ"", ""23. Едноличен собственик на капитала"": ""ФОНДАЦИЯ \""УМНИКОВИ\"", ЕИК/ПИК 208614225, Държава: БЪЛГАРИЯ"", ""31. Размер"": ""1.02 €"", ""32. Внесен капитал"": ""1.02 €""}"
837020510,https://portal.registryagency.bg/CR/Reports/ActiveConditionTabResult?uic=837020510,"ЕТ ""ЙОРДАН СТОЯНОВ - 66""",27.09.2026г.,837020510,3311/1991 360,ЙОРДАН СТОЯНОВ - 66,Едноличен търговец,БЪЛГАРИЯ,"Област: Шумен, Община: Смядово","гр. Смядово, п.к. 9820",бул./ул. ул. Д.БЛАГОЕВ № 38,"ПОКУПКА НА СТОКИ ИЛИ ДРУГИ ВЕЩИ С ЦЕЛ ПРЕПРОДАЖБА В ПЪРВОНАЧАЛЕН, ПРЕРАБОТЕН ИЛИ ОБРАБОТЕН ВИД, ПРОИЗВОДСТВО НА СТОКИ С ЦЕЛ ПРОДАЖБА, ТАКСИМЕТРОВИ ПРЕВОЗИ НА ПЪТНИЦИ И ТОВАРИ, ПРОИЗВОДСТВО, ПРЕРАБОТКА, РЕАЛИЗАЦИЯ, КОМИСИОННА ТЪРГОВИЯ И ИЗНОС НА СЕЛСКОСТОПАНСКА ПРОДУКЦИЯ, ВЪНШНОТЪРГОВСКА ДЕЙНОСТ.",ЙОРДАН АТАНАСОВ СТОЯНОВ,"{""4. Изписване на чужд език"": ""ET IORDAN STOIANOV - 66""}"
123089144,https://portal.registryagency.bg/CR/Reports/ActiveConditionTabResult?uic=123089144,"ЕТ ""ЙОРДАНКА ГОСПОДИНОВА - 66""",27.09.2026г.,123089144,2013/1997 550,ЙОРДАНКА ГОСПОДИНОВА - 66,Едноличен търговец,БЪЛГАРИЯ,"Област: Стара Загора, Община: Стара Загора","гр. Стара Загора, п.к. 6000","бул./ул. БОРУЙГРАД, бл. 16, вх. А, ет. 4, ап. 30 Телефон: 0885474755","ТЪРГОВИЯ, СТРОИТЕЛНО-РЕМОНТНА ДЕЙНОСТ, МОНТАЖ И СЕРВИЗ НА ВСЯКАКВИ СРЕДСТВА ЗА ПРОИЗВОДСТВО И ТЕХНОЛОГИИ ЗА ТЯХ, РЕМОНТ И ПОДДРЪЖКА НА БИТОВА И ЕЛ.ТЕХНИКА, ПОСРЕДНИЧЕСКА ДЕЙНОСТ, ПРОИЗВОДСТВО, ПРЕРАБОТКА И ПРОДАЖБА НА СЕЛСКОСТОПАНСКИ ПРОИЗВЕДЕНИЯ, ВЪНШНОТЪРГОВСКА И ВЪНШНОИКОНОМИЧЕСКА ДЕЙНОСТ И ОСЪЩЕСТВЯВАНЕ НА ВСЯКА ДРУГА НЕЗАБРАНЕНА ОТ ЗАКОНА СТОПАНСКА ДЕЙНОСТ.",ЙОРДАНКА ГОСПОДИНОВА ГРИГОРОВА,"{""6а. Основна дейност по НКИД"": ""Група по НКИД:\nКлас по НКИД: ТЪРГОВИЯ""}"
204136455,https://portal.registryagency.bg/CR/Reports/ActiveConditionTabResult?uic=204136455,"""ВИРДЖИНИЯ ВТОРА"" ЕООД",27.09.2026г.,204136455,,ВИРДЖИНИЯ ВТОРА,Еднолично дружество с ограничена отговорност,БЪЛГАРИЯ,"Област: Пловдив, Община: Пловдив","гр. Пловдив, п.к. 4023","р-н Тракия, бл. 13, вх. А, ет. 9, ап. 36","ИМПРЕСАРСКА, ПРОДУЦЕНТСКА И РЕКЛАМНА ДЕЙНОСТ, СВЪРЗАНА СЪС СЪЗДАВАНЕТО И РАЗПРОСТРАНЕНИЕТО НА СЦЕНИЧНИ, МУЗИКАЛНИ И ТАНЦОВИ ПРОИЗВЕДЕНИЯ И СПЕКТАКЛИ, ЗВУКО И ВИДЕО ЗАПИСНА ДЕЙНОСТ, ОРГАНИЗИРАНЕ НА КУЛТУРНИ СЪБИТИЯ, ШОУ ПРОГРАМИ, КОНЦЕРТИ, ФЕСТИВАЛИ, ПРЕЗЕНТАЦИИ, КОНФЕРЕНЦИИ, ОФИЦИАЛНИ ПРИЕМИ И ПАРТИТА, УЧЕБНО-ВЪЗПИТАТЕЛНИ ДЕЙНОСТИ И УСЛУГИ, МУЗИКАЛНИ ШКОЛИ, ПРОДАЖБА НА БИЛЕТИ ЗА КОНЦЕРТИ И ДРУГИ КУЛТУРНИ МЕРОПРИЯТИЯ И СЪБИТИЯ, РАДИОТЕЛЕВИЗИОННА ДЕЙНОСТ, СДЕЛКИ С ИНТЕЛЕКТУАЛНА СОБСТВЕНОСТ, ПОКУПКА НА СТОКИ ИЛИ ДРУГИ ВЕЩИ С ЦЕЛ ПРЕПРОДАЖБА В ПЪРВОНАЧАЛЕН, ПРЕРАБОТЕН ИЛИ ОБРАБОТЕН ВИД, ТЪРГОВСКО ПРЕДСТАВИТЕЛСТВО И ПОСРЕДНИЧЕСТВО НА БЪЛГАРСКИ И ЧУЖДЕСТРАННИ ФИЗИЧЕСКИ И ЮРИДИЧЕСКИ ЛИЦА, КОМИСИОННИ, СПЕДИЦИОННИ И ПРЕВОЗНИ СДЕЛКИ, ЛИЗИНГОВА ДЕЙНОСТ, ВЪНШНОТЪРГОВСКА И ВЪНШНОИКОНОМИЧЕСКА ДЕЙНОСТ, РЕСТОРАНТЬОРСКИ, ХОТЕЛИЕРСКИ УСЛУГИ /СЛЕД СЪОТВЕТНОТО РАЗРЕШЕНИЕ/, ТРАНСПОРТНИ И ТУРИСТИЧЕСКИ ДЕЙНОСТИ И УСЛУГИ, КАКТО И ВСИЧКИ ВИДОВЕ ДЕЙНОСТИ И УСЛУГИ, НЕЗАБРАНЕНИ ОТ ЗАКОНА, КОИТО ДРУЖЕСТВОТО ЩЕ ИЗВЪРШВА В СТРАНАТА И ЧУЖБИНА, ЗА КОИТО НЕ Е НЕОБХОДИМО СПЕЦИАЛНО РАЗРЕШЕНИЕ, А КОГАТО Е НЕОБХОДИМО ТАКОВА, СЛЕД ПОЛУЧАВАНЕТО МУ.",,"{""7. Управители"": ""ИВАН ГЕОРГИЕВ РАДИЛОВ, Държава: БЪЛГАРИЯ"", ""23. Едноличен собственик на капитала"": ""ИВАН ГЕОРГИЕВ РАДИЛОВ, Държава: БЪЛГАРИЯ"", ""31. Размер"": ""5.11 €"", ""32. Внесен капитал"": ""5.11 €""}"
208197516,https://portal.registryagency.bg/CR/Reports/ActiveConditionTabResult?uic=208197516,"""ЛИА Инвест"" ЕООД",27.09.2026г.,208197516,,ЛИА Инвест,Еднолично дружество с ограничена отговорност,БЪЛГАРИЯ,"Област: София (столица), Община: Столична","гр. София, п.к. 1510","р-н Подуяне, бул./ул. ул. „Градинарска“ № 7","инвеститорска дейност, предприемаческа дейност, строителство, инженеринг, отдаване под наем, търговия, производство, услуги, консултации и прогнози, разработване на стратегии, вътрешно и външнотърговска дейност, покупка на стоки с цел препродажба, продажба на всякакви стоки, комисионни, транспортни, спедиционни, превозни и лизингови сделки, маркетингова, посредническа, туристически, хотелиерски, ресторантьорски и други услуги, както и всяка друга дейност незабранена от закона",,"{""4. Изписване на чужд език"": ""LIA Invest EOOD"", ""7. Управители"": ""АСЯ ГЕОРГИЕВА МАШОВА, Държава: БЪЛГАРИЯ"", ""23. Едноличен собственик на капитала"": ""АСЯ ГЕОРГИЕВА МАШОВА, Държава: БЪЛГАРИЯ"", ""31. Размер"": ""4090.34 €"", ""32. Внесен капитал"": ""4090.34 €""}"
208197523,https://portal.registryagency.bg/CR/Reports/ActiveConditionTabResult?uic=208197523,"""ПиВ ТРЕЙД 94"" ЕООД",27.09.2026г.,208197523,,ПиВ ТРЕЙД 94,Еднолично дружество с ограничена отговорност,БЪЛГАРИЯ,"Област: Пловдив, Община: Родопи","с. Първенец, п.к. 4110",бул./ул. ул. СЪЕДИНЕНИЕ № 58,"РЕСТОРАНТЬОРСТВО, КАФЕ - АПЕРИТИВ, ФРИЗЬОРСКИ УСЛУГИ, КОЗМЕТИКА, ШИВАШКИ УСЛУГИ, ПРОИЗВОДСТВО, ИЗКУПУВАНЕ И ПРОДАЖБА НА ЗЕЛЕНЧУЦИ И ПЛОДОВЕ, ПРОИЗВОДСТВО И ПРОДАЖБА НА СЛАДКАРСКИ ИЗДЕЛИЯ, ПЛЕТАЧНИ УСЛУГИ, ВЪНШНОТЪРГОВСКА ДЕЙНОСТ, ПОСРЕДНИЧЕСТВО, КОМИСИОНЕРСТВО И ТЪРГОВСКО ПРЕДСТАВИТЕЛСТВО, ПРОИЗВОДСТВЕНА, СКЛАДОВА, СПЕДИТОРСКА, ПРЕВОЗНА, РЕКЛАМНА, ИНФОРМАЦИОННА, КАКТО И ДРУГИ ДЕЙНОСТИ И УСЛУГИ, КОИТО НЕ СА ЗАБРАНЕНИ ОТ ЗАКОНА ИЛИ ДРУГ НОРМАТИВЕН АКТ.",,"{""7. Управители"": ""ВЛАДО СТОЯНОВ КОВАЧЕВ, Държава: БЪЛГАРИЯ"", ""23. Едноличен собственик на капитала"": ""ВЛАДО СТОЯНОВ КОВАЧЕВ, Държава: БЪЛГАРИЯ"", ""31. Размер"": ""51.13 €"", ""32. Внесен капитал"": ""51.13 €""}"
208197530,https://portal.registryagency.bg/CR/Reports/ActiveConditionTabResult?uic=208197530,"""КАР ШОП 66"" ЕООД",27.09.2026г.,208197530,,КАР ШОП 66,Еднолично дружество с ограничена отговорност,БЪЛГАРИЯ,"Област: Перник, Община: Перник","гр. Перник, п.к. 2300","ж.к. Тева, бл. 25, ет. 3, ап. 11 Телефон: 0876 654 992, Адрес на електронна поща: carshop66@abv.bg","Търговия с автомобили и авточасти, както и всяка друга дейност, незабранена от закон.",,"{""4. Изписване на чужд език"": ""CAR SHOP 66 LTD"", ""7. Управители"": ""ПЕТЪР ВАЛЕНТИНОВ ВАСИЛЕВ, Държава: БЪЛГАРИЯ"", ""23. Едноличен собственик на капитала"": ""ПЕТЪР ВАЛЕНТИНОВ ВАСИЛЕВ, Държава: БЪЛГАРИЯ"", ""31. Размер"": ""51.13 €"", ""32. Внесен капитал"": ""51.13 €""}"
208197548,https://portal.registryagency.bg/CR/Reports/ActiveConditionTabResult?uic=208197548,"""Ейдхъб"" ООД",27.09.2026г.,208197548,,Ейдхъб,Дружество с ограничена отговорност,БЪЛГАРИЯ,"Област: Русе, Община: Русе","гр. Русе, п.к. 7000","бул./ул. Княжеска № 13, бл. Юта, вх. 2, ет. 2","Предоставяне на консултантски услуги на населението в областта на здравеопазването, бизнес и мениджмънт консултации, маркетинг, рекламна дейност; консултантски дейности в областта на управлението; консултантска дейност по връзки с обществеността; консултантска дейност по стопанско и друго управление; търговско представителство и посредничество на български и чуждестранни физически и юридически лица в страната и чужбина, онлайн търговия; търговско представителство и посредничество; както и всяка друга дейност, незабранена със закон, включително и тези, попадащи под специален законоустановен режим и изискващ предварително разрешение или лиценз -след получаването му.",,"{""4. Изписване на чужд език"": ""Aidhub LTD"", ""6а. Основна дейност по НКИД"": ""Група по НКИД: 8699\nКлас по НКИД: ДРУГИ ДЕЙНОСТИ ПО ХУМАННО ЗДРАВЕОПАЗВАНЕ"", ""7. Управители"": ""АСЕН АСЕНОВ МАРИНОВ, Държава: БЪЛГАРИЯ\nВИТАН ГАНЧЕВ ВИТАНОВ, Държава: БЪЛГАРИЯ"", ""11. Начин на представляване"": ""по друг начин:\nзаедно и поотделно"", ""19. Съдружници"": ""АСЕН АСЕНОВ МАРИНОВ, Държава: БЪЛГАРИЯ, Размер на дяловото участие: 40.00 лв.\nВИТАН ГАНЧЕВ ВИТАНОВ, Държава: БЪЛГАРИЯ, Размер на дяловото участие: 40.00 лв.\nАСЕН АСЕНОВ МАРИНОВ, Държава: БЪЛГАРИЯ, Размер на дяловото участие: 25.50 €\nВИТАН ГАНЧЕВ ВИТАНОВ, Държава: БЪЛГАРИЯ, Размер на дяловото участие: 25.50 €"", ""31. Размер"": ""51.00 €"", ""32. Внесен капитал"": ""51.00 €""}"
118570496,https://portal.registryagency.bg/CR/Reports/ActiveConditionTabResult?uic=118570496,"""КЕНТАВЪР-66"" ЕООД",27.09.2026г.,118570496,473/2005 340,КЕНТАВЪР-66,Еднолично дружество с ограничена отговорност,БЪЛГАРИЯ,"Област: Силистра, Община: Силистра","с. Калипетрово, п.к. 7539",бул./ул. ул.НОВО ПЕТРОВО № 48,"КОНСУЛТАНСКИ УСЛУГИ, ПРОЕКТИРАНЕ, СТРОИТЕЛНО - МОНТАЖНИ РАБОТИ, РЕМОНТ НА ЕЛЕКТРОННА И БИТОВА ТЕХНИКА, АВТОМОНТЬОРСКИ, ТАКСИМЕТРОВИ И ТОВАРНИ УСЛУГИ, ПРОИЗВОДСТВО, ИЗКУПУВАНЕ, ПРЕРАБОТКА И РЕАЛИЗАЦИЯ НА СЕЛСКОСТОПАНСКА ПРОДУКЦИЯ, ТЪРГОВИЯ НА ЕДРО И ДРЕБНО НА ПРОМИШЛЕНИ И ХРАНИТЕЛНИ СТОКИ, ЦИГАРИ, СПИРТНИ НАПИТКИ, КОМИСИОННА, ЛИЗИНГОВА И СПЕДИТОРСКА ДЕЙНОСТ, ТЪРГОВСКО ПРЕДСТАВИТЕЛСТВО И ПОСРЕДНИЧЕСТВО В СТРАНАТА И ЧУЖБИНА, ВЪНШНОТЪРГОВСКА И ВЪТРЕШНОТЪРГОВСКА ДЕЙНОСТ, НАЕМАНЕ И ОТДАВАНЕ ПОД НАЕМ ИЛИ АРЕНДА НА ЗЕМЕДЕЛСКА ЗЕМЯ; ТЪРГОВИЯ И РЕМОНТ НА СЕЛСКОСТОПАНСКА ТЕХНИКА; ПОКУПКО - ПРОДАЖБА И СТРОИТЕЛСТВО НА НЕДВИЖИМИ ИМОТИ; ПРЕВОЗНИ, ХОТЕЛИЕРСКИ, РЕСТОРАНТЬОРСКИ, ТУРИСТИЧЕСКИ, РЕКЛАМНИ, ИНФОРМАЦИОННИ, ПРОГРАМНИ, ИМПРЕСАРСКИ, МАРКЕТИНГОВИ, БРЪСНАРОФРИЗЬОРСКИ И КОЗМЕТИЧНИ УСЛУГИ И ВСИЧКИ ОСТАНАЛИ ДРУГИ ДЕЙНОСТИ, КОИТО НЕ СА ЗАБРАНЕНИ СЪС ЗАКОН.",,"{""6а. Основна дейност по НКИД"": ""Група по НКИД: 47.11\nКлас по НКИД: Неспециализирана търговия на дребно предимно с хранителни стоки, напитки и тютюневи изделия"", ""7. Управители"": ""ТОДОРКА СТОЙКОВА УЗУНОВА, Държава: БЪЛГАРИЯ"", ""23. Едноличен собственик на капитала"": ""ТОДОРКА СТОЙКОВА УЗУНОВА, Държава: БЪЛГАРИЯ"", ""31. Размер"": ""2600.00 €"", ""32. Внесен капитал"": ""2600.00 €""}"
121880836,https://portal.registryagency.bg/CR/Reports/ActiveConditionTabResult?uic=121880836,"""КЛЕОПАТРА 66"" ООД",27.09.2026г.,121880836,4961/1999 110,КЛЕОПАТРА 66,Дружество с ограничена отговорност,БЪЛГАРИЯ,"Област: София (столица), Община: Столична","гр. София, п.к. 1301","р-н Възраждане, бул./ул. КНЯЗ БОРИС № 130, ет. 2, ап. 3 Телефон: 02/ 987 40 54, Адрес на електронна поща: omarm@abv.bg","Покупка на стоки или други вещи с цел да ги препродаде в първоначален, преработен или обработен вид, търговско представителство, посредничество и агентство на местни и чужди физически и юридически лица, комисионни, спедиционни и превозни сделки в страната и чужбина, складови и лизингови сделки, хотелиерски, туристически, рекламни, информационни, програмни, импресарски услуги, сделки с недвижими имоти, както и извършването на всички други сделки, които не са забранени от закона",,"{""7. Управители"": ""АБДУЛРАХМАН НАСЕР\nМОХАМАД ФЕРАС ШЕКХ ИССА\nМАЖДХ ДМХХ КИРАЛАХ\nШАКР АДРЕС\nАБДУЛ ХАДИ АЛМОХАМАД\nХАЙРАЛЛА АЛНЕМА\nУБАЙДА АЛХОСНИ"", ""11. Начин на представляване"": ""по друг начин:\nзаедно и поотделно"", ""19. Съдружници"": ""МОХАМАД ФЕРАС ШЕКХ ИССА, Размер на дяловото участие: 1500.00 лв.\nМАЖДХ ДМХХ КИРАЛАХ, Размер на дяловото участие: 500.00 лв.\nАБДУЛРАХМАН НАСЕР, Размер на дяловото участие: 250.00 лв.\nШАКР АДРЕС, Размер на дяловото участие: 250.00 лв.\nАБДУЛ ХАДИ АЛМОХАМАД, Размер на дяловото участие: 1000.00 лв.\nХАЙРАЛЛА АЛНЕМА, Размер на дяловото участие: 500.00 лв.\nУБАЙДА АЛХОСНИ, Размер на дяловото участие: 250.00 лв.\nАХМАД АЛКЕН, Държава: БЪЛГАРИЯ, Размер на дяловото участие: 250.00 лв.\nМОХАМАД АЛКЕН, Държава: БЪЛГАРИЯ, Размер на дяловото участие: 500.00 лв."", ""31. Размер"": ""2556.46 €"", ""32. Внесен капитал"": ""2556.46 €""}"
200520266,https://portal.registryagency.bg/CR/Reports/ActiveConditionTabResult?uic=200520266,"""ДГД Транс"" ЕООД",27.09.2026г.,200520266,,ДГД Транс,Еднолично дружество с ограничена отговорност,БЪЛГАРИЯ,"Област: Благоевград, Община: Петрич","гр. Петрич, п.к. 2850","бул./ул. ул.""Княз Борис I"" № 7, ет. 4 Телефон: 0745/63293","покупка на стоки или други вещи с цел да ги препродава в първоначален, преработен или обработен вид; продажба на стоки от собствено производство; търговско представителство и посредничество; комисионни, спедиционни и превозни сделки; международни превози на товари и пътници; складови сделки; стоков контрол; сделки с интелектуална собственост; хотелиерски, ресторантьорски, туристически, рекламни, информационни, програмни, импресарски, машинописни, шивашки или други услуги; покупка, строеж или обзавеждане на недвижими имоти с цел продажба; лизинг.",,"{""4. Изписване на чужд език"": ""DGD trans"", ""7. Управители"": ""АНТОН ПЕТРОВ НАУМОВ, Държава: БЪЛГАРИЯ"", ""23. Едноличен собственик на капитала"": ""АНТОН ПЕТРОВ НАУМОВ, Държава: БЪЛГАРИЯ"", ""31. Размер"": ""2556.46 €"", ""32. Внесен капитал"": ""2556.46 €""}"
200520273,https://portal.registryagency.bg/CR/Reports/ActiveConditionTabResult?uic=200520273,"""СЕМЕЛИ ПРОПЪРТИС"" ООД",27.09.2026г.,200520273,,СЕМЕЛИ ПРОПЪРТИС,Дружество с ограничена отговорност,БЪЛГАРИЯ,"Област: София (столица), Община: Столична","гр. София, п.к. 1220","р-н Сердика, бул./ул. бул. ИЛИЯНЦИ № 12 Телефон: 931 2104, Факс: 931 2104","ПРИДОБИВАНЕ, УПРАВЛЕНИЕ, СТОПАНИСВАНЕ И РАЗПОРЕЖДАНЕ С НЕДВИЖИМИ ИМОТИ, ПОДБОР, ОБУЧЕНИЕ И КВАЛИФИКАЦИЯ НА ПЕРСОНАЛ, СТРОИТЕЛСТВО, РЕМОНТ, ОБЗАВЕЖДАНЕ И ЕКСПЛОАТАЦИЯ НА НЕДВИЖИМА СОБСТВЕНОСТ, ВЪТРЕШНО И ВЪНШНОТЪРГОВСКА ДЕЙНОСТ,ТЪРГОВСКО ПРЕДСТАВИТЕЛСТВО, ИЗВЪРШВАНЕ НА ПОСРЕДНИЧЕСКА ДЕЙНОСТ ПО НАЕМАНЕ НА РАБОТА, КАКТО И ВСЯКАКВА ДРУГА ДЕЙНОСТ, ЗА КОЯТО НЯМА ЗАКОНОВА ЗАБРАНА СЪГЛАСНО ЗАКОНИТЕ НА РЕПУБЛИКА БЪЛГАРИЯ.",,"{""4. Изписване на чужд език"": ""SEMELI PROPERTIES"", ""7. Управители"": ""АГАПИОС ХЕРАТОС\nАНТУЛА ЛУКА ХЕРАТУ"", ""11. Начин на представляване"": ""по друг начин:\nЗАЕДНО И ПООТДЕЛНО"", ""19. Съдружници"": ""АГАПИОС ХЕРАТОС, Размер на дяловото участие: 2500.00 лв.\nАНТУЛА ЛУКА ХЕРАТУ, Размер на дяловото участие: 2500.00 лв."", ""31. Размер"": ""2556.46 €"", ""32. Внесен капитал"": ""2556.46 €""}"
102087097,https://portal.registryagency.bg/CR/Reports/ActiveConditionTabResult?uic=102087097,"ЕТ ""КОЛОС-66 - КИРЧО КИРЯКОВ""",27.09.2026г.,102087097,7856/1990 210,КОЛОС-66 - КИРЧО КИРЯКОВ,Едноличен търговец,БЪЛГАРИЯ,"Област: Бургас, Община: Бургас","гр. Бургас, п.к. 8000","бул./ул. ул. Цар Калоян № 31, вх. 1, ет. 1 Телефон: 0889 52 90 92","ПРОЕКТИРАНЕ, РЕМОНТ, ИЗПЪЛНЕНИЕ И ПОДДРЪЖКА НА СГРАДИ, ТЕХНИЧЕСКИ СЪОРЪЖЕНИЯ И МАШИНИ, ИЗРАБОТКА НА ГИПСОВИ, ПЛАСТМАСОВИ ИЗДЕЛИЯ, СУВЕНИРИ И ТЪРГОВИЯ С ТЯХ, ВЪТРЕШНО ОБЗАВЕЖДАНЕ, ХУДОЖЕСТВЕНА УКРАСА И ДИЗАЙН, ТАКСИМЕТРОВИ УСЛУГИ И ВЕЩИ ПОД НАЕМ.",КИРЧО ЙОРДАНОВ КИРЯКОВ,
102087108,https://portal.registryagency.bg/CR/Reports/ActiveConditionTabResult?uic=102087108,"""ПУСАН"" ООД",27.09.2026г.,102087108,217/1997 210,ПУСАН,Дружество с ограничена отговорност,БЪЛГАРИЯ,"Област: Бургас, Община: Бургас","гр. Бургас, п.к. 8000","бул./ул. ж.к. ИЗГРЕВ бл. 24 вх.Д ет.1 Телефон: 861183, Факс: 861183","ПOKУПKA HA CTOKИ ИЛИ ДPУГИ BEЩИ C ЦEЛ ПPEПPOДAЖБA B ПЪPBOHAЧAЛEH, ПPEPAБOTEH ИЛИ OБPAБOTEH BИД, ПPOДAЖБA HA CTOKИ OT COБCTBEHO ПPOИЗBOДCTBO, TЪPГOBCKO ПPEДCTABИTEЛCTBO И ПOCPEДHИЧECTBO, KOMИCИOHHИ, CПEДИЦИOHHИ И ПPEBOЗHИ CДEЛKИ, BAЛУTHИ CДEЛKИ, BHOC И ИЗHOC, CKЛAДOBИ CДEЛKИ, ЛИЦEHЗИOHHИ CДEЛKИ, CTOKOB KOHTPOЛ, CДEЛKИ C ИHTEЛEKTУAЛHA COБCTBEHOCT, MAГAЗИHEPCTBO И PECTOPAHTЬOPCTBO, XOTEЛИEPCKИ, TУPИCTИЧECKИ, PEKЛAMHИ, ИHФOPMAЦИOHHИ, ПPOГPAMHИ, ИMПPECAPCKИ ИЛИ ДPУГИ УCЛУГИ, ПOKУПKA, CTPOEЖ ИЛИ OБЗABEЖДAHE HA HEДBИЖИMИ ИMOTИ C ЦEЛ ПPOДAЖБA, ЛИЗИHГ.",,"{""4. Изписване на чужд език"": ""PUSAN"", ""6а. Основна дейност по НКИД"": ""Група по НКИД: 5030\nКлас по НКИД: ТЪРГОВИЯ С ЧАСТИ И ПРИНАДЛЕЖНОСТИ ЗА АВТОМОБИЛИ"", ""7. Управители"": ""СТАНКО ДИМИТРОВ ПИСАРОВ"", ""19. Съдружници"": ""СТАНКО ДИМИТРОВ ПИСАРОВ, Размер на дяловото участие: 2500.00 лв.\nНИКОЛАЙ СТАНКОВ ПИСАРОВ, Размер на дяловото участие: 2500.00 лв."", ""31. Размер"": ""2556.46 €"", ""32. Внесен капитал"": ""2556.46 €""}"
201887596,https://portal.registryagency.bg/CR/Reports/ActiveConditionTabResult?uic=201887596,"ЕТ ""АВМ-АЛЕКСАНДЪР МИТЕВ""",27.09.2026г.,201887596,,АВМ-АЛЕКСАНДЪР МИТЕВ,Едноличен търговец,БЪЛГАРИЯ,"Област: София (столица), Община: Столична","гр. София, п.к. 1750","р-н Младост, ж.к. МЛАДОСТ 1, бл. 79, вх. 6, ет. 1, ап. 123 Телефон: 0878 29 65 64, Адрес на електронна поща: almitev@abv.bg","Извършване на покупка на стоки или оруги вещи с цел продажбата им в първоначален, преработен или обработен вид, продажба на алкохол, цигари, хранителни стоки и др., търговско представителство и посредничество, туристически, рекламни, информационни, програмни, импресарски или други услуги, кактс и всякаква друга дейност, незабранена със закон, (след снабдяване с лиценз, където това е необходимо).",АЛЕКСАНДЪР ВАЛЕНТИНОВ МИТЕВ,"{""4. Изписване на чужд език"": ""AVM-ALEKSANDAR MITEV""}"
120556443,https://portal.registryagency.bg/CR/Reports/ActiveConditionTabResult?uic=120556443,"ЕТ ""ЮНАЙТЕД ДИДЖЕЙС - ВАСИЛ ИВАНОВ""",27.09.2026г.,120556443,447/2004 540,ЮНАЙТЕД ДИДЖЕЙС - ВАСИЛ ИВАНОВ,Едноличен търговец,БЪЛГАРИЯ,"Област: Смолян, Община: Смолян","гр. Смолян, п.к. 4700","бул./ул. ул. Соколица № 38 Телефон: +359889445685, Адрес на електронна поща: djvassi@djvassi.com","ТЪРГОВИЯ В СТРАНАТА И ЧУЖБИНА С ВСИЧКИ ВИДОВЕ ПРОМИШЛЕНИ И ХРАНИТЕЛНИ СТОКИ, ПРЕВОЗНА ДЕЙНОСТ, ТОВАРЕН И ПЪТНИЧЕСКИ ТРАНСПОРТ, РЕСТОРАНТЬОРСТВО И ХОТЕЛИЕРСТВО, ТЪРГОВИЯ С БЕЗАЛКОХОЛНИ И АЛКОХОЛНИ НАПИТКИ, РЕКЛАМНА ДЕЙНОСТ, ПОСРЕДНИЧЕСКА И КОМИСИОННА ДЕЙНОСТ, ЛИЗИНГОВА ДЕЙНОСТ, ОБОРУДВАНЕ И ОЗВУЧАВАНЕ НА ВСЯКАКВИ ВИДОВЕ ДИСКОТЕКИ, КЛУБОВЕ, РЕСТОРАНТИ, БАРОВЕ И ЗАВЕДЕНИЯ, КАКТО И ВСИЧКИ ОСТАНАЛИ ДЕЙНОСТИ И УСЛУГИ, КОИТО НЕ СА ЗАБРАНЕНИ СЪС ЗАКОН, КАТО ЗА ОНЕЗИ, ЗА КОИТО СЕ ИЗИСКВА РАЗРЕШЕНИЕ ИЛИ ЛИЦЕНЗ - СЛЕД ПОЛУЧАВАНЕТО ИМ. ФИРМАТА ЩЕ ОСЪЩЕСТВЯВА ДЕЙНОСТТА СИ В СТРАНАТА И ЧУЖБИНА, ВКЛЮЧИТЕЛНО И В СВОБОДНИТЕ БЕЗМИТНИ ЗОНИ.",ВАСИЛ МИЛКОВ ИВАНОВ,
203564218,https://portal.registryagency.bg/CR/Reports/ActiveConditionTabResult?uic=203564218,"""ШУУЗ ТРЕЙД ПЛЮС 2015"" ЕООД - Заличен търговец/ЮЛНЦ",27.09.2026г.,,,,,,,,,,,"{""27. Заличаване на търговеца/ЮЛНЦ"": ""Заличен търговец/ЮЛНЦ""}"
203564225,https://portal.registryagency.bg/CR/Reports/ActiveConditionTabResult?uic=203564225,"""ДЖИМИ – ТРАНС 2015"" ООД",27.09.2026г.,203564225,,ДЖИМИ – ТРАНС 2015,Дружество с ограничена отговорност,БЪЛГАРИЯ,"Област: Шумен, Община: Върбица","с. Чернооково, п.к. 9873",бул./ул. Балчик № 10,"Производство и търговия на едро и дребно с плодове, зебенчуци, посадъчен материал и друга селскостопанска продукция, промишлени и хранителни стоки; автомобилен превоз на пътници и товари; търговско представителство и посредничество; комисионна и превозна дейност; туристическа и хотелиерска дейност; доставка, сервиз и ремонт на компютърни системи, домакинска и битова техника; внос, износ и продажба на МПС; търговия на едро и дребно с алкохолни напитки, тютюн и тютюневи изделия; търговия с безалкохолни напитки и минерални води; строителна дейност и посредничество в търговия с недвижими имоти; дърводобив и търговия с дървен материал; туристическа дейност; козметични и фризьорски услуги; експлоатация на туристически обекти; внос, износ, бартерни сделки и реекспорт; всички други дейности, незабранени със закон.",,"{""4. Изписване на чужд език"": ""JIMMY - TRANS 2015 LTD"", ""7. Управители"": ""Неджми Назифов Хасанов, Държава: БЪЛГАРИЯ"", ""19. Съдружници"": ""НЕДЖМИ НАЗИФОВ ХАСАНОВ, Държава: БЪЛГАРИЯ, Размер на дяловото участие: 900.00 лв.\nЙЪЛДЪЗ ОРХАН, Държава: БЪЛГАРИЯ, Размер на дяловото участие: 100.00 лв."", ""31. Размер"": ""511.29 €"", ""32. Внесен капитал"": ""511.29 €""}"
203564232,https://portal.registryagency.bg/CR/Reports/ActiveConditionTabResult?uic=203564232,"""КОРЕКТ ПАРТНЕР 66"" ЕООД",27.09.2026г.,203564232,,КОРЕКТ ПАРТНЕР 66,Еднолично дружество с ограничена отговорност,БЪЛГАРИЯ,"Област: Русе, Община: Русе","гр. Русе, п.к. 7000","бул./ул. ЧИПРОВЦИ № 45, бл. 51, вх. Б, ет. 1","Вътрешна и външна търговия, експорт, импорт, реекспорт, бартерни сделки и обмен на стоки за потребление, хранит. стоки, хранителни добавки, селскостоп. продукция, промишлени суровини, резервни части, машини, съоръжения, организационна и битова техника; комисионна търговия, посредничество, представителство и агентство на наши и чужди фирми, физически и юридически лица; техническо ръководство и инвеститорски контрол на строителни обекти, строителна и строително-монтажна, строително-ремонтна дейност на сгради и съоръжения в страната и чужбина; разработване на софтуер, регистрация на домейни, хостинг услуги, изработка и поддръжка на интернет сайтове, провеждане на курсове за компютърна грамотност; производство, изкупуване, преработка и търговия със селскостопанска продукция; земеделие – растениевъдство, животновъдство; туристически услуги-вътрешен и международен туризъм; транспортни услуги-таксиметрови, селскостопански машини, превоз на пътници и товари в страната и чужбина; товаро-разтоварна дейност; организиране и експлоатация на електронни, механични и други забавно-развлекателни игри; разкриване и експлоатация на смесени търговски обекти, заведения за обществено хранене, питейни заведения; отдаване под наем на вещи, машини и автомобили; бръснаро-фризьорски услуги и козметика, търговска дейност в страната и чужбина, търговска дейност с нефтени деривати и газ, търговска дейност със стопанска продукция и зърнени култури, автотенекеджийска и автосервизна дейност, спортна дейност, рекламна дейност, проектиране и строителство, консултантска дейност, посредническа дейност, комисионерска дейност, импресарска дейност, спедиторска дейност, хотелиерство и ресторантьорство, издателска дейност, търговия на едро и транспорт на течни горива, охранителна дейност, митническо посредничество, радио- и телевизионна дейност, доставчик на комуникационни услуги и др. незабранени от закона услуги и дейности /за лицензирани дейности, след издаване на съответния лиценз/.",,"{""4. Изписване на чужд език"": ""CORRECT PARTNER 66"", ""7. Управители"": ""СЕВГИН ХАСАН МЕХМЕД, Държава: БЪЛГАРИЯ"", ""23. Едноличен собственик на капитала"": ""СЕВГИН ХАСАН МЕХМЕД, Държава: БЪЛГАРИЯ"", ""31. Размер"": ""10.23 €"", ""32. Внесен капитал"": ""10.23 €""}"
208801429,https://portal.registryagency.bg/CR/Reports/ActiveConditionTabResult?uic=208801429,"""КОЧЕКС 66"" ООД",27.09.2026г.,208801429,,КОЧЕКС 66,Дружество с ограничена отговорност,БЪЛГАРИЯ,"Област: Добрич, Община: Балчик","гр. Балчик, п.к. 9601",бул./ул. ул. ХРИСТО БОТЕВ № 22,"ВНОС; ИЗНОС; ДИСТРИБУЦИЯ; ПРЕДСТАВИТЕЛСТВО И ПОСРЕДНИЧЕСТВО; ХОТЕЛИЕРСТВО; ТЪРГОВИЯ НА ЕДРО; ТЪРГОВИЯ НА ДРЕБНО; РЕСТОРАНТЪОРСТВО: РЕСТОРАНТЬОРСКИ УСЛУГИ В СФЕРАТА НА БЪРЗОТО ОБСЛУЖВАНЕ; ЗАВЕДЕНИЯ ЗА БЪРЗО ХРАНЕНЕ; ЗАВЕДЕНИЯ ЗА ПРИГОТВЯНЕ И ПРЕДЛАГАНЕ НА ХРАНИ; СУХОПЪТЕН ТРАНСПОРТ; РЕМОНТ И ИНСТАЛИРАНЕ НА МАШИНИ, СЪОРЪЖЕНИЯ И ОБОРУДВАНЕ; ОПЕРАЦИИ С НЕДВИЖИМИ ИМОТИ; СТРОИТЕЛСТВО; РЕМОНТ И ОБЗАВЕЖДАНЕ НА НЕДВИЖИМИ ИМОТИ; ИЗРАБОТВАНЕ И МОНТАЖ НА АЛУМИНИЕВА И ПВЦ ДОГРАМА, ЩОРИ, СЕННИЦИ, ОКАЧЕНИ ТАВАНИ, ИЗОЛАЦИЯ; КАКТО И ВСЯКА ДРУГА ДЕЙНОСТ, НЕЗАБРАНЕНА ОТ ЗАКОНА. АКО ЗА ИЗВЪРШВАНЕ НА ОПРЕДЕЛЕНА ДЕЙНОСТ СЕ ИЗИСКВА ЛИЦЕНЗ (РАЗРЕШЕНИЕ), ДЕЙНОСТТА ЩЕ СЕ ИЗВЪРШВА СЛЕД ПОЛУЧАВАНЕ НА КОНКРЕТНИЯ ЛИЦЕНЗ (РАЗРЕШЕНИЕ).",,"{""4. Изписване на чужд език"": ""COCHEX 66 LTD"", ""7. Управители"": ""СЛАВЧО СТЕФЧОВ ДЕМИРОВ, Държава: БЪЛГАРИЯ\nМАГДАЛЕНА СТОЯНОВА ДЕМИРОВА, Държава: БЪЛГАРИЯ"", ""11. Начин на представляване"": ""по друг начин:\nЗАЕДНО И ПООТДЕЛНО"", ""19. Съдружници"": ""СЛАВЧО СТЕФЧОВ ДЕМИРОВ, Държава: БЪЛГАРИЯ, Размер на дяловото участие: 10.00 €\nМАГДАЛЕНА СТОЯНОВА ДЕМИРОВА, Държава: БЪЛГАРИЯ, Размер на дяловото участие: 10.00 €"", ""31. Размер"": ""20.00 €"", ""32. Внесен капитал"": ""20.00 €""}"
208801436,https://portal.registryagency.bg/CR/Reports/ActiveConditionTabResult?uic=208801436,"""ОМНЕКС"" ЕООД",27.09.2026г.,208801436,,ОМНЕКС,Еднолично дружество с ограничена отговорност,БЪЛГАРИЯ,"Област: София (столица), Община: Столична","гр. София, п.к. 1756","р-н Студентски, ж.к. Дървеница, бул./ул. ул. Овчаренски водопад № 3Б Телефон: 0879333405, Адрес на електронна поща: ivelin102041@gmail.com","Търговия на едро и дребно в страната и чужбина; внос, износ и реекспорт на стоки; търговско представителство и посредничество; комисионни, спедиционни и складови сделки; маркетинг, реклама и консултантски услуги; покупка, продажба и управление на недвижими имоти; транспортна и логистична дейност, както и всякаква друга търговска дейност, незабранена от закона, като дейностите, за които се изисква лиценз или разрешение, ще се извършват след получаването им.",,"{""4. Изписване на чужд език"": ""OMNEX"", ""6а. Основна дейност по НКИД"": ""Група по НКИД: 4690\nКлас по НКИД: Неспециализирана търговия на едро"", ""7. Управители"": ""ИВЕЛИН ВАЛЕРИЕВ ГЕОРГИЕВ, Държава: БЪЛГАРИЯ"", ""23. Едноличен собственик на капитала"": ""ИВЕЛИН ВАЛЕРИЕВ ГЕОРГИЕВ, Държава: БЪЛГАРИЯ"", ""31. Размер"": ""100.00 €"", ""32. Внесен капитал"": ""100.00 €""}"
208801443,https://portal.registryagency.bg/CR/Reports/ActiveConditionTabResult?uic=208801443,"""СТАНДАРТИ АРТ"" ООД",27.09.2026г.,208801443,,СТАНДАРТИ АРТ,Дружество с ограничена отговорност,БЪЛГАРИЯ,"Област: Велико Търново, Община: Велико Търново","гр. Килифарево, п.к. 5050","бул./ул. ул. ""Петко Ахчиев"" № 24","ПРОДУЦЕНТСКА И ИМПРЕСАРСКА ДЕЙНОСТ В СФЕРАТА НА МУЗИКАЛНО-ИЗПЪЛНИТЕЛСКО, МУЗИКАЛНО-СЦЕНИЧНО ИЗКУСТВО, КАНТАТНО – ОРАТОРИАЛНА, ИНСТРУМЕНТАЛ- НА, ВОКАЛНА, ХОРОВА, КАМЕРНА И ФОЛКЛОРНА МУЗИКА И ТЕАТРАЛНИ ПОСТАНОВКИ; ОРГАНИЗИРАНЕ НА КУРСОВЕ ЗА ОБУЧЕНИЕ И ПОВИШАВАНЕ НА КВАЛИФИКАЦИЯТА /МАЙСТОРСКИ КЛАСОВЕ/; ОРГАНИЗИРАНЕ И ПРОВЕЖДАНЕ НА ИНДИВИДУАЛНО ОБУЧЕНИЕ В СФЕРАТА НА МУЗИКАЛНОТО ИЗКУСТВО; ОРГАНИЗИРАНЕ И ПРОВЕЖДАНЕ НА КОНКУРСИ, СЕМИНАРИ; ОРГАНИЗАЦИЯ НА ФЕСТИВАЛИ, КОНЦЕРТИ, КУЛТУРНИ МЕРОПРИЯТИЯ, ТУРНЕТА, МУЗИКАЛНО-ОБРАЗОВАТЕЛНИ ПРОГРАМИ; ИЗСЛЕДВАНИЯ В ОБЛАСТТА НА МУЗИКАТА, ТЕАТЪРА И ТАНЦА; ИЗГОТВЯНЕ И КАНДИДАТСТВАНЕ С ПРОЕКТИ; ПРОДУЦЕНТСКА И ИМПРЕСАРСКА ДЕЙНОСТ В ОБЛАСТТА НА АУДИО-ВИЗУАЛНИТЕ ИЗКУСТВА – ФОТОГРАФИЯ, РАДИО, КИНО, ТЕЛЕВИЗИЯ, ВИДЕО- ИЗКУСТВА, ПЪРФОРМАНС, ДИГИТАЛНИ /ЦИФРОВИ/ ИЗКУСТВА В ТОВА ЧИСЛО КОМПЮТЪРНА ГРАФИКА, 3D МОДЕЛИРАНЕ И ДРУГИ; РЕКЛАМНА ДЕЙНОСТ; КОНСУЛТАЦИИ И УСЛУГИ В ОБЛАСТТА НА МУЗИКАТА И ТЕАТЪРА И ВСЯКАКЪВ ВИД СЦЕНИЧНИ ИЗКУСТВА; КИНО, РАДИО И ТЕЛЕВИЗИОННИ ПРОДУКТИ; МЕНИДЖЪРСКИ УСЛУГИ И КОНСУЛТАЦИЯ ВЪВ ВСЯКА ОБЛАСТ НА СЦЕНИЧНИТЕ ДЕЙНОСТИ, КИНО И ТЕЛЕВИЗИОННА ДЕЙНОСТ, КАКТО РЕЖИСУРА, СЦЕНОГРАФИЯ, КОСТЮМИ, ДЕКОРИ; КОМПОЗИРАНЕ НА МУЗИКА И ОРКЕСТРАЦИИ; ТЪРГОВСКО ПРЕДСТАВИТЕЛСТВО, ПОСРЕДНИЧЕСТВО И АГЕНТСТВО; КОМИСИОННИ, ЛИЦЕНЗИОННИ СДЕЛКИ; СДЕЛКИ С ИНТЕЛЕКТУАЛНА СОБСТВЕНОСТ И ВСЯКА ДРУГА ДЕЙНОСТ, НЕЗАБРАНЕНА ОТ ЗАКОНА; ЗА ДЕЙНОСТИТЕ, ЗА КОИТО СЪЩЕСТВУВА РАЗРЕШИТЕЛЕН И ЛИЦЕНЗИОНЕН РЕЖИМ, СЪЩИТЕ ЩЕ СЕ ИЗВЪРШВАТ СЛЕД ИЗВАЖДАНЕ НА НЕОБХОДИМИТЕ НОРМАТИВНО ИЗИСКУЕМИ ДОКУМЕНТИ /ЛИЦЕНЗ, РАЗРЕШИТЕЛНО/.",,"{""4. Изписване на чужд език"": ""„STANDARTS ART“"", ""7. Управители"": ""ВАСИЛ БАЙЧЕВ ВЪЛЧЕВ, Държава: БЪЛГАРИЯ"", ""19. Съдружници"": ""ВАСИЛ БАЙЧЕВ ВЪЛЧЕВ, Държава: БЪЛГАРИЯ, Размер на дяловото участие: 50.00 €\nНАДКА МАНЕВА ЯЛАМОВА, Държава: БЪЛГАРИЯ, Размер на дяловото участие: 50.00 €"", ""31. Размер"": ""100.00 €"", ""32. Внесен капитал"": ""100.00 €""}"
208801450,https://portal.registryagency.bg/CR/Reports/ActiveConditionTabResult?uic=208801450,"""Скайтех Про"" ЕООД",27.09.2026г.,208801450,,Скайтех Про,Еднолично дружество с ограничена отговорност,БЪЛГАРИЯ,"Област: Пловдив, Община: Пловдив","гр. Пловдив, п.к. 4000","р-н Западен, бул./ул. ул. ""Борис Петров"" № 50","Изработка и търговия с метални огради, метални конструкции и изделия за тях, специални слънцезащитни конструкции от метал и алуминий, покупка на стоки или други вещи с цел препродажба в първоначален, преработен или обработен вид, кафетерия и ресторантьорство, търговия на едро и дребно с конфекция и текстилни изделия, парфюмерия и козметика, перилни и почистващи препарати, стоки за бита и хранителни продукти, рекламна, туроператорска и туристическа, външно-търговска, посредническа и консултантска дейност, строителство и строително предприемачество, придобиване, изграждане, продажба и отдаване под наем на недвижими имоти, извършване на довършителни работи, екстериор и интериор, както и всяка друга дейност, която не е забранена изрично от закона",,"{""4. Изписване на чужд език"": ""\""Skytech Pro\"" Ltd."", ""7. Управители"": ""Атанаска Богданова Дрехемова, Държава: БЪЛГАРИЯ"", ""23. Едноличен собственик на капитала"": ""Атанаска Богданова Дрехемова, Държава: БЪЛГАРИЯ"", ""31. Размер"": ""2000.00 €"", ""32. Внесен капитал"": ""2000.00 €""}"
202082838,https://portal.registryagency.bg/CR/Reports/ActiveConditionTabResult?uic=202082838,"""ЕДИНСТВО 2003"" ЕООД",27.09.2026г.,202082838,,ЕДИНСТВО 2003,Еднолично дружество с ограничена отговорност,БЪЛГАРИЯ,"Област: Силистра, Община: Силистра","гр. Силистра, п.к. 7500",бул./ул. СИМЕОН ВЕЛИКИ № 78,"ТЪРГОВСКА ДЕЙНОСТ В СТРАНАТА И ЧУЖБИНА; ИЗКУПУВАНЕ, ПРЕРАБОТКА И ТЪРГОВИЯ НА СЕЛСКОСТОПАНСКА ПРОДУКЦИЯ ОТ РАСТИТЕЛЕН И ЖИВОТИНСКИ ПРОИЗХОД; ТЪРГОВИЯ С ДВИЖИМО И НЕДВИЖИМО ИМУЩЕСТВО В СТРАНАТА И ЧУЖБИНА; РЕСТОРАНТЬОРСТВО; СТРОИТЕЛНА ДЕЙНОСТ, ТУРИСТИЧЕСКА И ТРАНСПОРТНА ДЕЙНОСТ В СТРАНАТА И ЧУЖБИНА; АРЕНДУВАНЕ И ПРЕАРЕНДУВАНЕ НА ЗЕМЕДЕЛСКИ ЗЕМИ; ОТДАВАНЕ ПОД НАЕМ И ПРЕНАЕМАНЕ; КАКТО И ВСЯКА ДРУГА ДЕЙНОСТ НЕЗАБРАНЕНА ОТ ЗАКОНА.",,"{""7. Управители"": ""ЯКУБ ГЮЛСЮМ АЛИ, Държава: БЪЛГАРИЯ"", ""23. Едноличен собственик на капитала"": ""ЯКУБ ГЮЛСЮМ АЛИ, Държава: БЪЛГАРИЯ"", ""31. Размер"": ""1.02 €"", ""32. Внесен капитал"": ""1.02 €""}"
203655027,https://portal.registryagency.bg/CR/Reports/ActiveConditionTabResult?uic=203655027,"ЕТ ""НИКОЛЕТА ХРИСТОВА""",27.09.2026г.,203655027,,НИКОЛЕТА ХРИСТОВА,Едноличен търговец,БЪЛГАРИЯ,"Област: Кюстендил, Община: Кюстендил","гр. Кюстендил, п.к. 2500","бул./ул. ул.ГОЦЕ ДЕЛЧЕВ № 44, вх. А Телефон: 0897681018, Адрес на електронна поща: galka_malkag@abv.bg","ТЪРГОВИЯ НА ДРЕБНО С ЦВЕТЯ, РАСТЕНИЯ, СЕМЕНА, ТОРОВЕ, ДОМАШНИ ЛЮБИМЦИ И ХРАНИ ЗА ТЯХ; ТЪРГОВИЯ НА ЕДРО С ЦВЕТЯ И РАСТЕНИЯ; ПОКУПКА НА СТОКИ ИЛИ ДРУГИ ВЕЩИ С ЦЕЛ ДА ГИ ПРЕПРОДАДЕ В ПЪРВОНАЧАЛЕН, ПРЕРАБОТЕН ИЛИ ОБРАБОТЕН ВИД И ВСЯКА ДРУГА ДЕЙНОСТ, КОЯТО НЕ Е ЗАБРАНЕНА ОТ ЗАКОНА.",НИКОЛЕТА НИКОЛАЕВА ХРИСТОВА,"{""5а. Адрес за кореспонденция с НАП на територията на страната"": ""Държава: БЪЛГАРИЯ\nОбласт: Кюстендил, Община: Кюстендил\nНаселено място: гр. Кюстендил, п.к. 2500\nбул./ул. ул.ГОЦЕ ДЕЛЧЕВ № 44, вх. А""}"
203655034,https://portal.registryagency.bg/CR/Reports/ActiveConditionTabResult?uic=203655034,"""ФУРИО"" ЕООД",27.09.2026г.,203655034,,ФУРИО,Еднолично дружество с ограничена отговорност,БЪЛГАРИЯ,"Област: Пловдив, Община: Пловдив","гр. Пловдив, п.к. 4017","р-н Източен, бул./ул. ул.Маяковски № 26","Консултантски и рекламни услуги, търговия на едро и дребно, покупка на стоки и други вещи с цел продажба в първоначален, преработен или обработен вид, търговска дейност /вкл. внос и износ/, търговско представителство и посредничество, всякакъв вид услуги, разработка и поддържане на уеб сайтове, търговско представителство и агентство на български и чуждестранни физически и юридически лица в страната и чужбина; вътрешно и външнотърговска дейност – внос или износ на стоки, дистрибуция на територията на цялата страна, както и всяка друга дейност, незабранена от закона.",,"{""4. Изписване на чужд език"": ""FURIO"", ""7. Управители"": ""СПАСКА СТЕФАНОВА ЗЛАТАРЕВА, Държава: БЪЛГАРИЯ"", ""23. Едноличен собственик на капитала"": ""СПАСКА СТЕФАНОВА ЗЛАТАРЕВА, Държава: БЪЛГАРИЯ"", ""31. Размер"": ""1.02 €"", ""32. Внесен капитал"": ""1.02 €""}"
203655041,https://portal.registryagency.bg/CR/Reports/ActiveConditionTabResult?uic=203655041,"""КРИСТАЛ 66"" ЕООД",27.09.2026г.,203655041,,КРИСТАЛ 66,Еднолично дружество с ограничена отговорност,БЪЛГАРИЯ,"Област: Благоевград, Община: Петрич","гр. Петрич, п.к. 2850","бул./ул. ЦАР БОРИС III № 14, ет. 3, ап. 9","Покупка на промишлени и непромишлени стоки или други вещи с цел продажба в първоначален, преработен или обработен вид; производство на стоки с цел продажба; комисионни и спедиционни сделки; търговско представителство и посредничество; хотелиерска, туристическа, рекламна, информационна, компютърна, импресарска дейност или предоставяне на други услуги за бита; превозни сделки в страната и в чужбина със собствен или друг превоз; складови сделки, лицензионни сделки, стоков контрол; счетоводни услуги и консултации; покупка, строеж или обзавеждане на недвижими имоти с цел продажба; лизинг.",,"{""4. Изписване на чужд език"": ""KRISTAL 66 LTD"", ""7. Управители"": ""АРБЕН ОШАФИ, Държава: АЛБАНИЯ"", ""23. Едноличен собственик на капитала"": ""АРБЕН ОШАФИ, Държава: БЪЛГАРИЯ"", ""31. Размер"": ""102.26 €"", ""32. Внесен капитал"": ""102.26 €""}"
104041878,https://portal.registryagency.bg/CR/Reports/ActiveConditionTabResult?uic=104041878,"ЕТ ""ВАЛКОР - ВАЛЕНТИНА КОЖУХАРОВА"" - Заличен търговец/ЮЛНЦ",27.09.2026г.,,,,,,,,,,,"{""27. Заличаване на търговеца/ЮЛНЦ"": ""Заличен търговец/ЮЛНЦ""}"
204082833,https://portal.registryagency.bg/CR/Reports/ActiveConditionTabResult?uic=204082833,"""ВИКРА КОНСУЛТИНГ"" ООД",27.09.2026г.,204082833,,ВИКРА КОНСУЛТИНГ,Дружество с ограничена отговорност,БЪЛГАРИЯ,"Област: Велико Търново, Община: Велико Търново","гр. Велико Търново, п.к. 5000","бул./ул. ул.Георги Живков № 5, вх. Б, ет. 3, ап. 7 Адрес на електронна поща: ceci98@abv.bg","Покупка на стоки или други вещи с цел да ги препродаде в първоначален, преработен или обработен вид; продажба на стоки от собствено производство; търговско представителство и посредничество; комисионни, спедиционни и превозни сделки; менителници, записи на заповед и чекове; складови сделки; лицензионни сделки; стоков контрол; сделки с интелектуална собственост; хотелиерски, туристически, рекламни, информационни, програмни, импресарски или други услуги; покупка, строеж или обзавеждане на недвижими имоти с цел продажба; лизинг; Финансово-счетоводни услуги; изготвяне на финансови отчети; данъчни защити; консултации, свързани с данъчно-осигурителното право; посредничество при кредитиране; ресторантьорски услуги и други дейности, незабранени със закон.",,"{""4. Изписване на чужд език"": ""VIKRA KONSULTING LTD"", ""7. Управители"": ""ЦВЕТЕЛИНА КОЛЕВА КАРАКОЦЕВА, Държава: БЪЛГАРИЯ\nКРАСИН БЛАГОЕВ КАРАКОЦЕВ, Държава: БЪЛГАРИЯ"", ""11. Начин на представляване"": ""по друг начин:\nЗАЕДНО И ПООТДЕЛНО"", ""19. Съдружници"": ""ЦВЕТЕЛИНА КОЛЕВА КАРАКОЦЕВА, Държава: БЪЛГАРИЯ, Размер на дяловото участие: 50.00 лв.\nКРАСИН БЛАГОЕВ КАРАКОЦЕВ, Държава: БЪЛГАРИЯ, Размер на дяловото участие: 50.00 лв."", ""31. Размер"": ""51.13 €"", ""32. Внесен капитал"": ""51.13 €""}"
204082840,https://portal.registryagency.bg/CR/Reports/ActiveConditionTabResult?uic=204082840,"""ТМД АУТО 90"" ЕООД",27.09.2026г.,204082840,,ТМД АУТО 90,Еднолично дружество с ограничена отговорност,БЪЛГАРИЯ,"Област: Добрич, Община: Добрич","гр. Добрич, п.к. 9300",бул./ул. ул.СТОЛЕТОВ № 28,"Продажба и ремонт на автомобили и мотоциклети и на авточасти, аксесоари и принадлежности за тях, монтаж, автосервизна дейност, металообработващи услуги, вътрешнотърговска и външнотърговска дейност, импорт и експорт, комисионерство, посредничество, представителство, посредничество при покупко-продажба на недвижими имоти, строително-ремонтна дейност, инвестиционна дейност, покупко-продажба на стоки или други вещи в първоначален, преработен или обработен вид, производство на стоки с цел продажба, комисионна, спедиционна, маркетингова, складова и лизингова дейност, търговия със стоки за потребление, както и всяка друга дейност, която не е забранена със закон.",,"{""4. Изписване на чужд език"": ""TMD AUTO 90"", ""7. Управители"": ""ТИХОМИР МИРОСЛАВОВ ДОБРЕВ, Държава: БЪЛГАРИЯ"", ""23. Едноличен собственик на капитала"": ""ТИХОМИР МИРОСЛАВОВ ДОБРЕВ, Държава: БЪЛГАРИЯ"", ""31. Размер"": ""1.02 €"", ""32. Внесен капитал"": ""1.02 €""}"
204082858,https://portal.registryagency.bg/CR/Reports/ActiveConditionTabResult?uic=204082858,"""ЛЕЙС 66"" ЕООД",27.09.2026г.,204082858,,ЛЕЙС 66,Еднолично дружество с ограничена отговорност,БЪЛГАРИЯ,"Област: Бургас, Община: Бургас","гр. Бургас, п.к. 8000",бул./ул. ул. ПРИБОЙНА № 21,"Фризьорски и козметични услуги; Търговия със всякакъв вид стоки; внос, износ, реекспорт; всякакви дейности в областта на туризма; транспорт и спедиция; комисионна и консултантска дейност; маркетинг; рекламна и издателска дейност; производство, изкупуване, преработка, съхранение и реализация на хранителни и промишлени стоки и предмети за бита; кетъринг, ресторантьорство и хотелиерство; търговско представителство, агентство и посредничество на български и чуждестранни физически и юридически лица в страната и чужбина; всяка друга дейност незабранена с нормативен акт.",,"{""4. Изписване на чужд език"": ""LAYS Ltd."", ""5а. Адрес за кореспонденция с НАП на територията на страната"": ""Държава: БЪЛГАРИЯ\nОбласт: Бургас, Община: Бургас\nНаселено място: гр. Бургас, п.к. 8000\nбул./ул. ПРИБОЙНА № 21"", ""6а. Основна дейност по НКИД"": ""Група по НКИД: 96.02\nКлас по НКИД: Фризьорски и козметични услуги"", ""7. Управители"": ""РАДОСТИНА ДИМИТРОВА СТЕФАНОВА, Държава: БЪЛГАРИЯ"", ""23. Едноличен собственик на капитала"": ""РАДОСТИНА ДИМИТРОВА СТЕФАНОВА, Държава: БЪЛГАРИЯ"", ""31. Размер"": ""153.39 €"", ""32. Внесен капитал"": ""153.39 €""}"
204082865,https://portal.registryagency.bg/CR/Reports/ActiveConditionTabResult?uic=204082865,"""ЛАНАФАРМ"" ЕООД",27.09.2026г.,204082865,,ЛАНАФАРМ,Еднолично дружество с ограничена отговорност,БЪЛГАРИЯ,"Област: Бургас, Община: Несебър","гр. Свети Влас, п.к. 8256","ж.к. т.к. ""Марина Вю Форт Бийч"", бл. А, вх. 1, ет. 4, ап. 20","покупка на стоки или други вещи с цел препродажба в първоначален, преработен или обработен вид, продажба на стоки от собствено производство, рекламни, информационни, програмни, импресарски или други услуги, хотелиерски и туристически услуги, ресторантьорство, екскурзоводска дейност, аниматорска дейност, предприемаческа, посредническа дейност, представителство и агентство на местни и чуждестранни лица в страната и в чужбина, лизинг, външнотърговски сделки - импорт и експорт, външнотърговски сделки и маркетинг, лицензионни сделки; стоков контрол; сделки с интелектуална собственост; както и всяка друга търговска дейност, незабранена със закон или друг нормативен акт",,"{""4. Изписване на чужд език"": ""“LANAPHARM” Ltd"", ""7. Управители"": ""СЕРГЕЙ ВИКТОРОВИЧ СОРОКИН, Държава: РУСКА ФЕДЕРАЦИЯ"", ""23. Едноличен собственик на капитала"": ""СЕРГЕЙ ВИКТОРОВИЧ СОРОКИН, Държава: РУСКА ФЕДЕРАЦИЯ"", ""31. Размер"": ""1.02 €"", ""32. Внесен капитал"": ""1.02 €""}"
204762516,https://portal.registryagency.bg/CR/Reports/ActiveConditionTabResult?uic=204762516,"""ЛОЗАНА 66"" ЕООД",27.09.2026г.,204762516,,ЛОЗАНА 66,Еднолично дружество с ограничена отговорност,БЪЛГАРИЯ,"Област: Кюстендил, Община: Бобошево","гр. Бобошево, п.к. 2660",бул./ул. ЛИПА № 12 Телефон: 0876531603,"Счетоводна дейност и услуги, покупка на стоки или други вещи с цел продажба в първоначален, преработен или обработенвид, производство на стоки с цел продажба, комисионна, складова, лизингова дейност на търговско представителство и посредничество, спедиторска дейност в страната и чужбина, транспортна дейност в страната и чужбина, включително международен транспорт, таксиметрова дейност и услуги, фризьорски услуги, козметични услуги, /маникюр, педикюр и други услуги, свързани с козметиката/ хотелиерска, ресторантьорска, туристическа информационна, рекламна, програмна, импресарска, ремонтна дейност, сделки с интелектуална собственост, превод и легализация на документи, търговия със софтуер и хардуер, компютри, компютърни конфигурации и аксесоари за тях, производство на филми, видео и звукозаписи, издателска или печатарска дейност, търговско представителство и посредничество, застраховане и брокерска дейност с Застрахователни компании, организиране и провеждане на спортни мероприятия, покупка, строеж или обзавеждане на недвижими имоти с цел продажба и всички дейности разрешени от законодателството.",,"{""4. Изписване на чужд език"": ""LOZANA 66"", ""5а. Адрес за кореспонденция с НАП на територията на страната"": ""Държава: БЪЛГАРИЯ\nОбласт: Кюстендил, Община: Бобошево\nНаселено място: гр. Бобошево, п.к. 2660\nбул./ул. ЛИПА № 12"", ""6а. Основна дейност по НКИД"": ""Група по НКИД: 6920\nКлас по НКИД: СЧЕТОВОДНИ УСЛУГИ"", ""7. Управители"": ""ЛОЗАНА ВАСИЛЕВА ДЖИКОВА, Държава: БЪЛГАРИЯ"", ""23. Едноличен собственик на капитала"": ""ЛОЗАНА ВАСИЛЕВА ДЖИКОВА, Държава: БЪЛГАРИЯ"", ""31. Размер"": ""5.11 €"", ""32. Внесен капитал"": ""5.11 €""}"
207689233,https://portal.registryagency.bg/CR/Reports/ActiveConditionTabResult?uic=207689233,"""АРТМАСИВ"" ООД",27.09.2026г.,207689233,,АРТМАСИВ,Дружество с ограничена отговорност,БЪЛГАРИЯ,"Област: Велико Търново, Община: Свищов","гр. Свищов, п.к. 5250","бул./ул. МЛАДОСТ № 6, вх. Б, ет. 1, ап. 17","Покупка на стоки или други вещи с цел препродажба в първоначален, преработен или обработен вид; Производство и продажба на мебели; Дърводелски услуги; Строителни услуги; Транспортни услуги;Всички други незабранени от закона сделки или услуги, като за тези, за които се изисква разрешение на държавен орган, след получаването му.",,"{""7. Управители"": ""ГАЛЯ ХРИСТОВА ВАЧЕВА, Държава: БЪЛГАРИЯ"", ""19. Съдружници"": ""ПЛАМЕН ЦВЕТАНОВ ЦВЕТАНОВ, Държава: БЪЛГАРИЯ, Размер на дяловото участие: 500.00 лв.\nГАЛЯ ХРИСТОВА ВАЧЕВА, Държава: БЪЛГАРИЯ, Размер на дяловото участие: 100.00 лв.\nТИХОМИР ЛАМБЕВ ВАЧЕВ, Държава: БЪЛГАРИЯ, Размер на дяловото участие: 400.00 лв."", ""31. Размер"": ""511.29 €"", ""32. Внесен капитал"": ""511.29 €""}"
207689240,https://portal.registryagency.bg/CR/Reports/ActiveConditionTabResult?uic=207689240,"""Лора-66"" ЕООД",27.09.2026г.,207689240,,Лора-66,Еднолично дружество с ограничена отговорност,БЪЛГАРИЯ,"Област: София (столица), Община: Столична","гр. София, п.к. 1612","р-н Красно село, ж.к. Славия, бул./ул. бул. Цар Борис III № 128, бл. 5, вх. Б, ет. 4, ап. 22","Вътрешна и външна търговска дейност; търговско представителство и посредничество; маркетинг; консултантски услуги; рекламна дейност; покупка на стоки/вещи с цел продажба в първоначален, преработен или обработен вид; продажба на стоки от собствено производство, както и всички други дейности и услуги, незабранени от закона (след получаване на съответните разрешителни и лицензи).",,"{""7. Управители"": ""Галина Тодорова Янева, Държава: БЪЛГАРИЯ"", ""23. Едноличен собственик на капитала"": ""Галина Тодорова Янева, Държава: БЪЛГАРИЯ"", ""31. Размер"": ""1.02 €"", ""32. Внесен капитал"": ""1.02 €""}"
207689258,https://portal.registryagency.bg/CR/Reports/ActiveConditionTabResult?uic=207689258,"""ДЖИ БРОКЕР"" ЕООД",27.09.2026г.,207689258,,ДЖИ БРОКЕР,Еднолично дружество с ограничена отговорност,БЪЛГАРИЯ,"Област: Русе, Община: Русе","гр. Русе, п.к. 7000","бул./ул. ЛИСЕЦ ПЛАНИНА № 1, бл. Беласица, вх. 6","Консултантски услуги и посредничество по сделки с недвижими имоти, бизнес и мениджмънт консултации, маркетинг, рекламна дейност; търговско представителство и посредничество на български и чуждестранни физически и юридически лица в страната и чужбина; както и всяка друга дейност, незабранена със закон, включително и тези, попадащи под специален законоустановен режим и изискващ предварително разрешение или лиценз - след получаването му.",,"{""4. Изписване на чужд език"": ""G BROKER"", ""6а. Основна дейност по НКИД"": ""Група по НКИД: 6831\nКлас по НКИД: ДЕЙНОСТ НА АГЕНЦИИ ЗА НЕДВИЖИМИ ИМОТИ"", ""7. Управители"": ""ГЛОРИЯ БОЖИДАРОВА ХРИСТОВА, Държава: БЪЛГАРИЯ"", ""23. Едноличен собственик на капитала"": ""ГЛОРИЯ БОЖИДАРОВА ХРИСТОВА, Държава: БЪЛГАРИЯ"", ""31. Размер"": ""10.23 €"", ""32. Внесен капитал"": ""10.23 €""}"
207689265,https://portal.registryagency.bg/CR/Reports/ActiveConditionTabResult?uic=207689265,"ЕТ ""ДАНИЕЛ КАРАИЛИЕВ""",27.09.2026г.,207689265,,ДАНИЕЛ КАРАИЛИЕВ,Едноличен търговец,БЪЛГАРИЯ,"Област: Кърджали, Община: Кърджали","гр. Кърджали, п.к. 6600","бул./ул. ул.Миньорска № 2, бл. 10, вх. Б, ет. 4, ап. 15 Телефон: 0879235148","Покупка на стоки и други вещи с цел продажба в първоначален или преработен вид,извършване на външно-търговска дейност, търговия на едро и на дребно,тъговия на стоки за бита и хранително-вкусовата промишленост ,дистрибуция на стоки ,търговско посредничество и представителство ,както и всяка друга търговска дейност, която не е забранена със закон.",ДАНИЕЛ ЮЛИЯНОВ КАРАИЛИЕВ,"{""4. Изписване на чужд език"": ""ET DANIEL KARAILIEV"", ""6а. Основна дейност по НКИД"": ""Група по НКИД: 4719\nКлас по НКИД: Търговия на дребно в неспециализирани магазини с разнообразни стоки""}"
114135977,https://portal.registryagency.bg/CR/Reports/ActiveConditionTabResult?uic=114135977,"ЕТ ""АРХИТЕКТ АНДРЕЙ КУЧЕВ""",27.09.2026г.,114135977,728/1999 440,АРХИТЕКТ АНДРЕЙ КУЧЕВ,Едноличен търговец,БЪЛГАРИЯ,"Област: Плевен, Община: Плевен","гр. Плевен, п.к. 5800","бул./ул. ул. СТОЯН ВОЙВОДА № 19, вх. В, ет. 3, ап. 7 Телефон: 0878848476, Адрес на електронна поща: andro1957@abv.bg","ПPOУЧBAHE И ПРOEKTИPAHE HA ЖИЛИЩHИ, OБЩECTBEHИ, ПPOMИШЛEHИ И CEЛCKOCTOПAHCKИ CГPAДИ, ГPAДOУCTPOЙCTBEHИ И TEPИTOPИAЛHO-УCTPOЙCTBEHИ ПPOEKTИ ЗA ИHЖEHEPHИ И TPAHCПOPTHO-KOMУHИKAЦИOHHИ OБEKTИ, БЛAГOУCTPOЙCTBO, OЗEЛEHЯBAHE, ГEOДEЗИЯ, KOHCTPУKTИBHИ ПPOEKTИ, BИK, OB, EЛEKTPOПPOEKTИ, APXИTEKTУPHИ ПPOEKTИ HA ИHTEPИOP, ДИЗAЙH, MOHУMEHTAЛHO-ДEKOPATИBHИ EЛEMEHTИ, ИЗPAБOTKA И TЪPГOBИЯ C УHИKATИ, ПPOИЗBEДEHИЯ HA ИЗKУCTBOTO И AHTИKBAPИAT /БEЗ ПAMETHИЦИ HA KУЛTУPATA И ПPEДMETИ C HAЦИOHAЛHO ЗHAЧEHИE/, MEБEЛИ, KOHCУЛTAЦИИ, ИЗВЪРШВАНЕ НА ГОРЕОПИСАНИТЕ ДЕЙНОСТИ В СТРАНАТА И ЧУЖБИНА.",АНДРЕЙ КОНСТАНТИНОВ КУЧЕВ,"{""4. Изписване на чужд език"": ""ARCHITEKT ANDREY KUCHEV"", ""6а. Основна дейност по НКИД"": ""Група по НКИД: 7111\nКлас по НКИД: АРХИТЕКТУРНИ ДЕЙНОСТИ""}"
202418872,https://portal.registryagency.bg/CR/Reports/ActiveConditionTabResult?uic=202418872,"""ЕКСПЕНСИВ"" ЕООД",27.09.2026г.,202418872,,ЕКСПЕНСИВ,Еднолично дружество с ограничена отговорност,БЪЛГАРИЯ,"Област: Смолян, Община: Смолян","гр. Смолян, п.к. 4700","бул./ул. ул. Евридика № 13, вх. Б, ет. 1, ап. 2 Адрес на електронна поща: eli_vk@abv.bg","ПОКУПКА, СТРОЕЖ ИЛИ ОБЗАВЕЖДАНЕ НА НЕДВИЖИМИ ИМОТИ С ЦЕЛ ПРОДАЖБА И /ИЛИ ОТДАВАНЕ ПОД НАЕМ; ХОТЕЛИЕРСКИ, ТУРИСТИЧЕСКИ, РЕКЛАМНИ, ИНФОРМАЦИОННИ, ПРОГРАМНИ, ИМПРЕСАРСКИ ИЛИ ДРУГИ УСЛУГИ. ТЪРГОВСКО ПРЕДСТАВИТЕЛСТВО И ПОСРЕДНИЧЕСТВО. ПОКУПКА НА СТОКИ ИЛИ ДРУГИ ВЕЩИ С ЦЕЛ ПРОДАЖБАТА ИМ В ПЪРВОНАЧАЛЕН, ОБРАБОТЕН ИЛИ ПРЕРАБОТЕН ВИД. ПРОДАЖБА НА СТОКИ ОТ СОБСТВЕНО ПРОИЗВОДСТВО. КОМИСИОННИ, СПЕДИЦИОННИ И ПРЕВОЗНИ СДЕЛКИ. ЛИЗИНГ. ОСЪЩЕСТВЯВАНЕ НА ДРУГИ ДЕЙНОСТИ И УСЛУГИ БЕЗ ЗАБРАНЕНИТЕ ОТ ЗАКОНА.",,"{""4. Изписване на чужд език"": ""EXPENSIVE EOOD"", ""7. Управители"": ""ЕЛЕОНОРА ВЕСЕЛИНОВА КУЦОВА, Държава: БЪЛГАРИЯ"", ""23. Едноличен собственик на капитала"": ""ЕЛЕОНОРА ВЕСЕЛИНОВА КУЦОВА, Държава: БЪЛГАРИЯ"", ""31. Размер"": ""1.02 €"", ""32. Внесен капитал"": ""1.02 €""}"
202418880,https://portal.registryagency.bg/CR/Reports/ActiveConditionTabResult?uic=202418880,"""ТРОЯН БЕТОН"" ЕООД",27.09.2026г.,202418880,,ТРОЯН БЕТОН,Еднолично дружество с ограничена отговорност,БЪЛГАРИЯ,"Област: Ловеч, Община: Троян","гр. Троян, п.к. 5600","бул./ул. Долно ливаде № 29 Телефон: 0670/62198, Адрес на електронна поща: tr_beton@mail.bg","ПРОИЗВОДСТВО НА БЕТОНОВИ СМЕСИ; ТЪРГОВИЯ НА ЕДРО И ДРЕБНО С ХРАНИТЕЛНИ И НЕХРАНИТЕЛНИ СТОКИ; ПРОИЗВОДСТВО НА ХРАНИТЕЛНИ И НЕХРАНИТЕЛНИ СТОКИ; ЗАВЕДЕНИЯ ЗА ОБЩЕСТВЕНО ХРАНЕНЕ; ПИТЕЙНИ ЗАВЕДЕНИЯ; ТРАНСПОРТНА И СПЕДИТОРСКА ДЕЙНОСТ; КОНСУЛТАНТСКА И УПРАВЛЕНСКА ДЕЙНОСТ И ВСИЧКИ ВИДОВЕ ДЕЙНОСТИ И УСЛУГИ, КОИТО НЕ СА ЗАБРАНЕНИ ОТ ЗАКОНА.",,"{""4. Изписване на чужд език"": ""TROYAN BETON"", ""7. Управители"": ""МАРТИН ХРИСТОВ МИЛУШЕВ, Държава: БЪЛГАРИЯ"", ""23. Едноличен собственик на капитала"": ""МАРТИН ХРИСТОВ МИЛУШЕВ, Държава: БЪЛГАРИЯ"", ""31. Размер"": ""2556.46 €"", ""32. Внесен капитал"": ""2556.46 €""}"
200562781,https://portal.registryagency.bg/CR/Reports/ActiveConditionTabResult?uic=200562781,"""МАРТИНА КОМ"" ЕООД",27.09.2026г.,200562781,,МАРТИНА КОМ,Еднолично дружество с ограничена отговорност,БЪЛГАРИЯ,"Област: София (столица), Община: Столична","гр. София, п.к. 1836","р-н Подуяне, ж.к. ЛЕВСКИ ЗОНА-Г, бл. 3, ет. 1, ап. 2","ВЪНШНОТЪРГОВСКА И ВЪТРЕШНОТЪРГОВСКА ДЕЙНОСТ, УСЛУГИ, СЧЕТОВОДНИ И ИКОНОМИЧЕСКИ УСЛУГИ, ТЪРГОВСКО ПРЕДСТАВИТЕЛСТВО И ПОСРЕДНИЧЕСТВО, АГЕНТСТВО И ДИЛЪРСТВО, БРОКЕРСКА ДЕЙНОСТ, СТРОИТЕЛНА И ИНВЕСТИЦИОННА ДЕЙНОСТ, ТРАНСПОРТНА ДЕЙНОСТ, КОНСУЛТАНТСКА ДЕЙНОСТ, ДЕЙНОСТ, СВЪРЗАНА С УЧАСТИЕ В МЕЖДУНАРОДНИ ПРОЕКТИ И ПРОГРАМИ НА ЕВРОПЕЙСКИЯ СЪЮЗ.",,"{""7. Управители"": ""Николай Благоев Милев, Държава: БЪЛГАРИЯ"", ""23. Едноличен собственик на капитала"": ""НИКОЛАЙ БЛАГОЕВ МИЛЕВ, Държава: БЪЛГАРИЯ"", ""31. Размер"": ""2556.46 €"", ""32. Внесен капитал"": ""2556.46 €""}"
202023836,https://portal.registryagency.bg/CR/Reports/ActiveConditionTabResult?uic=202023836,"ЕТ ""2012 - ПАВЛИНА ДИМИТРОВА""",27.09.2026г.,202023836,,2012 - ПАВЛИНА ДИМИТРОВА,Едноличен търговец,БЪЛГАРИЯ,"Област: Пловдив, Община: Пловдив","гр. Пловдив, п.к. 4000","р-н Централен, бул./ул. ЗАХАРИДОВО № 69","ПРОИЗВОДСТВО И ТЪРГОВИЯ НА ЗЕМЕДЕЛСКА ПРОДУКЦИЯ И ЦВЕТЯ, ПРОДАЖБИ ПО ТЪРЖИЩА И ПАЗАРИ И ВСИЧКИ НЕЗАБРАНЕНИ ОТ ЗАКОНА ДЕЙНОСТИ И УСЛУГИ.",ПАВЛИНА ТОДОРОВА ДИМИТРОВА,"{""4. Изписване на чужд език"": ""2012 - ПАВЛИНА ДИМИТРОВА""}"
202023843,https://portal.registryagency.bg/CR/Reports/ActiveConditionTabResult?uic=202023843,"""ИНТЕРЕЛЕКТ"" ЕООД",27.09.2026г.,202023843,,ИНТЕРЕЛЕКТ,Еднолично дружество с ограничена отговорност,БЪЛГАРИЯ,"Област: София (столица), Община: Столична","гр. София, п.к. 1606","р-н Красно село, бул./ул. Лайош Кошут № 35, ет. 2, ап. 2","изграждане, ремонт и поддържане на всички видове електрически инсталации в жилищни сгради, търговски и промишлени обекти, извършване на строителство и строително ремонтни дейности, внос, износ, производство и търговия със стоки, консултантска дейност, представителство на физически и юридически лица в страната и чужбина, както и всяка друга стопанска дейност, незабранена със закон. В случай, че за извършването на определена дейност се изисква разрешение, Дружеството предприема извършването й след получаването на съответното разрешение или лицензия, освен ако законът позволява извършването й преди това.",,"{""4. Изписване на чужд език"": ""INTERELEKT"", ""7. Управители"": ""Александар Стоянович, Държава: СЪРБИЯ"", ""23. Едноличен собственик на капитала"": ""Александар Стоянович, Държава: СЪРБИЯ"", ""31. Размер"": ""255.65 €"", ""32. Внесен капитал"": ""255.65 €""}"
202023850,https://portal.registryagency.bg/CR/Reports/ActiveConditionTabResult?uic=202023850,"""АЛБЕРТ ТРАНС"" ЕООД",27.09.2026г.,202023850,,АЛБЕРТ ТРАНС,Еднолично дружество с ограничена отговорност,БЪЛГАРИЯ,"Област: Русе, Община: Русе","гр. Русе, п.к. 7002","бул./ул. ул. Александровска № 97, бл. Девети Септември, вх. 5, партер, обект 28 Адрес на електронна поща: albert@albertcomimpex.ro","ПОСРЕДНИЧЕСКИ УСЛУГИ В ОБЛАСТТА НА ТРАНСПОРТА, ТОВАРЕН АВТОМОБИЛЕН ТРАНСПОРТ, ПОКУПКА НА СТОКИ И ДРУГИ ВЕЩИ С ЦЕЛ ПРОДАЖБА В ПЪРВОНАЧАЛЕН ИЛИ ПРЕРАБОТЕН ВИД, ИЗВЪРШВАНЕ НА ВЪНШНОТЪРГОВСКА ДЕЙНОСТ, ТЪРГОВИЯ НА ЕДРО И НА ДРЕБНО, ДИСТРИБУЦИЯ НА СТОКИ, ТЪРГОВСКО ПОСРЕДНИЧЕСТВО И ПРЕДСТАВИТЕЛСТВО, КАКТО И ВСЯКА ДРУГА ТЪРГОВСКА ДЕЙНОСТ, КОЯТО НЕ Е ЗАБРАНЕНА ОТ ЗАКОН, А КОГАТО ИМА РЕГИСТРАЦИОНЕН ИЛИ РАЗРЕШИТЕЛЕН РЕЖИМ - СЛЕД ИЗВЪРШВАНЕТО НА РЕГИСТРАЦИЯТА, СЪОТВЕТНО - СЛЕД ПОЛУЧАВАНЕ НА СЪОТВЕТНОТО РАЗРЕШЕНИЕ ИЛИ ЛИЦЕНЗ.",,"{""7. Управители"": ""ЙОН КОДЕЧ, Държава: РУМЪНИЯ"", ""23. Едноличен собственик на капитала"": ""ЙОН КОДЕЧ, Държава: РУМЪНИЯ"", ""31. Размер"": ""4000.00 €"", ""32. Внесен капитал"": ""4000.00 €""}"
201255493,https://portal.registryagency.bg/CR/Reports/ActiveConditionTabResult?uic=201255493,"""МАНИ 66"" ЕООД",27.09.2026г.,201255493,,МАНИ 66,Еднолично дружество с ограничена отговорност,БЪЛГАРИЯ,"Област: Бургас, Община: Айтос","гр. Айтос, п.к. 8500",бул./ул. Лозенград № 26,"търговия на едро и на дребно с разнообразни стоки; покупка, строеж и обзавеждане на недвижими имоти с цел продажба; покупко-продажба на стоки или други вещи с цел препродажба в първоначален, преработен или обработен вид; продажба на стоки от собствено производство; търговско представителство и посредничество, вътрешно- и външнотърговска дейност; комисионни, спедиционни, превозни, складови и лицензионни сделки; транспортни услуги, туризъм и туристическо посредничество хотелиерски, рекламни, информационни, програмни, импресарски и други услуги, ресторантьорство и кафетерия; митническо агентиране; стоков контрол, сделки с интелектуалната собственост, лизинг, като при необходимост, за упражняване на съответната дейност ще придобива необходимите лицензии и разрешения.",,"{""4. Изписване на чужд език"": ""„MANI 66” ЕООD"", ""7. Управители"": ""Красимира Куманова Митева, Държава: БЪЛГАРИЯ"", ""23. Едноличен собственик на капитала"": ""Красимира Куманова Митева, Държава: БЪЛГАРИЯ"", ""31. Размер"": ""1022.58 €"", ""32. Внесен капитал"": ""1022.58 €""}"
201255504,https://portal.registryagency.bg/CR/Reports/ActiveConditionTabResult?uic=201255504,"""СИТИ СТРОЙ ИНВЕСТ ВАРНА"" ЕООД",27.09.2026г.,201255504,,СИТИ СТРОЙ ИНВЕСТ ВАРНА,Еднолично дружество с ограничена отговорност,БЪЛГАРИЯ,"Област: Варна, Община: Варна","гр. Варна, п.к. 9000","р-н Одесос, бул./ул. Индже войвода № 1","Строителство и извършване на други видове строително-монтажни работи след регистрация, транспортни услуги след лиценз, рент-а-кар, покупко-продажба на автомобили; автомобилен сервиз и ремонт на автомобили; логистика; търговия с горива, петролни продукти и смазочни материали; покупка на стоки или други вещи с цел препродажба в първоначален, преработен или обработен вид; комисионни, превозни сделки; посредническа дейност в туризма, външна търговска дейност и транспорт; търговско представителство и посредничество на български и чуждестранни физически лица, софтуерна, счетоводна, информационна, рекламна.",,"{""4. Изписване на чужд език"": ""CITY STROY INVEST VARNA LTD"", ""5а. Адрес за кореспонденция с НАП на територията на страната"": ""Държава: БЪЛГАРИЯ\nОбласт: Варна, Община: Варна\nНаселено място: гр. Варна, п.к. 9000\nр-н Одесос\nбул./ул. Индже войвода № 1"", ""7. Управители"": ""ПЕТЪР КОСТОВ КОСТОВ, Държава: БЪЛГАРИЯ"", ""23. Едноличен собственик на капитала"": ""ПЕТЪР КОСТОВ КОСТОВ, Държава: БЪЛГАРИЯ"", ""31. Размер"": ""2.56 €"", ""32. Внесен капитал"": ""2.56 €""}"
201255511,https://portal.registryagency.bg/CR/Reports/ActiveConditionTabResult?uic=201255511,"Кооперация ""ОРЛОВО ГНЕЗДО - ШИПКА""",27.09.2026г.,201255511,,ОРЛОВО ГНЕЗДО - ШИПКА,Кооперация,БЪЛГАРИЯ,"Област: Стара Загора, Община: Казанлък","гр. Шипка, п.к. 6150",бул./ул. Стефан Орешков № 9а,"Производство, преработка и реализация на стоки от животински и растителен произход, селскостопанска и промишлена продукция, агротехническо обслужване и растителна защита, ветеринаро-санитарно обслужване, извършване на услуги със селскостопански машини и автотранспорт. Когато за определени дейности се изисква издаване на лицензии и/ или разрешения от компетентен орган, същите ще се извършват след тяхното издаване по надлежния ред; Кооперацията се учредява за неопределен срок;",,"{""9. Председател"": ""Христо Тенчев Кехаяминчев, Държава: БЪЛГАРИЯ"", ""13. Управителен съвет"": ""Дата на изтичане на мандата: 27.07.2014 г.\nАпостол Костов Заров, Държава: БЪЛГАРИЯ\nМилчо Захариев Демирев, Държава: БЪЛГАРИЯ\nХристо Минчев Кехаяминчев, Държава: БЪЛГАРИЯ"", ""15. Контролен съвет"": ""Дата на изтичане на мандата: 27.07.2014 г.\nГина Тончева Хаджиева, Държава: БЪЛГАРИЯ\nПенчо Петров Карагинев, Държава: БЪЛГАРИЯ\nГенчо Христов Чавдаров, Държава: БЪЛГАРИЯ""}"
204034265,https://portal.registryagency.bg/CR/Reports/ActiveConditionTabResult?uic=204034265,"""Ауто Казаков"" ООД",27.09.2026г.,204034265,,Ауто Казаков,Дружество с ограничена отговорност,БЪЛГАРИЯ,"Област: Хасково, Община: Харманли","гр. Харманли, п.к. 6450","бул./ул. ул. Рила № 8Б, ет. 4, ап. 22 Телефон: 0894042727, Адрес на електронна поща: kazakovst@gmail.com","Покупка на стоки или друга вещи с цел да ги препродаде в първоначален, преработен или обработен вид; продажба на стоки от собствено производство; търговско представителство и посредничество; комисионни, спедиционни и превозни сделки; складови сделки; лицензионни сделки; хотелиерски, туристически, рекламни, информационни, програмни, импресарски или други услуги; покупка, строеж или обзавеждане на недвижими имоти с цел продажба; лизинг и други дейности, незабранени от закона.",,"{""4. Изписване на чужд език"": ""Auto Kazakov Ltd"", ""7. Управители"": ""СТАНИМИР БОРИСОВ КАЗАКОВ, Държава: БЪЛГАРИЯ"", ""19. Съдружници"": ""СТАНИМИР БОРИСОВ КАЗАКОВ, Държава: БЪЛГАРИЯ, Размер на дяловото участие: 1000.00 лв.\nДЕСИСЛАВА САШЕВА КАЗАКОВА, Държава: БЪЛГАРИЯ, Размер на дяловото участие: 1000.00 лв."", ""31. Размер"": ""1022.58 €"", ""32. Внесен капитал"": ""1022.58 €""}"
204034272,https://portal.registryagency.bg/CR/Reports/ActiveConditionTabResult?uic=204034272,"""ЗХОНГ ЧЕНГ ИМПОРТ - ЕКСПОРТ"" ЕООД",27.09.2026г.,204034272,,ЗХОНГ ЧЕНГ ИМПОРТ - ЕКСПОРТ,Еднолично дружество с ограничена отговорност,БЪЛГАРИЯ,"Област: Благоевград, Община: Сандански","гр. Сандански, п.к. 2800","бул./ул. ул. "" Македония "" № 55","Търговия с дрехи,обувки,аксесоари,бижута,детски играчки,стоки за къмпинг,стоки за риболов и всички други разрешени от закона; внос и износ на всякакъв вид стоки посредническа дейност;комисионни, спедиционни и превозни сделки в страната и чужбина със собствени или наети автомобили; покупка и продажба на автомобили; резервни части, дървен материал; пренасяне на мебели и вещи; транспорт на автомобили с автовози; търговско представителство и посредничество; складови сделки; лицензионни сделки; реклама; лизинг; таксиметрови услуги; сервизни услуги; внос и продажба на МПС, както и всяка друга търговска дейност разрешена от закона.",,"{""4. Изписване на чужд език"": ""ZHONG CHENG IMPORT - EXPORT"", ""7. Управители"": ""Уенг Джингкианг, Държава: КИТАЙ"", ""23. Едноличен собственик на капитала"": ""Уенг Джингкианг, Държава: КИТАЙ"", ""31. Размер"": ""51.13 €"", ""32. Внесен капитал"": ""51.13 €""}"
020496073,https://portal.registryagency.bg/CR/Reports/ActiveConditionTabResult?uic=020496073,"ЕТ ""ТРИФОНОВ""",27.09.2026г.,020496073,827/1990 410,ТРИФОНОВ,Едноличен търговец,БЪЛГАРИЯ,"Област: Велико Търново, Община: Свищов","с. Алеково, п.к. 5288",бул./ул. ТРИДЕСЕТ И ЧЕТВЪРТА № 6,"ТАКСИМЕТРОВИ УСЛУГИ НА ГРАЖДАНИ, ФИРМИ, СТОПАНСКИ И ОБЩЕСТВЕНИ ОРГАНИЗАЦИИ; ПРОИЗВОДСТВО И ПЛАСИРАНЕ НА СЕЛСКОСТОПАНСКА ПРОДУКЦИЯ, ЖИВОТНОВЪДСТВО,РЕСТОРАНТЬОРСТВО; ПЛАСМЕНТ НА СТОКИ ДОМАШНИ НУЖДИ. ТАКСИМЕТРОВИ УСЛУГИ В СТРАНАТА И ЧУЖБИНА, РЕКЛАМНА И КОНСУЛТАНСКА ДЕЙНОСТ, РАЗКРИВАНЕ НА ФИРМЕНИ МАГАЗИНИ,ТЪРГОВИЯ НА ЕДРО И ДРЕБНО,ВЪНШНОТЪРГОВСКА ДЕЙНОСТ, ЕКСПОРТ, ИМПОРТ, БАРТЕРНИ СДЕЛКИ, ВНОС НА ЛЕКИ И ТОВАРНИ АВТОМОБИЛИ, ПРОДАЖБА НА НОВИ И УПОТРЕБЯВАНИ АВТОМОБИЛИ, АВТОКОЗМЕТИКА И РЕМОНТ НА МПС, ОРГАНИЗИРАНЕ НА ИНДИВИДУАЛНИ И КОЛЕКТИВНИ ДЕЙНОСТИ НА ТРУД В РАМКИТЕ НА ЗАКОНА.",ИВАН НИКОЛАЕВ ТРИФОНОВ,"{""5а. Адрес за кореспонденция с НАП на територията на страната"": ""Държава: БЪЛГАРИЯ\nОбласт: Велико Търново, Община: Свищов\nНаселено място: с. Алеково, п.к. 5288\nбул./ул. ТРИДЕСЕТ И ЧЕТВЪРТА № 6""}"
020496080,https://portal.registryagency.bg/CR/Reports/ActiveConditionTabResult?uic=020496080,"ЕТ ""МАРТА-66 - ГЕОРГИ ГЕОРГИЕВ""",27.09.2026г.,020496080,398/1991 410,МАРТА-66 - ГЕОРГИ ГЕОРГИЕВ,Едноличен търговец,БЪЛГАРИЯ,"Област: Велико Търново, Община: Свищов","гр. Свищов, п.к. 5250",бул./ул. ХРИСТАКИ ПАВЛОВИЧ № 5 Адрес на електронна поща: zhega@mail.bg,"ПРОИЗВОДСТВО, ИЗКУПУВАНЕ, ПРЕРАБОТКА И ПРОДАЖБА НА СЕЛСКОСТОПАНСКА РАСТИТЕЛНА И ЖИВОТИНСКА ПРОДУКЦИЯ, ЦВЕТОПРОИЗВОДСТВО, ГЪБАРСТВО, ПЧЕЛАРСТВО, ИЗВЪРШВАНЕ НА СЕЛСКОСТОПАНСКИ УСЛУГИ; ШЕВ И ПЛЕТИВА ПО ПОРЪЧКА И ПРОИЗВОДСТВО ЗА ПРОДАЖБА; ИКОНОМИЧЕСКИ, ФИНАНСОВО-СЧЕТОВОДНИ УСЛУГИ; ПРОЕКТИРАНЕ, ИЗРАБОТКА, РЕМОНТ, ПОДДРЬЖКА НА МАШИНИ И СЬОРЬЖЕНИЯ; СТРОИТЕЛНИ УСЛУГИ ВЪВ ВСИЧКИ ФАЗИ НА СТРОИТЕЛСТВОТО; ТАКСИМЕТРОВИ УСЛУГИ - ПРЕВОЗ НА ПЪТНИЦИ И ТОВАРИ С МПС; МАШИНОПИСНИ, РАЗМНОЖИТЕЛНИ УСЛУГИ /КСЕРОКСНИ/; МОНТАЖНА ДЕЙНОСТ, ЕЛЕКТРО, ГАЗО-ЗАВАРКИ; ЕЛЕКТРОРЕМОНТ НА БИТОВА ТЕХНИКА, МАШИНИ, АПАРАТИ; СТОПАНСКИ ТУРИЗЬМ, ТУРИСТИЧЕСКИ УСЛУГИ, ХОТЕЛИЕРСТВО; АТРАКЦИОННИ, УВЕСЕЛИТЕЛНИ ПЪТУВАНИЯ С ЯХТИ, ЛОДКИ И ДР.; ОРГАНИЗИРАНЕ И ЕКСПЛОАТАЦИЯ НА ЗАВЕДЕНИЯ ЗА ОБЩЕСТВЕНО ХРАНЕНЕ ВЪВ ВСИЧКИ РАЗНОВИДНОСТИ, РАЗРЕШЕНИ ОТ ЗАКОНА, РЕСТОРАНТ, КАФЕ АПЕРАТИВ, СЛАДКАРНИЦА, ЗАКУСВАЛНЯ, МЕХАНА, ПАВИЛЬОН И ДР. НА КЛУБОВЕ ЗА ЕЛЕКТРОНИЗИРАНИ И ТИХИ ИГРИ, РОТАТИВКИ; КООПЕРИРАНА ДЕЙНОСТ НА ФИРМИ В СТРАНАТА И ЧУЖБИНА, ВЪНШНОИКОНОМИЧЕСКИ И ТЪРГОВСКИ СДЕЛКИ; ТЪРГОВИЯ, ИЗКУПУВАНЕ, ПРОДАЖБА, ВЪНШНОТЬРГОВСКА ДЕЙНОСТ, ВНОС И ИЗНОС ВЪВ ВСИЧКИ РАЗНОВИДНОСТИ, РАЗРЕШЕНИ ОТ ЗАКОНА, БАРТЕРНИ СДЕЛКИ, РЕЕКСПОРТ, КОНСИГНАЦИОННИ И КОМПЕНСАЦИОННИ СДЕЛКИ ПРИ СЪЩЕСТВУВАЩИЯ ЗАКОНОДАТЕЛЕН РЕЖИМ; ВАЛУТНА ТЪРГОВИЯ И РАЗКРИВАНЕ НА ВАЛУТЕН МАГАЗИН СЛЕД РАЗРЕШАВАНЕ ОТ ЗАКОНА, ВЪЗЛАГАНЕ ПРОИЗВОДСТВО НА СТОКИ И УСЛУГИ НА ГРАЖДАНИ, РАБОТНИ ГРУПИ И КОЛЕКТИВИ, ПРЕДСТАВИТЕЛСТВО НА НАШИ И ЧУЖДИ ФИРМИ И ГРАЖДАНИ; АУДИОВИЗУАЛНИ УСЛУГИ, ЗАПИСИ И ПРОДАЖБА НА КАСЕТИ, ОРГАНИЗИРАНЕ И ОСЪЩЕСТВЯВАНЕ НА ДИСКОМУЗИКА В ЗАВЕДЕНИЯ, НА ТЪРЖЕСТВА, НА ЮБИЛЕИ, ИМПРЕСАРСКА ДЕЙНОСТ; ПРОИЗВОДСТВО И ПРОДАЖБА НА ОБЛЕКЛО БУТИК, ПРОИЗВОДСТВО И ПРОДАЖБА НА ХУДОЖЕСТВЕНИ ПРОИЗВЕДЕНИЯ И ПРЕДМЕТИ; ПРЕДПРИЕМАЧЕСТВО, ПОСРЕДНИЧЕСТВО, ПРЕДСТАВИТЕЛСТВО, РЕКЛАМА АГЕНТСТВО; ИЗВЪРШВАНЕ НА ВСИЧКИ ДЕЙНОСТИ, УСЛУГИ И ПРОИЗВОДСТВА РАЗРЕШЕНИ ОТ ЗАКОНА.",ГЕОРГИ КИРИЛОВ ГЕОРГИЕВ,"{""6а. Основна дейност по НКИД"": ""Група по НКИД: 4729\nКлас по НКИД: ТЪРГОВИЯ НА ДРЕБНО""}"
103960793,https://portal.registryagency.bg/CR/Reports/ActiveConditionTabResult?uic=103960793,"""ГРАФИКУЪРК"" ЕООД - Заличен търговец/ЮЛНЦ",27.09.2026г.,,,,,,,,,,,"{""27. Заличаване на търговеца/ЮЛНЦ"": ""Заличен търговец/ЮЛНЦ""}"
103960800,https://portal.registryagency.bg/CR/Reports/ActiveConditionTabResult?uic=103960800,"""МЕЙФЕЪР 2005"" ООД",27.09.2026г.,103960800,3118/2005 310,МЕЙФЕЪР 2005,Дружество с ограничена отговорност,БЪЛГАРИЯ,"Област: Варна, Община: Варна","гр. Варна, п.к. 9003","р-н Аспарухово, бул./ул. ул. МУР, бл. 17, вх. А, ет. 4, ап. 10","ХОТЕЛИЕРСТВО И РЕСТОРАНТЬОРСТВО; ТУРОПЕРАТОРСКА И ТУРАГЕНТСКА ДЕЙНОСТ; ТЪРГОВСКА ДЕЙНОСТ, ТЪРГОВСКО ПРЕДСТАВИТЕЛСТВО И ПОСРЕДНИЧЕСТВО; МЕЖДУНАРОДЕН И ВЪТРЕШЕН ПЪТНИЧЕСКИ И ТОВАРЕН ПРЕВОЗ; ТАКСИМЕТРОВИ ПРЕВОЗИ; ТЪРГОВИЯ И ПОСРЕДНИЧЕСКИ УСЛУГИ ПРИ ПОКУПКО-ПРОДАЖБА НА НЕДВИЖИМИ ИМОТИ; СТРОИТЕЛНО РЕМОНТНИ УСЛУГИ И СТРОИТЕЛСТВО НА СГРАДИ.",,"{""7. Управители"": ""ДИМИТЪР ПЕТРОВ ЖЕЛЕВ, Държава: БЪЛГАРИЯ\nИЛИЯНА МИХАЛЕВА ЖЕЛЕВА, Държава: БЪЛГАРИЯ"", ""11. Начин на представляване"": ""по друг начин:\nЗАЕДНО И ПООТДЕЛНО"", ""19. Съдружници"": ""ИЛИЯНА МИХАЛЕВА ЖЕЛЕВА, Държава: БЪЛГАРИЯ, Размер на дяловото участие: 1000.00 лв.\nДИМИТЪР ПЕТРОВ ЖЕЛЕВ, Държава: БЪЛГАРИЯ, Размер на дяловото участие: 4000.00 лв."", ""31. Размер"": ""2556.46 €"", ""32. Внесен капитал"": ""1789.52 €""}"
123664278,https://portal.registryagency.bg/CR/Reports/ActiveConditionTabResult?uic=123664278,"ЕТ ""КРАСИМИР ДОКСАНЛИЕВ - ЕЛТЕ"" - Заличен търговец/ЮЛНЦ",27.09.2026г.,,,,,,,,,,,"{""27. Заличаване на търговеца/ЮЛНЦ"": ""Заличен търговец/ЮЛНЦ""}"
123664285,https://portal.registryagency.bg/CR/Reports/ActiveConditionTabResult?uic=123664285,"""МЕДЕЯ 66"" ООД",27.09.2026г.,123664285,526/2004 550,МЕДЕЯ 66,Дружество с ограничена отговорност,БЪЛГАРИЯ,"Област: Стара Загора, Община: Стара Загора","гр. Стара Загора, п.к. 6000","бул./ул. ул. ИВАН ВАЗОВ, бл. 9, вх. А, ет. 5, ап. 13","вътрешно и външно търговска производствена, рекламна, маркетингова, консултантска и издателска, търговско представителство, посредничество и агентство на български и чуждестранни физически и юридически лица, строителство, както и всички други дейности в страната и чужбина, не забранени от закона, Когато има разрешителен режим-лед съответното разрешение.",,"{""7. Управители"": ""НИКОЛАЙ СТРАТИЕВ ДОБРЕВ"", ""19. Съдружници"": ""НИКОЛАЙ СТРАТИЕВ ДОБРЕВ, Размер на дяловото участие: 4750.00 лв.\nМАРА КОЛЕВА ДОБРЕВА, Размер на дяловото участие: 250.00 лв."", ""31. Размер"": ""2556.46 €"", ""32. Внесен капитал"": ""2556.46 €""}"
040391845,https://portal.registryagency.bg/CR/Reports/ActiveConditionTabResult?uic=040391845,"ЕТ ""МЕРКУРИЙ-66 - ГИЧА ИВАНОВА""",27.09.2026г.,040391845,1521/1990 410,МЕРКУРИЙ-66 - ГИЧА ИВАНОВА,Едноличен търговец,БЪЛГАРИЯ,"Област: Велико Търново, Община: Павликени","гр. Павликени, п.к. 5200",бул./ул. ул. КЛ.ОХРИДСКИ № 48 Адрес на електронна поща: merkurii66@mail.bg,"АВТОРЕМОНТНИ, АВТОБОЯДЖИЙСКИ, АВТОТЕНЕКЕДЖИЙСКИ, МАШИНОПИСНИ, СЧЕТОВОДНИ И СТРОИТЕЛНИ УСЛУГИ - ГИПС, ФАЯНС, ГИПСОВА ШПАКЛОВКА; ПРОИЗВОДСТВО И РЕАЛИЗАЦИЯ НА ТЕСТЕНИ, СЛАДКАРСКИ ИЗДЕЛИЯ И ПЧЕЛЕН МЕД - В СТРАНАТА И ЧУЖБИНА; ПРОИЗВОДСТВО, ИЗКУПУВАНЕ, ЗАГОТОВКА, РЕАЛИЗАЦИЯ И ТЪРГОВИЯ НА РАСТИТЕЛНА И ЖИВОТИНСКА ПРОДУКЦИЯ, ДЕКОРАТИВНИ ХРАСТИ И ЦВЕТЯ ЗА ОЗЕЛЕНЯВАНЕ; РЕМОНТ НА ЕЛЕКТРОУРЕДИ; ПРОЕКТИРАНЕ И НАПРАВА НА ПАРНИ И ВОДОПРОВОДНИ ИНСТАЛАЦИИ; ШИВАШКИ УСЛУГИ, БУТИК; ОКАЗИОННА И АНТИКВАРНА ТЪРГОВИЯ; ХОТЕЛИЕРСТВО; ПРОЕКТИРАНЕ НА ЕЛ.ИНСТАЛАЦИИ ЗА НИСКО НАПРЕЖЕНИЕ НА ЖИЛИЩНИ СГРАДИ И ИЗРАБОТВАНЕТО ИМ; ЕЛЕКТРО И ГАЗОЗАВАРКИ; ТРАНСПОРТНИ ЛЕКИ; ЛЕКОТОВАРНИ И ТОВАРНИ ПРЕВОЗИ; ПОДГОТОВКА НА ЛЕКИ АВТОМОБИЛИ ЗА СЪСТЕДАТЕЛНИ ЦЕЛИ; РЕСТОРАНТЬОРСТВО; ТЪРГОВСКА, ПОСРЕДНИЧЕСКА ДЕЙНОСТ, ПРЕДСАВИТЕЛСТВО И АГЕНТСТВО В СТРАНАТА И ЧУЖБИНА, ТОВАРЕН И МЕЖДУНАРОДЕН ТРАНСПОРТ.",ГИЧА ЙОРДАНОВА ИВАНОВА,
040391866,https://portal.registryagency.bg/CR/Reports/ActiveConditionTabResult?uic=040391866,"ЕТ ""ИСКРА ГЕОРГИЕВА - ПРИЛЕПЪТ-91""",27.09.2026г.,040391866,5698/1999 110,ИСКРА ГЕОРГИЕВА - ПРИЛЕПЪТ-91,Едноличен търговец,БЪЛГАРИЯ,"Област: София (столица), Община: Столична","гр. София, п.к. 1200","р-н Сердика, бул./ул. ул. КИРИЛ НИКОЛОВ бл. 4 вх.В ап.63","ПOKУПKA HA CTOKИ C ЦEЛ ПPOДAЖБATA ИM B ПЬPBOHAЧAЛEH, ПPEPAБOTEH ИЛИ OБPAБOTEH BИД У НАС И В ЧУЖБИНА, ПPOИЗBOДCTBO HA CTOKИ C ЦEЛ ПPOДAЖБA У НАС И В ЧУЖБИНА, ИЗВЪРШВАНЕ НА ПРЕВОЗНА, XOTEЛИEPCKА, PEKЛAMHА И ИНФОРМАЦИОННА ДЕЙНОСТ У НАС И В ЧУЖБИНА.",ИСКРА ГЕОРГИЕВА РОМАНОВА,"{""6а. Основна дейност по НКИД"": ""Група по НКИД: 5247\nКлас по НКИД: ТЪРГОВИЯ""}"
103063850,https://portal.registryagency.bg/CR/Reports/ActiveConditionTabResult?uic=103063850,"ЕТ ""РОБОР-5287 - РОСКА НИКОЛОВА""",27.09.2026г.,103063850,4027/1994 310,РОБОР-5287 - РОСКА НИКОЛОВА,Едноличен търговец,БЪЛГАРИЯ,"Област: Варна, Община: Провадия","гр. Провадия, п.к. 9200","бул./ул. ул. ЯНКО САКЪЗОВ № 21, бл. 15, вх. Б, ап. 28",ВЪТРЕШНА И ВЪНШНО ТЪРГОВСКА ДЕЙНОСТ.,РОСКА НИКОЛОВА БЕРБЕНКОВА,"{""5а. Адрес за кореспонденция с НАП на територията на страната"": ""Държава: БЪЛГАРИЯ\nОбласт: Варна, Община: Провадия\nНаселено място: гр. Провадия, п.к. 9200\nбул./ул. ул. МОСКВА № 2А""}"
201858865,https://portal.registryagency.bg/CR/Reports/ActiveConditionTabResult?uic=201858865,"""ГЕОРГИ ГЕОРГИЕВ - ОЛИКА"" ЕООД",27.09.2026г.,201858865,,ГЕОРГИ ГЕОРГИЕВ - ОЛИКА,Еднолично дружество с ограничена отговорност,БЪЛГАРИЯ,"Област: Велико Търново, Община: Велико Търново","гр. Велико Търново, п.к. 5000","бул./ул. ул.ОБОРИЩЕ № 10Ж, ет. 1, ап. 2 Телефон: 062679382","ПОКУПКА НА СТОКИ ИЛИ ДРУГИ ВЕЩИ С ЦЕЛ ПРЕПРОДАЖБА В ПЪРВОНАЧАЛЕН, ПРЕРАБОТЕН ИЛИ ОБРАБОТЕН ВИД; ПРОДАЖБА НА СТОКИ ОТ СОБСТВЕНО ПРОИЗВОДСТВО. ТЪРГОВСКО ПРЕДСТАВИТЕЛСТВО И ПОСРЕДНИЧЕСТВО. КОМИСИОННИ, СПЕДИЦИОННИ И ПРЕВОЗНИ СДЕЛКИ. СКЛАДОВИ СДЕЛКИ, СТОКОВ КОНТРОЛ. ПОКУПКА, СТРОЕЖ ИЛИ ОБЗАВЕЖДАНЕ НА НЕДВИЖИМИ ИМОТИ С ЦЕЛ ПРОДАЖБА, КАКТО И ВСЯКАКВА ДРУГА ДЕЙНОСТ, КОЯТО НЕ Е ЗАБРАНЕНА СЪС ЗАКОН.",,"{""4. Изписване на чужд език"": ""GEORGI GEORGIEV - OLIKA"", ""7. Управители"": ""ГЕОРГИ ВАСИЛЕВ ГЕОРГИЕВ, Държава: БЪЛГАРИЯ"", ""23. Едноличен собственик на капитала"": ""ГЕОРГИ ВАСИЛЕВ ГЕОРГИЕВ, Държава: БЪЛГАРИЯ"", ""31. Размер"": ""10.23 €"", ""32. Внесен капитал"": ""10.23 €""}"
201858872,https://portal.registryagency.bg/CR/Reports/ActiveConditionTabResult?uic=201858872,"""ДЖИ ЕНД ДЖИ ТРАНС"" ЕООД - Заличен търговец/ЮЛНЦ",27.09.2026г.,,,,,,,,,,,"{""27. Заличаване на търговеца/ЮЛНЦ"": ""Заличен търговец/ЮЛНЦ""}"
201858882,https://portal.registryagency.bg/CR/Reports/ActiveConditionTabResult?uic=201858882,"""МУСОНИ ГРУП"" ООД",27.09.2026г.,201858882,,МУСОНИ ГРУП,Дружество с ограничена отговорност,БЪЛГАРИЯ,"Област: София (столица), Община: Столична","гр. София, п.к. 1113","р-н Слатина, бул./ул. АЛЕКСАНДЪР ФОН ХУМБОЛТ № 35А","РЕСТОРАНТЬОРСТВО И ХОТЕЛИЕРСТВО. ВЪТРЕШНА И ВЪНШНА ТЪРГОВИЯ, ПОКУПКА НА СТОКИ ИЛИ ДРУГИ ВЕЩИ С ЦЕЛ ДА ГИ ПРОДАДЕ В ПЪРВОНАЧАЛЕН, ПРЕРАБОТЕН ИЛИ ОБРАБОТЕН ВИД, ПРОИЗВОДСТВО НА СТОКИ С ЦЕЛ ПРОДАЖБА. РЕКЛАМНИ, ИНФОРМАЦИОННИ, КОМПЮТЪРНИ, ПРОГРАМНИ И ИМПРЕСАРСКИ УСЛУГИ, МАРКЕТИНГ, СПОРТНО РАЗВЛЕКАТЕЛНИ ДЕЙНОСТИ, ЕКСПОРТ, ИМПОРТ, РЕЕКСПОРТ, ПРОИЗВОДСТВО И ТЪРГОВИЯ С ПРОМИШЛЕНИ, ХРАНИТЕЛНИ, СЕЛСКОСТОПАНСКИ И БИТОВИ СТОКИ, ДИЗАЙН, КОМИСИОННА, СПЕДИЦИОННА, СКЛАДОВА, ЛИЗИНГОВА ДЕЙНОСТ, ПРЕВОЗ НА ПЪТНИЦИ И ТОВАРИ В СТРАНАТА И ЧУЖБИНА СЪС СОБСТВЕН ИЛИ НАЕТ ТРАНСПОРТ, ТЪРГОВСКО ПРЕДСТАВИТЕЛСТВО И ПОСРЕДНИЧЕСТВО НА МЕСТНИ И ЧУЖДЕСТРАННИ ЛИЦА В СТРАНАТА И ЧУЖБИНА. ВНОС, ИЗНОС И ТЪРГОВИЯ НА СТОКИ, КАКТО И ВСИЧКИ ДРУГИ ДЕЙНОСТИ, НЕЗАБРАНЕНИ ОТ ЗАКОН",,"{""4. Изписване на чужд език"": ""MUSONI GROUP"", ""6а. Основна дейност по НКИД"": ""Група по НКИД: 5610\nКлас по НКИД: ДЕЙНОСТ НА РЕСТОРАНТИ"", ""7. Управители"": ""МАРУСЯ ВАСИЛЕВА МАРИНОВА, Държава: БЪЛГАРИЯ"", ""19. Съдружници"": ""МАРУСЯ ВАСИЛЕВА МАРИНОВА, Държава: БЪЛГАРИЯ, Размер на дяловото участие: 30.00 лв.\nДАНИЕЛА ДАНИЕЛОВА МАРИНОВА, Държава: БЪЛГАРИЯ, Размер на дяловото участие: 30.00 лв."", ""31. Размер"": ""30.68 €"", ""32. Внесен капитал"": ""30.68 €""}"
831320287,https://portal.registryagency.bg/CR/Reports/ActiveConditionTabResult?uic=831320287,"ЕТ ""БОКО-НАНА - АНТОАНЕТА ФИЛИПОВА СТОЯНЧОВСКА""",27.09.2026г.,831320287,23921/1992 110,БОКО-НАНА - АНТОАНЕТА ФИЛИПОВА СТОЯНЧОВСКА,Едноличен търговец,БЪЛГАРИЯ,"Област: София (столица), Община: Столична","гр. София, п.к. 1336","Люлин, бул./ул. кв. ЛЮЛИН бл. 132 вх.1 ет.4 ап.14 Телефон: 0887551013","Фризьорски услуги; търговия на едро и дребно в старната и чужбина; бутик; продажба на кафе, безалкохолни напитки, сандвичи, цигари и всичко позволено освен забранените от закона.",АНТОАНЕТА ФИЛИПОВА СТОЯНЧОВСКА,
831320294,https://portal.registryagency.bg/CR/Reports/ActiveConditionTabResult?uic=831320294,"""ДАЛ"" ООД - Заличен търговец/ЮЛНЦ",27.09.2026г.,,,,,,,,,,,"{""27. Заличаване на търговеца/ЮЛНЦ"": ""Заличен търговец/ЮЛНЦ""}"
200092004,https://portal.registryagency.bg/CR/Reports/ActiveConditionTabResult?uic=200092004,"""МИСТЕРИЯ - 66"" ЕООД",27.09.2026г.,200092004,,МИСТЕРИЯ - 66,Еднолично дружество с ограничена отговорност,БЪЛГАРИЯ,"Област: Бургас, Община: Поморие","гр. Поморие, п.к. 8200","бул./ул. ул.КАЛОЯН № 7, ет. 1, ап. 3 Телефон: 0596\22858 0898\577 490, Адрес на електронна поща: jas_pm@abv.bg","ПОКУПКА НА СТОКИ ИЛИ ДРУГИ ВЕЩИ С ЦЕЛ ПРЕПРОДАЖБА В ПЪРВОНАЧАЛЕН, ПРЕРАБОТЕН ИЛИ ОБРАБОТЕН ВИД; ПРОДАЖБА НА СТОКИ ОТ СОБСТВЕНО ПРОИЗВОДСТВО, ВКЛ. НА ЗАКУСКИ; ТЪРГОВСКО ПРЕДСТАВИТЕЛСТВО И ПОСРЕДНИЧЕСКВО; КОМИСИОННИ, СПЕДИЦИОННИ И ПРЕВОЗНИ СДЕЛКИ; ХОТЕЛИЕРСКИ, РЕСТОРАНТЬОРСКИ, ТУРИСТИЧЕСКИ, ВКЛ. ТУРОПЕРАТОРСКА И ТУРАГЕНТСКА ДЕЙНОСТ, ФИТНЕС, ФРИЗЬОРСКИ, КОЗМЕТИЧНИ ИЛИ ДРУГИ УСЛУГИ; ПОКУПКА, СТРОЕЖ ИЛИ ОБЗАВЕЖДАНЕ НА НЕДВИЖИМИ ИМОТИ С ЦЕЛ ПРОДАЖБА И ЛИЗИНГ.",,"{""4. Изписване на чужд език"": ""MISTERIA - 66"", ""6а. Основна дейност по НКИД"": ""Група по НКИД:\nКлас по НКИД: ХОТЕЛИЕРСТВО, РЕСТОРАНТЬОРСТВО"", ""7. Управители"": ""ЖАСМИНА ИВАНОВА СТАМАТОВА"", ""23. Едноличен собственик на капитала"": ""ЖАСМИНА ИВАНОВА СТАМАТОВА"", ""31. Размер"": ""2500.00 €"", ""32. Внесен капитал"": ""2500.00 €""}"
200092011,https://portal.registryagency.bg/CR/Reports/ActiveConditionTabResult?uic=200092011,"ЕТ ""ЕЛИ-СЕДИКА АЛИЕВА""",27.09.2026г.,200092011,,ЕЛИ-СЕДИКА АЛИЕВА,Едноличен търговец,БЪЛГАРИЯ,"Област: Търговище, Община: Попово","с. Кардам, п.к. 7831",бул./ул. ул. РАЙНА КНЯГИНЯ № 2,"ТЪРГОВИЯ НА ДРЕБНО. ПРОДАЖБА НА ВСЯКАКЪВ ВИД АЛКОХОЛНИ И БЕЗАЛКОХОЛНИ НАПИТКИ, ЧАЙ, КАФЕ, ЦИГАРИ, ВСЯКАКВИ ПРОМИШЛЕНИ, ХРАНИТЕЛНИ И ДРУГИ СТОКИ. ПОКУПКО-ПРОДАЖБА НА ПРОМИШЛЕНИ СТОКИ, ОКАЗИОННА, КОМИСИОННА И ЛИЗИНГОВА ДЕЙНОСТ, ТЪРГОВСКО ПРЕДСТАВИТЕЛСТВО И ПОСРЕДНИЧЕСТВО. ХОТЕЛИЕРСКИ, ТУРИСТИЧЕСКИ, РЕКЛАМНИ, ИНФОРМАЦИОННИ, ПРОГРАМНИ, ИМПРЕСАРСКИ И ДРУГИ УСЛУГИ. РАЗКРИВАНЕ НА ОФИСИ ВЪВ ВРЪЗКА С ИЗБРОЕНИТЕ ДЕЙНОСТИ, РАЗКРИВАНЕ НА ЗАВЕДЕНИЯ ЗА ОБЩЕСТВЕНО ХРАНЕНЕ И ТЪРГОВСКИ ОБЕКТИ, ТРАНСПОРТНИ УСЛУГИ, ПОДДЪРЖАНЕ И РЕМОНТ НА БИТОВА ТЕХНИКА, УРЕДИ И АУДИОВИЗУАЛНИ УРЕДИ, ПРОИЗВОДСТВО И РЕАЛИЗАЦИЯ НА РАСТИТЕЛНА И ЖИВОТИНСКА СЕЛСКОСТОПАНСКА ПРОДУКЦИЯ, ПОКУПКА НА СТОКИ ИЛИ ДРУГИ ВЕЩИ С ЦЕЛ ПРОДАЖБА В ПЪРВОНАЧАЛЕН, ПРЕРАБОТЕН ИЛИ ОБРАБОТЕН ВИД, ВЪНШНОТЪРГОВСКА ДЕЙНОСТ, ВНОС-ИЗНОС, МЕЖДУНАРОДНИ ПРЕВОЗИ, КАКТО И ВСЯКАКВИ ДРУГИ ВИДОВЕ ДЕЙНОСТИ И УСЛУГИ, НЕЗАБРАНЕНИ ОТ ЗАКОН И СЛЕД СНАБДЯВАНЕ СЪС СЪОТВЕТНИТЕ ЛИЦЕНЗИИ, ЗА КОИТО СЕ ИЗИСКВА ТАКЪВ.",СЕДИКА ЮСЕИНОВА АЛИЕВА,"{""4. Изписване на чужд език"": ""ELI-SEDIKA ALIEVA""}"
200092029,https://portal.registryagency.bg/CR/Reports/ActiveConditionTabResult?uic=200092029,"""СТРОЙИНВЕСТ-2008"" ЕООД",27.09.2026г.,200092029,,СТРОЙИНВЕСТ-2008,Еднолично дружество с ограничена отговорност,БЪЛГАРИЯ,"Област: Плевен, Община: Плевен","гр. Плевен, п.к. 5800","бул./ул. ВАСИЛ ЛЕВСКИ № 120, ет. 2, ап. офис 2","ПОКУПКА НА СТОКИ ИЛИ ДРУГИ ВЕЩИ С ЦЕЛ ДА ГИ ПРЕПРОДАДЕ В ПЪРВОНАЧАЛЕН, ПРЕРАБОТЕН ИЛИ ОБРАБОТЕН ВИД, ПРОДАЖБА НА СТОКИ ОТ СОБСТВЕНО ПРОИЗВОДСТВО, ПОКУПКА НА ЦЕННИ КНИГИ С ЦЕЛ ДА ГИ ПРОДАДЕ, ХОТЕЛИЕРСКИ, ТУРИСТИЧЕСКИ, РЕКЛАМНИ, ИНФОРМАЦИОННИ, ПРОГРАМНИ, ИМПРЕСАРСКИ ИЛИ ДРУГИ УСЛУГИ, ТЪРГОВСКО ПРЕДСТАВИТЕЛСТВО И ПОСРЕДНИЧЕСТВО, КОМИСИОННИ, СПЕДИЦИОННА И ПРЕВОЗНИ СДЕЛКИ, ЛИЦЕНЗИОННИ СДЕЛКИ, СТОКОВ КОНТРОЛ, СДЕЛКИ С ИНТЕЛЕКТУАЛНА СОБСТВЕНОСТ, СТРОИТЕЛНО-МОНТАЖНА ДЕЙНОСТ, ПОКУПКА,СТРОЕЖ ИЛИ ОБЗАВЕЖДАНЕ НА НЕДВИЖИМИ ИМОТИ С ЦЕЛ ПРОДАЖБА.",,"{""7. Управители"": ""БОРИСЛАВ ВЪРБАНОВ ИЛИЕВ, Държава: БЪЛГАРИЯ"", ""23. Едноличен собственик на капитала"": ""БОРИСЛАВ ВЪРБАНОВ ИЛИЕВ, Държава: БЪЛГАРИЯ"", ""31. Размер"": ""2607.59 €"", ""32. Внесен капитал"": ""2607.59 €""}"
203222855,https://portal.registryagency.bg/CR/Reports/ActiveConditionTabResult?uic=203222855,"""Валс Трейд"" ЕООД",27.09.2026г.,203222855,,Валс Трейд,Еднолично дружество с ограничена отговорност,БЪЛГАРИЯ,"Област: Пазарджик, Община: Пазарджик","гр. Пазарджик, п.к. 4400","бул./ул. ул. ""Петър Бонев"" № 100, ет. 4, ап. 8","Търговия с леки и лекотоварни автомобили, както и всякаква друга дейност, извършването на която не е изрично забранена със закон.",,"{""7. Управители"": ""Валери Иванов Костадинов, Държава: БЪЛГАРИЯ"", ""23. Едноличен собственик на капитала"": ""Валери Иванов Костадинов, Държава: БЪЛГАРИЯ"", ""31. Размер"": ""50.00 €"", ""32. Внесен капитал"": ""50.00 €""}"
203222862,https://portal.registryagency.bg/CR/Reports/ActiveConditionTabResult?uic=203222862,"""АРНЕТ 2014"" ООД",27.09.2026г.,203222862,,АРНЕТ 2014,Дружество с ограничена отговорност,БЪЛГАРИЯ,"Област: Стара Загора, Община: Павел баня","с. Габарево, п.к. 6162",бул./ул. ИВАН БОЯДЖИЕВ № 6,"Покупка на стоки и други вещи с цел да бъдат препродадени в първоначален, преработен или обработен вид, включително производство, покупка, преработка, съхранение, заготовка и търговия със селскостопанска продукция от растителен и животински произход; продажба на стоки собствено производство; търговско представителство и посредничество; комисионни, спедиционни и превозни сделки; складови сделки; сделки с интелектуална собственост; хотелиерски, туристически, рекламни, информационни, програмни, импресарски, образователни и др. услуги след получаване на съответния лиценз; покупка, строеж или обзавеждане на недвижими имоти с цел продажба, както и всички други дейности незабранени от закона и които се водят по търговски начин, съгласно чл.1, ал.3 от ТЗ. Когато има разрешителен режим - след получаване на съответното разрешение.",,"{""4. Изписване на чужд език"": ""ARNET 2014"", ""7. Управители"": ""КОНСТАНТИН ЕДГАРОВИЧ АРНЕТ, Държава: РУСКА ФЕДЕРАЦИЯ\nСВЕТЛАНА АЛЕКСАНДРОВНА АРНЕТ, Държава: РУСКА ФЕДЕРАЦИЯ"", ""11. Начин на представляване"": ""по друг начин:\nЗАЕДНО И ПООТДЕЛНО"", ""19. Съдружници"": ""КОНСТАНТИН ЕДГАРОВИЧ АРНЕТ, Държава: РУСКА ФЕДЕРАЦИЯ, Размер на дяловото участие: 10.00 лв.\nСВЕТЛАНА АЛЕКСАНДРОВНА АРНЕТ, Държава: РУСКА ФЕДЕРАЦИЯ, Размер на дяловото участие: 10.00 лв."", ""31. Размер"": ""10.23 €"", ""32. Внесен капитал"": ""10.23 €""}"
205924355,https://portal.registryagency.bg/CR/Reports/ActiveConditionTabResult?uic=205924355,"""БЕЛЗАР 2020"" ЕООД",27.09.2026г.,205924355,,БЕЛЗАР 2020,Еднолично дружество с ограничена отговорност,БЪЛГАРИЯ,"Област: Бургас, Община: Бургас","гр. Бургас, п.к. 8000","бул./ул. ул.""Дряново"" № 10","покупка на стоки и други вещи с цел продажба в първоначален, преработен или обработен вид; продажба на стоки от собствено производство; предоставяне на козметични услуги, търговско представителство и посредничество; комисионни, спедиционни, превозни и складови сделки; стоков контрол; сделки с интелектуална собственост; хотелиерски, туроператорски, рекламни, информационни, програмни, импресарски, консултантски или други услуги; лизинг; внос; износ, покупка, строеж или обзавеждане на недвижими имоти с цел продажба, както и всяка друга дейност незабранена от закон.",,"{""7. Управители"": ""ДИАНА ПАВЛОВА ЙОВЧЕВА, Държава: БЪЛГАРИЯ"", ""23. Едноличен собственик на капитала"": ""ДИАНА ПАВЛОВА ЙОВЧЕВА, Държава: БЪЛГАРИЯ"", ""31. Размер"": ""5.11 €"", ""32. Внесен капитал"": ""5.11 €""}"
205924362,https://portal.registryagency.bg/CR/Reports/ActiveConditionTabResult?uic=205924362,"""МБА ГРУП"" ЕООД",27.09.2026г.,205924362,,МБА ГРУП,Еднолично дружество с ограничена отговорност,БЪЛГАРИЯ,"Област: Благоевград, Община: Благоевград","гр. Благоевград, п.к. 2700","бул./ул. ул. ОСОГОВО № 22, ет. 2","ПОКУПКА НА СТОКИ ИЛИ ДРУГИ ВЕЩИ С ЦЕЛ ДА ГИ ПРОДАДЕ В ПЪРВОНАЧАЛЕН ПРЕРАБОТЕН ИЛИ ОБРАБОТЕН ВИД В СТРАНАТА И ЧУЖБИНА; ПРОДАЖБА НА СТОКИ ОТ СОБСТВЕНО ПРОИЗВОДСТВО В СТРАНАТА И ЧУЖБИНА; ИНТЕРНЕТ ТЪРГОВИЯ; ШИВАШКИ УСЛУГИ, САРАШКИ УСЛУГИ, ПРОИЗВОДСТВО НА СТОКИ ЗА БИТА; ТЪРГОВИЯ С ХРАНИТЕЛНИ, ПРОМИШЛЕНИ И СЕЛСКОСТОПАНСКИ СТОКИ; РАЗВИТИЕ НА БИО ЗЕМЕДЕЛИЕ; ТЪРГОВСКО ПРЕДСТАВИТЕЛСТВО И ПОСРЕДНИЧЕСТВО, АГЕНТСТВО НА БЪЛГАРСКИ И ЧУЖДЕСТРАННИ ФИЗИЧЕСКИ И ЮРИДИЧЕСКИ ЛИЦА: КОМИСИОННИ, СПЕДИЦИОННИ, КОНСИГНАЦИОННИ, ЛИЦЕНЗИОННИ СДЕЛКИ, СДЕЛКИ С ИНТЕЛЕКТУАЛНА СОБСТВЕНОСТ; ПОКУПКА, СТРОЕЖ И ОБЗАВЕЖДАНЕ НА НЕДВИЖИМИ ИМОТИ С ЦЕЛ ПРОДАЖБА; ХОТЕЛИЕРСТВО И РЕСТОРАНТЬОРСТВО, ТРАНСПОРТНИ, ТУРИСТИЧЕСКИ, ТУРОПЕРАТОРСКИ, ФРИЗЬОРСКИ, МАНИКЮРИСТСКИ, КОЗМЕТИЧНИ И ФИТНЕС УСЛУГИ, РЕКЛАМНИ, ИНФОРМАЦИОННИ, ПРОГРАМНИ И ДРУГИ УСЛУГИ; ЛИЗИНГ, МАРКЕТИНГ, РЕКЛАМА, СПОРТНИ И РАЗВЛЕКАТЕЛНИ ДЕЙНОСТИ, ПОДДЪРЖАНЕ И ЕКСПОАТАЦИЯ НА СПОРТНИ СЪОРЪЖЕНИЯ, СЪСТАВЯНЕ НА ГОДИШНИ ФИНАНСОВИ ОТЧЕТИ, ДАНЪЧНИ И СЧЕТОВОДНИ КОНСУЛТАЦИИ И ВСЯКА ДРУГА ДЕЙНОСТ НЕЗАБРАНЕНА ОТ ЗАКОНА.",,"{""4. Изписване на чужд език"": ""MBA GROUP"", ""7. Управители"": ""МАРТИН МЕТОДИЕВ СПАСОВ, Държава: БЪЛГАРИЯ"", ""23. Едноличен собственик на капитала"": ""МАРТИН МЕТОДИЕВ СПАСОВ, Държава: БЪЛГАРИЯ"", ""31. Размер"": ""51.13 €"", ""32. Внесен капитал"": ""51.13 €""}"
204688464,https://portal.registryagency.bg/CR/Reports/ActiveConditionTabResult?uic=204688464,"""АРЛИА 76"" ЕООД",27.09.2026г.,204688464,,АРЛИА 76,Еднолично дружество с ограничена отговорност,БЪЛГАРИЯ,"Област: Благоевград, Община: Разлог","гр. Разлог, п.к. 2760","бул./ул. Яне Сандански № 34, бл. 0, вх. 0, ет. 0, ап. 1","Предприятието ще предлага дейностите - професионален домоуправител за почистване на блокове, къщи и комплекси, офиси и домове; боядисване и малки ремонти по домовете, още: озеленяване и управление на рекламни площи на сгради и общи части на сгради. Саниране на сгради, управление на недвижими имоти, други дейности по почистване, ремонт на мебели и предмети за обзавеждане, услуги по преместване, боядисване и стъклопоставяне. Насочен е към групите на трайно безработните лица на пазара на труда и такива без квалификация, хора с увреждания, майки с деца, самотни родители, безработни лица над 54 годишна възраст и др. Кандидати от целевите групи ще бъдат включени в дейностите на социалното предприятие след релевантно професионално обучение за това. Затова към предприятието ще функционира и Център за трудова подкрепа и обучение, който ще има за цел развитие на професионални умения и ключови компетенции за лицата от целевите групи с цел подобряване на адаптивността им към реалния пазар на труда. Социалното предприятие ще има материална база под наем, техническо обезпечаване, правилник за вътрешния трудов ред, разписана технологична карта и методика за работа, методика за подбор и обучение на екип за управление на социалното предприятие. Развитието на услугите на социалното предприятие, маркетинг и популяризация на новите услуги в общността – рекламна дейност, грижи за дома и администрирането на всияки помощни за целта услуги ще стане с изграждане на капацитет за социално предприемачество и развитие на социални предприятия за трудова заетост на хора с увреждания на територията на община Благоевград. Ресторантьорство и хотелиерство, както и всяка дейност, незабранена от Закона.",,"{""7. Управители"": ""Димитър Спасов Желязков, Държава: БЪЛГАРИЯ"", ""23. Едноличен собственик на капитала"": ""Димитър Спасов Желязков, Държава: БЪЛГАРИЯ"", ""31. Размер"": ""51.13 €"", ""32. Внесен капитал"": ""51.13 €""}"
200406939,https://portal.registryagency.bg/CR/Reports/ActiveConditionTabResult?uic=200406939,"ЕТ ""ИВОНА - РЕНИ ИВАНОВА""",27.09.2026г.,200406939,,ИВОНА - РЕНИ ИВАНОВА,Едноличен търговец,БЪЛГАРИЯ,"Област: Монтана, Община: Лом","гр. Лом, п.к. 3600",бул./ул. ул.СТЕФАН ХАДЖИЙСКИ № 24,"ПОКУПКА НА СТОКИ ИЛИ ДРУГИ ВЕЩИ С ЦЕЛ ПРЕПРОДАЖБА В ПЪРВОНАЧАЛЕН, ОБРАБОТЕН ИЛИ ПРЕРАБОТЕН ВИД; ВЪНШНОТЪРГОВСКА ДЕЙНОСТ; ПРЕВОЗНИ, СПЕДИЦИОННИ, СКЛАДОВИ И КОМИСИОННИ СДЕЛКИ; ПРОДАЖБА НА СТОКИ ОТ СОБСТВЕНО ПРОИЗВОДСТВО; ПРОИЗВОДСТВО, ИЗКУПУВАНЕ, ПРЕРАБОТКА И ТЪРГОВИЯ СЪС СЕЛСКОСТОПАНСКА ПРОДУКЦИЯ; ЕКСПЛОАТАЦИЯ НА ЗАВЕДЕНИЯ ЗА ОБЩЕСТВЕНО ХРАНЕНЕ, ЗАБАВНИ, СПОРТНИ И АТРАКЦИОННИ ОБЕКТИ И СЪОРЪЖЕНИЯ; ТУРИСТИЧЕСКИ, ХОТЕЛИЕРСКИ, ИНФОРМАЦИОННИ, ПРОГРАМНИ, КОНСУЛТАНТСКИ, СЕРВИЗНИ, РЕКЛАМНИ И ДРУГИ УСЛУГИ.",РЕНИ ИВАНОВА ИВАНОВА,
200406946,https://portal.registryagency.bg/CR/Reports/ActiveConditionTabResult?uic=200406946,"""ТАЛА КОНСУЛТ"" ООД",27.09.2026г.,200406946,,ТАЛА КОНСУЛТ,Дружество с ограничена отговорност,БЪЛГАРИЯ,"Област: Пловдив, Община: Пловдив","гр. Пловдив, п.к. 4000","р-н Централен, бул./ул. УЛ. ЦАР КАЛОЯН № 21, вх. А, ет. 1, ап. 2","ИЗВЪРШВАНЕ НА ВСЯКАКЪВ ВИД УСЛУГИ, КОНСУЛТАНТСКА, ИНФОРМАЦИОННА, КОМИСИОННА, СПЕДИТОРСКА, ПОСРЕДНИЧЕСКА, ПРЕДСТАВИТЕЛСКА, ПРОЕКТАНТСКА, ТУРИСТИЧЕСКА ДЕЙНОСТИ; ДЕЙНОСТИ, СВЪРЗАНИ С БИТА И КУЛТУРАТА НА НАСЕЛЕНИЕТО; ВЪНШНОТЪРГОВСКА ДЕЙНОСТ, СВЪРЗАНА С ОПИСАНИЯ ПРЕДМЕТ НА ДЕЙНОСТ, РЕСТОРАНТЬОРСТВО И ХОТЕЛИЕРСТВО, СТРОИТЕЛСТВО, ПРОИЗВОДСТВО, ТЪРГОВИЯ НА ЕДРО И ДРЕБНО СЪС ВСЯКАКЪВ ВИД СТОКИ, КАКТО И ВСИЧКИ ДРУГИ ДЕЙНОСТИ, НЕЗАБРАНЕНИ ИЗРИЧНО СЪС ЗАКОН, СЛЕД ИЗДАВАНЕ НА СЪОТВЕТНОТО РЕЗРЕШЕНИЕ, АКРЕДИТАЦИЯ, ЛИЦЕНЗ, АКО ТОВА СЕ ИЗИСКВА.",,"{""4. Изписване на чужд език"": ""TALA KONSULT"", ""7. Управители"": ""АТАНАСКА МАРИНОВА ЛАПКОВА\nКРАСИМИРА БОРИСОВА ТАФРОВА"", ""11. Начин на представляване"": ""по друг начин:\nЗАЕДНО И ПООТДЕЛНО"", ""19. Съдружници"": ""АТАНАСКА МАРИНОВА ЛАПКОВА, Размер на дяловото участие: 2500.00 лв.\nКРАСИМИРА БОРИСОВА ТАФРОВА, Размер на дяловото участие: 2500.00 лв."", ""31. Размер"": ""2556.46 €"", ""32. Внесен капитал"": ""1789.52 €""}"
200406953,https://portal.registryagency.bg/CR/Reports/ActiveConditionTabResult?uic=200406953,"""МУСТИ 66"" ЕООД",27.09.2026г.,200406953,,МУСТИ 66,Еднолично дружество с ограничена отговорност,БЪЛГАРИЯ,"Област: Бургас, Община: Бургас","гр. Бургас, п.к. 8000","ж.к. СЛАВЕЙКОВ, бл. 54, вх. 2, ет. 1, ап. 19 Телефон: 0887 30 70 74, Адрес на електронна поща: inform_konsult@dir.bg","Покупка на стоки или други вещи с цел да ги препродаде в първоначелен, преработен или обработен вид; продажба на стоки от собствено производство; търговско представителство и посредничество; комисионни, спедиционни и превозни сделки – международен и вътрешен транспорт; складови сделки;стоков контрол; сделки с инетелектуалната собственост; покупка, строеж и обзавеждане на недвижими имоти с цел продажба; лизинг ; строителни, ВИК, ел.услуги на строителни обекти, хотелиерски, ресторантьорски; туристически, рекламни, информационни, програмни, импресарски или други услуги, както и всяка друга дейност незабранена от закона.",,"{""4. Изписване на чужд език"": ""MUSTI 66"", ""7. Управители"": ""Джунейт Мустафа Адем, Държава: БЪЛГАРИЯ"", ""23. Едноличен собственик на капитала"": ""Джунейт Мустафа Адем"", ""31. Размер"": ""2556.46 €"", ""32. Внесен капитал"": ""2556.46 €""}"
200406960,https://portal.registryagency.bg/CR/Reports/ActiveConditionTabResult?uic=200406960,"""ЛОРД - 69"" ЕООД",27.09.2026г.,200406960,,ЛОРД - 69,Еднолично дружество с ограничена отговорност,БЪЛГАРИЯ,"Област: Разград, Община: Разград","гр. Разград, п.к. 7200",бул./ул. ул.ДОНДУКОВ № 22А,"СТРОИТЕЛСТВО, ДОСТАВКА, ТЪРГОВИЯ, ВНОС-ИЗНОС И МОНТАЖ НА ВСЯКАКВИ КЛИМАТИЧНИ И ОТОПЛИТЕЛНИ СИСТЕМИ, ТЪРГОВИЯ НА ЕДРО И ДРЕБНО С ХРАНИТЕЛНИ, ПРОМИШЛЕНИ И ДРУГИ СТОКИ, СПИРТНИ НАПИТКИ, ТЮТЮНЕВИ ИЗДЕЛИЯ И ПЕРИЛНИ ПРЕПАРАТИ, ХОТЕЛИЕРСТВО И РЕСТОРАНТЬОРСТВО, ТУРИЗЪМ, ПОСРЕДНИЧЕСТВО И КОМИСИОНЕРСТВО, УЧАСТИЕ В НАШИ И ЧУЖДИ ТЪРГОВСКИ ДРУЖЕСТВА И УПРАВЛЕНИЕ НА КАПИТАЛИ, РЕКЛАМА, ПЕЧАТ И ПРЕДПЕЧАТ, ОХРАНА, СЧЕТОВОДНИ УСЛУГИ И ДАНЪЧНО-ОСИГУРИТЕЛНИ И КОНСУЛТАНТСКА ДЕЙНОСТ, КАКТО И ВСЯКАКВА ДРУГА НЕЗАБРАНЕНА ОТ ЗАКОНОДАТЕЛСТВОТО НА РЕПУБЛИКА БЪЛГАРИЯ ДЕЙНОСТ.",,"{""4. Изписване на чужд език"": ""LORD - 69"", ""7. Управители"": ""СТЕФАНИ ВАЛЕНТИНОВА СТОЯНОВА, Държава: БЪЛГАРИЯ"", ""23. Едноличен собственик на капитала"": ""СТЕФАНИ ВАЛЕНТИНОВА СТОЯНОВА, Държава: БЪЛГАРИЯ"", ""31. Размер"": ""2556.46 €"", ""32. Внесен капитал"": ""2556.46 €""}"
200406978,https://portal.registryagency.bg/CR/Reports/ActiveConditionTabResult?uic=200406978,"ЕТ ""ГРАДИНАР - КРЪСТАН ИЛИЕВ""",27.09.2026г.,200406978,,ГРАДИНАР - КРЪСТАН ИЛИЕВ,Едноличен търговец,БЪЛГАРИЯ,"Област: София (столица), Община: Столична","гр. София, п.к. 1164","р-н Лозенец, бул./ул. ЦАНКО ЦЕРКОВСКИ № 9","ЗЕМЕДЕЛИЕ, ПРОИЗВОДСТВО И ПРЕРАБОТКА НА ЗЕМЕДЕЛСКА ПРОДУКЦИЯ, ТЪРГОВИЯ СЪС ЗЕМЕДЕЛСКИ ПРОДУКТИ, СЕЛСКИ ТУРИЗЪМ, ИНТЕГРИРАН ТУРИЗЪМ В СЕЛСКИ РАЙОНИ , ПРОЕКТИРАНЕ И СТРОИТЕЛСТВО, ХОТЕЛИЕРСКА ДЕЙНОСТ, РЕСТОРАНТЬОРСТВО, ТУРОПЕРАТОРСКА ДЕЙНОСТ - СЛЕД ЛИЦЕНЗ,ПОСРЕДНИЧЕСТВО И ТЪРГОВИЯ С НЕДВИЖИМИ ИМОТИ, ПОКУПКА НА СТОКИ ИЛИ ДРУГИ ВЕЩИ С ЦЕЛ ПРОДАЖБАТА ИМ В ПЪРВОНАЧАЛЕН, ПРЕРАБОТЕН ИЛИ ОБРАБОТЕН ВИД, ПОКУПКА , СТРОЕЖ, РЕМОНТ ИЛИ ОБЗАВЕЖДАНЕ НА НЕДВИЖИМИ ИМОТИ С ЦЕЛ ПРОДАЖБА, ПРОДАЖБА НА СТОКИ ОТ СОБСТВЕНО ПРОИЗВОДСТВО,КОМИСИОННИ СДЕЛКИ С ИТЕЛЕКТУАЛНА СОБСТВЕНОСТ;КОНСУЛТАНТСКИ, МАРКЕТИНГОВИ И ИНЖЕНЕРИНГОВИ СДЕЛКИ; СПЕДИЦИОННИ, СКЛАДОВИ И ЛИЗИНГОВИ СДЕЛКИ;ТЪРГОВСКО ПРЕДСТАВИТЕЛСТВО И ПОСРЕДНИЧЕСТВО; ТУРИСТИЧЕСКИ И ТУРОПЕРАТОРСКИ СДЕЛКИ.",КРЪСТАН ИЛИЕВ НЕШЕВ,"{""4. Изписване на чужд език"": ""GRADINAR - KRASTAN ILIEV"", ""6а. Основна дейност по НКИД"": ""Група по НКИД: 01.24\nКлас по НКИД: Отглеждане на семкови и костилкови плодове""}"
827124286,https://portal.registryagency.bg/CR/Reports/ActiveConditionTabResult?uic=827124286,"ЕТ ""НАТАЛИ-66 - КАРМЕН ПЕТКОВА""",27.09.2026г.,827124286,4186/1991 450,НАТАЛИ-66 - КАРМЕН ПЕТКОВА,Едноличен търговец,БЪЛГАРИЯ,"Област: Русе, Община: Русе","гр. Русе, п.к. 7002",бул./ул. ул. АЛЕИ ВЪЗРАЖДАНЕ 16 бл. ВЪЗРАЖДАНЕ вх.Г ет.7 ап.40,"ФАРМАЦЕВТИЧНА ДЕЙНОСТ- ПРИГОТОВЛЕНИЕ, ПРОДАЖБА НА ЛЕКАРСТВА, САНИТАРНИ И ХИГИЕННИ МАТЕРИАЛИ, ПРЕДСТАВИТЕЛСТВА НА СЪЩИТЕ И КОМИСИОННА ДЕЙНОСТ, КОНСИГНАЦИЯ- ВНОС- ИЗНОС, ТЪРГОВИЯ С БИЛКИ И БИЛКОВИ ЛЕКАРСТВА И ПРЕПАРАТИ, ОСЪЩЕСТВЯВАНЕ НА БАРТЕРНИ, КОМПЕНСАЦИОННИ И РЕЕКСПОРТНИ СДЕЛКИ, ПОСРЕДНИЧЕСКА ДЕЙНОСТ И АГЕНТСТВО НА БЪЛГАРСКИ И ЧУЖДЕСТРАННИ ФИРМИ И ГРАЖДАНИ, ОБМЕННИ СДЕЛКИ, ТЪРГОВИЯ НА ЕДРО И ДРЕБНО, ВКЛЮЧИТЕЛНО ЧРЕЗ ПРЯКА ПРОДАЖБА В МАГАЗИНИ, ОКАЗИОНИ, ПРОИЗВОДСТВО И ТЪРГОВИЯ СЪС СЕЛСКОСТОПАНСКИ ПРОДУКТИ; КОНСУЛТАНТСКА, ТРАНСПОРТНА И МАРКЕТИНГОВА ДЕЙНОСТ, ДАВАНЕ ВЕЩИ ПОД НАЕМ, ХОТЕЛИЕРСКА И РЕСТОРАНТЬОРСКА ДЕЙНОСТ, РЕКЛАМНА И КОЗМЕТИЧНА ДЕЙНОСТ, ВКЛЮЧИТЕЛНО ЛЕЧЕБНИ ПРОЦЕДУРИ ЧРЕЗ АКУПУНКТУРА И АКОПРЕСУРА,МАСАЖИ, ФИЗИОТЕРАПИИ, ДОСТАВКА И ТЪРГОВИЯ С МЕДЕЦИНСКА АПАРАТУРА, ИНСТУМЕНТАРИУМ И ПОСОБИЯ, ТАКСИМЕТРОВА ТРАНСПОРТНА ДЕЙНОСТ, АНТИКВАРНА И ЗАЛОЖНА ДЕЙНОСТ, ПРОИЗВОДСТВО И ТЪРГОВИЯ СЪС СТРОИТЕЛНИ МАТЕРИАЛИ",КАРМЕН НЕДЕЛЧЕВА ПЕТКОВА,
148151415,https://portal.registryagency.bg/CR/Reports/ActiveConditionTabResult?uic=148151415,"""ДИМИРАФАРМА"" ЕООД",27.09.2026г.,148151415,5706/2007 310,ДИМИРАФАРМА,Еднолично дружество с ограничена отговорност,БЪЛГАРИЯ,"Област: Варна, Община: Варна","гр. Варна, п.к. 9020","р-н Младост, бул./ул. бул. РЕПУБЛИКА СГРАДА НА МЕДИЦИНСКИ ЦЕНТЪР МЛАДОСТ Телефон: (052) 555541, Адрес на електронна поща: sam.varna@abv.bg","Търговия на дребно с лекарствени продукти, медицински изделия, хранителни добавки, козметични и санитарно-хигиенни средства; внос и износ, реекспорт и търговия; покупка на стоки или други вещи с цел продажба в първоначален, обработен или преработен вид в страната и чужбина; търговско представителство и посредничество; превозна дейност; хотелиерска, туристическа, рекламна, информационна, програмна, импресарска, издателска, печатарска, консултантска, маркетингова дейности и услуги; сделки с интелектуална собственост; покупка, строеж и обзавеждане на недвижими имоти с цел отдаване под наем или продажба.",,"{""4. Изписване на чужд език"": ""DIMIRAPHARMA OOD"", ""7. Управители"": ""Веска Спасова Марешка, Държава: БЪЛГАРИЯ\nПенка Иванова Павлова-Андонова, Държава: БЪЛГАРИЯ\nГеорги Бориславов Михайлов, Държава: БЪЛГАРИЯ"", ""11. Начин на представляване"": ""по друг начин:\nВеска Спасова Марешка има право да управлява и представлява Дружеството самостоятелно или заедно с друг управител; Пенка Иванова Павлова-Андонова има право да управлява и представлява Дружеството единствено заедно с управителя Веска Спасова Марешка; Георги Бориславов Михайлов има право да управлява и представлява Дружеството единствено заедно с управителя Веска Спасова Марешка."", ""23. Едноличен собственик на капитала"": ""\""МАРЕШКИ ХОЛД\"" АД, ЕИК/ПИК 204604418, Държава: БЪЛГАРИЯ"", ""31. Размер"": ""2556.46 €"", ""32. Внесен капитал"": ""2556.46 €""}"
200558157,https://portal.registryagency.bg/CR/Reports/ActiveConditionTabResult?uic=200558157,"""СЕДИС"" ЕООД",27.09.2026г.,200558157,,СЕДИС,Еднолично дружество с ограничена отговорност,БЪЛГАРИЯ,"Област: Бургас, Община: Поморие","с. Порой, п.к. 8239",бул./ул. ул. Христо Ботев № 18,"ПРОИЗВОДСТВЕНА, ТЪРГОВСКА, СКЛАДОВА, СПЕДИТОРСКА, ПРЕВОЗНА, ХОТЕЛИЕРСКА, ТУРИСТИЧЕСКА, РЕКЛАМНА, ТРАНСПОРТНА, ПОКУПКО - ПРОДАЖБА НА СТОКИ И НЕДВИЖИМИ ИМОТИ, СТРОИТЕЛНИ И РЕМОНТНИ УСЛУГИ, ПРОИЗВОДСТВО НА СТРОИТЕЛНИ МАТЕРИАЛИ И ИЗДЕЛИЯ И ТЪРГОВИЯ С ТЯХ, КАКТО И ИЗВЪРШВАНЕ НА ВСИЧКИ ОСТАНАЛИ ВИДОВЕ УСЛУГИ И СДЕЛКИ С ИЗКЛЮЧЕНИЕ НА ИЗРИЧНО ЗАБРАНЕНИТЕ СЪС ЗАКОН.",,"{""7. Управители"": ""АЛИ МУСТАФА АЛИ"", ""23. Едноличен собственик на капитала"": ""АЛИ МУСТАФА АЛИ"", ""31. Размер"": ""2500.00 €"", ""32. Внесен капитал"": ""2500.00 €""}"
108049826,https://portal.registryagency.bg/CR/Reports/ActiveConditionTabResult?uic=108049826,"ЕТ ""ВАЛКО - ВАЛЕРИ ЦВЕТКОВ""",27.09.2026г.,108049826,470/1991 510,ВАЛКО - ВАЛЕРИ ЦВЕТКОВ,Едноличен търговец,БЪЛГАРИЯ,"Област: Кърджали, Община: Кърджали","гр. Кърджали, п.к. 6600",,"Проучвателна, проектантска, производствена, рекламна, сервизна, търговска и външнотърговска дейност и услуги в областта на дървообработването, металообработването, строителството, комунално-битовите услуги, машиностроенето, транспорта, леката, мебелната и обущарска промишленост, изкуствата, спорта, информацията, печата, производство, изкупуване и търговия в страната и чужбина със селскостопанска продукция, разкриване на търговски обекти на фирмата, ресторантьорство, хотелиерство, кафетерии, производство и търговия с кулинарни произведения, безалкохолни напитки, цигари, търговия с алкохолни напитки, ремонт, обмен и търговия с аудио-визуална, електронна и компютърна техника, създаване и търговия с програми и програмни продукти, производство и търговия в страната и чужбина със сувенири, бижута /без благородни метали и скъпоценни камъни/, художествени произведения на изящните и приложни изкуства /без паметници на културата/, детски играчки, проектиране и изпълнение на художествено-пространствени и графично-дизайнерски оформления, портрети, пейзажи, илюстрации на книги, скулптури, плакати, надписване на фирми и търговия с тях, плетачески услуги, шев и кройки, бродерия, комисионна, оказионна и антикварна дейност, вещи под наем, вътрешен и международен туризъм, стопанисване на заведения за отдих, развлечения и забавни игри, стопанска, търговска и спортна реклама и информация, организиране на курсове по български език и литература и по чужди езици и подготовка на кандидати за приемане в учебни заведения, писмени и устни преводи, изкупуване на стъклен и друг амбалаж и вторични суровини, производство и търговия със стоки за населението от тях, заснемане на ритуали с видеокамера, фотографски услуги, фризьорство, козметика, проектиране, производство и търговия с резервни части за автомобили и машини, издателска дейност, покупко-продажба на печатни произведения, занаятчийски услуги, печатарски и машинописни услуги.",ВАЛЕРИ ЦВЕТКОВ ЦВЕТКОВ,
201889775,https://portal.registryagency.bg/CR/Reports/ActiveConditionTabResult?uic=201889775,"""""МУХ"""" ЕООД",27.09.2026г.,201889775,,"""МУХ""",Еднолично дружество с ограничена отговорност,БЪЛГАРИЯ,"Област: Бургас, Община: Несебър","гр. Несебър, п.к. 8230","ж.к. ""Стария Възел"", бл. 1, вх. -, ет. 1, ап. 9","Транспортни услуги – превоз на пътници и товари, комисионни, спедиционни сделки в страната и в чужбина; продажба на стоки от собствено производство; търговско представителство в страната и в чужбина; складови сделки, лицензионни сделки, стоков контрол; туристически, хотелиерски, ресторантски услуги в страната и в чужбина; строителство и ремонт на сгради – жилищни, административни, хотели, покупка, строеж, проектиране и изграждане на ВиК, ОВ и ЕЛ инсталации, обзавеждане на недвижими имоти с цел продажба; покупка на стоки или други вещи с цел да ги препродаде в първоначален, преработен или обработен вид; туроператорски услуги в страната и в чужбина; рекламни, информационни, програмни, импресарски услуги, лизинг.",,"{""7. Управители"": ""ЧАВДАР СТЕФАНОВ ЧЕРНЕВ, Държава: БЪЛГАРИЯ"", ""23. Едноличен собственик на капитала"": ""ЧАВДАР СТЕФАНОВ ЧЕРНЕВ, Държава: БЪЛГАРИЯ"", ""31. Размер"": ""2.56 €"", ""32. Внесен капитал"": ""2.56 €""}"
201889782,https://portal.registryagency.bg/CR/Reports/ActiveConditionTabResult?uic=201889782,"""АЛКУВОЙМА ИЙСТ БЪЛГАРИЯ"" ЕООД - в ликвидация",27.09.2026г.,201889782,,АЛКУВОЙМА ИЙСТ БЪЛГАРИЯ,Еднолично дружество с ограничена отговорност,БЪЛГАРИЯ,"Област: Варна, Община: Варна","гр. Варна, п.к. 9000","р-н Приморски, бул./ул. ул. Тодор Бояджиев № 3, ап. офис 1 Телефон: antarres@abv.bg, Адрес на електронна поща: krum@alkuvoimaeast.com, Интернет страница: antarres@abv.bg","• Изработка на уеб, десктоп и мобилни софтуерни приложения и продукти; • Сделки с интелектуална собственост, рекламни дейности и дейности в областта на връзките с обществеността; • Предоставяне на разнообразни услуги, включително и по електронен път; • Търговия на едро и дребно в страната и чужбина с хранителни и нехранителни стоки, включително и по електронен път; • Търговско представителство и посредничество; • Хотелиерство и ресторантъорство; • Туроператорска и турагентска дейност; • Транспорт и логистика; • Пътнически и товарен транспорт в страната и чужбина; • Общо строителство на сгради и строителни съоръжения; • Покупка, ремонт, строеж и обзавеждане на недвююими имоти с цел продажба; • Посреднически услуги при покупко-продажба на недвижими имоти и наемни отношения; • Управление на недвижими имоти; • Консултантски услуги.",,"{""4. Изписване на чужд език"": ""ALKUVOIMA EAST BULGARIA LTD"", ""7. Управители"": ""КРУМ ПЕТРОМИЛОВ ЗАХАРИЕВ, Държава: БЪЛГАРИЯ"", ""11. Начин на представляване"": ""по друг начин:"", ""23. Едноличен собственик на капитала"": ""\""АЛКУВОЙМА ИЙСТ ХОЛДИНГ\"" ООД, ЕИК/ПИК 201855933, Държава: БЪЛГАРИЯ"", ""26. Прекратяване на търговската дейност"": ""Прекратяване на търговската дейност"", ""31. Размер"": ""2556.46 €"", ""32. Внесен капитал"": ""2556.46 €""}"
124566698,https://portal.registryagency.bg/CR/Reports/ActiveConditionTabResult?uic=124566698,"ЕТ ""НИКИ - 66 - РУМЕН БОЖКОВ""",27.09.2026г.,124566698,2884/1991 320,НИКИ - 66 - РУМЕН БОЖКОВ,Едноличен търговец,БЪЛГАРИЯ,"Област: Добрич, Община: Добрич","гр. Добрич, п.к. 9300",бул./ул. ул. НАРОДНА ДУМА № 11 Телефон: 0889768742,"ЛЕК И ЛЕКОТОВАРЕН ПРЕВОЗ В СТРАНАТА И ЧУЖБИНА, АВТО СЕРВИЗНИ УСЛУГИ, ТЪРГОВИЯ С ДЪРВЕН МАТЕРИАЛ. ДЪРВОДЕЛСКИ УСЛУГИ. ПРОИЗВОДСТВО НА ДЪРВЕНИ ПРЕДМЕТИ, ДЪРВОСТРУГАРСТВО, ДЪРВОРЕЗБАРСТВО. ДЪРВЕНИ ЕЛЕМЕНТИ, ВНОС-ИЗНОС. ИЗКУПУВАНЕ. ПРЕРАБОТКА. ПРОИЗВОДСТВО И ПРОДАЖБА НА СЕЛСКОСТОПАНСКА ПРОДУКЦИЯ ОТ РАСТИТЕЛЕН И ЖИВОТИНСКИ ПРОИЗХОД, ВНОС-ИЗНОС БАРТЕРНИ СДЕЛКИ. ТЪРГОВИЯ С ПРОМИШЛЕНИ СТОКИ ЗА НАРОДНО ПОТРЕБЛЕНИЕ, ТЕХНИЧЕСКИ КОНСУЛТАЦИИ. ЕЛЕКТРО ТЕХНИЧЕСКИ КОНСУЛТАЦИИ. ПРОИЗВОДСТВО И ТЪРГОВИЯ СЪС СТОКИ НА ХРАНИТЕЛНО ВКУСОВАТА ПРОМИШЛЕНОСТ. СНЕК-БАР. ТЪРГОВСКА. ПОСРЕДНИЧЕСКА И КОМИСИОННА ДЕЙНОСТ В СТРАНАТА И ЧУЖБИНА. САРАФСКИ УСЛУГИ СЛЕД РАЗРЕШЕНИЕ.",РУМЕН БОРИСОВ БОЖКОВ,
120005568,https://portal.registryagency.bg/CR/Reports/ActiveConditionTabResult?uic=120005568,"ЕТ ""НИКОЛА ТУНЕВ-СПЕЦИАЛ 66"" - Заличен търговец/ЮЛНЦ",27.09.2026г.,,,,,,,,,,,"{""27. Заличаване на търговеца/ЮЛНЦ"": ""Заличен търговец/ЮЛНЦ""}"
102206391,https://portal.registryagency.bg/CR/Reports/ActiveConditionTabResult?uic=102206391,"ЕТ ""ТАНЯ - ТАНЯ КАПИНОВА""",27.09.2026г.,102206391,2006/1998 210,ТАНЯ - ТАНЯ КАПИНОВА,Едноличен търговец,БЪЛГАРИЯ,"Област: Бургас, Община: Малко Търново","с. Звездец, п.к. 8360",бул./ул. ул. ИЗГРЕВ № 3 Телефон: 0885538717,"Покупка на стоки или други вещи с цел продажба в първоначален, преработен или обработен вид; продажба на стоки от собствено производство; търговско представителство и посредничество; комисионни, спедиционни и превозни сделки; лицензионни сделки; стоков контрол; валутни сделки; складови сделки; сделки с интелектуална собственост; хотелиерски, туристически, рекламни, информационни, програмни, импресарски или други услуги; покупка, строеж или обзавеждане на недвижими имоти с цел продажба; лизинг; всякакви сделки разрешени от закона.",ТАНЯ ВЪЛЧЕВА ХАРБАЛИЕВА,
102206402,https://portal.registryagency.bg/CR/Reports/ActiveConditionTabResult?uic=102206402,"ЕТ ""ЕДЕЛВАЙС - БЕДРИЕ МЕХМЕДОВА""",27.09.2026г.,102206402,2127/1998 210,ЕДЕЛВАЙС - БЕДРИЕ МЕХМЕДОВА,Едноличен търговец,БЪЛГАРИЯ,"Област: Бургас, Община: Айтос","гр. Айтос, п.к. 8500",бул./ул. ул. СТРАНДЖА № 23А,"ПОКУПКА НА СТОКИ И ВЕЩИ С ЦЕЛ ПРЕПРОДАЖБАТА ИМ В ПЪРВОНАЧАЛЕН, ПРЕРАБОТЕН ИЛИ ОБРАБОТЕН ВИД, ПРОДАЖБА НА СТОКИ ОТ СОБСТВЕНО ПРОИЗВОДСТВО, ТЪРГОВСКО ПРЕДСТАВИТЕЛСТВО И ПОСРЕДНИЧЕСТВО, ЕКСПОРТНО-ИМПОРТНИ СДЕЛКИ, МЕЖДУНАРОДНИ ПРЕВОЗВАЧЕСКИ УСЛУГИ, ТАКСИМЕТОВИ УСЛУГИ, ТУРИСТИЧЕСКИ, ПРОГРАМНИ И РАЗВЛЕКАТЕЛНИ ИГРИ, РЕМОНТНИ УСЛУГИ ОТ ВСЯКАКЪВ ВИД.",БЕДРИЕ МЕХМЕДОВА ЮМЕРОВА,"{""6а. Основна дейност по НКИД"": ""Група по НКИД: 4721\nКлас по НКИД: ТЪРГОВИЯ НА ДРЕБНО С ПЛОДОВЕ И ЗЕЛЕНЧУЦИ""}"
205863984,https://portal.registryagency.bg/CR/Reports/ActiveConditionTabResult?uic=205863984,"""МАРТИНО МАРТИНИ"" ЕООД",27.09.2026г.,205863984,,МАРТИНО МАРТИНИ,Еднолично дружество с ограничена отговорност,БЪЛГАРИЯ,"Област: София (столица), Община: Столична","гр. Банкя, п.к. 1320",бул./ул. БРИЗ № 17,"търговия, производство, търговско представителство и посредничество, комисионни, спедиционни и превозни сделки, хотелиерски, ресторантьорски, туристически, рекламни, информационни, програмни и импресарски услуги, лизинг, внос и износ на стоки и всички други сделки и услуги, които не са забранени със закон.",,"{""7. Управители"": ""АЛЕКСАНДЪР ЕВГЕНИЕВ ЕНЕВ, Държава: БЪЛГАРИЯ"", ""23. Едноличен собственик на капитала"": ""ЕВГЕНИ ИВАНОВ ЕНЕВ, Държава: БЪЛГАРИЯ"", ""31. Размер"": ""1.02 €"", ""32. Внесен капитал"": ""1.02 €""}"
205863991,https://portal.registryagency.bg/CR/Reports/ActiveConditionTabResult?uic=205863991,"""Райдър Форевър"" ЕООД",27.09.2026г.,205863991,,Райдър Форевър,Еднолично дружество с ограничена отговорност,БЪЛГАРИЯ,"Област: Русе, Община: Русе","гр. Русе, п.к. 7000","бул./ул. Боримечка № 12, вх. Б, ет. 3, ап. 6 Телефон: +359886323735, Адрес на електронна поща: mpetkov23@gmail.com","ВЪТРЕШНА И ВЪНШНА ТЪРГОВИЯ, ПРОИЗВОДСТВО, СЪХРАНЕНИЕ, ПРЕРАБОТКА И РЕАЛИЗАЦИЯ НА ЗЕМЕДЕЛСКИ СТОКИ, ТЪРГОВСКО ПРЕДСТАВИТЕЛСТВО И ПОСРЕДНИЧЕСТВО, РЕКЛАМНИ И ИНФОРМАЦИОННИ И КОНСУЛТАНТСКИ УСЛУГИ И КОМИСИОННА ДЕЙНОСТ, КАКТО И ВСЯКА ДРУГА ТЪРГОВСКА ДЕЙНОСТ, НЕЗАБРАНЕНА ОТ ЗАКОНА.",,"{""4. Изписване на чужд език"": ""Raider Forever LTD"", ""5а. Адрес за кореспонденция с НАП на територията на страната"": ""Държава: БЪЛГАРИЯ\nОбласт: Русе, Община: Русе\nНаселено място: гр. Русе, п.к. 7000\nбул./ул. Боримечка № 12, вх. Б, ет. 3, ап. 6"", ""7. Управители"": ""МАРТИН ПЕТКОВ ПЕТКОВ, Държава: БЪЛГАРИЯ"", ""23. Едноличен собственик на капитала"": ""МАРТИН ПЕТКОВ ПЕТКОВ, Държава: БЪЛГАРИЯ"", ""31. Размер"": ""1.02 €"", ""32. Внесен капитал"": ""1.02 €""}"
205864004,https://portal.registryagency.bg/CR/Reports/ActiveConditionTabResult?uic=205864004,"""ФЕРНВЕХ"" ООД - Заличен търговец/ЮЛНЦ",27.09.2026г.,,,,,,,,,,,"{""27. Заличаване на търговеца/ЮЛНЦ"": ""Заличен търговец/ЮЛНЦ""}"
131162670,https://portal.registryagency.bg/CR/Reports/ActiveConditionTabResult?uic=131162670,"ЕТ ""МОБИЛТРЕЙД - ИЛИЯ ПЕНЧЕВ"" - Заличен търговец/ЮЛНЦ",27.09.2026г.,,,,,,,,,,,"{""27. Заличаване на търговеца/ЮЛНЦ"": ""Заличен търговец/ЮЛНЦ""}"
204478074,https://portal.registryagency.bg/CR/Reports/ActiveConditionTabResult?uic=204478074,"""Мини Гардън"" ЕООД",27.09.2026г.,204478074,,Мини Гардън,Еднолично дружество с ограничена отговорност,БЪЛГАРИЯ,"Област: Варна, Община: Варна","гр. Варна, п.к. 9000","р-н Одесос, бул./ул. 27-ми юли № 19, ет. 2, ап. 4","Онлайн търговия с растения, семена, торове, почвени субстрат, инструменти за градината, саксии и всичко друго необходимо за производство и отглеждане на цветя и зеленчуци. Внос на растения и саксии и търговия с тях. Аранжировки на цветя. Производство на опаковки. Покупка на стоки за декорация. Покупко-продажба на керамични саксии на едро и дребно. Търговия на едро и дребно с всички видове продукти и стоки; производство на хранителни стоки, потребителски стоки, създаване на вериги магазини, сергии, павилиони, кафенета, барове, ресторанти и други търговски обекти за продажба на собствена продукция и продукция на трети страни, а също така реализация на стоки и продукти чрез търговска мрежа на други организации в България и чужбина; внос и износ; рекламна дейност; консултантска и информационна дейност; посредническа дейност при покупко-продажба на стоки; покупка на стоки или други вещи с цел препродажба в първоначален, преработен или обработен вид; продажба на стоки собствено производство; строително-монтажни работи; строителна дейност; производство и реализация на промишлена и селскостопанска продукция; транспортна дейност -международен транспорт със собствени и наети транспортни средства; складови сделки, както и всяка друга дейност не забранена от закона.",,"{""4. Изписване на чужд език"": ""Mini Garden Ltd"", ""7. Управители"": ""Галина Валентинова Коева, Държава: БЪЛГАРИЯ"", ""23. Едноличен собственик на капитала"": ""Галина Валентинова Коева, Държава: БЪЛГАРИЯ"", ""31. Размер"": ""5.11 €"", ""32. Внесен капитал"": ""5.11 €""}"
204478081,https://portal.registryagency.bg/CR/Reports/ActiveConditionTabResult?uic=204478081,"ЕТ ""ГРИЗИНДЛИ - ДИЯНА РУСАЛИНОВА""",27.09.2026г.,204478081,,ГРИЗИНДЛИ - ДИЯНА РУСАЛИНОВА,Едноличен търговец,БЪЛГАРИЯ,"Област: Варна, Община: Варна","гр. Варна, п.к. 9000","р-н Одесос, бул./ул. УЛ.ЦАР СИМЕОН І № 20 Телефон: 0885 87 85 09","Търговия със зоохрани; Магазини за зоохрани; Търговия с пакетирани хранителни стоки; търговска дейност в страната и чужбина във всички разрешени със закон форми и с всички разрешени със закон стоки; внос и износ, търговия на едро и дребно; производство, продажба, изкупуване и реализация на различни стоки и услуги; външно-търговска дейност, реекспорт, бартерни сделки, посредническа и комисионна дейност; производство, реализация и продажба на облекла и обувки; всякакъв вид шивашки услуги; производство; изкупуване и продажба на земеделска продукция; всякакъв вид строително - ремонтни и строително - монтажни дейности; транспортна дейност в страната и чужбина; таксиметрови услуги; хотелиерска, туристическа и рекламна дейност; производство, търговия с хранителни, промишлени стоки и стоки за бита; покулко - продажба на недвижими имоти и земеделска земя с цел продажба, откриване на магазини, заведения за бързо хранене, кетъринг и всички дейности позволени от закона.",ДИЯНА РАДЕВА РУСАЛИНОВА,"{""4. Изписване на чужд език"": ""GRIZINDLI - DIYANA RUSALINOVA""}"
121525924,https://portal.registryagency.bg/CR/Reports/ActiveConditionTabResult?uic=121525924,"ЕТ ""ЕВГЕНИ ВАРАДИНОВ - АВТОЕЛИТ"" - Заличен търговец/ЮЛНЦ",27.09.2026г.,,,,,,,,,,,"{""27. Заличаване на търговеца/ЮЛНЦ"": ""Заличен търговец/ЮЛНЦ""}"
814114300,https://portal.registryagency.bg/CR/Reports/ActiveConditionTabResult?uic=814114300,"ЕТ ""ОРХИДЕЯ-66""",27.09.2026г.,814114300,604/1991 410,ОРХИДЕЯ-66,Едноличен търговец,БЪЛГАРИЯ,"Област: Велико Търново, Община: Велико Търново","гр. Велико Търново, п.к. 5000",бул./ул. ул. КИРИЛ И МЕТОДИЙ № 45 Телефон: 0887936428,"ПРОИЗВОДСТВО, СЪХРАНЕНИЕ ОБРАБОТКА И РЕАЛИЗАЦИЯ / ТЪРГОВИЯ НА ЕДРО И ДРЕБНО / НА СЕЛСКОСТОПАНСКА ПРОДУКЦИЯ ОТ ЖИВОТИНСКИ И РАСТИТЕЛЕН ХАРАКТЕР В СТРАНАТА И ЧУЖБИНА В ЛЕВА И ВАЛУТА ПРИ СПАЗВАНЕ НА ВАЛУТНИТЕ РАЗПОРЕДБИ, ПОКУПКО-ПРОДАЖБИ НА ПРОМИШЛЕНИ И ВСЯКАКВИ СТОКИ, ЗА КОИТО НЯМА ЗАБРАНА ОТ ЗАКОНА, БРЬСНАРО-ФРИЗЬОРСКИ, КОЗМЕТИЧНИ, ЧАСОВНИКАРСКИ, ОБУЩАРСКИ, ЗЛАТАРСКИ, ШИВАШКИ, ПЛЕТАЧНИ, ТЪКАЧНИ, ДЪРВОДЕЛСКИ, МАШИНОПИСНО КУРИРСКИ УСЛУГИ, СТРОИТЕЛНО-РЕМОНТНИ ДЕЙНОСТИ, АВТОМОНТЬОРСКИ, АВТОТЕНЕКЕДЖИЙСКИ, ЗАВАРЪЧНИ, АВТОБОЯДЖИЙСКИ УСЛУГИ, ПОКУПКО- ПРОДАЖБА НА СТОКИ С ВНОС ИЗНОС В ЛЕВА И ВАЛУТА ПРИ СПАЗВАНЕ НА НА ВАЛУТНИТЕ РАЗПОРЕДБИ, АСИГНАЦИЯ, ОКАЗИОН, АНТИКВАРИАТ, КОНСИГНАЦИЯ, АМБУЛАНТНА ТЪРГОВИЯ В СОБСТВЕНИ И НАЕТИ ПОМЕЩЕНИЯ, ПРОИЗВОДСТВО И ПРОДАЖБА НА ВСЯКАКЪВ ВИД ПОСАДЪЧЕН МАТЕРИАЛ, БУБАРСТВО, ГЪБАРСТВО, ПЧЕЛАРСТВО И ПЧЕЛАРСКИ ПРОДУКТИ, ТЪРГОВСКО ПОСРЕДНИЧЕСТВО И АГЕНСТВО МЕЖДУ НАШИ МЕСТНИ И ЧУЖДЕСТРАННИ ФИЗИЧЕСКИ И ЮРИДИЧЕСКИ ЛИЦА, ПОСРЕДНИЧЕСКА ДЕЙНОСТ В ОБЛАСТТА НА ВЪТРЕШНИЯ И МЕЖДУНАРОДНИЯ ТУРИЗЪМ, ТРАНСПОРТНИ УСЛУГИ С ТОВАРНИ И ЛЕКИ АВТОМОБИЛИ НА ГРАЖДАНИ, ФИРМИ И ОРГАНИЗАЦИИ В СТРАНАТА И ЧУЖБИНА, УСЛУГИ ЗА ПЪТНА ПОМОЩ, ХОТЕЛИЕРСТВО И РЕСТОРАНТЬОРСТВО, ПРОИЗВОДСТВО И ПРОДАЖБА НА СЛАДКАРСКИ И ТЕСТЕНИ ИЗДЕЛИЯ, ТЪРГОВСКО ПРЕДСТАВИТЕЛСТВО И СЕРВИЗ НА ЧУЖДЕСТРАННИ ФИРМИ, ТЪРГОВИЯ С ВСИЧКИ ВИДОВЕ РАЗРЕШЕНИ ОТ ЗАКОНА СТОКИ В ЛЕВОВЕ И КОНВЕРТИРУЕМА ВАЛУТА СЛЕД РАЗРЕШЕНИЕТО ОТ КОМПЕТЕНТНИТЕ ОРГАНИ, КОГАТО ТАКОВА СЕ ПРЕДВИЖДА ОТ ЗАКОНА; ВЪНШНО-ИКОНОМИЧЕСКИ ДЕЙНОСТИ, МАРКЕТИНГОВИ ПРОУЧВАНИЯ И УСЛУГИ НА БЪЛГАРСКИ И ЧУЖДЕСТРАННИ ФИЗИЧЕСКИ И ЮРИДИЧЕСКИ ЛИЦА, СВЪРЗАНИ С ВНОС И ИЗНОС И РЕЕКСПОРТ, ЗАБ АВНО-Р АЗВ ЛЕК ATE ЛНИ ИГРИ, ПРОИЗВОДСТВО И РЕАЛИЗАЦИЯ НА ОБЛЕКЛА ОТ ВСЯКАКВИ ИЗДЕЛИЯ ВНОС И ИЗНОС, УСЛУГИ С ВИДЕО И АУДИО ТЕХНИКА, ФОТОУСЛУГИ, ПРОИЗВОДСТВО И РЕАЛИЗАЦИЯ НА МАДЖУН В СТРАНАТА И ЧУЖБИНА И ВСИЧКИ ДРУГИ РАЗРЕШЕНИ ОТ ЗАКОНА ДЕЙНОСТИ.",ЙОРДАНКА ПЕТКОВА ГЕОРГИЕВА,"{""5а. Адрес за кореспонденция с НАП на територията на страната"": ""Държава: БЪЛГАРИЯ\nОбласт: Велико Търново, Община: Велико Търново\nНаселено място: гр. Велико Търново, п.к. 5000\nбул./ул. ПОБОРНИЧЕСКА № 141""}"
108536716,https://portal.registryagency.bg/CR/Reports/ActiveConditionTabResult?uic=108536716,"ЕТ ""ПАРИС - 66 - МОХАМЕД ЮСУФ""",27.09.2026г.,108536716,2074/1991 510,ПАРИС - 66 - МОХАМЕД ЮСУФ,Едноличен търговец,БЪЛГАРИЯ,"Област: Кърджали, Община: Момчилград","с. Конче, п.к. 6826",,"ДOCTABKA, ПPOИЗBOДCTBO, ИЗKУПУBAHE, ПPOДAЖБA И PEAЛИЗAЦИЯ HA CEЛCKOCTOПAHCKA ПPOДУKЦИЯ И TЮTЮH И TЪPГOBИЯ CЪC CЪЩИTE B CTPAHATA И ЧУЖБИHA, ЗABEДEHИЯ ЗA OБЩECTBEHO XPAHEHE-CKAPA, БИPA, CПИPTHИ И БEЗAЛKOXOЛHИ HAПИTKИ, TECTEHИ И ЗAXAPHИ ИЗДEЛИЯ, ABTOTPAHCПOPTHA ДEЙHOCT-ПPEBOЗ HA XOPA И TOBAPИ, ABTOTУPИCTИЧECKA ДEЙHOCT B CTPAHATA И ЧУЖБИHA, OPГAHИЗИPAHE HA EKCKУPЗИИ B CTPAHATA И ЧУЖБИHA TЪPГOBИЯ HA XPAHИTEЛHИ, ПPOMИШЛEHИ, TEKCTИЛHИ И KOЖEHИ ИЗДEЛИЯ B CTPAHATA И ЧУЖБИHA, AMБУЛAHTHA TЪPГOBИЯ, KAKTO И BCЯKA ДPУГA TЪPГOBCKA ДEЙHOCT, HEЗAБPAHEHИ CЪC ЗAKOH.",МОХАМЕД КАСИМ ЮСУФ,"{""4. Изписване на чужд език"": ""PARIS - 66 - MOHAMED USYF"", ""6а. Основна дейност по НКИД"": ""Група по НКИД: 5139\nКлас по НКИД: ТЪРГОВИЯ С ХРАНИТЕЛНИ И ПРОМИШЛЕНИ СТОКИ""}"
205032922,https://portal.registryagency.bg/CR/Reports/ActiveConditionTabResult?uic=205032922,"""СОФМАР ГРУП"" ЕООД",27.09.2026г.,205032922,,СОФМАР ГРУП,Еднолично дружество с ограничена отговорност,БЪЛГАРИЯ,"Област: София (столица), Община: Столична",гр. София,"р-н Люлин, бул./ул. ж.к. Филиповци № 37","Строителство и сделки с недвижими имоти, покупка на стоки или други вещи с цел да ги препродаде в първоначален, преработен или обработен вид, търговско представителство, посредничество и агентство на местни и чужди физически и юридически лица; комисионни, спедиционни и превозни сделки в страната и чужбина; складови сделки; хотелиерски, туристически, рекламни, информационни, програмни, импресарски услуги;, както и извършването на всички други сделки, които не са забранени от закона.",,"{""4. Изписване на чужд език"": ""SOFMAR GROUP LTD"", ""7. Управители"": ""ТРАЯН КИРИЛОВ ТИХОМИРОВ, Държава: БЪЛГАРИЯ"", ""23. Едноличен собственик на капитала"": ""ТРАЯН КИРИЛОВ ТИХОМИРОВ, Държава: БЪЛГАРИЯ"", ""31. Размер"": ""255.65 €"", ""32. Внесен капитал"": ""255.65 €""}"
102244545,https://portal.registryagency.bg/CR/Reports/ActiveConditionTabResult?uic=102244545,"ЕТ ""ПЕРИКЛИЕВ-66 - ПЕТЪР ДЕНЧЕВ""",27.09.2026г.,102244545,4916/1991 210,ПЕРИКЛИЕВ-66 - ПЕТЪР ДЕНЧЕВ,Едноличен търговец,БЪЛГАРИЯ,"Област: Бургас, Община: Несебър","гр. Несебър, п.к. 8230","бул./ул. ул.Народен юмрук 66 Телефон: 0899203093, Адрес на електронна поща: perikliev@abv.bg","ХОТЕЛИЕРСТВО , РЕСТОРАНТЬОРСТВО , ТЪРГОВИЯ НА ЕДРО И ДРЕБНО , ВКЛЮЧИТЕЛНО ВЪНШНОТЪРГОВСКА ДЕЙНОСТ С ХРАНИТЕЛНИ , ПРОМИШЛЕНИ , СЕЛСКОСТОПАНСКИ СТОКИ , ПРОИЗВОДСТВО И РЕАЛИЗАЦИЯ НА ЖИВОТИНСКА И СЕЛСКОСТОПАНСКА ПРОДУКЦИЯ , ТУРИСТИЧЕСКО БЮРО ЗА ОРГАНИЗИРАНЕ НА ЕКСКУРЗИИ В СТРАНАТА И ЧУЖБИНА , ТАКСИМЕТРОВ ПРЕВОЗ НА ПЪТНИЦИ И ТОВАРИ , БАРТЕРНИ СДЕЛКИ , КОМИСИОННА ДЕЙНОСТ , ОКАЗИОННА ТЪРГОВИЯ .",ПЕТЪР ДЕНЧЕВ ПЕРИКЛИЕВ,
200060259,https://portal.registryagency.bg/CR/Reports/ActiveConditionTabResult?uic=200060259,"ЕТ ""ПАЛМЕРИ - Георги Тодоров""",27.09.2026г.,200060259,,ПАЛМЕРИ - Георги Тодоров,Едноличен търговец,БЪЛГАРИЯ,"Област: София (столица), Община: Столична","гр. София, п.к. 1000","Младост, ж.к. МЛАДОСТ 1, бл. 29, вх. 3, ет. 3, ап. 37","ОБОРУДВАНЕ И СТОПАНИСВАНЕ НА ТЪРГОВСКИ ОБЕКТИ ЗА ПРОДАЖБА НА ХРАНИТЕЛНИ И НЕХРАНИТЕЛНИ СТОКИ, МАРКЕТИНГ И РЕКЛАМА, ТЪРГОВСКО ПРЕДСТАВИТЕЛСТВО И ПОСРЕДНИЧЕСТВО НА НАШИ И ЧУЖДИ ФИЗИЧЕСКИ И ЮРИДИЧЕСКИ ЛИЦА, ВЪТРЕШНА И ВЪНШНА ТЪРГОВИЯ, ВСЯКА ДРУГА ДЕЙНОСТ НЕЗАБРАНЕНА ОТ ЗАКОНА",ГЕОРГИ НИКОЛОВ ТОДОРОВ,"{""4. Изписване на чужд език"": ""PALMERI""}"
204061561,https://portal.registryagency.bg/CR/Reports/ActiveConditionTabResult?uic=204061561,"""КАПИТАНО ПРИМОРСКО"" ООД",27.09.2026г.,204061561,,КАПИТАНО ПРИМОРСКО,Дружество с ограничена отговорност,БЪЛГАРИЯ,"Област: Бургас, Община: Бургас","гр. Бургас, п.к. 8000","бул./ул. ул. Шейново № 3, офис 215","Управление и поддържане на недвижими имоти; покупко-продажба на недвижими имоти; цялостно строителство и обзавеждане на недвижими имоти с цел продажба или по-нататъшно използване; посредничество при сделки с недвижими имоти, всички видове строителна и строително монтажна дейност, покупка на стоки или други вещи с цел препродажба в първоначален, преработен или обработен вид; продажба на стоки от собствено производство; търговско представителство и посредничество; комисионни, спедиционни, превозни сделки в страната и чужбина; складови сделки; сделки с интелектуална собственост; хотелиерство и ресторантьорство; туроператорски сделки и туристическо агентиране; туристически, рекламни, информационни, програмни, импресарски услуги; покупка, строеж или обзавеждане на недвижими имоти с цел продажба; лизинг",,"{""7. Управители"": ""КРАСИМИР ВЪЛЧЕВ АНДОНОВ, Държава: БЪЛГАРИЯ\nПЕЙО ПЕТКОВ ПЕЕВ, Държава: БЪЛГАРИЯ\nМАРТИН СВЕТОСЛАВОВ МАРИНОВ, Държава: БЪЛГАРИЯ"", ""11. Начин на представляване"": ""заедно"", ""19. Съдружници"": ""КРАСИМИР ВЪЛЧЕВ АНДОНОВ, Държава: БЪЛГАРИЯ, Размер на дяловото участие: 1.00 лв.\nПЕЙО ПЕТКОВ ПЕЕВ, Държава: БЪЛГАРИЯ, Размер на дяловото участие: 1.00 лв.\nМАРТИН СВЕТОСЛАВОВ МАРИНОВ, Държава: БЪЛГАРИЯ, Размер на дяловото участие: 1.00 лв."", ""31. Размер"": ""1.53 €"", ""32. Внесен капитал"": ""1.53 €""}"
208078953,https://portal.registryagency.bg/CR/Reports/ActiveConditionTabResult?uic=208078953,"""Хелио-Солар Енерги"" ЕООД",27.09.2026г.,208078953,,Хелио-Солар Енерги,Еднолично дружество с ограничена отговорност,БЪЛГАРИЯ,"Област: Бургас, Община: Бургас","гр. Бургас, п.к. 8000","бул./ул. ул. Марагидик № 19, ет. 2, офис 1","покупка на стоки с цел продажба в първоначален, преработен или обработен вид; продажба на стоки собствено производство; сделки по осъществяване на търговско представителство и посредничество; комисионни, спедиционни, складови и лизингови сделки, както и всяка друга дейност, незабранена със закон или друг нормативен акт, а когато се изисква издаване на разрешение или лиценз, след получаване на разрешението или лиценза.",,"{""4. Изписване на чужд език"": ""“Helio-Solar Energie” Ltd."", ""7. Управители"": ""Александър Кондрад, Държава: ГЕРМАНИЯ"", ""23. Едноличен собственик на капитала"": ""Александър Кондрад, Държава: ГЕРМАНИЯ"", ""31. Размер"": ""51.13 €"", ""32. Внесен капитал"": ""51.13 €""}"
206289389,https://portal.registryagency.bg/CR/Reports/ActiveConditionTabResult?uic=206289389,"""ДОВЕРИЕ СОЛАР"" ООД",27.09.2026г.,206289389,,ДОВЕРИЕ СОЛАР,Дружество с ограничена отговорност,БЪЛГАРИЯ,"Област: Хасково, Община: Ивайловград","гр. Ивайловград, п.к. 6570",бул./ул. ул. Гео Милев № 1,"Търговия и монтаж на соларни централи и компоненти за тях, производство на електроенергия от фотоволтаични централи, производство и дистрибуция на вино и винени сокове от винени сортове грозде, производство на земеделска продукция; извършване в страната и чужбина на търговска дейност на едро и дребно; шивашко производство; покупка и продажба на стоки от текстилни изделия; покупка на стоки или други вещи с цел да ги препродаде в първоначален, преработен или обработен вид; продажба на стоки от собствено производство; внос; износ; реекспорт; рекламна дейност; лизингова дейност; търговско представителство; посредничество и агентска дейност; покупка,строеж или обзавеждане на недвижими имоти с цел продажба; посредничество при сделки с недвижими имоти; управление на недвижими имоти; комисионни,спедиционни, превозни, лицензионни и складови сделки; хотелиерство и ресторантьорство; производство на стоки и услуги; импресарска дейност; консултански услуги; туроператорска дейност; туристическа агентска дейност и предоставяне на допълнителни туристически услуги; сделки с интелектуална собственост; сервизна, строителна и предприемаческа дейност; икономически и административни услуги; провеждане на обучение, квалификация и преквалификация на кадри след придобиване на съответен лиценз, както и всички останали незабранени от закона дейности.",,"{""4. Изписване на чужд език"": ""DOVERIE SOLAR"", ""5а. Адрес за кореспонденция с НАП на територията на страната"": ""Държава: БЪЛГАРИЯ\nОбласт: Хасково, Община: Хасково\nНаселено място: гр. Хасково, п.к. 6300\nбул./ул. ул.Македония № 16 /офис/"", ""7. Управители"": ""ЕЛИЗА ХУБИНОВА ХУБИНОВА- ДИМИТРОВА, Държава: БЪЛГАРИЯ"", ""19. Съдружници"": ""ЕЛИЗА ХУБИНОВА ХУБИНОВА- ДИМИТРОВА, Държава: БЪЛГАРИЯ, Размер на дяловото участие: 10.00 лв.\nМАРИН МАРИЕВ ДИМИТРОВ, Държава: БЪЛГАРИЯ, Размер на дяловото участие: 40.00 лв.\nЗДРАВКО ИВАНОВ ЗАФИРОВ, Държава: БЪЛГАРИЯ"", ""31. Размер"": ""51.13 €"", ""32. Внесен капитал"": ""51.13 €""}"
206289396,https://portal.registryagency.bg/CR/Reports/ActiveConditionTabResult?uic=206289396,"""Масти"" ЕООД",27.09.2026г.,206289396,,Масти,Еднолично дружество с ограничена отговорност,БЪЛГАРИЯ,"Област: Пловдив, Община: Пловдив","гр. Пловдив, п.к. 4001","р-н Западен, бул./ул. Пещерско шосе № 82, ет. 1, ап. офис 1 Адрес на електронна поща: masti_style@abv.bg","Производство, търговия, внос и износ на шивашка конфекция, обувки, чанти, аксесоари, шивашки услуги; предоставяне на услуги и консултации, покупка на стоки или други вещи с цел да ги препродаде в първоначален, преработен или обработен вид; продажба на стоки от собствено производство; търговско представителство и посредничество; комисионни, спедиционни и превозни сделки; складови сделки; лицензионни сделки; стоков контрол; сделки с интелектуална собственост; покупка, строеж и обзавеждане на недвижими имоти с цел продажба, консултантски услуги и други дейности, които не са забранени от закона.",,"{""4. Изписване на чужд език"": ""Masti Ltd."", ""7. Управители"": ""Ангелина Антонова Мишева, Държава: БЪЛГАРИЯ"", ""23. Едноличен собственик на капитала"": ""Ангелина Антонова Мишева, Държава: БЪЛГАРИЯ"", ""31. Размер"": ""51.13 €"", ""32. Внесен капитал"": ""51.13 €""}"
206289407,https://portal.registryagency.bg/CR/Reports/ActiveConditionTabResult?uic=206289407,"""БРАНД ЕКСПЕРТ"" ЕООД",27.09.2026г.,206289407,,БРАНД ЕКСПЕРТ,Еднолично дружество с ограничена отговорност,БЪЛГАРИЯ,"Област: София (столица), Община: Столична","гр. София, п.к. 1592","р-н Искър, ж.к. Дружба, бл. 64, вх. В, ет. 2, ап. 39 Адрес на електронна поща: brandexpert@abv.bg","Търговия с всякакъв вид стоки и услуги, продажба на автомобилни добавки, автокозметика, аксесоари и принадлежности за автомобили, автомобилни гуми, авточасти, други услуги свързани с автомобили / транспорт, търговско представителство и посредничество, реклама, консултантски и счетоводни услуги, транспортна дейност, хотелиерство, ресторантьорство както и всяка друга дейност, която не е забранена от закона.",,"{""4. Изписване на чужд език"": ""BRAND EXPERT LTD"", ""5а. Адрес за кореспонденция с НАП на територията на страната"": ""Държава: БЪЛГАРИЯ\nОбласт: София (столица), Община: Столична\nНаселено място: гр. София, п.к. 1202\nр-н Сердика\nбул./ул. Княгиня Мария Луиза № 95, ет. 1, ап. офис 102"", ""7. Управители"": ""Борислав Николич, Държава: СЪРБИЯ"", ""23. Едноличен собственик на капитала"": ""Борислав Николич, Чуждестранно юридическо лице, Държава: СЪРБИЯ"", ""31. Размер"": ""1.02 €"", ""32. Внесен капитал"": ""1.02 €""}"
102023237,https://portal.registryagency.bg/CR/Reports/ActiveConditionTabResult?uic=102023237,"ЕТ ""ГАНЧО МАРЕВ""",27.09.2026г.,102023237,4469/1995 210,ГАНЧО МАРЕВ,Едноличен търговец,БЪЛГАРИЯ,"Област: Бургас, Община: Несебър","гр. Несебър, п.к. 8230","бул./ул. ул. Хан Крум № 4, вх. Б, ет. 4, ап. 8 Телефон: 0554/45495",ТЪРГОВИЯ И ТУРИЗЪМ,ГАНЧО ИВАНОВ МАРЕВ,"{""6а. Основна дейност по НКИД"": ""Група по НКИД: 6022\nКлас по НКИД: Сухопътен транспорт""}"
203088616,https://portal.registryagency.bg/CR/Reports/ActiveConditionTabResult?uic=203088616,"""ПМТ 66 КОНСУЛТ"" ЕООД",27.09.2026г.,203088616,,ПМТ 66 КОНСУЛТ,Еднолично дружество с ограничена отговорност,БЪЛГАРИЯ,"Област: София (столица), Община: Столична","гр. София, п.к. 1000","р-н Възраждане, бул./ул. ул. ПОЗИТАНО № 8","търговия, производство, търговско представителство и посредничество, комисионни, спедиционни и превозни сделки, хотелиерски, ресторантьорски, туристически, рекламни, информационни, програмни и импресарски услуги, лизинг, внос и износ на стоки и всички други сделки и услуги, които не са забранени със закон.",,"{""7. Управители"": ""ВИДЕН ВАЛЕНТИНОВ ВИДЕНОВ, Държава: БЪЛГАРИЯ"", ""23. Едноличен собственик на капитала"": ""ВИДЕН ВАЛЕНТИНОВ ВИДЕНОВ, Държава: БЪЛГАРИЯ"", ""31. Размер"": ""1.02 €"", ""32. Внесен капитал"": ""1.02 €""}"
203088623,https://portal.registryagency.bg/CR/Reports/ActiveConditionTabResult?uic=203088623,"""ГОЛДЪН ЧИКЕН"" ЕООД",27.09.2026г.,203088623,,ГОЛДЪН ЧИКЕН,Еднолично дружество с ограничена отговорност,БЪЛГАРИЯ,"Област: Русе, Община: Русе","гр. Русе, п.к. 7000","бул./ул. ЛИПНИК № 76, вх. 3, ет. 7, ап. 22","РЕСТОРАНТЬОРСТВО И ХОТЕЛИЕРСТВО, ПРОИЗВОДСТВО И ТЪРГОВИЯ С ХРАНИТЕЛНИ СТОКИ, МЕНИДЖМЪНТ, МАРКЕТИНГ, РЕКЛАМНА И КОНСУЛТАНТСКА ДЕЙНОСТ, ТЪРГОВСКО ПОСРЕДНИЧЕСТВО И ПРЕДСТАВИТЕЛСТВО В СТРАНАТА И ЧУЖБИНА, ТУРИЗЪМ, КАКТО И ВСЯКА ДРУГА ДЕЙНОСТ, НЕЗАБРАНЕНА ОТ ЗАКОНА.",,"{""4. Изписване на чужд език"": ""Golden chicken"", ""5а. Адрес за кореспонденция с НАП на територията на страната"": ""Държава: БЪЛГАРИЯ\nОбласт: Русе, Община: Русе\nНаселено място: гр. Русе, п.к. 7000\nбул./ул. ЛИПНИК № 76, вх. 3, ет. 7, ап. 22"", ""7. Управители"": ""ДЕНИЦА ИВАНОВА ИВАНОВА, Държава: БЪЛГАРИЯ"", ""23. Едноличен собственик на капитала"": ""ДЕНИЦА ИВАНОВА ИВАНОВА, Държава: БЪЛГАРИЯ"", ""31. Размер"": ""1.02 €"", ""32. Внесен капитал"": ""1.02 €""}"
203088630,https://portal.registryagency.bg/CR/Reports/ActiveConditionTabResult?uic=203088630,"""Бомел Транс"" ЕООД",27.09.2026г.,203088630,,Бомел Транс,Еднолично дружество с ограничена отговорност,БЪЛГАРИЯ,"Област: Перник, Община: Перник","гр. Перник, п.к. 2308","ж.к. ЦЪРКВА, бул./ул. БЕЛОГРАДЧИК № 19 Телефон: 0898718957","Транспортни сделки в страната и чужбина, спедиторска дейност, покупка на стоки и други вещи с цел препродажба в първоначален, преработен или обработен вид, външнотърговски сделки, сделки на търговско представителство и посредничество на местни и чужди лица и дружества покупко - продажба на недвижими имоти, извършване на сделки с интелектуална собственост, включително с технологично оборудване и ноу -хау, туристически и туроператорски сделки, консултански, маркитингови и инженерингови сделки и вссички други дейности незабранени ит закона.",,"{""4. Изписване на чужд език"": ""Bomel Trans Ltd"", ""6а. Основна дейност по НКИД"": ""Група по НКИД: 5229\nКлас по НКИД: ДРУГИ СПОМАГАТЕЛНИ ДЕЙНОСТИ В ТРАНСПОРТА."", ""7. Управители"": ""БОРИСЛАВ ИВАНОВ ВЕРЧОВ, Държава: БЪЛГАРИЯ"", ""23. Едноличен собственик на капитала"": ""БОРИСЛАВ ИВАНОВ ВЕРЧОВ, Държава: БЪЛГАРИЯ"", ""31. Размер"": ""255.65 €"", ""32. Внесен капитал"": ""255.65 €""}"
201381684,https://portal.registryagency.bg/CR/Reports/ActiveConditionTabResult?uic=201381684,"""ПЛИМАР"" ЕООД",27.09.2026г.,201381684,,ПЛИМАР,Еднолично дружество с ограничена отговорност,БЪЛГАРИЯ,"Област: София (столица), Община: Столична",гр. София,"р-н Красна поляна, ж.к. Красна поляна, бл. 332, вх. А, ет. 1, ап. 2","РАЗКРИВАНЕ И ЕКСПЛОАТАЦИЯ НА ЗАВЕДЕНИЯ ЗА ОБЩЕСТВЕНО ХРАНЕНЕ; КАФЕТАРИЯ; ТЪРГОВИЯ С АЛКОХОЛНИ И БЕЗАЛКОХОЛНИ НАПИТКИ, ЦИГАРИ И ЦИГАРЕНИ ИЗДЕЛИЯ; ПРИГОТВЯНЕ И ПРОДАЖБА НА КАФЕ, НАПИТКИ - АЛКОХОЛНИ И БЕЗАЛКОХОЛНИ, САНДВИЧИ, ХРАНИ; ПЛОДОВЕ И ЗЕЛЕНЧУЦИ; ПАКЕТИРАНИ ХРАНИ; КЕТЪРИНГОВИ УСЛУГИ; ПОСРЕДНИЧЕСТВО, ПРЕДСТАВИТЕЛСТВО И АГЕНТСТВО; ДРУГИ НЕЗАБРАНЕНИ ОТ ЗАКОНА ДЕЙНОСТИ.",,"{""7. Управители"": ""ПЛАМЕН ЗАНКОВ СЛАВОВ, Държава: БЪЛГАРИЯ"", ""23. Едноличен собственик на капитала"": ""ПЛАМЕН ЗАНКОВ СЛАВОВ, Държава: БЪЛГАРИЯ"", ""31. Размер"": ""10.23 €"", ""32. Внесен капитал"": ""10.23 €""}"
201381691,https://portal.registryagency.bg/CR/Reports/ActiveConditionTabResult?uic=201381691,"""ПОСЕЙДОН-66"" ЕООД",27.09.2026г.,201381691,,ПОСЕЙДОН-66,Еднолично дружество с ограничена отговорност,БЪЛГАРИЯ,"Област: София, Община: Ботевград","гр. Ботевград, п.к. 2140","бул./ул. ул.РИЛА № 5, вх. Б, ет. 1, ап. 4 Телефон: 0876664209","Експлоатация на ресторанти, заведения за бързо хранене, кафетерии, дискотеки, барове, продажба на хранителни стоки, промишлени стоки, облекла и обувки, хотелиерство и туристическа дейност в страната и в чужбина. Транспорта, таксиметрова и спедиционна дейност и търговия със всички видове превозни средства, автосервизна дейност и пътна помощ. Производство и продажба на всички видове селскостопанска продукция. Производство и продажба на хлебни и сладкарски изделия. Външноикономическа дейност, търговско представителство , агенство и посредничество на местни и чуждестранни лица в страната и в чужбина. Извършване на бартерни и комисионни сделки, лизинг, мениджьнг, маркетинг, рекламно-информационна дейност, както и други дейности, с изключение на забранените със закон.",,"{""4. Изписване на чужд език"": ""Poseidon-66 LTD"", ""7. Управители"": ""ЗДРАВКО ГЕОРГИЕВ ГЕРОВ, Държава: БЪЛГАРИЯ"", ""23. Едноличен собственик на капитала"": ""ЗДРАВКО ГЕОРГИЕВ ГЕРОВ, Държава: БЪЛГАРИЯ"", ""31. Размер"": ""1.02 €"", ""32. Внесен капитал"": ""1.02 €""}"
201381702,https://portal.registryagency.bg/CR/Reports/ActiveConditionTabResult?uic=201381702,"""ДИНАМИК ПАРТС"" ЕООД",27.09.2026г.,201381702,,ДИНАМИК ПАРТС,Еднолично дружество с ограничена отговорност,БЪЛГАРИЯ,"Област: София (столица), Община: Столична","гр. София, п.к. 1111","р-н Слатина, бул./ул. ул. МАНАСТИРСКА № 1 Б, вх. Б, ет. 2 Телефон: 00359888844465, Адрес на електронна поща: eleonora@dynamicparts-bg.com","Търговия на едро и дребно, атосервизни и авто-тенекеджийски услуги; външна и вътрешна търговия /внос и износ/, покупка, строеж, обзавеждане на недвижими имоти; продажба на недвижими имоти; отдаване под наем на недвижими имоти и всякакви движими вещи, лизинг, дистрибуция и международен пласмент; изкупуване, производство, преработка и продажба в страната и чужбина на селскостопанска продукция - растителна и животинска; производство и продажба на промишлени, хранителни, селскостопански, битови и други видове стоки; посреднически и комисионни услуги; търговско представителство и посредничество на местни и чуждестранни лица в страната и чужбина; вътрешен и международен превоз на пътници и товари /след издаване на лиценз/; туроператорска и туристическа агентска дейност/след издаване на лиценз/; ресторантьорство и хотилиерство; рекламна и информационна дейност /без кино и печат/; счетоводно и консултантска дейност; маркетингови проучвания; складова дейност; проектиране; продажба на стоки собствено производство; спедиционни и превозни сделки; менителници; записи на заповед и чекове; сделки с интелектуална собстваност и всяка друга дейност незабранена със закон.",,"{""4. Изписване на чужд език"": ""DYNAMIC PARTS"", ""7. Управители"": ""ЕЛЕОНОРА СТЕФАНОВА ДАСКАЛОВА, Държава: БЪЛГАРИЯ"", ""23. Едноличен собственик на капитала"": ""ЕЛЕОНОРА СТЕФАНОВА ДАСКАЛОВА, Държава: БЪЛГАРИЯ"", ""31. Размер"": ""51.13 €"", ""32. Внесен капитал"": ""51.13 €""}"
115650478,https://portal.registryagency.bg/CR/Reports/ActiveConditionTabResult?uic=115650478,"""ИМПЕРАТОРИ"" ООД",27.09.2026г.,115650478,3745/2001 530,ИМПЕРАТОРИ,Дружество с ограничена отговорност,БЪЛГАРИЯ,"Област: Пловдив, Община: Пловдив","гр. Пловдив, п.к. 4000","р-н Централен, бул./ул. бул. ШЕСТИ СЕПТЕМВРИ, бл. 45, ет. 5, ап. 9","TЬPГOBИЯ HA EДPO И ДPEБHO B CTPAHATA И ЧУЖБИHA, ПPEPAБOTKA И ПOKУПKO-ПPOДAЖБA HA ИЗДEЛИЯ OT БЛAГOPOДHИ METAЛИ, TPAHCПOPTHA ДEЙHOCT, CПEДИTOPCKA ДEЙHOCT, PECTOPAHTЬOPCTBO, CЧETOBOДHИ УCЛУГИ, PEKЛAMHA ДEЙHOCT, ПPOEKTИPAHE, CTPOИTEЛCTBO, MAPKETИHГ И ПPOУЧBAHE, ИЗBЬPШBAHE HA BCЯKAKBИ ДPУГИ ДEЙHOCTИ И УCЛУГИ, PAЗPEШEHИ OT ДEЙCTBУBAЩИTE B CTPAHATA HOPMATИBHИ AKTOBE.",,"{""7. Управители"": ""АПОСТОЛ ВАСИЛЕВ КОЛАРОВ\nАЛБЕНА ДИМИТРОВА КОЛАРОВА\nПЕТКО ГЕНОВ ДЕЛЕВ\nМАРИЯ ИВАНОВА БАДОВА"", ""11. Начин на представляване"": ""по друг начин:\nзаедно и поотделно"", ""19. Съдружници"": ""АПОСТОЛ ВАСИЛЕВ КОЛАРОВ\nАЛБЕНА ДИМИТРОВА КОЛАРОВА\nПЕТКО ГЕНОВ ДЕЛЕВ\nМАРИЯ ИВАНОВА БАДОВА"", ""31. Размер"": ""2556.46 €"", ""32. Внесен капитал"": ""2556.46 €""}"
115650485,https://portal.registryagency.bg/CR/Reports/ActiveConditionTabResult?uic=115650485,"ЕТ ""ЙОВИЦВЕТ - ЙОВКА ДАСКАЛОВА""",27.09.2026г.,115650485,3764/2001 530,ЙОВИЦВЕТ - ЙОВКА ДАСКАЛОВА,Едноличен търговец,БЪЛГАРИЯ,"Област: Пловдив, Община: Пловдив","гр. Пловдив, п.к. 4002","р-н Западен, бул./ул. бул. ПЕЩЕРСКО ШОСЕ № 97, ет. 4, ап. 9","ПРОИЗВОДСТВО НА ЦВЕТЯ И ДЕКОРАТИВНА РАСТИТЕЛНОСТ, ТЪРГОВИЯ С ЦВЕТЯ, ТЪРГОВИЯ С УКРАСИ, КЕРАМИЧНИ ИЗДЕЛИЯ И ПОДАРЪЦИ, ПРОДАЖБА НА СТОКИ В ПЪРВОНАЧАЛЕН, ПРЕРАБОТЕН ИЛИ ОБРАБОТЕН ВИД КОМИСИОННА, СКЛАДОВА ЛИЗИНГОВА, ТЪРГОВСКА, ХОТЕЛИЕРСКА, РЕСТОРАНТЬОРСТВО, ТРАНСПОРТНА ДЕЙНОСТ В СТРАНАТА И ЧУЖБИНА И ДРУГА ДЕЙНОСТ НА ТЪРГОВСКО ПРЕДСТАВИТЕЛСТВО И ПОСРЕДНИЧЕСТВО, РЕЕКСПОРТ, ТУРИЗЪМ, ПРОИЗВОДСТВО И ПРОДАЖБА НА АЛКОХОЛ, ПРОИЗВОДНИТЕ МУ СПИРТНИ НАПИТКИ И ЦИГАРИ /СЛЕД СЪОТВЕТНОТО РАЗРЕШЕНИЕ/, ИЗВЪРШВАНЕ НА ПРОЕКТАНТСКИ, КОНСУЛТАНСКИ УСЛУГИ ВКЛЮЧИТЕЛНО В СТРОИТЕЛСТВОТО, БРОКЕРСКИ УСЛУГИ, ПОСРЕДНИЧЕСКИ УСЛУГИ ПРИ ИНФОРМИРАНЕ И НАЕМАНЕ НА РАБОТА В СТРАНАТА И ЧУЖБИНА, ИЗВЪРШВАНЕ НА ДЕЙНОСТИ, РАЗРЕШЕНИ ОТ ЗАКОНА И ПРЕДОСТАВЯНЕ НА УСЛУГИ, РАЗРЕШЕНИ ОТ ЗАКОНА.",ЙОВКА НИКОЛОВА ДАСКАЛОВА,"{""4. Изписване на чужд език"": ""YOVIZVET - YOVKA DASKALOVA"", ""6а. Основна дейност по НКИД"": ""Група по НКИД: 4776\nКлас по НКИД: ТЪРГОВИЯ НА ДРЕБНО С ЦВЕТЯ, РАСТЕНИЯ И ДР.""}"
115650492,https://portal.registryagency.bg/CR/Reports/ActiveConditionTabResult?uic=115650492,"""ПРОЛЕТ - 66"" ЕООД",27.09.2026г.,115650492,3725/2001 530,ПРОЛЕТ - 66,Еднолично дружество с ограничена отговорност,БЪЛГАРИЯ,"Област: София, Община: Самоков","гр. Самоков, п.к. 2000",бул./ул. ул. ДИМИТЪР ДИМОВ № 30 Телефон: 0893/630743,"Спедиционни и превозни сделки, покупка на стоки или други вещи в първоначален, преработен вид с цел продажба, продажба на стоки от собствено производство, производство, обработка и търговия с дървен материал, търговско представителство и посредничество, складови сделки, лизинг, строителство, проектиране, дизайн и сделки с недвижими имоти, търговия на едро и дребно със стоки, изделия и услуги незабранени със закон, комисионни сделки и на консигнация, оказионна търговия, хотелиерска дейност, ресторантьорство и обществено хранене, туристически и рекламни услуги, продуцентска, менаджерска импресарска и издателска дейност, организация и експлоатация на електронни игри, увеселителни и развлекателни и атракционни дейности и заведения, външноикономическа и външнотърговска дейност и специфичните търговски операции и сделки, съответстващи на българското законодателство и международните договорни изисквания, както и извършването на всички други сделки, дейности и услуги, незабранени със закон.",,"{""5а. Адрес за кореспонденция с НАП на територията на страната"": ""Държава: БЪЛГАРИЯ\nОбласт: Пазарджик, Община: Велинград\nНаселено място: гр. Сърница, п.к. 4633"", ""7. Управители"": ""МЕТОДИ КРУМОВ МИТЕВ, Държава: БЪЛГАРИЯ"", ""23. Едноличен собственик на капитала"": ""МЕТОДИ КРУМОВ МИТЕВ, Държава: БЪЛГАРИЯ"", ""31. Размер"": ""2556.46 €"", ""32. Внесен капитал"": ""2556.46 €""}"
117055358,https://portal.registryagency.bg/CR/Reports/ActiveConditionTabResult?uic=117055358,"""ЮЛИУС"" ЕООД",27.09.2026г.,117055358,1463/1997 450,ЮЛИУС,Еднолично дружество с ограничена отговорност,БЪЛГАРИЯ,"Област: Русе, Община: Русе","гр. Русе, п.к. 7000","бул./ул. ул.""Пирот"" № 24, вх. А, ет. 2 Телефон: 809015, Факс: 809019, Адрес на електронна поща: info@powertouching.com, Интернет страница: www.powertouching.com","ИHЖEHEPИHГOBA, PEMOHTHA, KOHCУЛTAHTCKA, ПPOEKTAHTCKA, MOHTAЖHA, TЪPГOBCKA И ДИCTPИБУTOPCKA ДEЙHOCT И УCЛУГИ B OБЛACTTA HA MAШИHOCTPOEHETO, ЛEKATA ПPOMИШЛEHOCT, CEЛCKOTO CTOПAHCTBO, TУPИЗMA; EЛ.OБЗABEЖДAHE И EЛ.OБOPУДBAHE HA ПPOMИШЛEHИ И БИTOBИ CГPAДИ; БAPTEPHИ CДEЛKИ; MAШИHOCTPOEHE; ПPOИЗBOДCTBO И TЪPГOBИЯ C ПPOГPAMHИ ПPOДУKTИ И HOУ-XAУ; PEKЛAMHA ДEЙHOCT; BЪHШHOTЪPГOBCKA ДEЙHOCT; OPГAHИЗИPAHE HA EЛEKTPOHHИ И PAЗBЛEKATEЛHИ ИГPИ; ПOCPEДHИЧECKA ДEЙHOCT И TЪPГOBCKO ПPEДCTABИTEЛCTBO HA ЮPИДИЧECKИ И ФИЗИЧECKИ ЛИЦA B CTPAHATA И ЧУЖБИHA; ПPOУЧBATEЛHИ И ПPOEKTAHTCKИ УCЛУГИ; BЬHШHOTЬPГOBCKA ДEЙHOCT BЪB BCИЧKИTE Й PAЗHOBИДHOCTИ - BHOC, ИЗHOC, БAPTEPHИ CДEЛKИ, PEEKCПOPT; ПOCPEДHИЧECKA И ИHBECTИЦИOHHA ДEЙHOCT; TPAHCФEP HA TEXHOЛOГИИ И HOУ- XAУ; BЪHШHOИKOHOMИЧECKA ДEЙHOCT; ИHЖEHEPИHГ; ИЗPAБOTKA, ПЛACMEHT И PEMOHT HA EЛEKTPOHHИ И MEXAHИЧHИ CЪOPЪЖEHИЯ ЗA БИTA И ПPOMИШЛEHOCTTA.",,"{""7. Управители"": ""ЮЛИЯН ПЕТКОВ МАРИНОВ, Държава: БЪЛГАРИЯ"", ""17. Специални условия"": ""Капиталът е в НЕДЕНОМИНИРАНИ лева!"", ""23. Едноличен собственик на капитала"": ""ЮЛИЯН ПЕТКОВ МАРИНОВ, Държава: БЪЛГАРИЯ"", ""31. Размер"": ""2582024.00 €"", ""32. Внесен капитал"": ""2582024.00 €""}"
117055372,https://portal.registryagency.bg/CR/Reports/ActiveConditionTabResult?uic=117055372,"ЕТ ""РАДОСЛАВ БЕЛЧЕВ - РАН 66"" - Заличен търговец/ЮЛНЦ",27.09.2026г.,,,,,,,,,,,"{""27. Заличаване на търговеца/ЮЛНЦ"": ""Заличен търговец/ЮЛНЦ""}"
117055384,https://portal.registryagency.bg/CR/Reports/ActiveConditionTabResult?uic=117055384,"ЕТ ""ДАВУД САЛИМ""",27.09.2026г.,117055384,666/1989 450,ДАВУД САЛИМ,Едноличен търговец,БЪЛГАРИЯ,"Област: Русе, Община: Русе","гр. Русе, п.к. 7015","бул./ул. СТРЕШЕР ПЛАНИНА № 35, вх. Б, ет. 2, ап. 4 Телефон: 0885736041","TAKCИMETPOB ПPEBOЗ HA ПЬTHИЦИ И TOBAPИ. ДOПЬЛHИTEЛEH ПPEДMET HA ДEЙHOCT- TЬPГOBCKA, KOMИCИOHEPCKA, KOHCИГHAЦИOHHA ДEЙHOCT HA ПPOMИШЛEHOCTTA, TЬPГOBИЯTA, CEЛCKOTO CTOПAHCTBO, CTPOИTEЛCTBOTO, TPAHCПOPTA И УCЛУГИTE, ПPEДCTABИTEЛCTBO HA ЧУЖДИ ФИPMИ, BHOC И ИЗHOC, OPГAHИЗAЦИЯ HA ЗAБABHИ ИГPИ /БEЗ XAЗAPT/, XOTEЛИEPCTBO И ЗABEДEHИЯ ЗA OБЩECTBEHO XPAHEHE, ИЗГOTBЯHE HA ДOKУMEHTИ И ИЗПPAЩAHE HA PAБOTHИЦИ HA PAБOTA B ЧУЖБИHA, OPГAHИЗИPAHE HA EKCKУPЗИИ B CTPAHATA И ЧУЖБИHA, ИMПPECAPCKA ДEЙHOCT, БИTOBИ УCЛУГИ И ПPOИЗBOДCTBEHA ДEЙHOCT, TAKCИMETPOBИ УCЛУГИ, БAPTEPHИ CДEЛKИ.",ДАВУД САЛИМ САЛИМ,"{""6а. Основна дейност по НКИД"": ""Група по НКИД: 4782\nКлас по НКИД: ТЪРГОВИЯ НА ДРЕБНО НА ОТКРИТИ ЩАНДОВЕ И ПАЗАРИ""}"
