UIC_Query,URL,Заглавие (Статус),Състояние към дата,ЕИК/ПИК,Фирмено дело,Фирма/Наименование,Правна форма,Държава,Област и Община,Населено място,Адрес,Предмет на дейност,Физическо лице,Other_Data
147146746,https://portal.registryagency.bg/CR/Reports/ActiveConditionTabResult?uic=147146746,"""ХАУЕС"" ЕООД",18.09.2026г.,147146746,2073/2007 210,ХАУЕС,Еднолично дружество с ограничена отговорност,БЪЛГАРИЯ,"Област: Бургас, Община: Бургас","гр. Бургас, п.к. 8000","бул./ул. ул.АЛЕКСАНДРОВСКА 52 ет.2 № 52, ет. 2","покупка на стоки или други вещи с цел да ги препродаде в първоначален, преработен или обработен вид; продажба на стоки от собствено производство; търговско представителство и посредничество; комисионни, спедиционни и превозни сделки; складови сделки; стоков контрол; сделки с интелектуална собственост; хотелиерски, туристически, рекламни, информационни, програмни, импресарски или други услуги; покупка, строеж или обзавеждане на недвижими имоти с цел продажба.",,"{""4. Изписване на чужд език"": ""\""HOWES\"" Ltd."", ""7. Управители"": ""БАРИ ДЖОН ХАУЕС, Държава: ВЕЛИКОБРИТАНИЯ"", ""23. Едноличен собственик на капитала"": ""БАРИ ДЖОН ХАУЕС, Държава: ВЕЛИКОБРИТАНИЯ"", ""31. Размер"": ""2556.46 €"", ""32. Внесен капитал"": ""2556.46 €""}"
147146753,https://portal.registryagency.bg/CR/Reports/ActiveConditionTabResult?uic=147146753,"""ЕМ - СИ 1"" ООД",18.09.2026г.,147146753,2062/2007 210,ЕМ - СИ 1,Дружество с ограничена отговорност,БЪЛГАРИЯ,"Област: Бургас, Община: Несебър","гр. Несебър, п.к. 8230",бул./ул. ул. ЛЮБЕН КАРАВЕЛОВ № 24,"РЕМОНТНИ И ДОВЪРШИТЕЛНИ СТРОИТЕЛНО – МОНТАЖНИ РАБОТИ, ТРАНСПОРТНИ СДЕЛКИ, ПОКУПКА НА СТОКИ ИЛИ ДРУГИ ВЕЩИ С ЦЕЛ ПРОДАЖБА В ПЪРВОНАЧАЛЕН, ПРЕРАБОТЕН ИЛИ ОБРАБОТЕН ВИД, ПРОДАЖБА НА СТОКИ ОТ СОБСТВЕНО ПРОИЗВОДСТВО, ТЪРГОВСКО ПРЕДСТАВИТЕЛСТВО И ПОСРЕДНИЧЕСТВО, ИМПОРТ И ЕКСПОРТ НА СТОКИ И УСЛУГИ, КОМИСИОННИ, СПЕДИЦИОННИ И ПРЕВОЗНИ СДЕЛКИ, СКЛАДОВИ СДЕЛКИ, ЛИЦЕНЗИОННИ СДЕЛКИ, ХОТЕЛИЕРСКИ, ТУРИСТИЧЕСКИ, РЕКЛАМНИ, ИНФОРМАЦИОННИ, ПРОГРАМНИ, ИМПРЕСАРСКИ ИЛИ ДРУГИ УСЛУГИ, СТОКОВ КОНТРОЛ, СДЕЛКИ С ИНТЕЛЕКТУАЛНА СОБСТВЕНОСТ, ПОКУПКА, СТРОЕЖ И ОБЗАВЕЖДАНЕ НА НЕДВИЖИМИ ИМОТИ С ЦЕЛ ПРОДАЖБА, ЛИЗИНГ.",,"{""4. Изписване на чужд език"": ""\""EM - SI 1\"" Ltd."", ""5а. Адрес за кореспонденция с НАП на територията на страната"": ""Държава: БЪЛГАРИЯ\nОбласт: Бургас, Община: Несебър\nНаселено място: гр. Несебър, п.к. 8230\nбул./ул. ул. ЛЮБЕН КАРАВЕЛОВ № 24"", ""7. Управители"": ""СИЛВИЯ ФИЛИПОВА ФИЛИПОВА, Държава: БЪЛГАРИЯ"", ""19. Съдружници"": ""СИЛВИЯ ФИЛИПОВА ФИЛИПОВА, Държава: БЪЛГАРИЯ, Размер на дяловото участие: 2500.00 лв.\nЕМИЛ ТРАЙКОВ АТАНАСОВ, Държава: БЪЛГАРИЯ, Размер на дяловото участие: 2500.00 лв."", ""31. Размер"": ""2556.46 €"", ""32. Внесен капитал"": ""2556.46 €""}"
203128295,https://portal.registryagency.bg/CR/Reports/ActiveConditionTabResult?uic=203128295,"""ЕМ - СПОРТ"" ЕООД",18.09.2026г.,203128295,,ЕМ - СПОРТ,Еднолично дружество с ограничена отговорност,БЪЛГАРИЯ,"Област: Ямбол, Община: Ямбол","гр. Ямбол, п.к. 8600","бул./ул. бул. ДИМИТЪР БЛАГОЕВ № 20, вх. А-партер Телефон: 0887766713","ПОКУПКА НА СТОКИ ИЛИ ДРУГИ ВЕЩИ С ЦЕЛ ПРЕПРОДАЖБА В ПЪРВОНАЧАЛЕН, ПРЕРАБОТЕН ИЛИ ОБРАБОТЕН ВИД, ТЪРГОВИЯ СЪС СТОКИ РАЗРЕШЕНИ ОТ ЗАКОНА; МАРКЕТИНГ И ТЪРГОВСКО ПРЕДСТАВИТЕЛСТВО; ПОСРЕДНИЧЕСКА ДЕЙНОСТ ПО ЗАЕТОСТТА И УСЛУГИ ПО КВАЛИФИКАЦИЯТА И УПРАВЛЕНИЕТО НА ЧОВЕШКИ РЕСУРСИ; КОНСУЛТАТНСКИ, ХОТЕЛИЕРСКИ, ТУРИСТИЧЕСКИ, РЕКЛАМНИ, ИНФОРМАЦИОННИ И ДРУГИ УСЛУГИ, КАКТО И ВСЯКА ДРУГА ДЕЙНОСТ, КОЯТО НЕ Е ЗАБРАНЕНА СЪС ЗАКОН.",,"{""4. Изписване на чужд език"": ""EM - SPORT LTD"", ""7. Управители"": ""ИВАЙЛО ИВАНОВ НИКОЛОВ, Държава: БЪЛГАРИЯ"", ""11. Начин на представляване"": """", ""23. Едноличен собственик на капитала"": ""ИВАЙЛО ИВАНОВ НИКОЛОВ, Държава: БЪЛГАРИЯ"", ""31. Размер"": ""51.00 €"", ""32. Внесен капитал"": ""51.00 €""}"
203128306,https://portal.registryagency.bg/CR/Reports/ActiveConditionTabResult?uic=203128306,"""ЦЕЦО АНГЕЛОВ"" ЕООД",18.09.2026г.,203128306,,ЦЕЦО АНГЕЛОВ,Еднолично дружество с ограничена отговорност,БЪЛГАРИЯ,"Област: Бургас, Община: Несебър","гр. Несебър, п.к. 8230",бул./ул. ул.Георги Сава Раковски № 22,"покупка на стоки или други вещи с цел препродажба в първоначален, преработен или обработен вид; продажба на стоки от собствено производство; комисионни, спедиционни и превозни сделки; складови сделки; лицензионни сделки; стоков контрол; сделки с интелектуална собственост; хотелиерски, туристически, рекламни, информационни, програмни, импресарски, туроператорски, ресторантьорски сделки, турагентски сделки; покупка, строеж и обзавеждане на недвижими имоти с цел продажба; лизинг, обмяна на валута след получаване на съответният лиценз, маркетингови проучвания и консултантски услуги, както и други сделки и услуги, незабранени със закон и съгласно изискванията на действащото законодателство, като при необходимост за упражняване на съответната дейност, дружеството ще придобива необходимите лицензи и разрешения",,"{""4. Изписване на чужд език"": ""CECO ANGELOV EOOD"", ""7. Управители"": ""ЦВЕТАН ХРИСТОВ АНГЕЛОВ, Държава: БЪЛГАРИЯ"", ""23. Едноличен собственик на капитала"": ""ЦВЕТАН ХРИСТОВ АНГЕЛОВ, Държава: БЪЛГАРИЯ"", ""31. Размер"": ""5.11 €"", ""32. Внесен капитал"": ""5.11 €""}"
203128313,https://portal.registryagency.bg/CR/Reports/ActiveConditionTabResult?uic=203128313,"""ПЕРВАЯ ЛИНИЯ - 2"" ЕООД",18.09.2026г.,203128313,,ПЕРВАЯ ЛИНИЯ - 2,Еднолично дружество с ограничена отговорност,БЪЛГАРИЯ,"Област: Бургас, Община: Несебър","с. Равда, п.к. 8238","бул./ул. к - с Мелия 9, ул. Несебър № 2, ап. В9","Туроператорски и турагентски услуги, хотелиерство и ресторантьорство, туристически, рекламни, информационни, програмни и импресарски услуги, бартерни сделки, строително предприемачество, реконструкция и ремонти покупка, продажба, проектиране, строеж и обзавеждане на недвижими имоти с цел продажба, продажба на дрехи, продажба на всякакви пакетирани и непакетирани стоки, изграждане и експлоатация на фотоволтаични проекти както и продажбата на такива, елекстроинсталации, покупка на стоки и други вещи с цел продажба в първоначален, преработен или обработен вид; продажба на стоки от собствено производство; търговско представителство и посредничество в страната и чужбина; комисионни, спедиционни и превозни сделки; складови сделки; сделки с интелектуална собственост; внос-износ, както и всякаква друга дейност, която не е забранена със закон.",,"{""4. Изписване на чужд език"": ""PERVAYA LINIYA – 2 LTD"", ""7. Управители"": ""МАРИЯ ДАВИДОВА, Държава: ЛАТВИЯ"", ""23. Едноличен собственик на капитала"": ""МАРИЯ ДАВИДОВА, Държава: ЛАТВИЯ"", ""31. Размер"": ""5.11 €"", ""32. Внесен капитал"": ""5.11 €""}"
203128320,https://portal.registryagency.bg/CR/Reports/ActiveConditionTabResult?uic=203128320,"""ВИСПА БЪЛГАРИЯ"" ЕООД",18.09.2026г.,203128320,,ВИСПА БЪЛГАРИЯ,Еднолично дружество с ограничена отговорност,БЪЛГАРИЯ,"Област: Пазарджик, Община: Пазарджик","гр. Пазарджик, п.к. 4400","бул./ул. ул. ИВАН ВАЗОВ № 5, ОФИС 110 Адрес на електронна поща: urban_slurp@abv.bg","ВНОСЪТ, ИЗНОСЪТ И ДИСТРИБУЦИЯТА НА ХРАНИ, ПРЕДОСТАВЯНЕТО НА РЕКЛАМНИ, МАРКЕТИНГОВИ, СПЕДИТОРСКИ, ТРАНСПОРТНИ, СКЛАДОВИ И ЛИЗИНГОВИ УСЛУГИ, ОСЪЩЕСТВЯВАНЕТО НА ТЪРГОВСКО ПРЕДСТАВИТЕЛСТВО И ПОСРЕДНИЧЕСТВО, КАКТО И НА ВСЯКА ДРУГА РАЗРЕШЕНА ОТ ЗАКОНА ДЕЙНОСТ, ЗА ИЗВЪРШВАНЕТО НА КОЯТО, СЪГЛАСНО ТЪРГОВСКИЯ ЗАКОН НА РЕПУБЛИКА БЪЛГАРИЯ, МОЖЕ ДА БЪДЕ СЪЗДАДЕНО ДРУЖЕСТВО С ОГРАНИЧЕНА ОТГОВОРНОСТ.",,"{""5а. Адрес за кореспонденция с НАП на територията на страната"": ""Държава: БЪЛГАРИЯ\nОбласт: Пазарджик, Община: Пазарджик\nНаселено място: гр. Пазарджик, п.к. 4400\nбул./ул. ИВАН ВАЗОВ № 5, ОФИС 110"", ""7. Управители"": ""Атанас Николаев Пилуков, Държава: БЪЛГАРИЯ"", ""23. Едноличен собственик на капитала"": ""Атанас Николаев Пилуков, Държава: БЪЛГАРИЯ"", ""31. Размер"": ""1.02 €"", ""32. Внесен капитал"": ""1.02 €""}"
205459059,https://portal.registryagency.bg/CR/Reports/ActiveConditionTabResult?uic=205459059,"""Гров Нет"" ЕООД",18.09.2026г.,205459059,,Гров Нет,Еднолично дружество с ограничена отговорност,БЪЛГАРИЯ,"Област: Пловдив, Община: Пловдив","гр. Пловдив, п.к. 4000","р-н Централен, бул./ул. Райко Даскалов № 68, ет. 2, ап. офис 8","бизнес консултации, изготвяне на инвестиционни проекти, участие в други дружества, представителство и посредничество на български и чуждестранни физически и юридически лица в страната и чужбина, както и всяка друга дейност, която не е забранена от действащото законодателство.",,"{""4. Изписване на чужд език"": ""GROVE NET Ltd"", ""7. Управители"": ""Янос Санидхиотис, Държава: КИПЪР"", ""23. Едноличен собственик на капитала"": ""Маг Нет Лтд, Идентификация 25245, Чуждестранно юридическо лице, Държава: СЕЙНТ ВИНСЕНТ И ГРЕНАДИНИ"", ""31. Размер"": ""5.11 €"", ""32. Внесен капитал"": ""5.11 €""}"
202679886,https://portal.registryagency.bg/CR/Reports/ActiveConditionTabResult?uic=202679886,"""ЕМ - ТЕ"" ЕООД",18.09.2026г.,202679886,,ЕМ - ТЕ,Еднолично дружество с ограничена отговорност,БЪЛГАРИЯ,"Област: Пловдив, Община: Асеновград","гр. Асеновград, п.к. 4230","ж.к. Изток, бл. Обзор 1, вх. В, ет. 6, ап. 54","Вътрешна и външна търговия с всякакъв вид стоки, разрешени от закона; продажба на кафе, чай, алкохолни и безалкохолни напитки, цигари (след съответното разрешение), топли и студени закуски, кафе-аператив; производство на хранителни и нехранителни стоки за продажба, търговско представителство и посредничество в страната и чужбина, туризъм, пътнически и товарни транспортни услуги в страната и чужбина, както и всички други дейности и услуги, които не са забранени със закон.",,"{""7. Управители"": ""ЕМРАЛ РАМАДАНОВ МУРАДОВ, Държава: БЪЛГАРИЯ"", ""23. Едноличен собственик на капитала"": ""ЕМРАЛ РАМАДАНОВ МУРАДОВ, Държава: БЪЛГАРИЯ"", ""31. Размер"": ""5.11 €"", ""32. Внесен капитал"": ""5.11 €""}"
202679897,https://portal.registryagency.bg/CR/Reports/ActiveConditionTabResult?uic=202679897,"""РОСИЦА ДЖОРГОВА"" ЕООД",18.09.2026г.,202679897,,РОСИЦА ДЖОРГОВА,Еднолично дружество с ограничена отговорност,БЪЛГАРИЯ,"Област: Кюстендил, Община: Сапарева баня","гр. Сапарева баня, п.к. 2650",бул./ул. ул.БРИГАДИРСКА № 32,"ПОКУПКА НА СТОКИ ИЛИ ДРУГИ ВЕЩИ С ЦЕЛ ДА ГИ ПРОДАДЕ В ПЪРВОНАЧАЛЕН, ПРЕРАБОТЕН ИЛИ ОБРАБОТЕН ВИД, ПРОДАЖБА НА СТОКИ ОТ СОБСТВЕНО ПРОИЗВОДСТВО, ТЪРГОВСКО ПРЕДСТВИТЕЛСТВО И ПОСРЕДНИЧЕСТВО, КОМИСИОННИ, СПЕДИЦИОННИ И ПРЕВОЗНИ СДЕЛКИ, СТОКОВ КОНТРОЛ, СДЕЛКИ С ИНТЕЛЕКТУАЛНА СОБСТВЕНОСТ, ХОТЕЛИЕРСКИ, РЕСТОРАНТЬОРСКИ, ТУРИСТИЧЕСКИ, РЕКЛАМНИ, ИНФОРМАЦИОННИ, ПРОГРАМНИ, ИМПРЕСАРСКИ ИЛИ ДРУГИ УСЛУГИ, СТРОИТЕЛСТВО, ТУРОПЕРАТОРСТВО, ПОКУПКА, СТРОЕЖ И ОБЗАВЕЖДАНЕ НА НЕДВИЖИМИ ИМОТИ С ЦЕЛ ПРОДАЖБА, ЛИЗИНГ.",,"{""4. Изписване на чужд език"": ""ROSITSA DJORGOVA Ltd"", ""5а. Адрес за кореспонденция с НАП на територията на страната"": ""Държава: БЪЛГАРИЯ\nОбласт: Кюстендил, Община: Сапарева баня\nНаселено място: гр. Сапарева баня, п.к. 2650\nбул./ул. ул.БРИГАДИРСКА № 32"", ""6а. Основна дейност по НКИД"": ""Група по НКИД: 5629\nКлас по НКИД: ДРУГИ ДЕЙНОСТИ ПО ПРИГОТВЯНЕ И ДОСТАВЯНЕ НА ХРАНИ"", ""7. Управители"": ""РОСИЦА ВЛАДИМИРОВА ДЖОРГОВА, Държава: БЪЛГАРИЯ"", ""23. Едноличен собственик на капитала"": ""РОСИЦА ВЛАДИМИРОВА ДЖОРГОВА, Държава: БЪЛГАРИЯ"", ""31. Размер"": ""2.56 €"", ""32. Внесен капитал"": ""2.56 €""}"
202679908,https://portal.registryagency.bg/CR/Reports/ActiveConditionTabResult?uic=202679908,"""ГАРКУША ИНВЕСТ"" ЕООД",18.09.2026г.,202679908,,ГАРКУША ИНВЕСТ,Еднолично дружество с ограничена отговорност,БЪЛГАРИЯ,"Област: София (столица), Община: Столична","гр. София, п.к. 1700","р-н Лозенец, бул./ул. ж.к. ГРАДИНА № 18, вх. Б, ет. 2, ап. 10","Обработка, внос, износ, търговия със строителни материали, търговия на едро и дребно, вътрешно и външнотърговска дейност, комисионна, спедиционна, складова, консултантска, лицензионна, рекламна, информационна, програмна, импресарска, лизингова дейност, търговско представителство, посредничество и агентство, сделки с интелектуална собственост по надлежния ред; производство на стоки и услуги; транспорт на пътници и товари в страната и чужбина; туристическа дейност в страната и чужбина, след лиценз - хотелиерска, ресторантьорска, туроператорска; покупко-продажби и отдаване под наем на движими и недвижими вещи и имоти, както и всички дейности, незабранени от Закона.",,"{""4. Изписване на чужд език"": ""\""GARKUSHA INVEST\"" LTD."", ""7. Управители"": ""МАРИНА АБРАМОВНА ГАРКУША, Държава: РУСКА ФЕДЕРАЦИЯ"", ""23. Едноличен собственик на капитала"": ""МАРИНА АБРАМОВНА ГАРКУША, Държава: РУСКА ФЕДЕРАЦИЯ"", ""31. Размер"": ""51.13 €"", ""32. Внесен капитал"": ""51.13 €""}"
202679915,https://portal.registryagency.bg/CR/Reports/ActiveConditionTabResult?uic=202679915,"""ЕЛРЕГА"" ЕООД - Заличен търговец/ЮЛНЦ",18.09.2026г.,,,,,,,,,,,"{""27. Заличаване на търговеца/ЮЛНЦ"": ""Заличен търговец/ЮЛНЦ""}"
160104969,https://portal.registryagency.bg/CR/Reports/ActiveConditionTabResult?uic=160104969,"""НЮ ФЕЙС ФЕШЪН"" ЕООД",18.09.2026г.,160104969,2441/2007 530,НЮ ФЕЙС ФЕШЪН,Еднолично дружество с ограничена отговорност,БЪЛГАРИЯ,"Област: Пловдив, Община: Пловдив","гр. Пловдив, п.к. 4002","р-н Западен, бул./ул. ул. ДИМИТЪР СТРАШИМИРОВ № 36","ПОКУПКА НА СТОКИ ИЛИ ДРУГИ ВЕЩИ С ЦЕЛ ПРОДАЖБА В ПЪРВОНАЧАЛЕН, ОБРАБОТЕН ИЛИ ПРЕРАБОТЕН ВИД, ПРОДАЖБА НА СТОКИ ОТ СОБСТВЕНО ПРОИЗВОДСТВО, ТЪРГОВСКО ПРЕДСТАВИТЕЛСТВО И ПОСРЕДНИЧЕСТВО, КОМИСИОННИ, СПЕДИЦИОННИ СДЕЛКИ И УСЛУГИ В СТРАНАТА И ЧУЖБИНА, ТУРИСТИЧЕСКИ И РЕКЛАМНИ УСЛУГИ, КОНСУЛТАНТСКИ УСЛУГИ, КАКТО И ВСЯКАКВА ДРУГА ТЪРГОВСКА ДЕЙНОСТ, КОЯТО ЗАКОНА НЕ ЗАБРАНЯВА.",,"{""7. Управители"": ""НИКОЛАЙ ФИЛИПОВ ФИЛИПОВ, Държава: БЪЛГАРИЯ"", ""23. Едноличен собственик на капитала"": ""НИКОЛАЙ ФИЛИПОВ ФИЛИПОВ, Държава: БЪЛГАРИЯ"", ""31. Размер"": ""2556.46 €"", ""32. Внесен капитал"": ""1789.52 €""}"
208531599,https://portal.registryagency.bg/CR/Reports/ActiveConditionTabResult?uic=208531599,"""Карлсбори"" ЕООД",18.09.2026г.,208531599,,Карлсбори,Еднолично дружество с ограничена отговорност,БЪЛГАРИЯ,"Област: Русе, Община: Русе","гр. Русе, п.к. 7013","бул./ул. ул. Орлово гнездо № 2, вх. 5, ет. 1 Телефон: +359 884 185565, Адрес на електронна поща: stoianova_2006@abv.bg","Търговия на едро с материали за строителството, дървен материал и гипсокартон, търговия на едро с необработен дървен материал, търговия на едро с първично обработен дървен материал, Търговия на едро с железария и арматурни изделия, Търговия на едро с машини и оборудване за добива и строителството и части за тях, строителна и монтажна дейност; Вътрешна и външна търговия на едро и дребно; продажба и препродажба на всякакъв вид стоки в първоначален, преработен и обработен вид; транспорт с леки и товарни автомобили в страната и чужбина, реклама, транспорт и спедиторски услуги, Покупко-продажба на автомобили до 3,5 тона и над 3,5 тона, покупко - продажба на резервни части за МПС; както и всички останали, незабранени от закона дейности. За дейностите, за които се изисква лицензи и разрешителни след тяхното получаване.",,"{""4. Изписване на чужд език"": ""Carlsbori LTD"", ""7. Управители"": ""Георге-Виктор Илие, Държава: РУМЪНИЯ"", ""23. Едноличен собственик на капитала"": ""Георге-Виктор Илие, Държава: РУМЪНИЯ"", ""31. Размер"": ""204.52 €"", ""32. Внесен капитал"": ""204.52 €""}"
208531605,https://portal.registryagency.bg/CR/Reports/ActiveConditionTabResult?uic=208531605,"""ХОУМ БРОУД КАСТ"" ЕООД",18.09.2026г.,208531605,,ХОУМ БРОУД КАСТ,Еднолично дружество с ограничена отговорност,БЪЛГАРИЯ,"Област: Пазарджик, Община: Пазарджик","гр. Пазарджик, п.к. 4400",бул./ул. ул. ХРИСТО БОТЕВ № 208 Телефон: 0886688066,"Телевизионна дейност, изработване и разпространение на телевизионни програми, изграждане и поддържане на съоръжения за телевизионна дейност, закупуване и разпространение на телевизионни програми, придобиване на права върху телевизионни програми и телевизионни канали, издателска и продуцентска дейност, импресарска и рекламна дейности, организиране и осъществяване на медийни и комуникационни стратегии, „пи ар” стратегии и анализи, както и всякаква друга незабранена от закона дейност, а за дейности, подлежащи на лицензиране – след снабдяване със съответния лиценз.",,"{""4. Изписване на чужд език"": ""HOME BROAD CAST"", ""5а. Адрес за кореспонденция с НАП на територията на страната"": ""Държава: БЪЛГАРИЯ\nОбласт: Пазарджик, Община: Пазарджик\nНаселено място: гр. Пазарджик, п.к. 4400\nбул./ул. ул. ХРИСТО БОТЕВ № 208"", ""6а. Основна дейност по НКИД"": ""Група по НКИД: 59.11\nКлас по НКИД: Производство на филми и телевизионни предавания"", ""7. Управители"": ""ЙОРДАН МАРИНОВ ТОДОРОВ, Държава: БЪЛГАРИЯ"", ""23. Едноличен собственик на капитала"": ""ЙОРДАН МАРИНОВ ТОДОРОВ, Държава: БЪЛГАРИЯ"", ""31. Размер"": ""511.00 €"", ""32. Внесен капитал"": ""511.00 €""}"
208531617,https://portal.registryagency.bg/CR/Reports/ActiveConditionTabResult?uic=208531617,"""СкиБългария"" ЕООД",18.09.2026г.,208531617,,СкиБългария,Еднолично дружество с ограничена отговорност,БЪЛГАРИЯ,"Област: Варна, Община: Варна","гр. Варна, п.к. 9007","р-н Приморски, бул./ул. ул. Федот Попов № 6","Онлайн спортни консултации; онлайн спортни лекции, курсове и обучения; онлайн търговия на едро и дребно със спортно облекло, екипировка и аксесоари за ски, сноуборд и други зимни и летни спортове; отдаване под наем на спортна екипировка и оборудване; вътрешна, външна и онлайн търговия с всички разрешени от закона стоки – на едро и дребно, включително хранителни и промишлени стоки; извършване на услуги в различни сфери на стопанската дейност; внос и износ; транспортна, логистична и складова дейност; дистрибуция, посредничество и представителство; маркетингова, рекламна и консултантска дейност, както и извършване на всички други дейности и услуги, които не са забранени от закона, а при необходимост – след получаване на съответните разрешителни и лицензи.",,"{""7. Управители"": ""Илина Илиянова Петкова, Държава: БЪЛГАРИЯ"", ""23. Едноличен собственик на капитала"": ""Илина Илиянова Петкова, Държава: БЪЛГАРИЯ"", ""31. Размер"": ""1.02 €"", ""32. Внесен капитал"": ""1.02 €""}"
208531624,https://portal.registryagency.bg/CR/Reports/ActiveConditionTabResult?uic=208531624,"""ЕМ 04"" ЕООД",18.09.2026г.,208531624,,ЕМ 04,Еднолично дружество с ограничена отговорност,БЪЛГАРИЯ,"Област: Русе, Община: Две могили","гр. Две могили, п.к. 7150",бул./ул. ул. Христо Ботев № 54,"Търговия на дребно с облекло и всички други дейности, незабранени от Закона.",,"{""4. Изписване на чужд език"": ""EM 04 LTD"", ""6а. Основна дейност по НКИД"": ""Група по НКИД: 47.71\nКлас по НКИД: Търговия на дребно с облекло"", ""7. Управители"": ""ЕМРЕ РЮСТЕМ МЮМЮН, Държава: БЪЛГАРИЯ"", ""23. Едноличен собственик на капитала"": ""ЕМРЕ РЮСТЕМ МЮМЮН, Държава: БЪЛГАРИЯ"", ""31. Размер"": ""51.13 €"", ""32. Внесен капитал"": ""51.13 €""}"
200742306,https://portal.registryagency.bg/CR/Reports/ActiveConditionTabResult?uic=200742306,"ЕТ ""ШАНС - ИВАН ВЕЧЕВ""",18.09.2026г.,200742306,,ШАНС - ИВАН ВЕЧЕВ,Едноличен търговец,БЪЛГАРИЯ,"Област: Плевен, Община: Плевен","гр. Плевен, п.к. 5800","бул./ул. ГЕОРГИ КОЧЕВ № 23, вх. 3, ет. 7, ап. 19 Телефон: 064/833984, 0887554121","РЕСТОРАНТЬОРСТВО И ТУРИСТИЧЕСКИ УСЛУГИ, ТАКСИМЕТРОВИ И ТРАНСПОРТНИ УСЛУГИ С ЛЕКИ И ТОВАРНИ АВТОМОБИЛИ, ХОТЕЛИЕРСКИ УСЛУГИ, СТРОЕЖ, РЕМОНТ И ОБЗАВЕЖДАНЕ НА НЕДВИЖИМИ ИМОТИ С ЦЕЛ ПРОДАЖБА, ТЪРГОВИЯ С СТРАНАТА И ЧУЖБИНА СЪС СТОКИ И МАТЕРИАЛИ, С ИЗКЛЮЧЕНИЕ НА ТЕЗИ, КОИТО СА ЗАБРАНЕНИ ОТ ЗАКОНА.",ИВАН ИЛИЕВ ВЕЧЕВ,
200742313,https://portal.registryagency.bg/CR/Reports/ActiveConditionTabResult?uic=200742313,"""МИХАЕЛА 99"" ООД",18.09.2026г.,200742313,,МИХАЕЛА 99,Дружество с ограничена отговорност,БЪЛГАРИЯ,"Област: Бургас, Община: Несебър","гр. Свети Влас, п.к. 8256","бул./ул. МОРСКА № 3, бл. А, ет. 1, ап. 1","РЕСТОРАНТЬОРСТВО, ЗАВЕДЕНИЯ ЗА ХРАНЕНЕ, КЕТЪРИНГ И ТЪРГОВИЯ С ХРАНИ И НАПИТКИ, ТЮТЮНЕВИ ИЗДЕЛИЯ, ДЕЛИКАТЕСНИ СТОКИ, ВНОС И ИЗНОС.",,"{""4. Изписване на чужд език"": ""MIHAELA 99"", ""7. Управители"": ""КРАСИМИР ВАСИЛЕВ ДИМОВ, Държава: БЪЛГАРИЯ"", ""19. Съдружници"": ""КРАСИМИР ВАСИЛЕВ ДИМОВ, Държава: БЪЛГАРИЯ, Размер на дяловото участие: 2500.00 лв.\nМИХАИЛ МИХАЙЛОВ ДЕНЧЕВ, Държава: БЪЛГАРИЯ, Размер на дяловото участие: 2500.00 лв."", ""31. Размер"": ""2556.46 €"", ""32. Внесен капитал"": ""2556.46 €""}"
200742320,https://portal.registryagency.bg/CR/Reports/ActiveConditionTabResult?uic=200742320,"""ДИНМЕЙД"" ЕООД",18.09.2026г.,200742320,,ДИНМЕЙД,Еднолично дружество с ограничена отговорност,БЪЛГАРИЯ,"Област: Бургас, Община: Несебър","гр. Несебър, п.к. 8230",бул./ул. Св. Св. Кирил и Методи № 57,"ЗАВЕДЕНИЯ ЗА ХРАНЕНЕ, ТЪРГОВИЯ НА ЕДРО И ДРЕБНО, ТЪРГОВСКО ПОСРЕДНИЧЕСТВО НА МЕСТНИ И ЧУЖДЕСТРАННИ ФИЗИЧЕСКИ И ЮРИДИЧЕСКИ ЛИЦА, ТРАНСПОРТНА И СПЕДИТОРСКА ДЕЙНОСТ, КАКТО И ВСЯКА ДРУГА ДЕЙНОСТ НЕЗАБРАНЕНА ОТ ЗАКОНА.",,"{""4. Изписване на чужд език"": ""DINMADE"", ""7. Управители"": ""ДИНЧО ПЕТРОВ КЕКОВ, Държава: БЪЛГАРИЯ"", ""23. Едноличен собственик на капитала"": ""ДИНЧО ПЕТРОВ КЕКОВ, Държава: БЪЛГАРИЯ"", ""31. Размер"": ""2556.46 €"", ""32. Внесен капитал"": ""2556.46 €""}"
207584773,https://portal.registryagency.bg/CR/Reports/ActiveConditionTabResult?uic=207584773,"""РЕЯФАРМА"" ЕООД",18.09.2026г.,207584773,,РЕЯФАРМА,Еднолично дружество с ограничена отговорност,БЪЛГАРИЯ,"Област: Варна, Община: Бяла","гр. Бяла, п.к. 9101",бул./ул. АНДРЕЙ ПРЕМЯНОВ № 42 Адрес на електронна поща: my.self@mail.bg,"Търговия на дребно с лекарствени продукти, комплексна хотелиерска и ресторантьорска дейност, туристическа и турагентска дейност, организиране на развлекателни и шоу-програми и мероприятия, аниматорска дейност, организиране на екскурзии в страната и чужбина, търговия, внос и износ на стоки, строително-монтажни и довършителни работи, покупка, строеж и обзавеждане на недвижими имоти с цел продажба; управление на недвижими имоти; изработване на проекти за жилищни и нежилищни сгради, посредничество при сделки с недвижими имоти; покупка на стоки или други вещи с цел продажба в първоначален, преработен или обработен вид; производство на стоки с цел продажба, комисионна, спедиционна, складова, лизингова, рекламна дейност; търговско представителство и посредничество, складови сделки; превозна, програмна, импресарска дейност, сделки с интелектуална собственост.",,"{""4. Изписване на чужд език"": ""REYAPHARMA"", ""6а. Основна дейност по НКИД"": ""Група по НКИД: 47.73\nКлас по НКИД: Търговия на дребно с лекарства и други фармацевтични стоки"", ""7. Управители"": ""ТОДОРКА ДИМИТРОВА КОЛЕВА, Държава: БЪЛГАРИЯ"", ""23. Едноличен собственик на капитала"": ""ТОДОРКА ДИМИТРОВА КОЛЕВА, Държава: БЪЛГАРИЯ"", ""31. Размер"": ""51.13 €"", ""32. Внесен капитал"": ""51.13 €""}"
207584780,https://portal.registryagency.bg/CR/Reports/ActiveConditionTabResult?uic=207584780,"""ЗДИ ПРОПЪРТИ"" ЕООД",18.09.2026г.,207584780,,ЗДИ ПРОПЪРТИ,Еднолично дружество с ограничена отговорност,БЪЛГАРИЯ,"Област: Пловдив, Община: Хисаря","гр. Хисаря, п.к. 4180","бул./ул. ""Аугуста"" № 16","Външна и вътрешна търговия, кафе-аперитив, продажба на алкохол и цигари, ресторантьорство, извършване на услуги по почистване, отдаване под наем и наемане на недвижими имоти, строителна дейност, както и всякакви търговски сделки, фризьорство, козметика, маникюр, педикюр, хотелиерски, рекламни, туристически, експорт, реекспорт, тьрговско посредничество, продажба на стоки собствено производство, покупка и продажба на недвижими имоти, покупка на стоки с цел продажба в първоначален, преработен или обработен вид, внос, износ и продажба на автомобили втора употреба и транспортни средства, резервни части, транспортни услуги с превозни средства в страната и чужбина, отдаване под наем на превозни средства в страната и чужбина, ремонт, прехвърляне на собственост или вещни права върху превозни средства и стоки, спедиторска дейност, митническо представителство, международен транспорт, международна спедиция и дистрибуция, производство и търговия на едро и дребно на промишлени стоки, комисионна, консигнационна и оказионна търговия посредничество и представителство на български и чуждестранни физически и юридически лица, както и всяка друга дейност, която не е забранена изрично от закона.",,"{""4. Изписване на чужд език"": ""ZDI PROPERTY"", ""7. Управители"": ""Зорница Деянова Иванова, Държава: БЪЛГАРИЯ"", ""23. Едноличен собственик на капитала"": ""ЗОРНИЦА ДЕЯНОВА ИВАНОВА, Държава: БЪЛГАРИЯ"", ""31. Размер"": ""5.11 €"", ""32. Внесен капитал"": ""5.11 €""}"
207580928,https://portal.registryagency.bg/CR/Reports/ActiveConditionTabResult?uic=207580928,"""НАВАДА 51"" ЕООД",18.09.2026г.,207580928,,НАВАДА 51,Еднолично дружество с ограничена отговорност,БЪЛГАРИЯ,"Област: Бургас, Община: Бургас","гр. Бургас, п.к. 8000","ж.к. Сарафово, бул./ул. Твърдица № 13","Продажба на стоки или други вещи от собствено производство; Покупка на стоки или други вещи с цел препродажба в първоначален, преработен или обработен вид; покупка, строеж и обзавеждане на недвижими имоти с цел продажба; отдаване под наем на недвижими имоти; управление на недвижими имоти; транспортна дейност; консултантска дейност; търговско представителство и посредничество; комисионни и валутни сделки; сделки с интелектуална собственост както и всяка друга дейност, незабранена от законодателството на РБългария, като всички дейности, за които се изискват лицензи и разрешителни, ще се извършват след вземане на съответните лицензи и разрешителни по установения законов ред",,"{""4. Изписване на чужд език"": ""NAVADA 51 Ltd"", ""7. Управители"": ""ВАЛЕНТИНА ВАСИЛЕВА, Държава: БЪЛГАРИЯ"", ""23. Едноличен собственик на капитала"": ""ВАЛЕНТИНА ВАСИЛЕВА, Държава: БЪЛГАРИЯ"", ""31. Размер"": ""5.00 €"", ""32. Внесен капитал"": ""5.00 €""}"
207580935,https://portal.registryagency.bg/CR/Reports/ActiveConditionTabResult?uic=207580935,"""Амбулатория за индивидуална практика за първична извънболнична медицинска помощ Магсмед"" ЕООД",18.09.2026г.,207580935,,Амбулатория за индивидуална практика за първична извънболнична медицинска помощ Магсмед,Еднолично дружество с ограничена отговорност,БЪЛГАРИЯ,"Област: София (столица), Община: Столична","гр. София, п.к. 1582","р-н Искър, ж.к. Дружба-2, бл. 264, вх. Б, ап. 48 Телефон: +359885725287, Адрес на електронна поща: magsmedbg@gmail.com","Осъществяване на индивидуална медицинска практика за първична извънболнична помощ чрез диагностика, лечение, рехабилитация, наблюдение, консултации и профилактика на болни, предписване на лабораторни и други видове изследвания, извършване на медицински дейности и манипулации под контрол и отговорност на амбулаторията, домашни грижи и помощ, лекарства, превързочни материали и медицински пособия, извършване на експертизи на временна нетрудоспособност, извършване на наблюдение и оказване на медицинска помощ при бременност и майчинство, наблюдение, контролиране и полагане на грижи за физическото и психическото развитие на лица до 18 години, извършване на дейности по здравна промоция и профилактика, включително профилактични прегледи и имунизации, издаване на документи, свързани с дейността на амбулаторията, насочване на пациенти за консултативна и болнична помощ, лечение на болни в домовете им, когато състоянието на болните налага това, хоспитализиране на пациенти в болница, когато лечебната цел не може да се постигне в амбулаторни условия или в дома на пациентите, сключване на търговски сделки за нуждите на осъществяваните медицински дейности и за обслужване на пациентите.",,"{""5а. Адрес за кореспонденция с НАП на територията на страната"": ""Държава: БЪЛГАРИЯ\nОбласт: София (столица), Община: Столична\nНаселено място: гр. София, п.к. 1582\nр-н Искър\nж.к. Дружба-2, бул./ул. - № -, бл. 264, вх. Б, ет. -, ап. 48"", ""6а. Основна дейност по НКИД"": ""Група по НКИД: 86.21\nКлас по НКИД: Дейност на общопрактикуващи лекари"", ""7. Управители"": ""ГЕРГАНА АНТОНОВА ТОНЕВА, Държава: БЪЛГАРИЯ"", ""23. Едноличен собственик на капитала"": ""ГЕРГАНА АНТОНОВА ТОНЕВА, Държава: БЪЛГАРИЯ"", ""31. Размер"": ""51.10 €"", ""32. Внесен капитал"": ""51.10 €""}"
201312229,https://portal.registryagency.bg/CR/Reports/ActiveConditionTabResult?uic=201312229,"""ДЕКОР АРХ"" ЕООД",18.09.2026г.,201312229,,ДЕКОР АРХ,Еднолично дружество с ограничена отговорност,БЪЛГАРИЯ,"Област: София (столица), Община: Столична","гр. София, п.к. 1404","р-н Триадица, ж.к. Стрелибще, бул./ул. ул. Твърдишки проход, № 27, бл. офис 1 А","Търговия, търговско представителство и посредничество, счетоводни дейности и данъчни консултации, административни и спомагателни офис дейности, спомагателно обслужване на стопанската дейност, консултантска дейност по стопанско и друго управление, строително – монтажна дейност, полагане на облицовки и настилки, топлоизолации, дейности извършвани по алпийски способ, ескурзоводство, дейности свързани с развлечение и отдих, услуги по превоз на пътници и товари в страната и чужбина, провеждане на курсове за чуждоезиково обучение и всички други дейности не забранени със закон или нормативен акт.",,"{""4. Изписване на чужд език"": ""DECOR ARH Ltd"", ""5а. Адрес за кореспонденция с НАП на територията на страната"": ""Държава: БЪЛГАРИЯ\nОбласт: София (столица), Община: Столична\nНаселено място: гр. София, п.к. 1404\nр-н Триадица\nж.к. Стрелбище, бул./ул. Твърдишки проход № 27, бл. офис 1 А"", ""7. Управители"": ""Трифон Радославов Трифонов, Държава: БЪЛГАРИЯ"", ""23. Едноличен собственик на капитала"": ""Трифон Радославов Трифонов, Държава: БЪЛГАРИЯ"", ""31. Размер"": ""255.65 €"", ""32. Внесен капитал"": ""255.65 €""}"
201312236,https://portal.registryagency.bg/CR/Reports/ActiveConditionTabResult?uic=201312236,"""Пицатини"" ЕООД",18.09.2026г.,201312236,,Пицатини,Еднолично дружество с ограничена отговорност,БЪЛГАРИЯ,"Област: Варна, Община: Варна","гр. Варна, п.к. 9000","р-н Одесос, бул./ул. ""Княз Ал.Батемберг"" № 42","Посредническа, комисионна и консултантска дейност, маркетинг, рекламна и издателска дейност, производство, изкупуване, преработка, съхранение и реализация на хранителни и промишлени стоки и предмети за бита, кетеринг, ресторантьорство и хотелиерство, търговско представителство и агентство на български и чуждeстранни физически и юридически лица в страната и чужбина, туристическа дейност - туроператорство и туристическо агентство, вътрешно и външно търговска дейност - внос или износ на стоки, транспортна дейност в страната и чужбина - превоз на пътници и товари, както и всяка друга дейност не забранена от закона.",,"{""4. Изписване на чужд език"": ""\""PIZZATINI\"" LTD"", ""5а. Адрес за кореспонденция с НАП на територията на страната"": ""Държава: БЪЛГАРИЯ\nОбласт: Варна, Община: Варна\nНаселено място: гр. Варна, п.к. 9000\nбул./ул. \""Княз Ал.Батемберг\"" № 42"", ""7. Управители"": ""ТИХОМИР АТАНАСОВ ИГНАТОВ, Държава: БЪЛГАРИЯ"", ""23. Едноличен собственик на капитала"": ""ТИХОМИР АТАНАСОВ ИГНАТОВ, Държава: БЪЛГАРИЯ"", ""31. Размер"": ""1.02 €"", ""32. Внесен капитал"": ""1.02 €""}"
201312243,https://portal.registryagency.bg/CR/Reports/ActiveConditionTabResult?uic=201312243,"""ДЕТСКИ СВЯТ - ЕМИ"" ЕООД",18.09.2026г.,201312243,,ДЕТСКИ СВЯТ - ЕМИ,Еднолично дружество с ограничена отговорност,БЪЛГАРИЯ,"Област: Пловдив, Община: Асеновград","гр. Асеновград, п.к. 4230",бул./ул. УЛ.КРАЙРЕЧНА № 62 Телефон: 0889144880,"ТЪРГОВСКА И ВЪНШНОТЪРГОВСКА ДЕЙНОСТ, ПОКУПКА НА СТОКИ ИЛИ ДРУГИ ВЕЩИ С ЦЕЛ ДА ГИ ПРЕПРОДАДЕ В ПЪРВОНАЧАЛЕН, ПРЕРАБОТЕН ИЛИ ОБРАБОТЕН ВИД, ПРОДАЖБА НА СТОКИ ОТ СОБСТВЕНО ПРОИЗВОДСТВО, ТЪРГОВИЯ С ПИРОТЕХНИКА И ВЗРИВНИ МАТЕРИАЛИ, ТЪРГОВСКО ПРЕДСТАВИТЕЛСТВО И ПОСРЕДНИЧЕСТВО, КОМИСИОННИ, СЛЕДИЦИОННИ СДЕЛКИ, ПРЕВОЗНИ СДЕЛКИ В СТРАНАТА И ЧУЖБИНА И ДРУГИ ДЕЙНОСТИ НЕЗАБРАНЕНИ ОТ ЗАКОНА.",,"{""4. Изписване на чужд език"": ""DETSKI SVIAT - EMI"", ""7. Управители"": ""ИНА АСЕНОВА ЕФТИМОВА, Държава: БЪЛГАРИЯ"", ""23. Едноличен собственик на капитала"": ""ИНА АСЕНОВА ЕФТИМОВА, Държава: БЪЛГАРИЯ"", ""31. Размер"": ""25.56 €"", ""32. Внесен капитал"": ""25.56 €""}"
200548696,https://portal.registryagency.bg/CR/Reports/ActiveConditionTabResult?uic=200548696,"ЕТ ""АРКА-ИЛИЯН ТЕРЗИЕВ"" - Заличен търговец/ЮЛНЦ",18.09.2026г.,,,,,,,,,,,"{""27. Заличаване на търговеца/ЮЛНЦ"": ""Заличен търговец/ЮЛНЦ""}"
204364042,https://portal.registryagency.bg/CR/Reports/ActiveConditionTabResult?uic=204364042,"""АДИКС ГРУП"" ЕООД",18.09.2026г.,204364042,,АДИКС ГРУП,Еднолично дружество с ограничена отговорност,БЪЛГАРИЯ,"Област: Враца, Община: Враца","гр. Враца, п.к. 3000","ж.к. Дъбника, бл. 24, вх. Г, ет. 8, ап. 98 Телефон: 0876696797","покупка на автомобили и автомобилни части, стоки или други вещи с цел да ги препродаде в първоначален,преработен или обработен вид; продажба на стоки собствено пройзводство; търговско представителство и посредничество; комисионни,спедиционни и превозни сделки; лицензионни и складови сделки; сделки с интелектуална собственост; хотелиерски,туристически, рекламни, информационни, импресарски или други услуги; покупка, строеж или обзавеждане на недвижими имоти с цел продажба; лизинг; както и всякаква друга дейност незабранена от законодателството в Р.България.",,"{""5а. Адрес за кореспонденция с НАП на територията на страната"": ""Държава: БЪЛГАРИЯ\nОбласт: Враца, Община: Враца\nНаселено място: гр. Враца, п.к. 3000\nж.к. Дъбника, бл. 24, вх. Г, ет. 8, ап. 98"", ""7. Управители"": ""АНДРЕЙ ХРИСТОВ ХРИСТОВ, Държава: БЪЛГАРИЯ"", ""23. Едноличен собственик на капитала"": ""АНДРЕЙ ХРИСТОВ ХРИСТОВ, Държава: БЪЛГАРИЯ"", ""31. Размер"": ""10.23 €"", ""32. Внесен капитал"": ""10.23 €""}"
204364053,https://portal.registryagency.bg/CR/Reports/ActiveConditionTabResult?uic=204364053,"""ФИНЕСИМА"" ООД",18.09.2026г.,204364053,,ФИНЕСИМА,Дружество с ограничена отговорност,БЪЛГАРИЯ,"Област: София (столица), Община: Столична","гр. Банкя, п.к. 1320",бул./ул. БОР № 19А,"ПИЛАТЕС ТРЕНИРОВКИ ЗА НАЧИНАЕЩИ И НАПРЕДНАЛИ, КУРСОВЕ И ОБУЧЕНИЕ ЗА ТРЕНЬОРИ; ФРИЗЬОРСТВО, КОЗМЕТИКА, МАНИКЮР, ПЕДИКЮР; ПРОДАЖБА НА КОЗМЕТИЧНИ ПРОДУКТИ ЗА ЛИЦЕ И ПРОДУКТИ ЗА КОСА; КОМИСИОННИ, ПРЕВОЗНИ И ТРАНСПОРТНИ СДЕЛКИ И УСЛУГИ; ПОКУПКО-ПРОДАЖБА НА ЕДРО И ДРЕБНО НА СТОКИ, СКЛАДОВИ УСЛУГИ; ХОТЕЛИЕРСКИ, ТУРИСТИЧЕСКИ, КАФЕ-АПЕРИТИВ И РЕСТЬОРАНТОРСКИ УСЛУГИ; ОРГАНИЗАЦИЯ И СТОПАНИСВАНЕ НА ДЕТСКИ КЛУБОВЕ ЗА СПОРТ И ЗАБАВЛЕНИЯ, ПАРТИ ЦЕНТРОВЕ ЗА РОЖДЕНИЕ ДНИ И ВСИЧКИ ДЕЙНОСТИ РАЗРЕШЕНИ ОТ ЗАКОНА.",,"{""4. Изписване на чужд език"": ""FINESIMA"", ""7. Управители"": ""РОСИЦА ИВАНОВА ГОТО, Държава: БЪЛГАРИЯ\nГЕОРГИ ЛЮБЕНОВ ГЕОРГИЕВ, Държава: БЪЛГАРИЯ"", ""11. Начин на представляване"": ""по друг начин:\nЗАЕДНО И ПООТДЕЛНО"", ""19. Съдружници"": ""РОСИЦА ИВАНОВА ГОТО, Държава: БЪЛГАРИЯ, Размер на дяловото участие: 49.00 лв.\nГЕОРГИ ЛЮБЕНОВ ГЕОРГИЕВ, Държава: БЪЛГАРИЯ, Размер на дяловото участие: 51.00 лв."", ""31. Размер"": ""51.13 €"", ""32. Внесен капитал"": ""51.13 €""}"
204364067,https://portal.registryagency.bg/CR/Reports/ActiveConditionTabResult?uic=204364067,"""ЕМ АРТ ТРЕЙДИНГ"" ЕООД",18.09.2026г.,204364067,,ЕМ АРТ ТРЕЙДИНГ,Еднолично дружество с ограничена отговорност,БЪЛГАРИЯ,"Област: Варна, Община: Варна","гр. Варна, п.к. 9010","р-н Приморски, бул./ул. УЛ. КОНСТАНТИН ФОТИНОВ № 8, ет. 1, ап. 1","външно и вътрешно търговска дейност; рекламна дейност; търговско представителство и посредничество; покупка на стоки или други вещи с цел препродажба в първоначален, преработен или обработен вид; продажба на стоки собствено производство; хотелиерски, туристически, консултантски и информационни услуги; комисионни, спедиционни и превозни сделки, строителство на сгради и съоръжения; покупко продажба на недвижими имоти, както и всякаква друга дейност, която не е забранена от закон.",,"{""4. Изписване на чужд език"": ""EM ART TRADING LTD"", ""7. Управители"": ""ЛИЛИЯ ЛЕФТЕРОВА МАРИНОВА, Държава: БЪЛГАРИЯ"", ""23. Едноличен собственик на капитала"": ""ЛИЛИЯ ЛЕФТЕРОВА МАРИНОВА, Държава: БЪЛГАРИЯ"", ""31. Размер"": ""1.02 €"", ""32. Внесен капитал"": ""1.02 €""}"
204364074,https://portal.registryagency.bg/CR/Reports/ActiveConditionTabResult?uic=204364074,"""ГОРСКИ ПАРК"" ЕООД",18.09.2026г.,204364074,,ГОРСКИ ПАРК,Еднолично дружество с ограничена отговорност,БЪЛГАРИЯ,"Област: София (столица), Община: Столична","гр. София, п.к. 1000","р-н Оборище, бул./ул. МОСКОВСКА № 47","ДРУЖЕСТВОТО МОЖЕ ДА ИЗВЪРШВА ВСЯКА ДЕЙНОСТ, КОЯТО НЕ Е ЗАБРАНЕНА СЪС ЗАКОН; ИЗГРАЖДАНЕ, СТРОИТЕЛСТВО, ОБЗАВЕЖДАНЕ И ЕКСПЛОАТАЦИЯ НА НЕДВИЖИМИ ИМОТИ В Т.Ч. НА ХОТЕЛИ, ХОТЕЛСКИ КОМПЛЕКСИ, ТУРИСТИЧЕСКИ СЕЛИЩА И ВИЛИ, ХИЖИ, РЕСТОРАНТИ, ОБЕКТИ ЗА ТУРИЗЪМ, ТЪРГОВИЯ, ПОДСЛОН И ОБЩЕСТВЕНО ХРАНЕНЕ, СПОРТНО-ЛЕЧЕБНИ, ЛОВНИ, ЗАБАВНО-УВЕСЕЛИТЕЛНИ, ТУРИСТИЧЕСКИ, СКЛАДОВИ И ДР. ОБЕКТИ, СГРАДИ, СЪОРЪЖЕНИЯ И ПАРКОВЕ СЪС СОБСТВЕНИ СРЕДСТВА И/ИЛИ ЧРЕЗ ДРУГИ ФИЗИЧЕСКИ ИЛИ ЮРИДИЧЕСКИ ЛИЦА ИНВЕСТИТОРИ, И/ИЛИ ПОДИЗПЪЛНИТЕЛИ; ТЪРГОВИЯ С НЕДВИЖИМИ ИМОТИ И ВЕЩНИ ПРАВА; СДЕЛКИ В СТРАНАТА И В ЧУЖБИНА ПО ПРИДОБИВАНЕ И ПРОДАЖБА НА ДВИЖИМИ И НЕДВИЖИМИ ВЕЩИ И ВЕЩНИ ПРАВА. ОТДАВАНЕ ИЛИ ПРЕОТДАВАНЕ ПОД НАЕМ НА ИМУЩЕСТВО; ПОСРЕДНИЧЕСКИ УСЛУГИ ПРИ ПОКУПКО-ПРОДАЖБА, ЗАМЯНА И ОТДАВАНЕ ПОД НАЕМ НА НЕДВИЖИМИ ИМОТИ; ТЪРГОВСКО ПРЕДСТАВИТЕЛСТВО И ПОСРЕДНИЧЕСКО НА МЕСТНИ И ЧУЖДЕСТРАННИ ФИЗИЧЕСКИ И ЮРИДИЧЕСКИ ЛИЦА; РЕКЛАМНИ, МАРКЕТИНГОВИ, МЕНИДЖМЪНТ И КОНСУЛТАНТСКИ УСЛУГИ; ТЪРГОВИЯ НА ЕДРО И ДРЕБНО; ВЪНШНОИКОНОМИЧЕСКА И ВЪНШНОТЪРГОВСКА ДЕЙНОСТ; ИМПОРТ, ЕКСПОРТ, РЕЕКСПОРТ, БАРТЕР, ЛИЗИНГОВИ И КОМИСИОННИ СДЕЛКИ; ИНЖЕНЕРИНГОВА, СТРОИТЕЛНО-МОНТАЖНА И РЕМОНТНО-ВЪЗСТАНОВИТЕЛНА ДЕЙНОСТИ; СПЕДИТОРСКИ, ТРАНСПОРТНИ -ПРЕВОЗНИ И ТАКСИМЕТРОВИ УСЛУГИ В СТРАНАТА И В ЧУЖБИНА; ПОКУПКА И ПРОИЗВОДСТВО НА ВСИЧКИ ВИДОВЕ РАЗРЕШЕНИ — ПРОМИШЛЕНИ, НЕПРОМИШЛНИ, ХРАНИТЕЛНИ И СТОКИ ЗА БИТА, СУРОВИНИ ИЛИ ДРУГИ ВЕЩИ С ЦЕЛ ПРОДАЖБА, ПОТРЕБЛЕНИЕ ИЛИ ЕКСПЛОАТАЦИЯ В ПЪРВОНАЧАЛЕН ИЛИ ПРЕРАБОТЕН ВИД ЗА ВСИЧКИ СФЕРИ НА БИТА И ПРОМИШЛЕНОСТТА, ЗА КОИТО НЯМА ЗАКОНОВО ОГРАНИЧЕНИЕ ИЛИ ЗАБРАНА; ТРАНСФЕР НА ТЕХНОЛОГИИ, ТЪРГОВСКИ МАРКИ, НОУ-ХАУ, АВТОРСКИ ПРОИЗВЕДЕНИЯ И ДРУГИ ОБЕКТИ НА ИНТЕЛЕКТУАЛНАТА СОБСТВЕНОСТ; ТУРОПЕРАТОРСКА И ТУРАГЕНСКА ДЕЙНОСТИ; ТУРИСТИЧЕСКИ УСЛУГИ В СТРАНАТА И В ЧУЖБИНА; ТЕЗИ И ДРУГИ ДЕЙНОСТИ, АКО НЕ СА ЗАБРАНЕНИ СЪС ЗАКОН ИЛИ ДРУГ НОРМАТИВЕН АКТ.",,"{""6а. Основна дейност по НКИД"": ""Група по НКИД: 6810\nКлас по НКИД: ПОКУПКА И ПРОДАЖБА НА СОБСТВЕНИ НЕДВИЖИМИ ИМОТИ"", ""7. Управители"": ""ДИМИТЪР ВАСИЛЕВ СТОЯНОВ, Държава: БЪЛГАРИЯ"", ""23. Едноличен собственик на капитала"": ""ФОНДАЦИЯТА \""ФАМИЛИЯТА\"", ЕИК/ПИК 177102360, Държава: БЪЛГАРИЯ"", ""31. Размер"": ""51.13 €"", ""32. Внесен капитал"": ""51.13 €""}"
206553999,https://portal.registryagency.bg/CR/Reports/ActiveConditionTabResult?uic=206553999,"""РОЯЛ ЛАБ"" ЕООД",18.09.2026г.,206553999,,РОЯЛ ЛАБ,Еднолично дружество с ограничена отговорност,БЪЛГАРИЯ,"Област: Пловдив, Община: Пловдив","гр. Пловдив, п.к. 4013","р-н Южен, бул./ул. ул. ""Трети март"" № 25, бл. 9, вх. ""Б"", ет. 1, ап. 5","Производство и търговия с козметични продукти, консултантски услуги в областта на производството и търговията на козметични продукти, продажба на стоки собствено производство, онлайн търговия, вътрешна и външна търговия, посредничество и агентство на местни и чуждестранни физически и юридически лица, консултантска дейност, покупка и производство на стоки с цел продажба в първоначален, преработен или обработен вид, комисионна дейност, импорт, експорт и реекспорт на стоки, рекламна, издателска и печатна дейност, както и всяка друга дейност и услуги, които не са забранени от закона.",,"{""4. Изписване на чужд език"": ""“ ROYAL LAB“ Ltd"", ""7. Управители"": ""БИСЕР АЛЕКСАНДРОВ БОРИСОВ, Държава: БЪЛГАРИЯ"", ""23. Едноличен собственик на капитала"": ""БИСЕР АЛЕКСАНДРОВ БОРИСОВ, Държава: БЪЛГАРИЯ"", ""31. Размер"": ""102.26 €"", ""32. Внесен капитал"": ""102.26 €""}"
206554001,https://portal.registryagency.bg/CR/Reports/ActiveConditionTabResult?uic=206554001,"""ЕУ ПРОГРЕС"" ЕООД",18.09.2026г.,206554001,,ЕУ ПРОГРЕС,Еднолично дружество с ограничена отговорност,БЪЛГАРИЯ,"Област: Монтана, Община: Бойчиновци","гр. Бойчиновци, п.к. 3430",бул./ул. ГАВРИЛ ГЕНОВ № 5,"ПОКУПКА НА СТОКИ ИЛИ ДРУГИ ВЕЩИ С ЦЕЛ ПРОДАЖБА В ПЪРВОНАЧАЛЕН, ПРЕРАБОТЕН ИЛИ ОБРАБОТЕН ВИД; ПРОИЗВОДСТВО НА СТОКИ С ЦЕЛ ПРОДАЖБА; ПОКУПКА, СТРОЕЖ И ОБЗАВЕЖДАНЕ НА НЕДВИЖИМИ ИМОТИ С ЦЕЛ ПРОДАЖБА; КОМИСИОННА, СПЕДИЦИОННА, ПРЕВОЗНА И СКЛАДОВА ДЕЙНОСТ; ЛИЗИНГОВА ДЕЙНОСТ; ДЕЙНОСТ НА ТЪРГОВСКО ПРЕДСТАВИТЕЛСТВО И ПОСРЕДНИЧЕСТВО; ХОТЕЛИЕРСКА, РЕСТОРАНТЬОРСКА, ТУРИСТИЧЕСКА, РЕКЛАМНА, ИНФОРМАЦИОННА, ПРОГРАМНА И ИМПРЕСАРСКА ДЕЙНОСТ; ПРЕДОСТАВЯНЕ НА ВСЯКАКЪВ ВИД УСЛУГИ, КАКТО И ВСЯКА ДРУГА ДЕЙНОСТ, КОЯТО НЕ Е ЗАБРАНЕНА ОТ ЗАКОНИТЕ В СТРАНАТА И В ЧУЖБИНА.",,"{""4. Изписване на чужд език"": ""EU PROGRES LTD"", ""7. Управители"": ""ЦВЕТЕЛИНА АСЕНОВА БОРИСОВА, Държава: БЪЛГАРИЯ"", ""23. Едноличен собственик на капитала"": ""ЦВЕТЕЛИНА АСЕНОВА БОРИСОВА, Държава: БЪЛГАРИЯ"", ""31. Размер"": ""511.29 €"", ""32. Внесен капитал"": ""511.29 €""}"
206554019,https://portal.registryagency.bg/CR/Reports/ActiveConditionTabResult?uic=206554019,"""Драгинас 275"" ООД",18.09.2026г.,206554019,,Драгинас 275,Дружество с ограничена отговорност,БЪЛГАРИЯ,"Област: София (столица), Община: Столична","гр. София, п.к. 1373","р-н Красна поляна, ж.к. Факултета, бул./ул. Никола Мушанов № 120 Телефон: 0883 35 19 41, Адрес на електронна поща: bigger_one@abv.bg","ресторантьорство, управление и експлоатация на заведения за обществено хранене, производство и търговия с храни в обработен вид, приготвяне на храни за в къщи, търговия и разпространение на хранителни продукти за домашна консумация, хранителни продукти и напитки, ресторант за бързо хранене, преработка и производство на готови ястия, приготвяне и доставяне на храна, други дейности по приготвяне и доставяне на храна, дейност на ресторанти и заведения за бързо обслужване, продажба на готови ястия, както и всякаква друга дейност, която не е забранена със закон.",,"{""4. Изписване на чужд език"": ""Draginas 275 Ltd."", ""7. Управители"": ""Драгия Динков Драгиев, Държава: БЪЛГАРИЯ\nДаниела Трифонова Драгиева, Държава: БЪЛГАРИЯ"", ""11. Начин на представляване"": ""по друг начин:\nзаедно и поотделно"", ""19. Съдружници"": ""Даниела Трифонова Драгиева, Държава: БЪЛГАРИЯ, Размер на дяловото участие: 2.50 €\nДрагия Динков Драгиев, Държава: БЪЛГАРИЯ, Размер на дяловото участие: 2.50 €"", ""31. Размер"": ""5.00 €"", ""32. Внесен капитал"": ""5.00 €""}"
206554026,https://portal.registryagency.bg/CR/Reports/ActiveConditionTabResult?uic=206554026,"""""ЕМ АУТО ГРУП"""" ЕООД",18.09.2026г.,206554026,,"""ЕМ АУТО ГРУП""",Еднолично дружество с ограничена отговорност,БЪЛГАРИЯ,"Област: Сливен, Община: Сливен","гр. Сливен, п.к. 8800","бул./ул. ШЕСТИ СЕПТЕМВРИ, бл. 9, вх. А, ет. 5, ап. 14","Покупка на стоки или други вещи с цел препродажба в първоначален, преработен или обработен вид в страната или чужбина. Авторемонтни услуги и авторемонтни дейности. Продажба на авточасти, масла и аксесоари. Търговия с нови и употребявани автомобили, селскостопанска техника, резервни части и др. Продажба на стоки от собствено производство в страната и чужбина. Търговско представителство и посредничество. Спедиционни, складови, консигнационни и бартерни сделки. Превозни сделки в страната и чужбина. Хотелиерски, туристически, рекламни, информационни, импресарски, счетоводни, проектански, строителни и други услуги, извършвани по търговски начин. Ресторантьорство. Покупка, проектиране, строеж и обзавеждане на недвижими имоти, с цел продажба. Консултантска дейност. Търговия, комисионна търговия. Земеделие. Животновъдство. Агентство, маркетингови проучвания, информационни услуги и всички други видове дейности, които не са забранени от закона.",,"{""4. Изписване на чужд език"": ""„EM AUTO GROUP“ LTD."", ""7. Управители"": ""ЕМАНУИЛ МИХАИЛОВ БЛАЖЕВ, Държава: БЪЛГАРИЯ"", ""23. Едноличен собственик на капитала"": ""ЕМАНУИЛ МИХАИЛОВ БЛАЖЕВ, Държава: БЪЛГАРИЯ"", ""31. Размер"": ""5.11 €"", ""32. Внесен капитал"": ""5.11 €""}"
206554033,https://portal.registryagency.bg/CR/Reports/ActiveConditionTabResult?uic=206554033,"""Био Рокоско"" ЕООД",18.09.2026г.,206554033,,Био Рокоско,Еднолично дружество с ограничена отговорност,БЪЛГАРИЯ,"Област: София (столица), Община: Столична","гр. София, п.к. 1172","р-н Изгрев, ж.к. Дианабад, бул./ул. ул. Апостол Карамитев № 7, вх. Б, ет. 3, ап. 7","Рециклиране на пластмаса и полимери, производство на продукти, консултантска дейност, вътрешна и външна търговия, търговско представителство и посредничество на български и чуждестранни лица, придобиване, управление и разпореждане с участия в български и чуждестранни дружества, комисионни и спедиционни сделки, посреднически услуги, както и всяка друга дейност, която не е забранена от закона, като за дейности, за извършването на които се предвижда предварително издаване на разрешение или лиценз, те ще се извършват след получаването на надлежно разрешение.",,"{""4. Изписване на чужд език"": ""Bio Rokosko EOOD"", ""5а. Адрес за кореспонденция с НАП на територията на страната"": ""Държава: БЪЛГАРИЯ\nОбласт: София (столица), Община: Столична\nНаселено място: гр. София, п.к. 1172\nр-н Изгрев\nж.к. Дианабад, бул./ул. ул. Апостол Карамитев № 7, вх. Б, ет. 3, ап. 7"", ""7. Управители"": ""РОСЕН ПЕНЧЕВ ПАЛУКОВ, Държава: БЪЛГАРИЯ"", ""23. Едноличен собственик на капитала"": ""РОСЕН ПЕНЧЕВ ПАЛУКОВ, Държава: БЪЛГАРИЯ"", ""31. Размер"": ""5.11 €"", ""32. Внесен капитал"": ""5.11 €""}"
205486483,https://portal.registryagency.bg/CR/Reports/ActiveConditionTabResult?uic=205486483,"""РЕД ЛАЗЕР ЛАЙН"" ЕООД",18.09.2026г.,205486483,,РЕД ЛАЗЕР ЛАЙН,Еднолично дружество с ограничена отговорност,БЪЛГАРИЯ,"Област: София (столица), Община: Столична","гр. София, п.к. 1407","р-н Лозенец, бул./ул. ул. Сашо Николов Сладура № 17, ет. 6, ап. 22","Инженерингови дейности, внос и износ на всякакви стоки в страната и чужбина, производство и промишленост, придобиване, поддръжка, използване, отдаване на лизинг и под наем на движими и недвижими вещи и съоръжения, предоставяне на всякакъв вид услуги, както и извършване на всички видове дейности незабранени от закона.",,"{""4. Изписване на чужд език"": ""“RED LASER LINE” Ltd."", ""5а. Адрес за кореспонденция с НАП на територията на страната"": ""Държава: БЪЛГАРИЯ\nОбласт: София, Община: Долна баня\nНаселено място: гр. Долна баня, п.к. 2040\nбул./ул. ул. Търговска № 77"", ""7. Управители"": ""Клаудио де Юре, Държава: ИТАЛИЯ"", ""23. Едноличен собственик на капитала"": ""Клаудио де Юре, Държава: ИТАЛИЯ"", ""31. Размер"": ""51.13 €"", ""32. Внесен капитал"": ""51.13 €""}"
205486490,https://portal.registryagency.bg/CR/Reports/ActiveConditionTabResult?uic=205486490,"ЕТ ""ПРОВАНС АНТИК – АНТОН ГАНЕВ""",18.09.2026г.,205486490,,ПРОВАНС АНТИК – АНТОН ГАНЕВ,Едноличен търговец,БЪЛГАРИЯ,"Област: Варна, Община: Варна","гр. Варна, п.к. 9000","р-н Одесос, бул./ул. ""Странджа"" № 2, ет. 4, ап. 12","Антикварна дейност, внос и продажба на мебели втора употреба, внос и продажба на луксозни мебели втора употреба, вътрешна и външна търговия; покупка на стоки или други вещи с цел препродажба в първоначален, преработен или обработен вид; търговска и външнотърговска дейност, включително със собствено произведени стоки, откриване на магазини, комисионни, спедиционни и превозни сделки; складови сделки; лицензионни сделки; хотелиерски, туристически, рекламни, информационни, програмни, импресарски сделки или сделки по предоставянето на други услуги; търговско представителство и посредничество; сделки с интелектуална собственост; лизинг;",АНТОН ХРИСТОВ ГАНЕВ,
205486501,https://portal.registryagency.bg/CR/Reports/ActiveConditionTabResult?uic=205486501,"""ЕМ БИЗНЕС КОНСУЛТАНТС"" ЕООД",18.09.2026г.,205486501,,ЕМ БИЗНЕС КОНСУЛТАНТС,Еднолично дружество с ограничена отговорност,БЪЛГАРИЯ,"Област: Благоевград, Община: Благоевград","гр. Благоевград, п.к. 2700","бул./ул. ул. Иван Михайлов № 1а, ет. 7, ап. офис2","предоставяне на счетоводни услуги като организира счетоводното отчитане и съставяне на финансови отчети и декларации, данъчни консултации, икономически анализи. Покупка на земя, покупка и използване на недвижими имоти; покупка на стоки или други вещи с цел продажба в първоначален, преработен или обработен вид в страната и в чужбина; продажба и търговия в страната и в чужбина на стоки собствено производство. Хотелиерски, туристически, рекламни, информационни, програмни и импресарски услуги, както и всяка друга дейност незабранена от закона и съгласно изискванията на закона.",,"{""4. Изписване на чужд език"": ""EM BUSINESS CONSULTANTS LTD"", ""5а. Адрес за кореспонденция с НАП на територията на страната"": ""Държава: БЪЛГАРИЯ\nОбласт: Благоевград, Община: Благоевград\nНаселено място: гр. Благоевград, п.к. 2700\nбул./ул. ул. Иван Михайлов № 1а, ап. офис 2"", ""7. Управители"": ""ЕЛЕНИ ГЕОРГИОС МАРГАРИТИ, Държава: ГЪРЦИЯ"", ""23. Едноличен собственик на капитала"": ""ЕЛЕНИ ГЕОРГИОС МАРГАРИТИ, Държава: ГЪРЦИЯ"", ""31. Размер"": ""10.23 €"", ""32. Внесен капитал"": ""10.23 €""}"
208089152,https://portal.registryagency.bg/CR/Reports/ActiveConditionTabResult?uic=208089152,"""ЯН ДИЗАЙН"" ЕООД",18.09.2026г.,208089152,,ЯН ДИЗАЙН,Еднолично дружество с ограничена отговорност,БЪЛГАРИЯ,"Област: Варна, Община: Варна","гр. Варна, п.к. 9000","р-н Младост, бул./ул. ул. Младежка, бл. 55, вх. Г, ет. 2, ап. 8","Покупка и търговия на стоки с цел да ги продаде в първоначален, преработен или обработен вид; производство, преработка и търговия със зърнени култури, преработка и търговия с хляб и хлебни изделия в суров или преработен вид, логистика, спедиция, агентиране, търговия със стоки от собствено производство, вътрешно и външно търговска дейност, консултантска, рекламна дейност; производство, преработка и търговия със зърно и зърнени култури, производство ина рекламни продукти и отдаване под наем на рекламни площи; хотелиерство и ресторантьорство /след лиценз/; туроператорска и туристическа агентска дейност /след лиценз/; търговско представителство и посредничество в страната и чужбина на чуждестранни физически и юридически лица; маркетингови проучвания в страната и чужбина; лизинг; проектиране, промишлено и жилищно строителство; извършване на довършителни СМР; търговия с недвижими имоти; покупка, строеж, обзавеждане и отдаване на недвижими имоти под наем, както и всяка друга дейност, която не е забранена от закон, а когато има регистрационен или разрешителен режим – след извършването на регистрацията, съответно – след получаване на съответното разрешение или лиценз.",,"{""4. Изписване на чужд език"": ""YAN DESIGN"", ""7. Управители"": ""ГИНКА ДИМИТРОВА ЯНКОВА, Държава: БЪЛГАРИЯ"", ""23. Едноличен собственик на капитала"": ""ГИНКА ДИМИТРОВА ЯНКОВА, Държава: БЪЛГАРИЯ"", ""31. Размер"": ""5.11 €"", ""32. Внесен капитал"": ""5.11 €""}"
208089161,https://portal.registryagency.bg/CR/Reports/ActiveConditionTabResult?uic=208089161,"""ЕМ БИЗНЕС КОРПОРАЦИЯ"" ЕООД",18.09.2026г.,208089161,,ЕМ БИЗНЕС КОРПОРАЦИЯ,Еднолично дружество с ограничена отговорност,БЪЛГАРИЯ,"Област: Благоевград, Община: Благоевград","гр. Благоевград, п.к. 2700","бул./ул. Иван Михайлов № 1а, ет. 7, ап. офис 2","ВЪТРЕ ОБЩНОСТНИ СДЕЛКИ; ПРЕДОСТАВЯНЕ НА СЧЕТОВОДНИ УСЛУГИ КАТО ОРГАНИЗИРА СЧЕТОВОДНОТО ОТЧИТАНЕ И СЪСТАВЯНЕ НА ФИНАНСОВИ ОТЧЕТИ И ДЕКЛАРАЦИИ, ДАНЪЧНИ КОНСУЛТАЦИИ, ИКОНОМИЧЕСКИ АНАЛИЗИ. ВНОС И ИЗНОС ОТ И ЗА ТРЕТИ СТРАНИ. УЕБ МАРКЕТИНГ УСЛУГИ; СЪЗДАВАНЕ НА УЕБ САЙТОВЕ И УПРАВЛЕНИЕ, РЕКЛАМНИ И КОНСУЛТАНТСКИ УСЛУГИ, УЕБ ПРОГРАМИРАНЕ И МУЛТИМЕДИЙНИ ПРИЛОЖЕНИЯ, РАЗРАБОТКА НА РЕКЛАМА В ИНТЕРНЕТ. ПОКУПКА НА ЗЕМЯ, ПОКУПКА И ИЗПОЛЗВАНЕ НА НЕДВИЖИМИ ИМОТИ; ПОКУПКА НА СТОКИ ИЛИ ДРУГИ ВЕЩИ С ЦЕЛ ПРОДАЖБА В ПЪРВОНАЧАЛЕН, ПРЕРАБОТЕН ИЛИ ОБРАБОТЕН ВИД В СТРАНАТА И В ЧУЖБИНА; ПРОДАЖБА И ТЪРГОВИЯ В СТРАНАТА И В ЧУЖБИНА НА СТОКИ СОБСТВЕНО ПРОИЗВОДСТВО. ХОТЕЛИЕРСКИ, ТУРИСТИЧЕСКИ, РЕКЛАМНИ, ИНФОРМАЦИОННИ, ПРОГРАМНИ И ИМПРЕСАРСКИ УСЛУГИ, КАКТО И ВСЯКА ДРУГА ДЕЙНОСТ НЕЗАБРАНЕНА ОТ ЗАКОНА И СЪГЛАСНО ИЗИСКВАНИЯТА НА ЗАКОНА.",,"{""4. Изписване на чужд език"": ""“EM BUSINESS CORPORATION"", ""7. Управители"": ""ЕЛЕНИ ГЕОРГИОС МАРГАРИТИ, Държава: ГЪРЦИЯ"", ""23. Едноличен собственик на капитала"": ""ЕЛЕНИ ГЕОРГИОС МАРГАРИТИ, Държава: ГЪРЦИЯ"", ""31. Размер"": ""51.13 €"", ""32. Внесен капитал"": ""51.13 €""}"
206764341,https://portal.registryagency.bg/CR/Reports/ActiveConditionTabResult?uic=206764341,"""АУТО-ЕЛЕКТРИКАЛ"" ЕООД",18.09.2026г.,206764341,,АУТО-ЕЛЕКТРИКАЛ,Еднолично дружество с ограничена отговорност,БЪЛГАРИЯ,"Област: Варна, Община: Провадия","гр. Провадия, п.к. 9200","бул./ул. ""Никола Вапцаров"" № 12","Компютърна диагностика и електро ремонт на автомобили и транспортни средства, Строителство и извършване на СМР (строително-монтажни работи) в страната и чужбина, Транспортна дейност в страната и чужбина, Търговска дейност в страната и чужбина, покупка на стоки или други вещи с цел продажба, търговско представителство и посредничество, комисионни, спедиционни, превозни, складови и лицензионни сделки, сделки с интелектуална собственост, хотелиерска, туристическа, ресторантьорска, рекламни, информационни, програмни и други услуги, както и всички дейности, разрешени от закона.",,"{""4. Изписване на чужд език"": ""AUTO-ELECTRICAL"", ""7. Управители"": ""Георги Бориславов Батанов, Държава: БЪЛГАРИЯ"", ""23. Едноличен собственик на капитала"": ""Георги Бориславов Батанов, Държава: БЪЛГАРИЯ"", ""31. Размер"": ""51.13 €"", ""32. Внесен капитал"": ""51.13 €""}"
206764359,https://portal.registryagency.bg/CR/Reports/ActiveConditionTabResult?uic=206764359,"""ЕМ БИЛДИНГ 2021"" ЕООД",18.09.2026г.,206764359,,ЕМ БИЛДИНГ 2021,Еднолично дружество с ограничена отговорност,БЪЛГАРИЯ,"Област: Кюстендил, Община: Дупница","гр. Дупница, п.к. 2600","ж.к. ""Химик"", бл. 10, ет. 1, ап. 1 Телефон: 0898 472748","покупка на стоки или други вещи с цел препродажбата им в първоначален, преработен или обработен вид; продажба на стоки собствено производство; търговско представителство и посредничество; комисионни, спедиционни и превозни сделки; складови сделки; лицензионни сделки; хотелиерски, туристически, рекламни, информационни, програмни, импресарски, счетоводни, компютърни и други услуги; покупка, строеж или обзавеждане на недвижими имоти с цел продажба; селскостопанска дейност; туроператорска и туристическа агентска дейност; ресторантьорски услуги; стоков контрол; лизинг; строителна и строително – ремонтна дейност; транспортни услуги; покупко-продажба на МПС-леки и товарни автомобили и авточасти; авторемонтна дейност; пътнически и товарни таксиметрови превози в страната и чужбина.",,"{""7. Управители"": ""Антон Илиев Хаджиев, Държава: БЪЛГАРИЯ"", ""23. Едноличен собственик на капитала"": ""Антон Илиев Хаджиев, Държава: БЪЛГАРИЯ"", ""31. Размер"": ""2556.46 €"", ""32. Внесен капитал"": ""2556.46 €""}"
206764366,https://portal.registryagency.bg/CR/Reports/ActiveConditionTabResult?uic=206764366,"""Мулти Макс 66"" ЕООД",18.09.2026г.,206764366,,Мулти Макс 66,Еднолично дружество с ограничена отговорност,БЪЛГАРИЯ,"Област: София (столица), Община: Столична","гр. София, п.к. 1404","р-н Триадица, ж.к. Стралбище, бул./ул. Дедеагач № 40, ап. офис 8 Адрес на електронна поща: multimax66@protonmail.com","ТРАНСПОРТНИ УСЛУГИ В СТРАНАТА И ЧУЖБИНА, РЕКЛАМА, СЧЕТОВОДНИ УСЛУГИ ВНОС ИЗНОС НА СТОКИ, РЕКЛАМА, СТРОИТЕЛСТВО , РЕМОНТИ, ИНВЕСТИЦИИ, СТРОИТЕЛНА И МОНТАЖНА ДЕЙНОСТ НА СГРАДИ, СДЕЛКИ С НЕДВИЖИМИ ИМОТИ, ОТДАВАНЕ ПОД НАЕМ НА СГРАДИ И ПОМЕЩЕНИЯ, ВЪТРЕШНО И ВЪНШНО - ТЪРГОВСКА ДЕЙНОСТ, РЕКЛАМНИ УСЛУГИ, СЧЕТОВОДНИ УСЛУГИ, ТЪРГОВСКО ПРЕДСТАВИТЕЛСТВО И ПОСРЕДНИЧЕСТВО НА БЪЛГАРСКИ И ЧУЖДЕСТРАННИ ФИЗИЧЕСКИ И ЮРИДИЧЕСКИ ЛИЦА, КАКТО И ВСЯКА ДРУГА ДЕЙНОСТ, КОЯТО НЕ Е ИЗРИЧНО ЗАБРАНЕНА ОТ ЗАКОНОДАТЕЛСТВОТО НА БЪЛГАРИЯ",,"{""4. Изписване на чужд език"": ""Multi Max 66 Ltd."", ""5а. Адрес за кореспонденция с НАП на територията на страната"": ""Държава: БЪЛГАРИЯ\nОбласт: София (столица), Община: Столична\nНаселено място: гр. София, п.к. 1404\nр-н Триадица\nж.к. Стрелбище, бул./ул. Дедеагач № 40, ап. офис 8"", ""7. Управители"": ""Звездан Николаев Пенков, Държава: БЪЛГАРИЯ"", ""16. Срок на дружеството"": ""Начин, по който се определя срокът: Безсрочно"", ""23. Едноличен собственик на капитала"": ""Звездан Николаев Пенков, Държава: БЪЛГАРИЯ"", ""31. Размер"": ""102.26 €"", ""32. Внесен капитал"": ""102.26 €""}"
206764373,https://portal.registryagency.bg/CR/Reports/ActiveConditionTabResult?uic=206764373,"""ДЕСС 22 - Десислава Димитрова"" ЕООД",18.09.2026г.,206764373,,ДЕСС 22 - Десислава Димитрова,Еднолично дружество с ограничена отговорност,БЪЛГАРИЯ,"Област: Плевен, Община: Плевен","гр. Плевен, п.к. 5800","ж.к. Дружба, бл. 322, ет. 7, ап. 25","Фризьорски услуги; Откриване и експлоатация на салони за красота; Откриване на центрове за фитнес, спорт и здраве; Търговия на едро и дребно с всички видове хранителни продукти и изделия, промишлени стоки, селскостопанска продукция, животни и животински продукти, в първоначален, обработен и преработен вид в страната и чужбина; Изграждане и експлоатация на магазинна и складова мрежа за развитие на търговска дейност; Интернет търговия; Откриване на онлайн магазин; Сделки с недвижими имоти; Търговско представителство, посредничество и агентство; Извършване на консултантски, експертни и маркетингови проучвания и услуги; Транспортна дейност; Превоз на пътници и товари в страната и чужбина; Строителство и строително-ремонтна дейност; Таксиметрови и автосервизни услуги; Внос и продажба на автомобили и резервни части за тях; Хотелиерство; Ресторантьорство; Туристическа дейност; Инженерингова, лизингова, спедиционна, складова и ремонтна дейност; Комисионна дейност; Рекламна, информационна и импресарска дейност, както и всяка друга дейност, която не е забранена от Закона.",,"{""4. Изписване на чужд език"": ""DESS 22 - - Desislava Dimitrova"", ""7. Управители"": ""Десислава Мирославова Димитрова, Държава: БЪЛГАРИЯ"", ""23. Едноличен собственик на капитала"": ""Десислава Мирославова Димитрова, Държава: БЪЛГАРИЯ"", ""31. Размер"": ""51.13 €"", ""32. Внесен капитал"": ""51.13 €""}"
206764380,https://portal.registryagency.bg/CR/Reports/ActiveConditionTabResult?uic=206764380,"""КРИС - ДЕН"" ООД",18.09.2026г.,206764380,,КРИС - ДЕН,Дружество с ограничена отговорност,БЪЛГАРИЯ,"Област: Стара Загора, Община: Казанлък","гр. Казанлък, п.к. 6100","бул./ул. ""Хината"" № 3, вх. Б, ет. 2, ап. 6","покупка на стоки или други вещи с цел препродажба в първоначален, преработен или обработен вид; продажба на стоки от собствено производство; ресторантьорство и хотелиерство; консултантска и рекламна дейност; търговско представителство и посредничество; информационни и маркетингови услуги; комисионни, спедиционни /без поща/ и превозни сделки, както и всякаква друга дейност и услуги, незабранени със закон, а там, където се изисква лиценз - след издаването на такъв.",,"{""7. Управители"": ""КАРАМФИЛКА ПЕТРОВА ЦИЛЕВА, Държава: БЪЛГАРИЯ"", ""19. Съдружници"": ""КАРАМФИЛКА ПЕТРОВА ЦИЛЕВА, Държава: БЪЛГАРИЯ, Размер на дяловото участие: 10.00 лв.\nСИЯНА ИВАНКОВА ГОСПОДИНОВА, Държава: БЪЛГАРИЯ, Размер на дяловото участие: 10.00 лв."", ""31. Размер"": ""10.23 €"", ""32. Внесен капитал"": ""10.23 €""}"
205797922,https://portal.registryagency.bg/CR/Reports/ActiveConditionTabResult?uic=205797922,"""ЦАРСКИ ЕЛЕКТРОНИКС"" ЕООД",18.09.2026г.,205797922,,ЦАРСКИ ЕЛЕКТРОНИКС,Еднолично дружество с ограничена отговорност,БЪЛГАРИЯ,"Област: Стара Загора, Община: Казанлък","гр. Казанлък, п.к. 6100","бул./ул. бул.""Никола Петков"" № 13, ет. 2, ап. 6","Поддръжка, обслужване, сервиз и работа с кафе машини и вендинг машини, търговия с кафе, кафе машини, вендинг машини и консумативи и резервни части за тях, сделки по изграждане и управление на заведения за развлечение и обществено хранене; сделки по изграждане, експлоатация и управление на търговски обекти за реализация на промишлени и непромишлени стоки, вътрешна и външнотърговска дейност, търговско представителство и посредничество, консултантски или други услуги, както и всяка друга незабранена от закона дейност, която по предмет и обем изисква воденето и да става по търговски начин, а когато има разрешителен режим или лиценз – след съответното разрешение /лиценз/.",,"{""5а. Адрес за кореспонденция с НАП на територията на страната"": ""Държава: БЪЛГАРИЯ\nОбласт: Стара Загора, Община: Казанлък\nНаселено място: гр. Казанлък, п.к. 6100\nбул./ул. бул.\""Никола Петков\"" № 13, ет. 2, ап. 6"", ""7. Управители"": ""ИВАН ВАСИЛЕВ ЦАРСКИ, Държава: БЪЛГАРИЯ"", ""23. Едноличен собственик на капитала"": ""ИВАН ВАСИЛЕВ ЦАРСКИ, Държава: БЪЛГАРИЯ"", ""31. Размер"": ""511.29 €"", ""32. Внесен капитал"": ""511.29 €""}"
205927547,https://portal.registryagency.bg/CR/Reports/ActiveConditionTabResult?uic=205927547,"""АПАРЕЛ КИДС 20"" ЕООД",18.09.2026г.,205927547,,АПАРЕЛ КИДС 20,Еднолично дружество с ограничена отговорност,БЪЛГАРИЯ,"Област: София (столица), Община: Столична","гр. София, п.к. 1618","р-н Витоша, бул./ул. ул. Проф. Иван Дуйчев № 22","Търговско представителство и посредничество; търговия на едро и дребно; складови сделки. Продажба на стоки, собствено производство, както и всяка съпътстваща и незабранена от закона дейност, а за дейностите, които се упражняват при разрешителен режим - след получаване на съответен лиценз",,"{""4. Изписване на чужд език"": ""APAREL KIDS 20 LTD"", ""7. Управители"": ""СЕРГЕЙ АСЕНОВ ТОДОРОВ, Държава: БЪЛГАРИЯ"", ""23. Едноличен собственик на капитала"": ""СЕРГЕЙ АСЕНОВ ТОДОРОВ, Държава: БЪЛГАРИЯ"", ""31. Размер"": ""178.95 €"", ""32. Внесен капитал"": ""178.95 €""}"
205927554,https://portal.registryagency.bg/CR/Reports/ActiveConditionTabResult?uic=205927554,"""ЕМ БРОКЕР"" ЕООД",18.09.2026г.,205927554,,ЕМ БРОКЕР,Еднолично дружество с ограничена отговорност,БЪЛГАРИЯ,"Област: Пловдив, Община: Куклен","гр. Куклен, п.к. 4101",бул./ул. П.К. Яворов № 1,"ФИНАНСОВО – ИКОНОМИЧЕСКО ОБСЛУЖВАНЕ, КОНСУЛТАЦИИ И СЪВЕТИ В ОБЛАСТТА НА ФИНАНСИТЕ И ИКОНОМИКАТА, ВЪТРЕШНОТЪРГОВСКА И ВЪНШНОИКОНОМИЧЕСКА ДЕЙНОСТ НА ЕДРО И ДРЕБНО, ВНОС, ИЗНОС, БАРТЕРНИ СДЕЛКИ, СДЕЛКИ С ВАЛУТА, ПОСРЕДНИЧЕСКА И ПРЕДСТАВИТЕЛСКА ДЕЙНОСТ В СТРАНАТА И ЧУЖБИНА, СТРОИТЕЛСТВО, ОБЗАВЕЖДАНЕ И РЕМОНТ НА ЖИЛИЩНИ И НЕЖИЛИЩНИ ПОМЕЩЕНИЯ, СДЕЛКИ С НЕДВИЖИМИ ИМОТИ, РЕКЛАМНА ДЕЙНОСТ, ТУРИСТИЧЕСКА ДЕЙНОСТ, ТРАНСПОРТНА, СТРОИТЕЛНА И СПЕДИТОРСКА ДЕЙНОСТ, МЕНИДЖМЪНТ, ПРЕДПРОЕКТНИ ПРОУЧВАНИЯ, СКЛАДОВА И ЛИЗИНГОВА ДЕЙНОСТ, ХОТЕЛИЕРСТВО И РЕСТОРАНТЬОРСТВО, КАКТО И ВСЯКА ДРУГА ДЕЙНОСТ, КОЯТО НЕ Е ЗАБРАНЕНА СЪС ЗАКОН, А ЗА ДЕЙНОСТ, ЗА КОЯТО СЕ ИЗИСКВА ЛИЦЕНЗ ИЛИ РАЗРЕШЕНИЕ, СЛЕД ИЗДАВАНЕТО ИМ.",,"{""4. Изписване на чужд език"": ""EM BROKER Ltd"", ""7. Управители"": ""МАРИЯНА МАРИНОВА КАЛИНКИНА, Държава: БЪЛГАРИЯ"", ""23. Едноличен собственик на капитала"": ""МАРИЯНА МАРИНОВА КАЛИНКИНА, Държава: БЪЛГАРИЯ"", ""31. Размер"": ""127.82 €"", ""32. Внесен капитал"": ""127.82 €""}"
203883899,https://portal.registryagency.bg/CR/Reports/ActiveConditionTabResult?uic=203883899,"""ФЦ ТИЙМ"" ООД",18.09.2026г.,203883899,,ФЦ ТИЙМ,Дружество с ограничена отговорност,БЪЛГАРИЯ,"Област: Добрич, Община: Каварна","гр. Каварна, п.к. 9650","бул./ул. УЛ. ГЕОРГИ КИРКОВ № 6, ет. 3, ап. 10","Автосервизна дейност; търговия с части и принадлежности на моторни превозни средства, включително онлайн търговия; покупко-продажба на автомобили; спедиторска, складова и транспортна дейност (вътрешен и международен транспорт); производство и търговия на едро и дребно с хранителни и нехранителни стоки; таксиметрови услуги; хотелиерство и ресторантьорство; представителство и посредничество на местни и чуждестранни физически и юридически лица в страната и чужбина; покупко-продажба, строителство и ремонт на недвижими имоти; сделки по отдаване под наем и лизинг на движимо и недвижимо имущество; производство и търговия със селскостопанска продукция.",,"{""4. Изписване на чужд език"": ""FC TEAM"", ""7. Управители"": ""ЦОНКА НИКОЛОВА ГАНЕВА, Държава: БЪЛГАРИЯ"", ""19. Съдружници"": ""ЦОНКА НИКОЛОВА ГАНЕВА, Държава: БЪЛГАРИЯ, Размер на дяловото участие: 60.00 лв.\nФЕРУДУН БЕРБЕР, Държава: ТУРЦИЯ, Размер на дяловото участие: 40.00 лв."", ""31. Размер"": ""51.13 €"", ""32. Внесен капитал"": ""51.13 €""}"
203883900,https://portal.registryagency.bg/CR/Reports/ActiveConditionTabResult?uic=203883900,"""ЙЪЛДЪРЪМ АРИ"" ЕООД",18.09.2026г.,203883900,,ЙЪЛДЪРЪМ АРИ,Еднолично дружество с ограничена отговорност,БЪЛГАРИЯ,"Област: Пловдив, Община: Пловдив","гр. Пловдив, п.к. 4000","р-н Централен, бул./ул. ВАСИЛ АПРИЛОВ № 62","ПРОИЗВОДСТВЕНА, ВЪТРЕШНО И ВЪНШНОТЪРГОВСКА ДЕЙНОСТ, СТРОИТЕЛНА И ТРАНСПОРТНА ДЕЙНОСТ В СТРАНАТА И ЧУЖБИНА, ТЪРГОВСКО ПОСРЕДНИЧЕСТВО, ПРЕДСТАВИТЕЛСТВО, АГЕНТСТВО, УСЛУГИ; КОНСУЛТАНТСКИ, СПЕДИТОРСКИ, ИМПРЕСАРСКИ, МАРКЕТИНГ, КАКТО И ВСИЧКИ ДЕЙНОСТИ, НЕЗАБРАНЕНИ ОТ ЗАКОНА И ПОДЗАКОНОВИТЕ НОРМАТИВНИ АКТОВЕ.",,"{""4. Изписване на чужд език"": ""YILDIRIM ARI LTD."", ""7. Управители"": ""ЙЪЛДЪРЪМ АРИ, Държава: ТУРЦИЯ"", ""23. Едноличен собственик на капитала"": ""ЙЪЛДЪРЪМ АРИ, Държава: ТУРЦИЯ"", ""31. Размер"": ""5.11 €"", ""32. Внесен капитал"": ""5.11 €""}"
160084235,https://portal.registryagency.bg/CR/Reports/ActiveConditionTabResult?uic=160084235,"ЕТ ""КИКА - АНАТОЛИ ВУТКОВ""",18.09.2026г.,160084235,537/2007 530,КИКА - АНАТОЛИ ВУТКОВ,Едноличен търговец,БЪЛГАРИЯ,"Област: Пловдив, Община: Пловдив","гр. Пловдив, п.к. 4000","р-н Централен, бул./ул. ул. ГЕН. СТОЛЕТОВ № 4","ПРОИЗВОДСТВО И ТЪРГОВИЯ, ВЪТРЕШНА И ВЪНШНА НА ЕДРО И НА ДРЕБНО С ПРОМИШЛЕНИ СТОКИ, СТОКИ ЗА БИТА И СТОКИ НА ЛЕКАТА ПРОМИШЛЕНОСТ, ПРОИЗВОДСТВО И ТЪРГОВИЯ НА ЗЕЛЕНЧУЦИ И ПЛОДОВЕ, МЕСО И МЕСТНИ ПРОДУКТИ, ЗАХАРНИ И СЛАДКАРСКИ ИЗДЕЛИЯ, ПОЛУФАБРИКАТИ, КАКТО И ВСЯКАКВИ ПРОДУКТИ НА ХРАНИТЕЛНО-ВКУСОВАТА ПРОМИШЛЕНОСТ, ПРОИЗВОДСТВО И ТЪРГОВИЯ ВЪТРЕШНА И ВЪНШНА НА СУВЕНИРИ И ХУДОЖЕСТВЕНИ ПРОИЗВЕДЕНИЯ, ТЪРГОВИЯ ВЪТРЕШНА И ВЪНШНА С ПАРФЮМЕРИЯ, КОЗМЕТИКА И ПЕРИЛНИ ПРЕПАРАТИ, ТЪРГОВИЯ ВЪТРЕШНА И ВЪНШНА С ПРОДУКТИ НА БИТОВАТА ХИМИЯ - БОИ, ЛАКОВЕ, ЛАТЕКСИ И ДР., СТРОИТЕЛСТВО, СТРОИТЕЛНО-РЕМОНТНА ДЕЙНОСТ, ТЪРГОВИЯ СЪС СТРОИТЕЛНИ МАТЕРИАЛИ, ВЪТРЕШЕН ИНТЕРИОР, ПОКРИВНИ ХИДРОИЗОЛАЦИИ, ВЪНШНА ТОПЛОИЗОЛАЦИЯ, ФАСАДНИ СТЕНИ, ОКАЧЕНИ ТАВАНИ, БОЯДЖИЙСКИ РЕМОНТИ, СКЛАДОВА ДЕЙНОСТ, ПРЕДСТАВИТЕЛСТВО, ПОСРЕДНИЧЕСТВО И АГЕНТСТВО НА БЪЛГАРСКИ И ЧУЖДЕСТРАННИ ЛИЦА И ФИРМИ У НАС И В ЧУЖБИНА, СПЕДИТОРСКА ДЕЙНОСТ И ТРАНСПОРТНИ УСЛУГИ НА ПЪТНИЦИ И ТОВАРИ В СТРАНАТА И ЧУЖБИНА, ТЪРГОВСКА ДЕЙНОСТ С АЛКОХОЛ И ЦИГАРИ, СЛЕД ПОЛУЧАВАНЕ НА ЛИЦЕНЗ ПО УСТАНОВЕНАТА ОТ ЗАКОНА ПРОЦЕДУРА, МАРКЕТИНГОВА, РЕКЛАМНА И ПРОУЧВАТЕЛНА ДЕЙНОСТ, РЕСТОРАНТЬОРСТВО, ХОТЕЛИЕРСТВО* ТЪРГОВСКО ПРЕДСТАВИТЕЛСТВО, ПОСРЕДНИЧЕСТВО И АГЕНТСТВО НА НАШИ И ЧУЖДИ ТЪРГОВЦИ И ТЪРГОВСКИ ДРУЖЕСТВА У НАС, ОСЪЩЕСТВЯВАНЕ НА ВСЯКАКЪВ ВИД ДЕЙНОСТИ И УСЛУГИ, КОИТО НЕ СА ЗАБРАНЕНИ СЪС ЗАКОН.",АНАТОЛИ ПЕЮВ ВУТКОВ,
160084242,https://portal.registryagency.bg/CR/Reports/ActiveConditionTabResult?uic=160084242,"ЕТ ""ЛВМ - ЛАЛКА МАТЕЕВА""",18.09.2026г.,160084242,379/2007 530,ЛВМ - ЛАЛКА МАТЕЕВА,Едноличен търговец,БЪЛГАРИЯ,"Област: Пловдив, Община: Карлово","гр. Карлово, п.к. 4300",бул./ул. ул. ЗЕМЕДЕЛСКА № 36,"ПРОИЗВОДСТВЕНА, ТЪРГОВСКА, СКЛАДОВА, КОМИСИОННА, СПЕДИТОРСКА, ТРАНСПОРТНА ДЕЙНОСТ В СТРАНАТА И ЧУЖБИНА, ХОТЕЛИЕРСКА, ТУРИСТИЧЕСКА, РЕКЛАМНА, ИНФОРМАЦИОННА, ПОКУПКО-ПРОДАЖБА НА СТОКИ, ВЪНШНО ТЪРГОВСКА ДЕЙНОСТ, ПОКУПКО-ПРО ДАЖБА НА ВАЛУТА, СЛЕД ИЗДАВАНЕ НА СЪОТВЕТНОТО РАЗРЕШЕНИЕ, КАКТО И ВСИЧКИ ДРУГИ ДЕЙНОСТИ И УСЛУГИ, КОИТО НЕ СА ИЗРИЧНО ЗАБРАНЕНИ ОТ ЗАКОНА И ПОДЗАКОНОВНТЕ НОРМАТИВНИ АКТОВЕ.",ЛАЛКА КИРОВА МАТЕЕВА,"{""6а. Основна дейност по НКИД"": ""Група по НКИД: 4719\nКлас по НКИД: ТЪРГОВИЯ НА ДРЕБНО В НЕСПЕЦИАЛИЗИРАНИ МАГАЗИНИ С РАЗН СТОКИ""}"
200509214,https://portal.registryagency.bg/CR/Reports/ActiveConditionTabResult?uic=200509214,"""ЛУКСОР 86"" ООД",18.09.2026г.,200509214,,ЛУКСОР 86,Дружество с ограничена отговорност,БЪЛГАРИЯ,"Област: Перник, Община: Перник","гр. Перник, п.к. 2300","бул./ул. ул.АЛ. БАТЕНБЕРГ, бл. 4, вх. В, ап. 18","Търговска, представителска, посредническа и агентска дейност; комисионни, спедиционни, складови и лицензионни сделки и стоков контрол; покупка, строеж и обзавеждане на недвижими имоти с цел продажба; проектиране, строителство, ремонт, текущо и зимно поддържане на пътища, съоръжения, градски комуникации и инфраструктурите около тях, туристически, хотелиерски, рекламни, информационни, програмни, импресарски и всякакъв вид други услуги, незабранени от закона; покупка на стоки и други вещи с цел препродаване в първоначален, преработен и обработен вид; продажба на стоки от собствено производство; външнотърговска дейност във всички видове и форми; всякаква друга търговска дейност, незабранена от закона; след предварително разрешение от компетентният за това орган за всяка от изброените дейности, когато действащото законодателство предвижда това.",,"{""4. Изписване на чужд език"": ""LUXOR 86"", ""7. Управители"": ""ЛЮДМИЛА СТОИЛОВА ЯНАКИЕВА"", ""19. Съдружници"": ""ЛЮДМИЛА СТОИЛОВА ЯНАКИЕВА, Размер на дяловото участие: 4000.00 лв.\nФИЛИП СТОЕВ СТОЕВ, Размер на дяловото участие: 1000.00 лв."", ""31. Размер"": ""2556.46 €"", ""32. Внесен капитал"": ""2556.46 €""}"
200509227,https://portal.registryagency.bg/CR/Reports/ActiveConditionTabResult?uic=200509227,"""ВАЛЬО - СС"" ЕООД",18.09.2026г.,200509227,,ВАЛЬО - СС,Еднолично дружество с ограничена отговорност,БЪЛГАРИЯ,"Област: Перник, Община: Перник","с. Студена, п.к. 2344",бул./ул. ул. БЛАТО № 17,"ВЪТРЕШНОТЪРГОВСКА ДЕЙНОСТ - ПОКУПКА НА РАЗРЕШЕНИ ОТ ЗАКОНА СТОКИ С ЦЕЛ ПРОДАЖБА В ПЪРВОНАЧАЛЕН, ПРЕРАБОТЕН ИЛИ ОБРАБОТЕН ВИД; ПРОИЗВОДСТВО, ПРЕРАБОТКА И ТЪРГОВИЯ С ВСЯКАКВИ СТОКИ, ИЗДЕЛИЯ И ДЕТАЙЛИ ЗА БИТА И СТОПАНСТВОТО НА ВЪТРЕШНИЯ И МЕЖДУНАРОДНИЯ ПАЗАР; ВЪТРЕШЕН И МЕЖДУНАРОДЕН ПРЕВОЗ- ТРАНСПОРТ НА ПЪТНИЦИ И ТОВАРИ И РЕНТАКАР; СТРОИТЕЛСТВО НА ПРОМИШЛЕНИ И ГРАЖДАНСКИ ОБЕКТИ И СТРОИТЕЛНО-РЕМОНТНИ ДЕЙНОСТИ В СТРАНАТА И ЧУЖБИНА; САНИРАНЕ НА СГРАДИ , ПРОИЗВОДСТВО И МОНТАЖ НА PVC И АЛУМИНИЕВА И ДРУГ ВИД ДОГРАМА; ВЪТРЕШЕН И МЕЖДУНАРОДЕН ТУРИЗЪМ; РАЗКРИВАНЕ И ЕКСПЛАОТОЦИЯ НА ЗАВЕДЕНИЯ ЗА ОБЩЕСТВЕНО ХРАНЕНЕ И ВЕРИГА ОТ МАГАЗИНИ; СЕЛСКОСТОПАНСКА ДЕЙНОСТ; ИНФОРМАЦИОННА, ИМПРЕСАРСКА, РЕКЛАМНА И ПРЕДСТАВИТЕЛНА ДЕЙНОСТ; КОМИСИОННА, СПЕДИЦИОННА И СКЛАДОВА ДЕЙНОСТ; МАРКЕТИНГОВА, МЕНИДЖМЪНТСКА И ЛИЗИНГОВА ДЕЙНОСТ; ВНОС, ИЗНОС И РЕЕКСПОРТ НА РАЗРЕШЕНИ ОТ ЗАКОНА СТОКИ; ВСИЧКИ ОСТАНАЛИ ДЕЙНОСТИ И УСЛУГИ НЕЗАБРАНЕНИ ОТ ЗАКОНА.",,"{""4. Изписване на чужд език"": ""VDLIO - SS"", ""7. Управители"": ""ВАЛЕНТИН ПЕТРОВ АЛЕКСОВ"", ""23. Едноличен собственик на капитала"": ""ВАЛЕНТИН ПЕТРОВ АЛЕКСОВ"", ""31. Размер"": ""2556.46 €"", ""32. Внесен капитал"": ""2556.46 €""}"
205967239,https://portal.registryagency.bg/CR/Reports/ActiveConditionTabResult?uic=205967239,"""ЕМ ГЛАС ТРЕЙД"" ЕООД",18.09.2026г.,205967239,,ЕМ ГЛАС ТРЕЙД,Еднолично дружество с ограничена отговорност,БЪЛГАРИЯ,"Област: Бургас, Община: Бургас","гр. Бургас, п.к. 8008","ж.к. ИЗГРЕВ, бл. 59, вх. 1, ет. 3, ап. 13 Телефон: 0887 777 987, Адрес на електронна поща: mcbg@abv.bg","Търговия на едро и дребно, покупка на стоки или други вещи с цел продажба в първоначален, преработен или обработен вид, продажба на стоки от собствено производство, външнотърговски сделки, внос и износ на стоки, изкупуване, преработка и реализация на селскостопанска продукция, търговско представителство и посредничество, маркетинг - рекламна и информационна дейност, консултантски услуги, преводи и легализация, предпечатна подготовка, дейност като обменно бюро, интернет услуги, превоз и монтаж на мебели, хардуерна и софтуерна поддръжка, уеб услуги, информационни услуги - уеб дизайн, графичен дизайн, изграждане, внедряване и поддръжка на софтуерни програми и продукти, изграждане, внедряване и поддръжка на компютърни мрежи, регистрация и поддръжка на домейн, създаване и поддръжка на уебсайтове и портали, интернет реклама и промоции, информационно-консултантска и издателска дейност, мениджмънт, комисионни, спедиционни, превозни, складови сделки, лизингови сделки, стоков контрол, сделки с интелектуална собственост, информационни, програмни сделки, покупка, цялостно строителство и/или обзавеждане на недвижими имоти с цел продажба, отдаване под наем на недвижими имоти, инженеринг, цялостно проектиране, както и всички видове строително и строително-монтажна дейност както и всички други дейности, разрешени от закона и съгласно изискванията на действащото законодателство",,"{""4. Изписване на чужд език"": ""M GLASS TRADE"", ""7. Управители"": ""МАРТИН СТЕФАНОВ ХРИСТОВ, Държава: БЪЛГАРИЯ"", ""23. Едноличен собственик на капитала"": ""МАРТИН СТЕФАНОВ ХРИСТОВ, Държава: БЪЛГАРИЯ"", ""31. Размер"": ""51.13 €"", ""32. Внесен капитал"": ""51.13 €""}"
205967246,https://portal.registryagency.bg/CR/Reports/ActiveConditionTabResult?uic=205967246,"""АТАМАН 2020"" ЕООД",18.09.2026г.,205967246,,АТАМАН 2020,Еднолично дружество с ограничена отговорност,БЪЛГАРИЯ,"Област: Добрич, Община: Добрич-селска","с. Бенковски, п.к. 9380",бул./ул. УЛ. ПЪРВА № 41 Б,"Външно и вътрвшнотърговска дейност; търговско представителство и посредничество; консултантски услуги; реклама; маркетинг; мениджмънт; строително-монтажна и ремонтна дейност, покупко-продажба и посредничество при покупко-продажба на недвижими имоти; отдаване под наем на недвижими имоти и движими вещи; хотелиерство; ресторантьорство, туризъм, туроператор и туристическа агентска дейност; комисионна, спедиционна, превозна и лизингова дейност; складови и лицензионни сделки; транспортна дейност, лек и тежкотоварен превоз в страната и чужбина; изкупуване, производство, преработка и продажба на селскостопанска продукция от растителен и животински произход;",,"{""7. Управители"": ""ЗАФЕР ХЮСЕИН ХАСАН, Държава: БЪЛГАРИЯ"", ""23. Едноличен собственик на капитала"": ""ЗАФЕР ХЮСЕИН ХАСАН, Държава: БЪЛГАРИЯ"", ""31. Размер"": ""25.56 €"", ""32. Внесен капитал"": ""25.56 €""}"
205967253,https://portal.registryagency.bg/CR/Reports/ActiveConditionTabResult?uic=205967253,"""ФИЛЧЕВ РЕЙСИНГ"" ЕООД",18.09.2026г.,205967253,,ФИЛЧЕВ РЕЙСИНГ,Еднолично дружество с ограничена отговорност,БЪЛГАРИЯ,"Област: София (столица), Община: Столична","гр. София, п.к. 1000","р-н Подуяне, ж.к. ЛЕВСКИ Г, бл. 19, вх. А, ет. 2, ап. 2 Телефон: 0882271331, Адрес на електронна поща: filchev_racing@mail.bg","ТЕХНИЧЕСКО ОБСЛУЖВАНЕ И РЕМОНТ НА АВТОМОБИЛИ; ПРЕДОСТАВЯНЕ НА ТЕХНИЧЕСКИ УСЛУГИ; ПОКУПКО-ПРОДАЖБА НА АВТОЧАСТИ; ТЪРГОВСКА И ВЪНШНОТЪРГОВСКА ДЕЙНОСТ; ПОКУПКО-ПРОДАЖБА НА НОВИ И УПОТРЕБЯВАНИ АВТОМОБИЛИ, ВКЛЮЧИТЕЛНО ВНОС, ИЗНОС, БАРТЕР, РЕЕКСПОРТ, ОБМЕННИ И ДРУГИ ВЪНШНОТЪРГОВСКИ СДЕЛКИ; ТРАНСПОРТНА ДЕЙНОСТ; ПРОИЗВОДСТВО И ПРОДАЖБА НА ОБЛЕКЛО; ПРОИЗВОДСТВО, УСЛУГИ, РЕКЛАМА И ТЪРГОВИЯ С ПРОМИШЛЕНИ И ХРАНИТЕЛНИ СТОКИ, СТОКИ ЗА НАСЕЛЕНИЕТО; СЕЛСКОСТОПАНСКО ПРОИЗВОДСТВО; РЕСТОРАНТЬОРСКА ДЕЙНОСТ; ПРЕДСТАВИТЕЛСТВО; ИМПОРТ И ЕКСПОРТ; КОМИСИОННА ТЪРГОВИЯ; ПОСРЕДНИЧЕСКИ УСЛУГИ; ИЗВЪРШВАНЕ НА ВСЯКАКВИ ДРУГИ ОСНОВНИ, ПОМОЩНИ И СТРАНИЧНИ / СЪОТВЕТНО ЛИЦЕНЗИРАНИ/ НЕЗАБРАНЕНИ ОТ ЗАКОНА ДЕЙНОСТИ И УСЛУГИ",,"{""4. Изписване на чужд език"": ""Filchev Racing"", ""5а. Адрес за кореспонденция с НАП на територията на страната"": ""Държава: БЪЛГАРИЯ\nОбласт: София (столица), Община: Столична\nНаселено място: гр. София, п.к. 1000\nр-н Подуяне\nж.к. ЛЕВСКИ Г, бл. 19, вх. А, ет. 2, ап. 2"", ""7. Управители"": ""КАЛИН ГЕОРГИЕВ ФИЛЧЕВ, Държава: БЪЛГАРИЯ"", ""23. Едноличен собственик на капитала"": ""КАЛИН ГЕОРГИЕВ ФИЛЧЕВ, Държава: БЪЛГАРИЯ"", ""31. Размер"": ""10.00 €"", ""32. Внесен капитал"": ""10.00 €""}"
205967260,https://portal.registryagency.bg/CR/Reports/ActiveConditionTabResult?uic=205967260,"""КАМЪРШЪЛ ХАУС"" ЕООД",18.09.2026г.,205967260,,КАМЪРШЪЛ ХАУС,Еднолично дружество с ограничена отговорност,БЪЛГАРИЯ,"Област: Русе, Община: Русе","гр. Русе, п.к. 7000","бул./ул. Доростол № 100, бл. Ахелой 2, вх. Б","производство на електрическа енергия от ФВЕЦ и други възобновяеми енерго източници; търговия със стоки и услуги; търговско представителство и посредничество; както и всички други дейности, разрешени от закона.",,"{""4. Изписване на чужд език"": ""COMMERCIAL HOUSE LTD"", ""7. Управители"": ""Александър Йорданов Петков, Държава: БЪЛГАРИЯ"", ""23. Едноличен собственик на капитала"": ""Александър Йорданов Петков, Държава: БЪЛГАРИЯ"", ""31. Размер"": ""511.29 €"", ""32. Внесен капитал"": ""511.29 €""}"
203984389,https://portal.registryagency.bg/CR/Reports/ActiveConditionTabResult?uic=203984389,"""ПОРТ ПАРК СЪРВИСИС"" ООД",18.09.2026г.,203984389,,ПОРТ ПАРК СЪРВИСИС,Дружество с ограничена отговорност,БЪЛГАРИЯ,"Област: Варна, Община: Варна","гр. Варна, п.к. 9021","р-н Одесос, бул./ул. ул. ДЕБЪР № 18, ет. 1, ап. 1","покупка на стоки или други вещи с цел да ги препродаде в първоначален, преработен или обработен вид; внос и износ; международен и вътрешен транспорт; външна и вътрешна търговия; търговско представителство и посредничество; търговия на едро и дребно; комисионни, спедиционни и превозни сделки; предприемаческа дейност; складови сделки; лицензионни сделки; стоков контрол; сделки с интелектуална собственост; хотелиерски, ресторантьорски, туристически, рекламни, информационни, програмни, импресарски, посреднически, консултантски и други услуги; покупка, наемане, управление, строеж или обзавеждане на недвижими имоти; наемане, отдаване под наем и управление на плавателни съдове; обслужване на плавателни съдове и доставка на стоки и оборудване за тях; продажба или отдаване под наем на недвижими имоти; проектиране, строителство и ремонт; лизинг; производствена, строителна, сервизна, търговска, транспортна и външнотърговска дейност; организиране на атракциони и спектакли; услуги на населението;",,"{""4. Изписване на чужд език"": ""PORT PARK SERVICES EOOD"", ""7. Управители"": ""БОРИСЛАВ ГРИГОРИЕВ ЛАЗАРОВ, Държава: БЪЛГАРИЯ\nНЕВЕН ДИМИТРОВ РАЙКОВ, Държава: БЪЛГАРИЯ\nКИРИЛ РАДКОВ ДИМОВ, Държава: БЪЛГАРИЯ"", ""11. Начин на представляване"": ""заедно"", ""19. Съдружници"": ""НЕВЕН ДИМИТРОВ РАЙКОВ, Държава: БЪЛГАРИЯ, Размер на дяловото участие: 1250.00 лв.\nПРОФЕКТУС ТРЕЙД ЕООД, ЕИК/ПИК 204356280, Държава: БЪЛГАРИЯ, Размер на дяловото участие: 2500.00 лв.\nБОРИСЛАВ ГРИГОРИЕВ ЛАЗАРОВ, Държава: БЪЛГАРИЯ, Размер на дяловото участие: 1250.00 лв."", ""31. Размер"": ""2556.46 €"", ""32. Внесен капитал"": ""2556.46 €""}"
202356357,https://portal.registryagency.bg/CR/Reports/ActiveConditionTabResult?uic=202356357,"""АВА 2013"" ЕООД",18.09.2026г.,202356357,,АВА 2013,Еднолично дружество с ограничена отговорност,БЪЛГАРИЯ,"Област: Благоевград, Община: Благоевград","с. Рилци, п.к. 2710",бул./ул. Трети Март № 2,"ПОКУПКА НА СТОКИ И ДРУГИ ВЕЩИ С ЦЕЛ ПРОДАЖБА В ПЪРВОНАЧАЛЕН, ПРЕРАБОТЕН И ОБРАБОТЕН ВИД В СТРАНАТА И ЧУЖБИНА, В Т.Ч. И НА ХРАНИТЕЛНИ ПРОДУКТИ, ПЛОДОВЕ, ЗЕЛЕНЧУЦИ, ТЮТЮНЕВИ ИЗДЕЛИЯ И АЛКОХОЛНИ НАПИТКИ; КОМИСИОННИ, СПЕДИЦИОННИ И ПРЕВОЗНИ СДЕЛКИ В СТРАНАТА И ЧУЖБИНА СЪС СОБСТВЕН И НАЕТ ТРАНСПОРТ, В Т.Ч. И ТАКСИМЕТРОВИ УСЛУГИ; ХОТЕЛИЕРСКИ, ТУРИСТИЧЕСКИ, РЕКЛАМНИ, ИНФОРМАЦИОННИ, ПРОГРАМНИ, ИМПРЕСАРСКИ УСЛУГИ; ДЪРВОДЕЛСКИ УСЛУГИ; ШИВАШКИ УСЛУГИ; ТЪРГОВСКО ПРЕДСТАВИТЕЛСТВО И ПОСРЕДНИЧЕСТВО НА ФИРМИ ОТ СТРАНАТА И ЧУЖБИНА; СКЛАДОВИ СДЕЛКИ; СДЕЛКИ С ИНТЕЛЕКТУАЛНА СОБСТВЕНОСТ; АВТОСЕРВИЗНИ УСЛУГИ, В Т.Ч. РЕМОНТ И ПОДРЪЖКА НА ВСЯКАКЪВ ВИД АВТОМОБИЛИ; ОТДАВАНЕ ПОД НАЕМ НА ЯХТИ, МОТОРНИ ЛОДКИ, КОРАБИ, ДЖЕТОВЕ, МОТОЦИКЛЕТИ И АВТОМОБИЛИ; ПРОЕКТИРАНЕ, СТРОЕЖ И ОБЗАВЕЖДАНЕ НА НЕДВИЖИМИ ИМОТИ С ЦЕЛ ПРОДАЖБА И ОТДАВАНЕ ПОД НАЕМ; РАЗРАБОТВАНЕ, ПРОЕКТИРАНЕ, ИЗГРАЖДАНЕ И ЕКСПЛАТАЦИЯ НА СЪОРАЖЕНИЯ, ИЗПОЛЗВАЩИ СИЛАТА НА ВЯТЪРА И ВОДАТА, КАКТО И ЕКСПЛАТАЦИЯ НА ДРУГИ ВЪЗОБНОВЯЕМИ ЕНЕРГИЙНИ ИЗТОЧНИЦИ; ПРОИЗВОДСТВО И ПРОДАЖБА НА ВЪЗОБНОВЯЕМИ ЕНЕРГИЙНИ ИЗТОЧНИЦИ, ПРОИЗВОДСТВО И ПРОДАЖБА НА ЕЛЕКТРИЧЕСКА ЕНЕРГИЯ; АКО ЗА НЯКОЯ ОТ ДЕЙНОСТИТЕ СЕ ИЗИСКВА СПЕЦИАЛНО РАЗРЕШЕНИЕ ОТ КОМПЕТЕНТЕН ДЪРЖАВЕН ОРГАН, ДРУЖЕСТВОТО ЩЕ ИЗВЪРШВА ТАКАВА ДЕЙНОСТ СЛЕД ПОЛУЧАВАНЕ НА СЪОТВЕТНО РАЗРЕШЕНИЕ ЗА ИЗВЪРШВАНЕТО И.",,"{""4. Изписване на чужд език"": ""AVA 2013 Ltd."", ""5а. Адрес за кореспонденция с НАП на територията на страната"": ""Държава: БЪЛГАРИЯ\nОбласт: Благоевград, Община: Благоевград\nНаселено място: с. Рилци, п.к. 2710\nбул./ул. Трети Март № 2"", ""7. Управители"": ""ХРИСТИНА ВЕЛИНОВА ГОШЕВА, Държава: БЪЛГАРИЯ"", ""23. Едноличен собственик на капитала"": ""ХРИСТИНА ВЕЛИНОВА ГОШЕВА, Държава: БЪЛГАРИЯ"", ""31. Размер"": ""1.02 €"", ""32. Внесен капитал"": ""1.02 €""}"
202356367,https://portal.registryagency.bg/CR/Reports/ActiveConditionTabResult?uic=202356367,"ЕТ ""РАДИ - ПЛАМЕН ИЛИЕВ""",18.09.2026г.,202356367,,РАДИ - ПЛАМЕН ИЛИЕВ,Едноличен търговец,БЪЛГАРИЯ,"Област: София (столица), Община: Столична","гр. София, п.к. 1592","р-н Искър, ж.к. ДРУЖБА, бл. 33, вх. Г, ет. 4, ап. 64",ТРАНСПОРТНА ДЕЙНОСТ И ВСЯКА ТЪРГОВСКА И СТОПАНСКА ДЕЙНОСТ НЕ ЗАБРАНЕНА СЪС ЗАКОН.,ПЛАМЕН АСЕНОВ ИЛИЕВ,
202356374,https://portal.registryagency.bg/CR/Reports/ActiveConditionTabResult?uic=202356374,"""ЕМ Груп 2000"" ЕООД",18.09.2026г.,202356374,,ЕМ Груп 2000,Еднолично дружество с ограничена отговорност,БЪЛГАРИЯ,"Област: София (столица), Община: Столична","гр. София, п.к. 1225","р-н Сердика, бул./ул. ул. Димитър Бочуков № 5","Покупка на стоки или други вещи с цел препродажба в първоначален, преработен или обработен вид, продажба на стоки от собствено производство, вътрешна и външна търговия, търговско представителство и посредничество на български и чуждестранни физически и юридически лица, включително посреднически услуги при покупко – продажба, замяна и отдаване под наем на недвижими имоти, сделки с интелектуална собственост, фризьорски и козметични, туристически, рекламни, информационни, програмни или други услуги, туроператорска и туристическа агентска дейност, консултантска дейност, покупка, строеж или обзавеждане на недвижими имоти с цел продажба, строително – ремонтни дейности; изкупуване и преработка на селскостопанска продукция, изграждане и функциониране в страната и чужбина на търговски обекти-магазини, ресторанти и др., хотелиерство, както и всяка друга дейност, която по предмет и обем изисква да бъде извършвана по търговски начин и не е забранена за осъществяване от българското законодателство, дори и да не е изброена по-горе. Дейностите, за чието упражняване се изисква разрешително или лиценз, ще бъдат упражнявани след получаването му.",,"{""4. Изписване на чужд език"": ""EM Group 2000 Ltd"", ""7. Управители"": ""Методий Константинов Михайлов, Държава: БЪЛГАРИЯ"", ""23. Едноличен собственик на капитала"": ""Методий Константинов Михайлов, Държава: БЪЛГАРИЯ"", ""31. Размер"": ""1.02 €"", ""32. Внесен капитал"": ""1.02 €""}"
202356381,https://portal.registryagency.bg/CR/Reports/ActiveConditionTabResult?uic=202356381,"""АЛЕЛМЕД"" ЕАД - Заличен търговец/ЮЛНЦ",18.09.2026г.,,,,,,,,,,,"{""27. Заличаване на търговеца/ЮЛНЦ"": ""Заличен търговец/ЮЛНЦ""}"
202356399,https://portal.registryagency.bg/CR/Reports/ActiveConditionTabResult?uic=202356399,"""БАРАБЕСКА"" ЕООД",18.09.2026г.,202356399,,БАРАБЕСКА,Еднолично дружество с ограничена отговорност,БЪЛГАРИЯ,"Област: Пловдив, Община: Пловдив","гр. Пловдив, п.к. 4004","р-н Южен, бул./ул. ул. ""ДАМЕ ГРУЕВ"" № 44, ет. 2, ап. 5","ПРОИЗВОДСТВО НА СТОКИ С ЦЕЛ ПРОДАЖБА В СТРАНАТА И ЧУЖБИНА, ПРОИЗВОДСТВО НА СЕЛСКОСТОПАНСКА ПРОДУКЦИЯ, ПОКУПКА НА СТОКИ ИЛИ ДРУГИ ВЕТИ С ЦЕЛ ПРОДАЖБА В ПЪРВОНАЧАЛЕН ПРЕРАБОТЕН ИЛИ ОБРАБОТЕН ВИД, РАЗКРИВАНЕ НА МАГАЗИНИ, ЗАВЕДЕНИЯ И ТЪРГОВСКИ ОБЕКТИ, ПРЕВОЗНА, ХОТЕЛИЕРСКА, РЕСТОРАНТЬОРСКА, ТУРИСТИЧЕСКА, РЕКЛАМНА, ИНФОРМАЦИОННА, ПРОГРАМНА, СЕРВИЗНА ДЕЙНОСТ И УСЛУГИ В СТРАНАТА И ЧУЖБИНА, КОМИСИОННА, СПЕДИЦИОННА, СКЛАДОВА, ЛИЗИНГОВА ДЕЙНОСТ НА ТЪРГОВСКО ПРЕДСТАВИТЕЛСТВО И ПОСРЕДНИЧЕСТВО В СТРАНАТА И ЧУЖБИНА, ПОКУПКА, СТРОЕЖ И ОБЗАВЕЖДАНЕ НА НЕДВИЖИМИ ИМОТИ С ЦЕЛ ПРОДАЖБА, КОНСИГНАЦИОННА И ОКАЗИОННА ДЕЙНОСТ, ЛИЗИНГ И БАРТЕРНИ СДЕЛКИ, ВНОС-ИЗНОС И РЕЕКСПОРТ НА СТОКИ И УСЛУГИ, ТЪРГОВСКО ПРЕДСТАВИТЕЛСТВО, ПОСРЕДНИЧЕСТВО И АГЕНТСТВО НА БЪЛГАРСКИ И ЧУЖДЕСТРАННИ ФИЗИЧЕСКИ И ЮРИДИЧЕСКИ ЛИЦА В СТРАНАТА И ЧУЖБИНА, СТРОИТЕЛСТВО, РЕНТА-КАР, КАКТО И ДРУГИ ДЕЙНОСТИ И УСЛУГИ НЕЗАБРАНЕНИ ОТ ЗАКОН ИЛИ ДРУГ НОРМАТИВЕН АКТ.",,"{""7. Управители"": ""ЛЕОНИД БЛАГОЕВ ДЖОГЛЕВ, Държава: БЪЛГАРИЯ"", ""23. Едноличен собственик на капитала"": ""ЛЕОНИД БЛАГОЕВ ДЖОГЛЕВ, Държава: БЪЛГАРИЯ"", ""31. Размер"": ""15.34 €"", ""32. Внесен капитал"": ""15.34 €""}"
202876065,https://portal.registryagency.bg/CR/Reports/ActiveConditionTabResult?uic=202876065,"""НАДЯ 2008"" ЕООД",18.09.2026г.,202876065,,НАДЯ 2008,Еднолично дружество с ограничена отговорност,БЪЛГАРИЯ,"Област: София, Община: Костинброд","гр. Костинброд, п.к. 2230",бул./ул. ул. Момина сълза № 7,"покупка на стоки или други вещи с цел препродажба в първоначален, преработен или обработен вид, внос, износ, продажба на стоки от собствено производство, търговско представителство и посредничество на български и чуждестранни физически и юридически лица, включително посреднически услуги при покупко-продажба, замяна и отдаване под наем на недвижими имоти, комисионни, спедиционни и превозни сделки, складови сделки, сделки с интелектуална собственост, хотелиерски, туристически, рекламни, информационни, програмни, импресарски или други услуги, консултанска дейност, покупка, строеж или обзавеждане на недвижими имоти с цел продажба, лизинг и всяка друга дейност, която по предмет и обем изисква да бъде извършвана по търговски начин и не е забранена за осъществяване от българското законодателство, дори и да не е изброена по-горе.",,"{""7. Управители"": ""ХРИСТИНА ХРИСТОВА МИНЧЕВА, Държава: БЪЛГАРИЯ"", ""23. Едноличен собственик на капитала"": ""ХРИСТИНА ХРИСТОВА МИНЧЕВА, Държава: БЪЛГАРИЯ"", ""31. Размер"": ""5.11 €"", ""32. Внесен капитал"": ""5.11 €""}"
202876072,https://portal.registryagency.bg/CR/Reports/ActiveConditionTabResult?uic=202876072,"""МТВ-Босева"" ЕООД",18.09.2026г.,202876072,,МТВ-Босева,Еднолично дружество с ограничена отговорност,БЪЛГАРИЯ,"Област: Пловдив, Община: Пловдив","гр. Пловдив, п.к. 4002","р-н Централен, бул./ул. бул. Копривщица № 38, ет. 2, ап. 15","Търговия с медицински и ортопедични стоки и помощно-технически средства за хора с увреждания. Покупка, продажба на стоки или други вещи с цел препродажба в първоначален, преработен или обработен вид, импорт, експорт, реекспорт, посредническа дейност, отдаване на помещение под наем, износ, внос на стоки, търговия на едро и дребно със стоки, производство, изкупуване, преработка и продажба, след получаване на необходимите разрешителни и/или/ лицензирани документи от компетентните за това органи, както и други дейности, които не са забранени с нормативен акт.",,"{""4. Изписване на чужд език"": ""MTV-Boseva Ltd"", ""5а. Адрес за кореспонденция с НАП на територията на страната"": ""Държава: БЪЛГАРИЯ\nОбласт: Пловдив, Община: Пловдив\nНаселено място: гр. Пловдив, п.к. 4002\nр-н Централен\nбул./ул. бул. Копривщица № 38, ет. 2, ап. 15"", ""7. Управители"": ""Маргаритка Георгаки Босева, Държава: БЪЛГАРИЯ"", ""23. Едноличен собственик на капитала"": ""Маргаритка Георгаки Босева, Държава: БЪЛГАРИЯ"", ""31. Размер"": ""1.02 €"", ""32. Внесен капитал"": ""1.02 €""}"
175368825,https://portal.registryagency.bg/CR/Reports/ActiveConditionTabResult?uic=175368825,"""ЕНЕРГИЯ БЕРКОВИЦА"" ООД - Заличен търговец/ЮЛНЦ",18.09.2026г.,,,,,,,,,,,"{""27. Заличаване на търговеца/ЮЛНЦ"": ""Заличен търговец/ЮЛНЦ""}"
175368832,https://portal.registryagency.bg/CR/Reports/ActiveConditionTabResult?uic=175368832,"""ТУРБО ПЛАСТ"" ООД",18.09.2026г.,175368832,1158/2007 180,ТУРБО ПЛАСТ,Дружество с ограничена отговорност,БЪЛГАРИЯ,"Област: София, Община: Сливница","гр. Сливница, п.к. 2200",бул./ул. ЦАР СИМЕОН ВЕЛИКИ № 88,"ПРОИЗВОДСТВО И МОНТАЖ НА ПВЦ И АЛУМИНИЕВА ДОГРАМА, ТРАНСПОРТНИ УСЛУГИ, ВЪТРЕШНО И ВЪНШНО ТЪРГОВСКА ДЕЙНОСТ, КАКТО И ВСИЧКИ ДРУГИ ДЕЙНОСТИ НЕЗАБРАНЕНИ ОТ ЗАКОНА.",,"{""7. Управители"": ""БЛАГОЙ ВЕНЕЛИНОВ ЕВЛОГИЕВ, Държава: БЪЛГАРИЯ"", ""19. Съдружници"": ""АЛЕКСАНДЪР ВЕНЕЛИНОВ ЕВЛОГИЕВ, Държава: БЪЛГАРИЯ, Размер на дяловото участие: 1670.00 лв.\nБЛАГОЙ ВЕНЕЛИНОВ ЕВЛОГИЕВ, Държава: БЪЛГАРИЯ, Размер на дяловото участие: 3340.00 лв."", ""31. Размер"": ""2561.57 €"", ""32. Внесен капитал"": ""2561.57 €""}"
175368846,https://portal.registryagency.bg/CR/Reports/ActiveConditionTabResult?uic=175368846,"""ЕМ ДАБЪЛЮ ЕМ ПРОПЪРТИС"" ЕООД - Заличен търговец/ЮЛНЦ",18.09.2026г.,,,,,,,,,,,"{""27. Заличаване на търговеца/ЮЛНЦ"": ""Заличен търговец/ЮЛНЦ""}"
207887126,https://portal.registryagency.bg/CR/Reports/ActiveConditionTabResult?uic=207887126,"""ЕМ ДЖ ЕМ СТАР 2024 ЕООД"" ЕООД",18.09.2026г.,207887126,,ЕМ ДЖ ЕМ СТАР 2024 ЕООД,Еднолично дружество с ограничена отговорност,БЪЛГАРИЯ,"Област: Варна, Община: Варна","гр. Варна, п.к. 9000","р-н Приморски, бул./ул. Подвис № 19","КОЗМЕТИЧНИ УСЛУГИ, УСЛУГИ СВЪРЗАНИ Е МАНИКЮР И ПЕДИКЮР, УСЛУГИ СВЪРЗАНИ С МАСАЖ И ЛЕЧЕБЕН МАСАЖИ;ПОКУПКА НА СТОКИ ИЛИ ДРУГИ ВЕЩИ С ЦЕЛ ДА ГИ ПРЕПРОДАДЕ В ПЪРВОНАЧАЛЕН, ПРЕРАБОТЕН ИЛИ ОБРАБОТЕН ВИД; ПРОДАЖБА НА СТОКИ ОТ СОБСТВЕНО ПРОИЗВОДСТВО; ПОКУПКО-ПРОДАЖБА НА ВСЯКАКЪВ ВИД ПРОМИШЛЕНИ И СЕЛСКОСТОПАНСКИ СТОКИ, АВТОЧАСТИ И СТРОИТЕЛНИ МАТЕРИАЛИ; ПРОИЗВОДСТВО И ТЪРГОВИЯ С КОНФЕКЦИЯ И ТРИКОТАЖНИ ОБЛЕКЛА, ОБУВКИ И ДРУГИ ИЗДЕЛИЯ ОТ КОЖА, ИШЛЕМЕ; ТЪРГОВСКО ПРЕДСТАВИТЕЛСТВО И ПОСРЕДНИЧЕСТВО; КОМИСИОННИ, СИЕДИЦИОИНИ И ПРЕВОЗНИ СДЕЛКИ В СТРАНАТА И ЧУЖБИНА СЪС СОБСТВЕНИ ИЛИ НАЕТИ АВТОМОБИЛИ; ТРАНСПОРТНА ДЕЙНОСТ; ПОСРЕДНИЧЕСКА ДЕЙНОСТ ПО НАБИРАНЕ,НАСОЧВАНЕ И ПРЕДОСТАВЯНЕ НА РАБОТНА СИЛА; СКЛАДОВИ СДЕЛКИ; ЛИЦЕНЗИОННИ СДЕЛКИ; СТОКОВ КОНТРОЛ; ХОТЕЛИЕРСКИ, РЕСТОРАНТЬОРСКИ, ТУРИСТИЧЕСКИ, РЕКЛАМНИ, ИНФОРМАЦИОННИ, ПРОГРАМНИ, ИМПРЕСАРСКИ УСЛУГИ; ПОКУПКА, СТРОЕЖ ИЛИ ОБЗАВЕЖДАНЕ ПА НЕДВИЖИМИ ИМОТИ С ЦЕЛ ПРОДАЖБА; ЛИЗИНГ; ТАКСИМЕТРОВИ УСЛУГИ; СЕРВИЗНИ УСЛУГИ; ДЪРВОДОБИВ И ДЪРВОПРЕРАБОТВАНЕ; ВНОС И ПРОДАЖБА НА МПС КАКТО И ВСЯКА ДРУГА ТЪРГОВСКА ДЕЙНОСТ РАЗРЕШЕНА ОТ ЗАКОНА.",,"{""4. Изписване на чужд език"": ""M G M STAR 2024 LTD"", ""5а. Адрес за кореспонденция с НАП на територията на страната"": ""Държава: БЪЛГАРИЯ\nОбласт: Варна, Община: Варна\nНаселено място: гр. Варна, п.к. 9000\nр-н Приморски\nбул./ул. Подвис № 19"", ""7. Управители"": ""ЕВГЕНИЯ ИВАНОВА МИТЕВА, Държава: БЪЛГАРИЯ"", ""23. Едноличен собственик на капитала"": ""ЕВГЕНИЯ ИВАНОВА МИТЕВА, Държава: БЪЛГАРИЯ"", ""31. Размер"": ""51.13 €"", ""32. Внесен капитал"": ""51.13 €""}"
207887133,https://portal.registryagency.bg/CR/Reports/ActiveConditionTabResult?uic=207887133,"""НИКС - КВМ"" ЕООД",18.09.2026г.,207887133,,НИКС - КВМ,Еднолично дружество с ограничена отговорност,БЪЛГАРИЯ,"Област: Бургас, Община: Бургас","гр. Бургас, п.к. 8000","ж.к. ""Лазур"", бул./ул. ул.""Батак"" № 21а, ет. 3","рент а кар; спедиционни и превозни сделки; покупка на стоки или други вещи с цел продажба в първоначален, преработен или обработен вид; продажба на стоки от собствено производство; търговско представителство и посредничество; складови сделки; лицензионни сделки; стоков контрол; хотелиерски, туристически, рекламни, информационни, програмни, импресарски и други услуги; сделки с интелектуална собственост; както и всяка друга незабранена от закона дейност, която по обем или предмет предполага извършването й да става по търговски начин.",,"{""4. Изписване на чужд език"": ""\""NIKS - KVM\""LTD"", ""7. Управители"": ""Николай Александрович Самохин, Държава: РУСКА ФЕДЕРАЦИЯ"", ""23. Едноличен собственик на капитала"": ""Николай Александрович Самохин, Държава: РУСКА ФЕДЕРАЦИЯ"", ""31. Размер"": ""5.11 €"", ""32. Внесен капитал"": ""5.11 €""}"
207887140,https://portal.registryagency.bg/CR/Reports/ActiveConditionTabResult?uic=207887140,"""ДАНИЕЛА 88"" ЕООД",18.09.2026г.,207887140,,ДАНИЕЛА 88,Еднолично дружество с ограничена отговорност,БЪЛГАРИЯ,"Област: Сливен, Община: Сливен","гр. Сливен, п.к. 8800",бул./ул. Сава Филаретов № 28,"Покупка на стоки или други вещи с цел да ги препродаде в първоначален, преработен или обработен вид; продажба на стоки от собствено производство; Откриване на магазини за нехранителни стоки, битови стоки и стоки за дома; Вътрешна и външна търговия на едро и дребно, внос и износ на стоки и услуги; търговско представителство и посредничество; комисионни, спедиционни и превозни сделки; транспорт на пътници и товари в страната и чужбина; складови сделки, лицензионни сделки, стоков контрол, сделки с интелектуална собственост, хотелиерски, туристически, рекламни, програмни, импресарски или други услуги, посредническа дейност, строеж и обзавеждане на недвижими имоти с цел продажба и отдаване под наем; лизинг, както и всички други дейности незабранени от закона.",,"{""7. Управители"": ""ДАНИЕЛА МИТКОВА ТЕНЧЕВА, Държава: БЪЛГАРИЯ"", ""16. Срок на дружеството"": ""Начин, по който се определя срокът: без определен срок"", ""23. Едноличен собственик на капитала"": ""ДАНИЕЛА МИТКОВА ТЕНЧЕВА, Държава: БЪЛГАРИЯ"", ""31. Размер"": ""255.65 €"", ""32. Внесен капитал"": ""255.65 €""}"
207895337,https://portal.registryagency.bg/CR/Reports/ActiveConditionTabResult?uic=207895337,"""АНГЕЛОВ ТРЕЙД ГРУП"" ЕООД",18.09.2026г.,207895337,,АНГЕЛОВ ТРЕЙД ГРУП,Еднолично дружество с ограничена отговорност,БЪЛГАРИЯ,"Област: Габрово, Община: Габрово","гр. Габрово, п.к. 5300","бул./ул. ул. АНТИМ ПЪРВИ № 5, вх. В, ет. 3, ап. 8 Адрес на електронна поща: martoangelov95@gmail.com","ПОКУПКА НА СТОКИ ИЛИ ДРУГИ ВЕЩИ С ЦЕЛ ПРОДАЖБА В ПЪРВОНАЧАЛЕН, ПРЕРАБОТЕН ИЛИ ОБРАБОТЕН ВИД. ПРОИЗВОДСТВО НА СТОКИ ИЛИ ДРУГИ ВЕЩИ С ЦЕЛ ПРОДАЖБА. ОН-ЛАЙН ТЪРГОВИЯ. ТЪРГОВСКО ПРЕДСТАВИТЕЛСТВО И ПОСРЕДНИЧЕСТВО, РЕСТОРАНТЬОРСТВО, ХОТЕЛИЕРСТВО, ТЪРГОВИЯ С ПРОМИШЛЕНИ И ХРАНИТЕЛНИ СТОКИ. ТЪРГОВИЯ НА ЕДРО И ДРЕБНО. ВНОС-ИЗНОС. ВЪТРЕШНА И ВЪНШНА ТЪРГОВИЯ КАКТО И ДРУГИ ДЕЙНОСТИ, НЕЗАБРАНЕНИ СЪС ЗАКОН. АКО ЗА ИЗВЪРШВАНЕ НА ОПРЕДЕЛЕНА ДЕЙНОСТ СЕ ИЗИСКВА ЛИЦЕНЗ/РАЗРЕШЕНИЕ/, ДЕЙНОСТТА ЩЕ СЕ ИЗВЪРШВА СЛЕД ПОЛУЧАВАНЕ НА КОНКРЕТНИЯ ЛИЦЕНЗ/РАЗРЕШЕНИЕ/.",,"{""4. Изписване на чужд език"": ""ANGELOV TRADE GROUP LTD"", ""7. Управители"": ""МАРТИН ИВАНОВ АНГЕЛОВ, Държава: БЪЛГАРИЯ"", ""23. Едноличен собственик на капитала"": ""МАРТИН ИВАНОВ АНГЕЛОВ, Държава: БЪЛГАРИЯ"", ""31. Размер"": ""511.29 €"", ""32. Внесен капитал"": ""511.29 €""}"
207895347,https://portal.registryagency.bg/CR/Reports/ActiveConditionTabResult?uic=207895347,"""ДЕНОНОЩНА ПОГРЕБАЛНА АГЕНЦИЯ"" ООД",18.09.2026г.,207895347,,ДЕНОНОЩНА ПОГРЕБАЛНА АГЕНЦИЯ,Дружество с ограничена отговорност,БЪЛГАРИЯ,"Област: Велико Търново, Община: Велико Търново","гр. Велико Търново, п.к. 5000","бул./ул. ""Чумерна"" № 5 Телефон: 0899303030","Погребални и траурни услуги; Церемонии и услуги свързани с тях; Уреждане на репатрации и транспорт от чужбина, и от летища на тленни останки на починали лица; Каменоделски услуги; Търговско представителство; Извършване на посредническа дейност и услуги в страната, и чужбина; Други дейности и услуги незабранени със закон.",,"{""4. Изписване на чужд език"": ""\""24/7 FUNERAL AGENCY\""LTD"", ""5а. Адрес за кореспонденция с НАП на територията на страната"": ""Държава: БЪЛГАРИЯ\nОбласт: Габрово, Община: Габрово\nНаселено място: гр. Габрово, п.к. 5300\nбул./ул. \""Стефан Караджа\"""", ""6а. Основна дейност по НКИД"": ""Група по НКИД: 96.03\nКлас по НКИД: Организиране на погребения и свързани с тях услуги"", ""7. Управители"": ""Христо Кунчев Петров, Държава: БЪЛГАРИЯ"", ""16. Срок на дружеството"": ""Начин, по който се определя срокът: безсрочно"", ""19. Съдружници"": ""ХРИСТО КУНЧЕВ ПЕТРОВ, Държава: БЪЛГАРИЯ, Размер на дяловото участие: 8.00 лв.\nКУНЧО ХРИСТОВ ПЕТРОВ, Държава: БЪЛГАРИЯ, Размер на дяловото участие: 1.00 лв.\nМАРИЯНА ИВАНОВА ПЕТРОВА, Държава: БЪЛГАРИЯ, Размер на дяловото участие: 1.00 лв."", ""31. Размер"": ""5.11 €"", ""32. Внесен капитал"": ""5.11 €""}"
207669832,https://portal.registryagency.bg/CR/Reports/ActiveConditionTabResult?uic=207669832,"""АДИЯ ХОУМ"" ООД",18.09.2026г.,207669832,,АДИЯ ХОУМ,Дружество с ограничена отговорност,БЪЛГАРИЯ,"Област: София (столица), Община: Столична","гр. София, п.к. 1619","р-н Витоша, бул./ул. бул. „Никола Петков” № 81, ап. офис 504","Покупка на стоки или други вещи с цел препродажба в първоначален, преработен или обработен вид, внос, износ, продажба на стоки от собствено производство, строителство, СМР, търговско представителство и посредничество на български и чуждестранни физически и юридически лица, включително посреднически услуги при покупко-продажба, замяна и отдаване под наем на недвижими имоти, комисионни, спедиционни и превозни сделки, складови сделки, сделки с интелектуална собственост, хотелиерски, туристически, рекламни, информационни, програмни, импресарски или други услуги, консултантска дейност, покупка, строеж или обзавеждане на недвижими имоти с цел продажба и всяка друга дейност, която по предмет и обем изисква да бъде извършвана по търговски начин и не е забранена за осъществяване от българското законодателство, дори и да не е изброена по-горе.",,"{""4. Изписване на чужд език"": ""ADIYA HOME Ltd"", ""7. Управители"": ""ДИМИТЪР ПЕТРОВ ДУДЕКОВ, Държава: БЪЛГАРИЯ"", ""19. Съдружници"": ""ДИМИТЪР ПЕТРОВ ДУДЕКОВ, Държава: БЪЛГАРИЯ, Размер на дяловото участие: 25.00 €\nОлег Данаилов Младенов, Държава: БЪЛГАРИЯ, Размер на дяловото участие: 25.00 €"", ""31. Размер"": ""50.00 €"", ""32. Внесен капитал"": ""50.00 €""}"
207669846,https://portal.registryagency.bg/CR/Reports/ActiveConditionTabResult?uic=207669846,"""НОМАД 1991"" ЕООД",18.09.2026г.,207669846,,НОМАД 1991,Еднолично дружество с ограничена отговорност,БЪЛГАРИЯ,"Област: София (столица), Община: Столична","гр. София, п.к. 1641","р-н Витоша, бул./ул. ул. ""Юрушки мостове"" № 15","Технически дейности свързани със заснемането на филми и други аудио-визуални произведения, отдаване под наем на техника и имот, посреднически и комисионни услуги, рекламна и информационна дейност, консултантски услуги, търговия на едро и дребно, лизингови сделки, транспортни дейности, както и всички други дейности незабранени от закона",,"{""4. Изписване на чужд език"": ""\""NOMAD 1991\"" Ltd."", ""7. Управители"": ""Цветан Боянов Григоров, Държава: БЪЛГАРИЯ"", ""23. Едноличен собственик на капитала"": ""Цветан Боянов Григоров, Държава: БЪЛГАРИЯ"", ""31. Размер"": ""50.00 €"", ""32. Внесен капитал"": ""50.00 €""}"
202243024,https://portal.registryagency.bg/CR/Reports/ActiveConditionTabResult?uic=202243024,"""ГРИЙН АКАДЕМИ"" ЕООД",18.09.2026г.,202243024,,ГРИЙН АКАДЕМИ,Еднолично дружество с ограничена отговорност,БЪЛГАРИЯ,"Област: София (столица), Община: Столична","гр. София, п.к. 1111","р-н Слатина, бул./ул. ул.СВЕТЛОСТРУЙ № 13, вх. А, ет. 4, ап. 10 Телефон: 0888 256 123","ИЗВЪРШВАНЕ НА КОНСУЛТАНТСКА, ИНФОРМАЦИОННА И ПОСРЕДНИЧЕСКА ДЕЙНОСТ В СФЕРАТА НА ПРОФЕСИОНАЛНОТО ОБРАЗОВАНИЕ И ОБУЧЕНИЕ КАРИЕРНО ОРИЕНТИРАНЕ И ЛИЧНОСТНА РЕАЛИЗАЦИЯ. ОТДЕЛНИТЕ ДЕЙНОСТИ НА ДРУЖЕСТВОТО МОГАТ ДА СА СВЪРЗАНИ С ПРЕДОСТАВЯНЕ НА ДОПЪЛНИТЕЛНА КВАЛИФИКАЦИЯ И ПОВИШАВАНЕ НА КВАЛИФИКАЦИЯТА НА ЧАСТНИ ЛИЦА И НА КАДРИ ОТ ФИРМИ И ОРГАНИЗАЦИИ; •ОРГАНИЗИРАНЕ И ПРОВЕЖДАНЕ НА ОБУЧЕНИЯ ЗА ПРИДОБИВАНЕ НА КЛЮЧОВИ КОМПЕТЕНТНОСТИ И ПРОФЕСИОНАЛНО ОРИЕНТИРАНЕ; •НАУЧНОИЗСЛЕДОВАТЕЛСКА ДЕЙНОСТ; •ЕКСПЕРТНО-КОНСУЛТАТИВНА ДЕЙНОСТ; •МЕЖДУНАРОДНО СЪТРУДНИЧЕСТВО; -АДМИНИСТРАТИВНО-СТОПАНСКА, СОЦИАЛНА, СПОРТНА, ИЗДАТЕЛСКА, ИНФОРМАЦИОННА И ДРУГИ ДЕЙНОСТИ; • ВСИЧКИ ДРУГИ УСЛУГИ, НЕОБХОДИМИ ЗА ОСЪЩЕСТВЯВАНЕТО НА ДЕЙНОСТИТЕ НА ДРУЖЕСТВОТО, КОИТО НЕ СА ИЗРИЧНО ИЗБРОЕНИ ЗА ПОСТИГАНЕ НА ГОРЕПОСОЧЕНКГГЕ ЦЕЛИ, ДРУЖЕСТВОТО МОЖЕ ДА ИЗВЪРШВА РАЗЛИЧНИ ДЕЙСТВИЯ >ПО ЗАКУПУВАНЕ НА ДВИЖИМО И НЕДВИЖИМО ИМУЩЕСТВО, МАРКЕТИНГ ОПЕРАЦИИ, ТЪРГОВСКИ СДЕЛКИ И ФИНАНСОВИ ОПЕРАЦИИ, КАКТО И ВСИЧКИ ДРУГИ ДЕЙНОСТИ, КОИТО НЕ СА ЗАБРАНЕНИ ОТ ЗАКОНОДАТЕЛСТВОТО НА РЕПУБЛИКА БЪЛГАРИЯ.",,"{""4. Изписване на чужд език"": ""GREEN ACADEMY"", ""6а. Основна дейност по НКИД"": ""Група по НКИД:\nКлас по НКИД: КОНСУЛТАНТСКА, ИНФОРМАЦИОННА И ПОСРЕДНИЧЕСКА ДЕЙНОСТ"", ""7. Управители"": ""МАРИЯНА АЛЕКСАНДРОВА ХАМЪНОВА, Държава: БЪЛГАРИЯ"", ""23. Едноличен собственик на капитала"": ""Марияна Александрова Хамънова-Рондини, Държава: БЪЛГАРИЯ"", ""31. Размер"": ""51.13 €"", ""32. Внесен капитал"": ""51.13 €""}"
202243031,https://portal.registryagency.bg/CR/Reports/ActiveConditionTabResult?uic=202243031,"""МОРДОР 84"" ООД",18.09.2026г.,202243031,,МОРДОР 84,Дружество с ограничена отговорност,БЪЛГАРИЯ,"Област: Бургас, Община: Приморско","гр. Приморско, п.к. 8180","бул./ул. ул. Зорница № 3, ет. 4, ап. 17","Покупка на стоки или други вещи с цел препродажба в първоначален, преработен или обработен вид; кафе-аператив, търговия с акцизни стоки вкл. алкохол и цигари /след получаването на лиценз/, ресторантьорство, строителство; продажба на стоки от собствено производство; лицензионни сделки; сделки с интелектуална собственост; рекламни, информационни, програмни, импресарски или други услуги; покупка, строеж или обзавеждане на недвижими имоти с цел продажба; лизинг, както и всякакви други дейности, незабранени със закон.",,"{""4. Изписване на чужд език"": ""MORDOR 84"", ""7. Управители"": ""ХРИСТО СТАНИМИРОВ ИВАНОВ, Държава: БЪЛГАРИЯ"", ""19. Съдружници"": ""ХРИСТО СТАНИМИРОВ ИВАНОВ, Държава: БЪЛГАРИЯ, Размер на дяловото участие: 25.00 лв.\nРАДКА ЖЕЛЯЗКОВА ДИМОВА, Държава: БЪЛГАРИЯ, Размер на дяловото участие: 25.00 лв."", ""31. Размер"": ""25.56 €"", ""32. Внесен капитал"": ""25.56 €""}"
203120373,https://portal.registryagency.bg/CR/Reports/ActiveConditionTabResult?uic=203120373,"""ТРАНСПОРТ МИСТРАЛ"" ЕООД",18.09.2026г.,203120373,,ТРАНСПОРТ МИСТРАЛ,Еднолично дружество с ограничена отговорност,БЪЛГАРИЯ,"Област: Стара Загора, Община: Стара Загора","гр. Стара Загора, п.к. 6000",бул./ул. Новозагорско шосе № 032016,"Сроителство, проектиране, проучване и реконструкция на сгради и други съоръжения; консултантска, инженерингова, финансова, юридическа и маркетингова дейност; рекламна дейност и копирни услуги; покупка на стоки и други вещи с цел продажба в първоначален, преработен или обработен вид; търговия с хранителни и нехранителни стоки на едро и дребно в страната и чужбина; търговско представителство и посредничество, складова дейност, както и всички други дейности и услуги, разрешени от закона и съгласно действащото законодателство.",,"{""4. Изписване на чужд език"": ""\""TRANSPORT MISTRAL\"" Ltd."", ""7. Управители"": ""ГЮЛАЙ БЕКТАШ, Държава: ТУРЦИЯ"", ""23. Едноличен собственик на капитала"": ""ГЮЛАЙ БЕКТАШ, Държава: ТУРЦИЯ"", ""31. Размер"": ""255.65 €"", ""32. Внесен капитал"": ""255.65 €""}"
103946003,https://portal.registryagency.bg/CR/Reports/ActiveConditionTabResult?uic=103946003,"""СИДОУНИ ПРОПЪРТИС"" ООД",18.09.2026г.,103946003,1881/2005 310,СИДОУНИ ПРОПЪРТИС,Дружество с ограничена отговорност,БЪЛГАРИЯ,"Област: Варна, Община: Варна","гр. Варна, п.к. 9000","р-н Одесос, бул./ул. Братя Миладинови № 204","Покупка на стоки или други вещи с цел да бъдат препродадени в първоначален, преработен или обработен вид, вкл. и външноикономическа дейност; продажба на стоки от собствено производство; търговско представителство, посредничество и агентство в страната и чужбина; преводи от и на чужди езици; отдаване под наем на недвижими имоти и движими вещи; консултантски услуги, маркетинг и мениджмънт.",,"{""4. Изписване на чужд език"": ""SIDONE PROPERTIES"", ""5а. Адрес за кореспонденция с НАП на територията на страната"": ""Държава: БЪЛГАРИЯ\nОбласт: Варна, Община: Варна\nНаселено място: гр. Варна, п.к. 9002\nр-н Приморски\nбул./ул. ГЕН.КОЛЕВ № 66"", ""7. Управители"": ""ЛИЙ АНТЪНИ ДАШ, Държава: ВЕЛИКОБРИТАНИЯ"", ""19. Съдружници"": ""ЛИЙ АНТЪНИ ДАШ, Държава: ВЕЛИКОБРИТАНИЯ, Размер на дяловото участие: 2500.00 лв.\nВИКТОРИЯ ЛИН ФОРД, Държава: ВЕЛИКОБРИТАНИЯ, Размер на дяловото участие: 2500.00 лв."", ""31. Размер"": ""2556.46 €"", ""32. Внесен капитал"": ""2556.46 €""}"
103946010,https://portal.registryagency.bg/CR/Reports/ActiveConditionTabResult?uic=103946010,"""ЕМ ДЖЕЙ ДРИЙМС"" ЕООД",18.09.2026г.,103946010,2021/2005 310,ЕМ ДЖЕЙ ДРИЙМС,Еднолично дружество с ограничена отговорност,БЪЛГАРИЯ,"Област: Варна, Община: Аксаково",с. Радево Телефон: 0888 515 458,,"BЪTPEШHO И BЪHШHOTЪPГOBCKA ДEЙHOCT; ТЪРГОВИЯ С АЛКОХОЛ И ТЮТЮНЕВИ ИЗДЕЛИЯ /СЛЕД ЛИЦЕНЗ/;ХОТЕЛИЕРСТВО И РЕСТОРАНТЬОРСТВО /СЛЕД ЛИЦЕНЗ/; ТУРОПЕРАТОРСКА И ТУРИСТИЧЕСКА ДЕЙНОСТ /СЛЕД ЛИЦЕНЗ/, ТЪРГОВСКО ПРЕДСТАВИТЕЛСТВО И ПОСРЕДНИЧЕСТВО В СТРАНАТА И ЧУЖБИНА; ПРОИЗВОДСТВО, ОБРАБОТКА И РЕАЛИЗАЦИЯ НА СЕЛСКОСТОПАНСКА ПРОДУКЦИЯ, ПРОМИШЛЕНИ И ХРАНИТЕЛНИ СТОКИ.",,"{""4. Изписване на чужд език"": ""M J DREAMS LTD."", ""6а. Основна дейност по НКИД"": ""Група по НКИД: 5109\nКлас по НКИД: ДРУГА ТЪРГОВИЯ НА ЕДРО"", ""7. Управители"": ""МАЙКЪЛ ГЕРАЛД КУПЪР, Държава: ВЕЛИКОБРИТАНИЯ"", ""23. Едноличен собственик на капитала"": ""МАЙКЪЛ ГЕРАЛД КУПЪР, Държава: ВЕЛИКОБРИТАНИЯ"", ""31. Размер"": ""2556.46 €"", ""32. Внесен капитал"": ""2556.46 €""}"
103946028,https://portal.registryagency.bg/CR/Reports/ActiveConditionTabResult?uic=103946028,"""УОЛЕР ДИВЕЛОПМЪНТ"" ЕООД - Заличен търговец/ЮЛНЦ",18.09.2026г.,,,,,,,,,,,"{""27. Заличаване на търговеца/ЮЛНЦ"": ""Заличен търговец/ЮЛНЦ""}"
103946035,https://portal.registryagency.bg/CR/Reports/ActiveConditionTabResult?uic=103946035,"""МОЙКОЛ"" ЕООД",18.09.2026г.,103946035,2104/2005 310,МОЙКОЛ,Еднолично дружество с ограничена отговорност,БЪЛГАРИЯ,"Област: Варна, Община: Суворово","с. Калиманци, п.к. 9177",бул./ул. УПИ ХI-114 кв. 13 по плана на с. Калиманци,"ВЪТРЕШНА И ВЪНШНА ТЪРГОВИЯ;ПОКУПКА НА СТОКИ И ВЕЩИ С ЦЕЛ ПРОДАЖБА В ПЪРВОНАЧАЛЕН, ПРЕРАБОТЕН ИЛИ ОБРАБОТЕН ВИД;ПРОИЗВОДСТВО НА СТОКИ С ЦЕЛ ПРОДАЖБА;ПОСРЕДНИЧЕСКА, СПЕДИЦИОННА, СКЛАДОВА, ХОТЕЛИЕРСКА, РЕСТОРАНТЬОРСКА, ЛИЗИНГОВА ДЕЙНОСТ, ТУРИСТИЧЕСКА И ТРАНСПОРТНА ДЕЙНОСТ;ТАКСИМЕТРОВА ДЕЙНОСТ;БИТОВИ И РЕМОНТНИ УСЛУГИ;ПРОЕКТИРАНЕ , СТРОИТЕЛСТВО И РЕМОНТ;СТОКОВ КОНТРОЛ;СДЕЛКИ С ИНТЕЛЕКТУАЛНА СОБСТВЕНОСТ;ИНЖЕНЕРИНГОВА ДЕЙНОСТ;ПРОИЗВОДСТВО, ИЗКУПУВАНЕ И ПРЕРАБОТВАНЕ НА ПРОМИШЛЕНА И СЕЛСКОСТОПАНСКА ПРОДУКЦИЯ.",,"{""4. Изписване на чужд език"": ""MOIKOL OOD"", ""7. Управители"": ""МОЙРА КЕЙ КОТЪРЕЛ, Държава: ВЕЛИКОБРИТАНИЯ\nВИВИЪН ПАТРИША ШОР, Държава: ВЕЛИКОБРИТАНИЯ"", ""11. Начин на представляване"": ""по друг начин:\nзаедно и поотделно"", ""23. Едноличен собственик на капитала"": ""МОЙРА КЕЙ КОТЪРЕЛ, Държава: БЪЛГАРИЯ"", ""31. Размер"": ""2556.46 €"", ""32. Внесен капитал"": ""2556.46 €""}"
104680751,https://portal.registryagency.bg/CR/Reports/ActiveConditionTabResult?uic=104680751,"""ЕМ ЕС ЕНТЪРПРАЙЗИС"" ЕООД",18.09.2026г.,104680751,1709/2006 410,ЕМ ЕС ЕНТЪРПРАЙЗИС,Еднолично дружество с ограничена отговорност,БЪЛГАРИЯ,"Област: Велико Търново, Община: Велико Търново","с. Хотница, п.к. 0000",бул./ул. ДОМ № 444,"ПОКУПКА НА СТОКИ И ДРУГИ ВЕЩИ С ЦЕЛ ПРОДАЖБА В ПЪРВОНАЧАЛЕН, ПРЕРАБОТЕН ИЛИ ОБРАБОТЕН ВИД, ПРОДАЖБА НА СТОКИ ОТ СОБСТВЕНО ПРОИЗВОДСТВО, ТЪРГОВСКО ПРЕДСТАВИТЕЛСТВО И ПОСРЕДНИЧЕСТВО, КОМИСИОННИ И ПРЕВОЗНИ СДЕЛКИ, СКЛАДОВИ И ЛИЦЕНЗИОННИ СДЕЛКИ, СТОКОВ КОНТРОЛ, СДЕЛКИ С ИНТЕЛЕКТУАЛНА СОБСТВЕНОСТ, СТРОИТЕЛНИ, РЕМОНТНИ ХОТЕЛИЕРСКИ, ТУРИСТИЧЕСКИ, РЕКЛАМНИ, ИНФОРМАЦИОННИ, ПРОГРАМНИ, ИМПРЕСАРСКИ И ВСЯКАКЪВ ВИД ДРУГИ УСЛУГИ, НЕЗАБРАНЕНИ СЪС ЗАКОН, ПОКУПКА, СТРОЕЖ И ОБЗАВЕЖДАНЕ НА НЕДВИЖИМИ ИМОТИ С ЦЕЛ ПРОДАЖБА.",,"{""7. Управители"": ""СТИВЪН ДЖОН КОК, Държава: ВЕЛИКОБРИТАНИЯ"", ""23. Едноличен собственик на капитала"": ""СТИВЪН ДЖОН КОК, Държава: ВЕЛИКОБРИТАНИЯ"", ""31. Размер"": ""2556.46 €"", ""32. Внесен капитал"": ""2556.46 €""}"
208139872,https://portal.registryagency.bg/CR/Reports/ActiveConditionTabResult?uic=208139872,"""КЛИКСТЕР"" ЕООД",18.09.2026г.,208139872,,КЛИКСТЕР,Еднолично дружество с ограничена отговорност,БЪЛГАРИЯ,"Област: София (столица), Община: Столична","гр. София, п.к. 1172","р-н Изгрев, бул./ул. ул. ""Крум Кюлявков"" № 15, вх. Б, ет. 6, ап. 23","Търговско представителство, посредничество и агентство на местни и чужди физически и юридически лица, комисионни, спедиционни и превозни сделки в страната и чужбина, комуникационни, информационни, програмни, импресарски услуги, сделки с недвижими имоти, както и извършването на всички други сделки, които не са забранени от закона.",,"{""4. Изписване на чужд език"": ""CLICKSTER LTD"", ""7. Управители"": ""ДАРИЯ-ЛОРА ИВАЙЛОВА ДАЧЕВА, Държава: БЪЛГАРИЯ"", ""23. Едноличен собственик на капитала"": ""ЕМИЛ ЙОРДАНОВ НИКОЛОВ, Държава: БЪЛГАРИЯ"", ""31. Размер"": ""255.65 €"", ""32. Внесен капитал"": ""255.65 €""}"
208139880,https://portal.registryagency.bg/CR/Reports/ActiveConditionTabResult?uic=208139880,"""ДФС"" ООД",18.09.2026г.,208139880,,ДФС,Дружество с ограничена отговорност,БЪЛГАРИЯ,"Област: София (столица), Община: Столична","с. Герман, п.к. 1186",бул./ул. Боне Хаджибонев № 23,"Ремонт на авточасти, търговия с резервни части за автомобили и мотоциклети, електронна диагностика на авточасти, мобилна електронна авто диагностика, покупка на стоки с цел продажба в първоначален, преработен или обработен вид, внос, износ, реекспорт, комисионна, посредническа и транспортна дейност, спедиционни и превозни сделки, рекламни, информационни, програмни и импресарски услуги, както и всяка друга дейност, която не е изрично забранена със Закон.",,"{""4. Изписване на чужд език"": ""DFS"", ""5а. Адрес за кореспонденция с НАП на територията на страната"": ""Държава: БЪЛГАРИЯ\nОбласт: София (столица), Община: Столична\nНаселено място: с. Герман, п.к. 1186\nбул./ул. Боне Хаджибонев № 23"", ""7. Управители"": ""ВИКТОР ЛЮДМИЛОВ ДИМИТРОВ, Държава: БЪЛГАРИЯ\nКРИСТИЯН МИРОСЛАВОВ МИЛЕВ, Държава: БЪЛГАРИЯ"", ""11. Начин на представляване"": ""поотделно"", ""19. Съдружници"": ""ВИКТОР ЛЮДМИЛОВ ДИМИТРОВ, Държава: БЪЛГАРИЯ, Размер на дяловото участие: 2500.00 лв.\nКРИСТИЯН МИРОСЛАВОВ МИЛЕВ, Държава: БЪЛГАРИЯ, Размер на дяловото участие: 2500.00 лв."", ""31. Размер"": ""2556.46 €"", ""32. Внесен капитал"": ""2556.46 €""}"
206614039,https://portal.registryagency.bg/CR/Reports/ActiveConditionTabResult?uic=206614039,"""МИТЕВ КЪНСТРЪКШЪНС"" ЕООД",18.09.2026г.,206614039,,МИТЕВ КЪНСТРЪКШЪНС,Еднолично дружество с ограничена отговорност,БЪЛГАРИЯ,"Област: Велико Търново, Община: Велико Търново","с. Беляковец, п.к. 5031","ж.к. 22, бул./ул. вила № 202","строителство, строително-монтажни услуги и дейности, строителство в страната и чужбина, ниско и високо строителство, монтаж и поставяне на гипсокартон, изпращане на работници в чужбина, търговска дейност, търговия на едро и дребно, транспортна дейност с лек и товарен таксиметров превоз в страната и в чужбина, производство на всички видове стоки, извършване на всякакви услуги и всякакви други търговски дейности, за които няма законова забрана, търговия в страната и чужбина във всички разрешени от закона форми и с всички видове разрешени стоки и други услуги, както и всяка друга дейност незабранена от закона.",,"{""4. Изписване на чужд език"": ""MITEV CONSTRUCTIONS"", ""7. Управители"": ""Стефан Милков Митев, Държава: БЪЛГАРИЯ"", ""16. Срок на дружеството"": ""Начин, по който се определя срокът: Дружеството е учредено за неопределен срок."", ""23. Едноличен собственик на капитала"": ""Стефан Милков Митев, Държава: БЪЛГАРИЯ"", ""31. Размер"": ""10.23 €"", ""32. Внесен капитал"": ""10.23 €""}"
206614046,https://portal.registryagency.bg/CR/Reports/ActiveConditionTabResult?uic=206614046,"""""СЕСТРИ АМАТО"" ЕООД"" ЕООД",18.09.2026г.,206614046,,"""СЕСТРИ АМАТО"" ЕООД",Еднолично дружество с ограничена отговорност,БЪЛГАРИЯ,"Област: Хасково, Община: Симеоновград","гр. Симеоновград, п.к. 6490","бул./ул. ул.""Димитър Благоев"" № 90","Дружеството има за предмет на дейност: покупко-продажба на хранителни стоки, хляб и хлебни изделия, както и на всички други видове стоки и вещи с цел препродажба в първоначален, преработен или обработен вид покупко-продажба на МПС, части за МПС , ремонт на МПС; внос и износ на МПС; транспортна дейност в страната и чужбина;превоз на изправно, повредоно или аварирало превозно средство; предлагане на услуги и работа с машини и съоръжения; фризьорска дейност; монтаж на метални конструкции и всички видове заварки; оказионна дейност; консигнационна и комисионна търговия на дребно и едро; производство, закупуване, заготовка и преработка, търговия с всички видове селскостопански произведения от животински и растителен произход; търговска дейност в страната и чужбина;продажба на стоки чрез магазини и павилиони; внос и износ на стоки, машини, съоръжения, бартер спедиционна, складова, лизингова дейност на търговско представителство и посредничество; превозна, ресторантьорска, хотелиерска, туристическа, рекламна, информационна дейност; посредничество и предоставяне на услуги, както и всяка друга дейност разрешена от закона, а когато има разрешителен режим след съответното разрешение.",,"{""4. Изписване на чужд език"": ""\""SORELLE AMATO\"" Ltd."", ""6а. Основна дейност по НКИД"": ""Група по НКИД: 45.11\nКлас по НКИД: Търговия с леки и лекотоварни автомобили до 3.5 т"", ""7. Управители"": ""АМАТO МАСИМО, Държава: ИТАЛИЯ"", ""16. Срок на дружеството"": ""Начин, по който се определя срокът: безрочно"", ""23. Едноличен собственик на капитала"": ""АМАТО МАСИМО, Държава: ИТАЛИЯ"", ""31. Размер"": ""1.02 €"", ""32. Внесен капитал"": ""1.02 €""}"
206614053,https://portal.registryagency.bg/CR/Reports/ActiveConditionTabResult?uic=206614053,"""Ем Джей интернешънал сървисиз"" ЕООД",18.09.2026г.,206614053,,Ем Джей интернешънал сървисиз,Еднолично дружество с ограничена отговорност,БЪЛГАРИЯ,"Област: Бургас, Община: Приморско","гр. Приморско, п.к. 8180","бул./ул. ""Лилия"" № 12а","покупка, строеж или обзавеждане на недвижими имоти с цел продажба, комисионни, спедиционни и превозни сделки, търговско представителство и посредничество, покупка на стоки или други вещи с цел да ги препродаде в първоначален, преработен или обработен вид, както и всяка друга дейност, незабранена от закона",,"{""4. Изписване на чужд език"": ""MJ international services Ltd."", ""7. Управители"": ""Майкъл Йонгхенг Джанг, Държава: БЪЛГАРИЯ"", ""23. Едноличен собственик на капитала"": ""Майкъл Йонгхенг Джанг, Държава: БЪЛГАРИЯ"", ""31. Размер"": ""102.26 €"", ""32. Внесен капитал"": ""102.26 €""}"
131553007,https://portal.registryagency.bg/CR/Reports/ActiveConditionTabResult?uic=131553007,"""ЕМ ДЖЕЙ МАРКЕТ"" ЕООД",18.09.2026г.,131553007,12678/2005 110,ЕМ ДЖЕЙ МАРКЕТ,Еднолично дружество с ограничена отговорност,БЪЛГАРИЯ,"Област: София (столица), Община: Столична","гр. София, п.к. 1404","р-н Триадица, бул./ул. бул. ГОЦЕ ДЕЛЧЕВ, бл. 24, ап. 46","ВЪТРЕШНА И ВЪНШНОТЪРГОВСКА ДЕЙНОСТ С ЕЛЕКТРОНИКА, КОМПЮТРИ, КОМПЮТЪРНИ СИСТЕМИ, ПОСРЕДНИЧЕСКА ДЕЙНОСТ, ВНОС, ИЗНОС, НОУ-ХАУ, ИНТЕРНЕТ МАРКЕТИНГ, ТУРИСТИЧЕСКА, ТРАНСПОРТНА, ПРОГРАМНО- ТЕХНИЧЕСКА, КАКТО И ВСЯКА ДРУГА ДЕЙНОСТ, ПОЗВОЛЕНА ОТ ЗАКОНА.",,"{""4. Изписване на чужд език"": ""M J MARKET"", ""6а. Основна дейност по НКИД"": ""Група по НКИД: 4729\nКлас по НКИД: ТЪРГОВИЯ НА ДРЕБНО С ДР. ХРАНИТЕЛНИ СТОКИ"", ""7. Управители"": ""ДРАГОМИР ЖЕКОВ ИВАНОВ, Държава: БЪЛГАРИЯ"", ""23. Едноличен собственик на капитала"": ""ДРАГОМИР ЖЕКОВ ИВАНОВ, Държава: БЪЛГАРИЯ"", ""31. Размер"": ""2556.50 €"", ""32. Внесен капитал"": ""2556.50 €""}"
202238041,https://portal.registryagency.bg/CR/Reports/ActiveConditionTabResult?uic=202238041,"""АЛЕКСАНДЪР ГРУП 2012"" ЕООД",18.09.2026г.,202238041,,АЛЕКСАНДЪР ГРУП 2012,Еднолично дружество с ограничена отговорност,БЪЛГАРИЯ,"Област: София (столица), Община: Столична",гр. София,"р-н Триадица, бул./ул. ул. ИВАН ДЕНКОГЛУ № 18","Строителство на промишлени, граждански и спортни проекти, строително - ремонтна дейност, експлоатация на туристически и спортни обекти, хотелиерство, туроператорска дейност, туристическа агентска дейност, търговско представителство и посредничество, рекламни и информационни услуги, продажба на тютюн и алкохол, резервни части /нови и втора употреба/, търговия с твърди и течни горива, производство, внос, износ, търговия на едро и дребно с промишлени и битови стоки и суровини, продажба, търговия и производство на всякаква селскостопанска и животинска продукция, всякакви стоки от леката и хранително-вкусовата промишленост, вътрешен и международен транспорт, както и всяка друга дейност, която не е забранена от закона.",,"{""4. Изписване на чужд език"": ""ALEXANDER GROUP 2012 LTD"", ""5а. Адрес за кореспонденция с НАП на територията на страната"": ""Държава: БЪЛГАРИЯ\nОбласт: Перник, Община: Перник\nНаселено място: гр. Перник\nбул./ул. ул. ТЪРГОВИЩЕ № 11"", ""7. Управители"": ""КРЪСТЬО БОЙКОВ БОГУТЕВ, Държава: БЪЛГАРИЯ"", ""23. Едноличен собственик на капитала"": ""КРЪСТЬО БОЙКОВ БОГУТЕВ, Държава: БЪЛГАРИЯ"", ""31. Размер"": ""102.26 €"", ""32. Внесен капитал"": ""102.26 €""}"
202238059,https://portal.registryagency.bg/CR/Reports/ActiveConditionTabResult?uic=202238059,"""СЕНА - 2012"" ЕООД",18.09.2026г.,202238059,,СЕНА - 2012,Еднолично дружество с ограничена отговорност,БЪЛГАРИЯ,"Област: Ямбол, Община: Ямбол","гр. Ямбол, п.к. 8600","ж.к. ЗЛАТЕН РОГ, бл. 5, вх. А, ет. 4, ап. 10","Търговия, покупка на недвижими имоти, на промишлени стоки, потребителски стоки, селскостопански стоки и други вещи с цел препродажба, в първоначален, преработен или обработен вид; външна гърговия по предмета на дейност на фирмата, продажба на стоки от собствено производство, включително производство със собствена марка и ааркод; строителство и транспорт; хотелиерски, туристически, рекламни, информационни, програмни, импресарски; професионално почистване на частни домове, офиси, на общински и държавни обекти; и други дейности, незабранени от закона и съгласно изискванията на действащото законодателство. Търговска дейност за която се изисква специални разрешителни, лицензни и цр. ще се извършва след получаването им от компетентните органи.",,"{""4. Изписване на чужд език"": ""SENA - 2012"", ""6а. Основна дейност по НКИД"": ""Група по НКИД: 9529\nКлас по НКИД: Ремонт на други лични и дом. вещи."", ""7. Управители"": ""СТАНКА ИВАНОВА КОЛЕВА, Държава: БЪЛГАРИЯ"", ""23. Едноличен собственик на капитала"": ""СТАНКА ИВАНОВА КОЛЕВА, Държава: БЪЛГАРИЯ"", ""31. Размер"": ""5.11 €"", ""32. Внесен капитал"": ""5.11 €""}"
207142125,https://portal.registryagency.bg/CR/Reports/ActiveConditionTabResult?uic=207142125,"""ЛинаМаркетинг"" ЕООД",18.09.2026г.,207142125,,ЛинаМаркетинг,Еднолично дружество с ограничена отговорност,БЪЛГАРИЯ,"Област: София (столица), Община: Столична","гр. София, п.к. 1700","р-н Студентски, ж.к. Студентски град, бл. 59А, вх. Б, ет. 5, ап. 38","Маркетингова и рекламна дейност, извършване и предоставяне на рекламни, информационни, програмни услуги, комуникационни стратегии, вътрешна и външна търговия с всякакви стоки, покупка на стоки и други вещи с цел да ги препродаде в първоначален, преработен или обработен вид, комисиони сделки, представителство и посредничество в страната и чужбина на физически и юридически лица както и всяка друга дейност, която не е забранена от закона, при условие, че ако за определена дейност се изисква регистрация, разрешение или лицензия, то тази дейност ще бъде осъществяване след като бъде получена съответната регистрация, разрешение или лиценз.",,"{""4. Изписване на чужд език"": ""LinaMarketing Ltd."", ""7. Управители"": ""ЦВЕТЕЛИНА ВАСКОВА ЛОЗАНОВА-ТОДОРОВА, Държава: БЪЛГАРИЯ"", ""23. Едноличен собственик на капитала"": ""ЦВЕТЕЛИНА ВАСКОВА ЛОЗАНОВА-ТОДОРОВА, Държава: БЪЛГАРИЯ"", ""31. Размер"": ""25.00 €"", ""32. Внесен капитал"": ""25.00 €""}"
207142132,https://portal.registryagency.bg/CR/Reports/ActiveConditionTabResult?uic=207142132,"""АГРО КРАКЕН"" ЕООД",18.09.2026г.,207142132,,АГРО КРАКЕН,Еднолично дружество с ограничена отговорност,БЪЛГАРИЯ,"Област: Варна, Община: Варна","гр. Варна, п.к. 9000","р-н Владислав Варненчик, ж.к. ВЛ. ВАРНЕНЧИК, бл. 403, вх. 2, ет. 7, ап. 21 Адрес на електронна поща: agrokraken@abv.bg","Вътрешна и външна търговия, търговско представителство и посредничество; търговия с течни торове; търговия с минерални торове, препарати за растителна защита и семена, както и всяка друга търговска дейност, която не е забранена от закон, а когато има регистрационен или разрешителен режим - след извършването на регистрацията, съответно - след получаване на съответното разрешение.",,"{""4. Изписване на чужд език"": ""AGRO KRAKEN LTD"", ""5а. Адрес за кореспонденция с НАП на територията на страната"": ""Държава: БЪЛГАРИЯ\nОбласт: Варна, Община: Варна\nНаселено място: гр. Варна, п.к. 9000\nр-н Владислав Варненчик\nж.к. ВЛ. ВАРНЕНЧИК, бл. 403, вх. 2, ет. 7, ап. 21"", ""6а. Основна дейност по НКИД"": ""Група по НКИД: 47.76\nКлас по НКИД: Търговия на дребно с цветя, растения, семена, торове, домашни любимци и храни за тях"", ""7. Управители"": ""ИВАН АНГЕЛОВ АНДОНОВ, Държава: БЪЛГАРИЯ"", ""23. Едноличен собственик на капитала"": ""ИВАН АНГЕЛОВ АНДОНОВ, Държава: БЪЛГАРИЯ"", ""31. Размер"": ""255.65 €"", ""32. Внесен капитал"": ""255.65 €""}"
131213976,https://portal.registryagency.bg/CR/Reports/ActiveConditionTabResult?uic=131213976,"ЕТ ""КРАСИМИР ПАВЛОВ""",18.09.2026г.,131213976,159/2004 180,КРАСИМИР ПАВЛОВ,Едноличен търговец,БЪЛГАРИЯ,"Област: София, Община: Годеч","гр. Годеч, п.к. 2240",бул./ул. ул.МАЛИ КОМ № 24 Телефон: 0729/2968,"ПPOДAЖБA HA BECTHИЦИ И CПИCAHИЯ, XPAHИTEЛHИ CTOKИ, ПЛOДOBE, ЗEЛEHЧУЦИ, TЮTЮHEBИ ИЗДEЛИЯ И ДPУГИ, ПOKУПKO-ПPOДAЖБA HA CTOKИ ИЛИ ДPУГИ BEЩИ C ЦEЛ ПPEПPOДAЖБA B ПЬPBOHAЧAЛEH, ПPEPAБOTEH ИЛИ OБPAБOTEH BИД, ПPOДAЖБA HA CTOKИ OT COБCTBEHO ПPOИЗBOДCTBO, TЬPГOBCKO ПPEДCTABИTEЛCTBO И ПOCPEДHИЧECTBO, KOMИCИOHHИ, CПEДИЦИOHHИ, ПPEBOЗHИ И ЛИЦEHЗИOHHИ CДEЛKИ, XOTEЛИEPCKИ, TУPИCTИЧECKИ, PEKЛAMHИ, ИHФOPMAЦИOHHИ, ПPOГPAMHИ, ИMПPECAPCKИ И ДPУГИ УCЛУГИ, ПOKУПKA, CTPOEЖ И OБЗABEЖДAHE HA HEДBИЖИMИ ИMOTИ C ЦEЛ ПPEПPOДAЖБA, ЛИЗИHГ, ИЗГPAЖДAHE И EKCПЛOATAЦИЯ HA TЬPГOBCKИ OБEKTИ, ПPOИЗBOДCTBO, ИЗKУПУBAHE, ПPEPAБOTKA HA CEЛCKOCTOПAHCKA И ПPOMИШЛEHA ПPOДУKЦИЯ, KAKTO И BCЯKA ДPУГA HEЗAБPAHEHA OT ЗAKOHA ДEЙHOCT.",КРАСИМИР КОСТАДИНОВ ПАВЛОВ,
101674558,https://portal.registryagency.bg/CR/Reports/ActiveConditionTabResult?uic=101674558,"""ЕМ ДЖЕЙ СПОРТ"" ЕООД",18.09.2026г.,101674558,1823/2004 120,ЕМ ДЖЕЙ СПОРТ,Еднолично дружество с ограничена отговорност,БЪЛГАРИЯ,"Област: Благоевград, Община: Благоевград","гр. Благоевград, п.к. 2700",бул./ул. ул. ДАМЕ ГРУЕВ 22 вх.В ет.1,"ПOKУПKA HA CTOKИ И ДPУГИ BEЩИ C ЦEЛ ПPOДAЖБATA ИM B ПЬPBOHAЧAЛEH, ПPEPAБOTEH ИЛИ OБPAБOTEH BИД; ПPOДAЖБA HA CTOKИ COБCTBEHO ПPOИЗBOДCTBO; XOTEЛИEPCKИ, TУPИCTИЧECKИ И PEKЛAMHИ CДEЛKИ, ПPOГPAMHИ, ИMПPECAPCKИ И TУPOПEPATOPCKИ УCЛУГИ, TЬPГOBCKO ПPEДCTBИTEЛCTBO И ПOCPEДHИЧECTBO; KOMИCИOHHИ, CПEДИЦИOHHИ И ПPEBOЗHИ CДEЛKИ, CKЛAДOBИ CДEЛKИ; ПOKУПKA И CTPOEЖ HA HEДBИЖИMИ ИMOTИ C ЦEЛ ПPOДAЖБATA ИM; CДEЛKИ C ИHTEЛEKTУAЛHA COБCTBEHOCT.",,"{""7. Управители"": ""ЕЛКА ИВАНОВА МЪТНЕШЛИЕВА"", ""23. Едноличен собственик на капитала"": ""ЕЛКА ИВАНОВА МЪТНЕШЛИЕВА"", ""31. Размер"": ""2556.46 €"", ""32. Внесен капитал"": ""2556.46 €""}"
101674565,https://portal.registryagency.bg/CR/Reports/ActiveConditionTabResult?uic=101674565,"""СПОРТ МАНИА"" ЕООД",18.09.2026г.,101674565,1802/2004 120,СПОРТ МАНИА,Еднолично дружество с ограничена отговорност,БЪЛГАРИЯ,"Област: Благоевград, Община: Благоевград","гр. Благоевград, п.к. 2700","бул./ул. ул. ""Младост"" № 9","ПOKУПKA HA CTOKИ И ДPУГИ BEЩИ C ЦEЛ ПPOДAЖБATA ИM B ПЪPBOHAЧAЛEH, ПPEPAБOTEH ИЛИ OБPAБOTEH BИД; ПPOДAЖБA HA CTOKИ COБCTBEHO ПPOИЗBOДCTBO; XOTEЛИEPCKИ, TУPИCTИЧECKИ И PEKЛAMHИ CДEЛKИ, ПPOГPAMHИ, ИMПPECAPCKИ И TУPOПEPATOPCKИ УCЛУГИ; TЪPГOBCKO ПPEДCTABИTEЛCTBO И ПOCPEДHИЧECTBO, KOMИCИOHHИ, CПEДИЦИOHHИ И ПPEBOЗHИ CДEЛKИ, CKЛAДOBИ CДEЛKИ; ПOKУПKA И CTPOEЖ HA HEДBИЖИMИ ИMOTИ C ЦEЛ ПPOДAЖБATA ИM; CДEЛKИ C ИHTEЛEKTУAЛHA COБCTBEHOCT, OPГAHИЗИPAHE HA KУPCOBE ЗA OБУЧEHИE ПO ЧУЖДИ EЗИЦИ И KOMПЮTЪPHA ГPAMOTHOСT, OPГAHИЗИPAHE И EKCПЛOATAЦИЯ HA ПAPKИHГИ И ГAPAЖИ.",,"{""4. Изписване на чужд език"": ""SPORT MANIA"", ""7. Управители"": ""ИСКРЕН ЕМИЛОВ НИКОЛОВ, Държава: БЪЛГАРИЯ"", ""23. Едноличен собственик на капитала"": ""ИСКРЕН ЕМИЛОВ НИКОЛОВ"", ""31. Размер"": ""2556.46 €""}"
101674588,https://portal.registryagency.bg/CR/Reports/ActiveConditionTabResult?uic=101674588,"""ЕМ ДЖЕЙ ФЕШЪН"" ЕООД",18.09.2026г.,101674588,1821/2004 120,ЕМ ДЖЕЙ ФЕШЪН,Еднолично дружество с ограничена отговорност,БЪЛГАРИЯ,"Област: Благоевград, Община: Благоевград","гр. Благоевград, п.к. 2700","бул./ул. ул. ДАМЕ ГРУЕВ 22, вх.В, ет.1, ап.2","ПOKУПKA HA CTOKИ И ДPУГИ BEЩИ C ЦEЛ ПPOДAЖБATA ИM B ПЬPBOHAЧAЛEH, ПPEPAБOTEH ИЛИ OБPAБOTEH BИД; ПPOДAЖБA HA CTOKИ COБCTBEHO ПPOИЗBOДCTBO; XOTEЛИEPCKИ, TУPИCTИЧECKИ И PEKЛAMHИ CДEЛKИ, ПPOГPAMHИ, ИMПPECAPCKИ И TУPOПEPATOPCKИ УCЛУГИ, TЬPГOBCKO ПPEДCTАBИTEЛCTBO И ПOCPEДHИЧECTBO; KOMИCИOHHИ, CПEДИЦИOHHИ И ПPEBOЗHИ CДEЛKИ, CKЛAДOBИ CДEЛKИ; ПOKУПKA И CTPOEЖ HA HEДBИЖИMИ ИMOTИ C ЦEЛ ПPOДAЖБATA ИM; CДEЛKИ C ИHTEЛEKTУAЛHA COБCTBEHOCT.",,"{""7. Управители"": ""ЕЛКА ИВАНОВА МЪТНЕШЛИЕВА"", ""23. Едноличен собственик на капитала"": ""ЕЛКА ИВАНОВА МЪТНЕШЛИЕВА"", ""31. Размер"": ""2556.46 €"", ""32. Внесен капитал"": ""2556.46 €""}"
206125023,https://portal.registryagency.bg/CR/Reports/ActiveConditionTabResult?uic=206125023,"""ОЛИВИНИ ТРЕЙД"" ООД",18.09.2026г.,206125023,,ОЛИВИНИ ТРЕЙД,Дружество с ограничена отговорност,БЪЛГАРИЯ,"Област: София (столица), Община: Столична","гр. София, п.к. 1784","р-н Младост, ж.к. Младост 1, бл. 79Б, вх. В, ап. 55","Търговия, внос и износ на стоки, включително био и натурална козметика и продукти, търговско представителство и посредничество, както и всички останали незабранени от закона дейности.",,"{""4. Изписване на чужд език"": ""OLIVINI TRADE OOD"", ""7. Управители"": ""Елвира Георгиева Бахарова, Държава: БЪЛГАРИЯ"", ""19. Съдружници"": ""Елвира Георгиева Бахарова, Държава: БЪЛГАРИЯ, Размер на дяловото участие: 65.00 лв.\nМарина Димитриос Балтадзи, Държава: БЪЛГАРИЯ, Размер на дяловото участие: 35.00 лв."", ""31. Размер"": ""51.13 €"", ""32. Внесен капитал"": ""51.13 €""}"
101681499,https://portal.registryagency.bg/CR/Reports/ActiveConditionTabResult?uic=101681499,"ЕТ ""ИСМЕТ ИБРОШЕВ""",18.09.2026г.,101681499,473/2005 120,ИСМЕТ ИБРОШЕВ,Едноличен търговец,БЪЛГАРИЯ,"Област: Благоевград, Община: Гърмен","с. Дебрен, п.к. 2961",бул./ул. ул. ПЕТА № 2 Телефон: 0895828610,"Търговия на дребно и едро със хранителни и промишлени стоки, посредничество, туризъм, ресторантьорство, внос, износ.",ИСМЕТ АХМЕДОВ ИБРОШЕВ,"{""4. Изписване на чужд език"": ""ISMET IBROSHEV""}"
101681500,https://portal.registryagency.bg/CR/Reports/ActiveConditionTabResult?uic=101681500,"""ПЕРУН ЛЕС"" ООД",18.09.2026г.,101681500,389/2005 120,ПЕРУН ЛЕС,Дружество с ограничена отговорност,БЪЛГАРИЯ,"Област: Благоевград, Община: Сандански","гр. Сандански, п.к. 2800",бул./ул. ул. КНЯЗ АЛЕКСАНДЪР БАТЕНБЕРГ № 5,"ДЪPBOДOБИB И TЪPГOBИЯ C ДЪPBEH MATEPИAЛ, ПOЛЗBAHE HA ДЪPBECИHA OT ГOPCKИ ФOHД, ДEЙHOCTИ ПO BЪЗПPOИЗBOДCTBO HA ГOPИTE, УCTPOЙCTBO HА ЗEMИ И ГOPИ- ЧACTHA, OБЩИHCKA И ДЪPЖABHA COБCTBEHOCT.",,"{""7. Управители"": ""Кирил Стоянов Панчев, Държава: БЪЛГАРИЯ"", ""19. Съдружници"": ""АНГЕЛИНА СТИЛЯНОВА ПАНЧЕВА, Размер на дяловото участие: 2000.00 лв.\nКИРИЛ СТОЯНОВ ПАНЧЕВ, Размер на дяловото участие: 1500.00 лв.\nЕЛИЦА СТОЯНОВА ПАНЧЕВА, Размер на дяловото участие: 1500.00 лв."", ""31. Размер"": ""2556.46 €"", ""32. Внесен капитал"": ""2556.46 €""}"
101673933,https://portal.registryagency.bg/CR/Reports/ActiveConditionTabResult?uic=101673933,"""ЕМ ДЖЕЙ ТУРС"" ЕООД",18.09.2026г.,101673933,1745/2004 120,ЕМ ДЖЕЙ ТУРС,Еднолично дружество с ограничена отговорност,БЪЛГАРИЯ,"Област: Благоевград, Община: Благоевград","гр. Благоевград, п.к. 2700","бул./ул. ул. ДАМЕ ГРУЕВ 22, вх.В, ет.1","ПOKУПKA HA CTOKИ И ДPУГИ BEЩИ C ЦEЛ ПPOДAЖБATA ИM B ПЪPBOHAЧAЛEH, ПPEPAБOTEH ИЛИ OБPAБOTEH BИД; ПPOДAЖБA HA CTOKИ COБCTBEHO ПPOИЗBOДCTBO; XOTEЛИEPCKИ, TУPИCTИЧECKИ И PEKЛAMHИ CДEЛKИ; ПPOГPAMHИ, ИMПPECAPCKИ И TУPOПEPATOPCKИ УCЛУГИ; TЪPГOBCKO ПPEДCTABИTEЛCTBO И ПOCPEДHИЧECTBO; KOMИCИOHHИ, CПEДИЦИOHHИ И ПPEBOЗHИ CДEЛKИ; CKЛAДOBИ CДEЛKИ; ПOKУПKA И CTPOEЖ HA HEДBИЖИMИ ИMOTИ C ЦEЛ ПPOДAЖБATA ИM; CДEЛKИ C ИHTEЛEKTУAЛHA COБCTBEHOCT.",,"{""7. Управители"": ""ЕЛКА ИВАНОВА МЪТНЕШЛИЕВА"", ""23. Едноличен собственик на капитала"": ""ЕЛКА ИВАНОВА МЪТНЕШЛИЕВА"", ""31. Размер"": ""2556.46 €"", ""32. Внесен капитал"": ""2556.46 €""}"
121617600,https://portal.registryagency.bg/CR/Reports/ActiveConditionTabResult?uic=121617600,"""ЕМ ДЖИ"" ЕООД",18.09.2026г.,121617600,18759/1995 110,ЕМ ДЖИ,Еднолично дружество с ограничена отговорност,БЪЛГАРИЯ,"Област: София (столица), Община: Столична","гр. София, п.к. 1632","р-н Овча купел, ж.к. ОВЧА КУПЕЛ-1, бл. 423, ет. 1, ап. 5 Телефон: 0884266002, Адрес на електронна поща: enji6405@abv.bg","TЪPГOBИЯ И ДИCTPИБУЦИЯ HA CTOKИ ЗA БИTA И ПO-CПEЦИAЛHO HA OБЛEKЛA, BЪHШHOTЪPГOBCKA ДEЙHOCT-PEEKCПOPTHИ, БAPTEPHИ, OБMEHHИ И ДPУГИ CПEЦИФИЧHИ OПEPAЦИИ, ПPEДCTABИTEЛCTBO, ПOCPEДHИЧECTBO И AГEHTCTBO HA MECTHИ И ЧУЖДECTPAHHИ ЛИЦA B CTPAHATA И ЧУЖБИHA, KAKTO И ИЗBЪPШBAHETO HA BCЯKAKBA ДPУГA ДEЙHOCT, HEЗAБPAHEHA OT ЗAKOHA.",,"{""4. Изписване на чужд език"": ""M G LTD"", ""7. Управители"": ""КРАСИМИРА ИЛИЕВА САВОВА, Държава: БЪЛГАРИЯ"", ""23. Едноличен собственик на капитала"": ""КРАСИМИРА ИЛИЕВА САВОВА, Държава: БЪЛГАРИЯ"", ""31. Размер"": ""2556.46 €"", ""32. Внесен капитал"": ""2556.46 €""}"
202795325,https://portal.registryagency.bg/CR/Reports/ActiveConditionTabResult?uic=202795325,"""НЕСТ ПРЕС"" ЕООД",18.09.2026г.,202795325,,НЕСТ ПРЕС,Еднолично дружество с ограничена отговорност,БЪЛГАРИЯ,"Област: София (столица), Община: Столична","гр. София, п.к. 1784","р-н Младост, ж.к. Младост-1, бл. 75А, вх. 1, ет. 3, ап. 3","Издателска и печатарска дейност; транспортна дейност на хора и стоки в страната и чужбина; търговия с хранителни и промишлени стоки вкл. алкохолни напитки и тютюневи изделия /след издаване на съответния лиценз/; складова, спедиционна, лизингова дейност на търговско представителство и посредничество; счетоводни и консултантски услуги; продажба на стоки от собствено производство, сделки с интелектуална собственост; туристически, рекламни, информационни, програмни, импресарски или други услуги; покупка на стоки или други вещи с цел продажба в първоначален, преработен или обработен вид; производство на други стоки с цел продажба; сделки с интелектуална собственост; покупка, строеж или обзавеждане на недвижими имоти с цел продажба; внос и износ по предмета на дейност, както и всяка друга търговска дейност, незабранена със закон.",,"{""4. Изписване на чужд език"": ""NEST PRESS"", ""7. Управители"": ""ВИКТОРИЯ НИКОЛАЕВА ЛЕКОВА, Държава: БЪЛГАРИЯ"", ""23. Едноличен собственик на капитала"": ""ВИКТОРИЯ НИКОЛАЕВА ЛЕКОВА, Държава: БЪЛГАРИЯ"", ""31. Размер"": ""1.02 €"", ""32. Внесен капитал"": ""1.02 €""}"
202795332,https://portal.registryagency.bg/CR/Reports/ActiveConditionTabResult?uic=202795332,"""ЕМ ДЖИ - ДИМИТРОВИ"" ЕООД",18.09.2026г.,202795332,,ЕМ ДЖИ - ДИМИТРОВИ,Еднолично дружество с ограничена отговорност,БЪЛГАРИЯ,"Област: Сливен, Община: Котел","гр. Котел, п.к. 8970","бул./ул. ул. ""ГОРСКИ ПЪТНИК"" № 28","Търговия на дребно и едро с всякакви видове стоки; Организация и експлоатация на електронни и забавни игри и съоръжения, лотарии, технически, проектантски, автомонтьорски, шивашки, дърводелски, фризьорски и всякакъв вид други услуги с изключение на забранените със закон; Хотелиерство, ресторашъорство, туристическа дейност. Комисионни, спедиционни, превозни сделки и транспорт в страната и чужбина; Бартерни, консигнационни и лизинговн сделки; Покупка, строеж и обзавеждане на недвижими имоти с цел продажба; Рекламни, информационни, програмни, туристическа информационна и всякаква друга дейност или други услуги, както и всяка друга търговска дейност не забранена от българското законодателство",,"{""5а. Адрес за кореспонденция с НАП на територията на страната"": ""Държава: БЪЛГАРИЯ\nОбласт: Сливен, Община: Котел\nНаселено място: гр. Котел, п.к. 8970\nбул./ул. ул.\"" ГОРСКИ ПЪТНИК\"" № 28"", ""6а. Основна дейност по НКИД"": ""Група по НКИД: 9602\nКлас по НКИД: фризьорски и козметични услуги"", ""7. Управители"": ""МАРИЯ КЪНЧЕВА ДИМИТРОВА, Държава: БЪЛГАРИЯ"", ""23. Едноличен собственик на капитала"": ""МАРИЯ КЪНЧЕВА ДИМИТРОВА, Държава: БЪЛГАРИЯ"", ""31. Размер"": ""306.78 €"", ""32. Внесен капитал"": ""306.78 €""}"
202795348,https://portal.registryagency.bg/CR/Reports/ActiveConditionTabResult?uic=202795348,"""ПИПСИ СТИЛ"" ЕООД",18.09.2026г.,202795348,,ПИПСИ СТИЛ,Еднолично дружество с ограничена отговорност,БЪЛГАРИЯ,"Област: Пловдив, Община: Пловдив","гр. Пловдив, п.к. 4023","р-н Тракия, бл. 199, вх. Б, ет. 3, ап. 10","МАРКЕТИНГ, ТЪРГОВИЯ С ПОТРЕБИТЕЛСКИ СТОКИ, ТЪРГОВСКО ПРЕДСТАВИТЕЛСТВО И ПОСРЕДНИЧЕСТВО, КОНСУЛТАНТСКИ УСЛУГИ, ВНОС И ИЗНОС, ТРАНСПОРТНИ УСЛУГИ, СДЕЛКИ С НЕДВИЖИМИ ИМОТИ, КАКТО И ВСЯКАКВА ДРУГА ДЕЙНОСТ, КОЯТО НЕ Е ЗАБРАНЕНА СЪС ЗАКОН.",,"{""4. Изписване на чужд език"": ""PIPSI STIL"", ""7. Управители"": ""ПЕНКА РУСКОВА ПАШЕВА, Държава: БЪЛГАРИЯ"", ""23. Едноличен собственик на капитала"": ""ПЕНКА РУСКОВА ПАШЕВА, Държава: БЪЛГАРИЯ"", ""31. Размер"": ""511.29 €"", ""32. Внесен капитал"": ""511.29 €""}"
202795357,https://portal.registryagency.bg/CR/Reports/ActiveConditionTabResult?uic=202795357,"""СТАРИЯТ ФАЙТОН"" ЕООД",18.09.2026г.,202795357,,СТАРИЯТ ФАЙТОН,Еднолично дружество с ограничена отговорност,БЪЛГАРИЯ,"Област: Варна, Община: Варна","гр. Варна, п.к. 9000","р-н Одесос, ж.к. к.к.""Златни Пясъци"", бул./ул. хотел Бендида № 513 584, ап. 82Д","Внос и износ; вътрешно и външно търговска дейност, търговско представителство и посредничество, комисионни, спедиционни, складови сделки; хотелиерство и ресторантьорство, заведения за хранене, кетъринг, бърза закуска и бар аператив; пътнически и товарни услуги в страната и чужбина; покупка, менажиране, строеж и обзавеждане на недвижими имоти с цел продажба, производство и покупка на стоки и други вещи с цел продажба в първоначален, преработен или обработен вид; рекламна, информационна и консултанска дейност; маркетингова, мениджърска, посредническа, туристическа и транспортна дейност; проектиране, строителство и ремонт; сделки с интелектуална собственост; инженерингова дейност; производство, изкупуване, преработка и продажба на промишлена и селскостопанска продукция, както и всякаква друга дейност, незабранена от закон.",,"{""4. Изписване на чужд език"": ""\""STARIYAT FAYTON\"" LTD"", ""7. Управители"": ""Айрапет Вардкесович Саакян, Държава: РУСКА ФЕДЕРАЦИЯ"", ""23. Едноличен собственик на капитала"": ""Айрапет Вардкесович Саакян, Държава: РУСКА ФЕДЕРАЦИЯ"", ""31. Размер"": ""5.11 €"", ""32. Внесен капитал"": ""5.11 €""}"
201117962,https://portal.registryagency.bg/CR/Reports/ActiveConditionTabResult?uic=201117962,"ЕТ ""ПИЛЕВ -ТАХИР ПИЛЕВ""",18.09.2026г.,201117962,,ПИЛЕВ -ТАХИР ПИЛЕВ,Едноличен търговец,БЪЛГАРИЯ,"Област: Търговище, Община: Попово","с. Дриново, п.к. 7834",бул./ул. ул. СТРАНДЖА № 4,"ПОКУПКА НА СТОКИ ИЛИ ДРУГИ ВЕЩИ С ЦЕЛ ПРОДАЖБА В ПЪРВОНАЧАЛЕН, ПРЕРАБОТЕН ИЛИ ОБРАБОТЕН ВИД; ПРОДАЖБА НА СТОКИ СОБСТВЕНО ПРОИЗВОДСТВО; ТЪРГОВСКО ПРЕДСТАВИТЕЛСТВО И ПОСРЕДНИЧЕСТВО; КОМИСИОННИ, СПЕДИЦИОННИ И ПРЕВОЗНИ СДЕЛКИ; МЕНИТЕЛНИЦИ, ЗАПИСИ НА ЗАПОВЕД И ЧЕКОВЕ; СКЛАДОВИ СДЕЛКИ; ЛИЦЕНЗИОННИ СДЕЛКИ; СТОКОВ КОНТРОЛ; СДЕЛКИ С ИНТЕЛЕКТУАЛНА СОБСТВЕНОСТ; ТУРОПЕРАТОРСКА ДЕЙНОСТ; ХОТЕЛИЕРСКИ, ТУРИСТИЧЕСКИ, РЕКЛАМНИ, ИНФОРМАЦИОННИ, ПРОГРАМНИ, ИМПРЕСАРСКИ ИЛИ ДРУГИ УСЛУГИ НА НАСЕЛЕНИЕТО; ПОКУПКА, СТРОЕЖ ИЛИ ОБЗАВЕЖДАНЕ НА НЕДВИЖИМИ ИМОТИ С ЦЕЛ ПРОДАЖБА; ЛИЗИНГ; ИЗНОС; ВНОС; ТРАНСПОРТНА ДЕЙНОСТ И ВСЯКА ДРУГА ТЪРГОВСКА ДЕЙНОСТ РАЗРЕШЕНА ОТ ЗАКОНА. СЛЕД СНАБДЯВАНЕ С ЛИЦЕНЗ ЗА СЪОТВЕТНИТЕ ДЕЙНОСТИ, ЗА КОИТО СЕ ИЗИСКВА ТАКЪВ.",ТАХИР ДЖЕМАЛОВ ПИЛЕВ,
202772173,https://portal.registryagency.bg/CR/Reports/ActiveConditionTabResult?uic=202772173,"""ГЛАМУР ТУР"" ЕООД",18.09.2026г.,202772173,,ГЛАМУР ТУР,Еднолично дружество с ограничена отговорност,БЪЛГАРИЯ,"Област: Бургас, Община: Бургас","гр. Бургас, п.к. 8000","ж.к. ЦЕНТЪР, бул./ул. ул.МАРА ГЕДИК № 6, бл. 1, вх. 1, ет. 1, ап. 1 Телефон: +359 897 962 367, Адрес на електронна поща: glamour.tour@abv.bg","ХОТЕЛИЕРСКИ, ТУРИСТИЧЕСКИ, РЕКЛАМНИ, ИНФОРМАЦИОННИ УСЛУГИ; ПОСРЕДНИЧЕСТВО НА МЕСТНИ И ЧУЖДИ ЛИЦА В СТРАНАТА И ЧУЖБИНА; ВЪНШНОТЪРГОВСКИ СДЕЛКИ; ПРОИЗВОДСТВО И ТЪРГОВИЯ НА КОНФЕКЦИЯ; ДИЗАЙНЕРСКА ДЕЙНОСТ; ПОКУПКА НА ВСЯКАКВИ СТОКИ И ВЕЩИ С ЦЕЛ ПРОДАЖБА В ПЪРВОНАЧАЛЕН, ПРЕРАБОТЕН ИЛИ ОБРАБОТЕН ВИД; ТЪРГОВСКО ПРЕДСТАВИТЕЛСТВО, КОНСУЛТАНТСКИ УСЛУГИ; ВНОС И ИЗНОС, ТРАНСПОРТНИ УСЛУГИ; СДЕЛКИ С НЕДВИЖИМИ ИМОТИ; МАРКЕТИНГОВА ДЕЙНОСТ; УСЛУГИ НА НАСЕЛЕНИЕТО, КАКТО И ВСЯКА ДРУГА ДЕЙНОСТ НЕ ЗАБРАНЕНА ОТ ЗАКОНА",,"{""4. Изписване на чужд език"": ""GLAMUR TUR"", ""7. Управители"": ""РАДОСЛАВ АНГЕЛОВ ПЕТКОВ, Държава: БЪЛГАРИЯ"", ""23. Едноличен собственик на капитала"": ""РАДОСЛАВ АНГЕЛОВ ПЕТКОВ, Държава: БЪЛГАРИЯ"", ""31. Размер"": ""40.90 €"", ""32. Внесен капитал"": ""40.90 €""}"
202772180,https://portal.registryagency.bg/CR/Reports/ActiveConditionTabResult?uic=202772180,"""ДОЛЕВ КОМЕРС"" ЕООД",18.09.2026г.,202772180,,ДОЛЕВ КОМЕРС,Еднолично дружество с ограничена отговорност,БЪЛГАРИЯ,"Област: София (столица), Община: Столична","гр. София, п.к. 1574","р-н Слатина, бул./ул. Слатинска № 1, вх. Магазин 1, ет. 1","ТЪРГОВСКО ПРЕДСТАВИТЕЛСТВО И ПОСРЕДНИЧЕСТВО; КОМИСИОННИ, СПЕДИЦИОННИ И ПРЕВОЗНИ СДЕЛКИ В СТРАНАТА И ЧУЖБИНА; ПОКУПКА НА СТОКИ ИЛИ ДРУГИ ВЕЩИ С ЦЕЛ ПРЕПРОДАЖБА В ПЪРВОНАЧАЛЕН, ПРЕРАБОТЕН ИЛИ ОБРАБОТЕН ВИД; ПРОДАЖБА НА СТОКИ ОТ СОБСТВЕНО ПРОИЗВОДСТВО; СКЛАДОВИ СДЕЛКИ; ХОТЕЛИЕРСКИ, ТУРИСТИЧЕСКИ, РЕКЛАМНИ, ИНФОРМАЦИОННИ И РЕСТОРАНТСКИ УСЛУГИ, КАКТО И ВСИЧКИ ДРУГИ ДЕЙНОСТИ, РАЗРЕШЕНИ ОТ ЗАКОНА И СЪГЛАСНО ИЗИСКВАНИЯТА НА ДЕЙСТВАЩОТО ЗАКОНОДАТЕЛСТВО.",,"{""4. Изписване на чужд език"": ""DOLEV COMMERCE"", ""5а. Адрес за кореспонденция с НАП на територията на страната"": ""Държава: БЪЛГАРИЯ\nОбласт: Смолян, Община: Доспат\nНаселено място: гр. Доспат, п.к. 4831\nбул./ул. Първи май № 5"", ""7. Управители"": ""ВАЛЕНТИН РУМЕНОВ ДОЛЕВ, Държава: БЪЛГАРИЯ"", ""23. Едноличен собственик на капитала"": ""ВАЛЕНТИН РУМЕНОВ ДОЛЕВ, Държава: БЪЛГАРИЯ"", ""31. Размер"": ""51.13 €"", ""32. Внесен капитал"": ""51.13 €""}"
202772198,https://portal.registryagency.bg/CR/Reports/ActiveConditionTabResult?uic=202772198,"""ЕМ ДЖИ 2014"" ЕООД",18.09.2026г.,202772198,,ЕМ ДЖИ 2014,Еднолично дружество с ограничена отговорност,БЪЛГАРИЯ,"Област: София (столица), Община: Столична","гр. София, п.к. 1320","р-н Красна поляна, ж.к. КРАСНА ПОЛЯНА, бул./ул. МЕТОХИЯ № 24","Ремонт на компютърна техника, на лични и домакински вещи, други персонални услуги, дейности на домакинства като работодатели на домашен персонал, внос, износ и търговия с компютри и компютърна техника нова и втора употреба, доставка, съхранение, дистрибуция и търговия с газ пропан-бутан, течни горива и нефтопродукти от внос и местно производство; вътрешна и външна търговия с битови и промишлени стоки, покупка на стоки в първоначален, преработен или обработен вид, търговско представителство и посредничество, строителство и строително-ремонтни дейности, посредничество при сделки с недвижими имоти, комисионни, спедиционни и превозни сделки, складови сделки, менителници, записи на заповеди и чекове, рекламни информационни, програмни, импресарски или други услуги, ресторантьорство, търговия в страната и чужбина, внос-износна дейност, както и всяка друга дейност незабранена от закона.",,"{""4. Изписване на чужд език"": ""M G 2014"", ""7. Управители"": ""ЕДМОНД ФРАНЦ СИМЕОНОВ, Държава: БЪЛГАРИЯ"", ""23. Едноличен собственик на капитала"": ""\""ФЕШЪН ТРЕЙДИНГ 2010\"" ЕООД, ЕИК/ПИК 201354064, Държава: БЪЛГАРИЯ"", ""31. Размер"": ""5.11 €"", ""32. Внесен капитал"": ""5.11 €""}"
202772209,https://portal.registryagency.bg/CR/Reports/ActiveConditionTabResult?uic=202772209,"""ВИЛ ПАРТНЕРС"" ЕООД",18.09.2026г.,202772209,,ВИЛ ПАРТНЕРС,Еднолично дружество с ограничена отговорност,БЪЛГАРИЯ,"Област: Варна, Община: Варна","гр. Варна, п.к. 9000","р-н Приморски, бул./ул. ул. Генерал Цимерман № 12, ет. 4, ап. 9","Търговия на едро и дребно; Внос и износ; Търговско представителство и посредничество на местни и чуждестранни физически и юридически лица в страната и чужбина; Консултантски услуги; Покупка на стоки или други вещи с цел препродажба в първоначален, преработен или обработен вид; Строителство и строително – ремонтни услуги; Туроператорска дейност, туристически услуги след лиценз; Ресторантьорство, обществено хранене, питейни заведения и хотелиерство след категоризиране.",,"{""4. Изписване на чужд език"": ""VIL PARTNERS LTD"", ""7. Управители"": ""Радосвета Димитрова Димова, Държава: БЪЛГАРИЯ"", ""23. Едноличен собственик на капитала"": ""Радосвета Димитрова Димова, Държава: БЪЛГАРИЯ"", ""31. Размер"": ""102.26 €"", ""32. Внесен капитал"": ""102.26 €""}"
202772216,https://portal.registryagency.bg/CR/Reports/ActiveConditionTabResult?uic=202772216,"""ТАРИ-2013"" ЕООД",18.09.2026г.,202772216,,ТАРИ-2013,Еднолично дружество с ограничена отговорност,БЪЛГАРИЯ,"Област: София (столица), Община: Столична","гр. София, п.к. 1000","р-н Оборище, бул./ул. ул. 11-ТИ АВГУСТ № 29, вх. А, ет. 1, ап. 2","ВЪНШНА И ВЪТРЕШНА ТЪРГОВИЯ НА ЕДРО И ДРЕБНО С ВСЯКАКЪВ ВИД СТОКИ ЗА ПРОМИШЛЕНО И ЛИЧНО ПОТРЕБЛЕНИЕ, РАЗРЕШЕШ ОТ ЗАКОНА; РАЗКРИВАНЕ НА СОБСТВЕНИ ТЪРГОВСКИ ОБЕКТИ; ПРОИЗВОДСТВО НА СТОКИ С ЦЕЛ ПРОДАЖБА; ПРЕДПРИЕМАЧЕСКА ДЕЙНОСТ; РЕКЛАМНА ДЕЙНОСТ; КОНСУЛТАНТСКА ДЕЙНОСТ; ПРЕДСТАВИТЕЛСТВО И ПОСРЕДНИЧЕСТВО НА БЪЛГАРСКИ И ЧУЖДЕСТРАННИ ФИЗИЧЕСКИ И ЮРИДИЧЕСКИ ЛИЦА; ПРЕВОД И ЛЕГАЛИЗАЦИЯ;ПОКУПКО-ПРОДАЖБА НА НЕДВИЖИМИ ИМОТИ, КАКТО И ВСЯКА ДРУГА ДЕЙНОСТ, НЕЗАБРАНЕНА ОТ ДЕЙСТВАЩОТО ЗАКОНОДАТЕЛСТВО. ДРУЖЕСТВОТО ЩЕ ИЗВЪРШВА ДЕЙНОСТИТЕ, ВКЛЮЧЕНИ В ПРЕДМЕТА МУ НА ДЕЙНОСТ, ЗА КОИТО СЪС ЗАКОН Е ПРЕДВИДЕН РАЗРЕШИТЕЛЕН, ЛИЦЕНЗИОНЕН ИЛИ РЕГИСТРАЦИОНЕН РЕЖИМ, САМО СЛЕД ПОЛУЧАВАНЕ НА СЪОТВЕТНОТО РАЗРЕШЕНИЕ ИЛИ РЕГИСТРАЦИЯ.",,"{""4. Изписване на чужд език"": ""TARI-2013 LTD"", ""6а. Основна дейност по НКИД"": ""Група по НКИД:\nКлас по НКИД: ТЪРГОВИЯ НА ДРЕБНО С ХРАНИТЕЛНИ СТОКИ И НАПИТКИ"", ""7. Управители"": ""АНЕТА ДАВИД ЛЕВИ, Държава: БЪЛГАРИЯ"", ""23. Едноличен собственик на капитала"": ""АНЕТА ДАВИД ЛЕВИ, Държава: БЪЛГАРИЯ"", ""31. Размер"": ""5.11 €"", ""32. Внесен капитал"": ""5.11 €""}"
207249401,https://portal.registryagency.bg/CR/Reports/ActiveConditionTabResult?uic=207249401,"""Куантера"" ООД",18.09.2026г.,207249401,,Куантера,Дружество с ограничена отговорност,БЪЛГАРИЯ,"Област: София (столица), Община: Столична","гр. София, п.к. 1345","р-н Илинден, ж.к. Захарна Фабрика, бл. 42, ет. 4, ап. 18 Телефон: 0888033122, Адрес на електронна поща: contactus@quanteraconsulting.com","Консултантска дейност по информационни технологии, включително съпътстващо обучение на потребителите на тези системи, планиране, проектиране и поддръжка на интегрирани компютърни системи (хардуер, свързания с него приложим софтуер и съобщителни технологии), осигуряване и развитие на човешките ресурси, рекламна и маркетингова дейност, търговска дейност в страната и в чужбина, посредническа и комисионна дейност, импресарска дейност, организация на събития, организиране и провеждане на квалификационни курсове, търговско представителство, посредничество и агентство, както и други дейности и услуги, незабранени от законодателството на Република България.",,"{""4. Изписване на чужд език"": ""Quantera Ltd"", ""5а. Адрес за кореспонденция с НАП на територията на страната"": ""Държава: БЪЛГАРИЯ\nОбласт: София (столица), Община: Столична\nНаселено място: гр. София, п.к. 1345\nр-н Илинден\nж.к. Захарна Фабрика, бл. 42, ет. 4, ап. 18"", ""6а. Основна дейност по НКИД"": ""Група по НКИД: 62.20\nКлас по НКИД: Консултантска дейност по информационни технологии и управление и обслужване на компютърни средства и системи"", ""7. Управители"": ""Самуел Джани Гюрков, Държава: БЪЛГАРИЯ"", ""19. Съдружници"": ""САМУЕЛ ДЖАНИ ГЮРКОВ, Държава: БЪЛГАРИЯ, Размер на дяловото участие: 175.00 €\nМАРИО ГЕОРГИЕВ ТАЧЕВ, Държава: БЪЛГАРИЯ, Размер на дяловото участие: 75.00 €\nДАРИНА ЧАВДАРОВА РУСЕВА, Държава: БЪЛГАРИЯ, Размер на дяловото участие: 75.00 €\nИанай Гюр, Държава: ИЗРАЕЛ, Размер на дяловото участие: 175.00 €"", ""31. Размер"": ""500.00 €"", ""32. Внесен капитал"": ""500.00 €""}"
207249419,https://portal.registryagency.bg/CR/Reports/ActiveConditionTabResult?uic=207249419,"""ДИДИ 69"" ЕООД",18.09.2026г.,207249419,,ДИДИ 69,Еднолично дружество с ограничена отговорност,БЪЛГАРИЯ,"Област: Пазарджик, Община: Пазарджик","с. Мало Конаре, п.к. 4450","бул./ул. ул. ""42-ра"" № 116","ТЪРГОВИЯ НА ЕДРО И ДРЕБНО В СТРАНАТА И ЧУЖБИНА, ПОКУПКА ПА СТОКИ И ДРУГИ ВЕЩИ С ЦЕЛ ПРОДАЖБА В ПЪРВОНАЧАЛЕН, ПРЕРАБОТЕН ИЛИ ОБРАБОТЕН ВИД В СТРАНАТА И ЧУЖБИНА, ПРОИЗВОДСТВО НА СТОКИ С ЦЕЛ ПРОДАЖБА, ТЪРГОВСКО ПРЕДСТАВИТЕЛСТВО И ПОСРЕДНИЧЕСТВО, ТРАНСПОРТНИ УСЛУГИ, АВТОРЕМОНТНИ УСЛУГИ, КОМИСИОННА, СПЕДИЦИОННА, СКЛАДОВА, ПРЕВОЗНА, РЕСТОРАНТЬОРСКА, ХОТЕЛИЕРСКА, ТУРИСТИЧЕСКА, РЕКЛАМНА, ИНФОРМАЦИОННА, СДЕЛКИ С НЕДВИЖИМИ ИМОТИ, КАКТО И ВСЯКА ДРУГА ДЕЙНОСТ, КОЯТО НЕ Е ЗАБРАНЕНА СЪС ЗАКОН.",,"{""4. Изписване на чужд език"": ""DIDI 69 LTD"", ""7. Управители"": ""Димитър Николов Огорялков, Държава: БЪЛГАРИЯ"", ""23. Едноличен собственик на капитала"": ""Димитър Николов Огорялков, Държава: БЪЛГАРИЯ"", ""31. Размер"": ""25.56 €"", ""32. Внесен капитал"": ""25.56 €""}"
202712646,https://portal.registryagency.bg/CR/Reports/ActiveConditionTabResult?uic=202712646,"""ЕМ ДЖИ АКТИВ"" ЕООД",18.09.2026г.,202712646,,ЕМ ДЖИ АКТИВ,Еднолично дружество с ограничена отговорност,БЪЛГАРИЯ,"Област: Велико Търново, Община: Павликени","с. Караисен, п.к. 5230",бул./ул. ул. Шестнадесета № 12,"СЧЕТОВОДНО ОБСЛУЖВАНЕ НА БЪЛГАРСКИ ЮРИДИЧЕСКИ И ФИЗИЧЕСКИ ЛИЦА, ИЗГОТВЯНЕ НА СЧЕТОВОДНИ ОТЧЕТИ ПО ИЗИСКВАНИЯТА НА МСС, СЧЕТОВОДНИ КОНСУЛТАЦИИ, ОРГАНИЗИРАНЕ НА СЧЕТОВОДНО ОТЧИТАНЕ И СЪСТАВЯНЕ НА ГОДИШНИ, МЕЖДИННИ И ДРУГИ ФИНАНСОВИ ОТЧЕТИ, СЧЕТОВОДЕН КОТРОЛ, ДАНЪЧНИ КОНСУЛТАЦИИ, ОБЩОИКОНОМИЧЕСКИ КОНСУЛТАЦИИ, РАЗРАБОТКА НА ИНВЕСТИЦИОННИ ПРОЕКТИ И БИЗНЕСПЛАНОВЕ ОТ МАЛЪК И СРЕДЕН МАЩАБ, ИЗГОТВЯНЕ НА БИЗНЕСПЛАНОВЕ ИЛИ ИКОНОМИЧЕСКИ ОБОСНОВКИ, ПОДГОТОВКА НА ДОКУМЕНТИ ПРИ КАНДИДАСТВАНЕ ЗА ОБОРОТНИ И ИНВЕСТИЦИОННИ КРЕДИТИ, ФИНАНСОВИ АНАЛИЗИ НА ФИРМИ И КОНСУЛТИРАНЕ ПО ДЕЙСТВИЯ ЗА ТЯХНОТО ОЗДРАВЯВАНЕ И СТАБИЛИРЗИРАНЕ И ДРУГИ ДЕЙНОСТИ И УСЛУГИ НЕЗАБРАНЕНИ СЪС ЗАКОН.",,"{""4. Изписване на чужд език"": ""MJ AKTIV"", ""6а. Основна дейност по НКИД"": ""Група по НКИД: 6920\nКлас по НКИД: СЧЕТОВОДНИ И ОДИТОРСКИ ДЕЙНОСТИ"", ""7. Управители"": ""МИРОСЛАВА ПЕТКОВА ЖЕКОВА, Държава: БЪЛГАРИЯ"", ""23. Едноличен собственик на капитала"": ""МИРОСЛАВА ПЕТКОВА ЖЕКОВА, Държава: БЪЛГАРИЯ"", ""31. Размер"": ""1.02 €"", ""32. Внесен капитал"": ""1.02 €""}"
202712653,https://portal.registryagency.bg/CR/Reports/ActiveConditionTabResult?uic=202712653,"""САВЕНКО"" ЕООД",18.09.2026г.,202712653,,САВЕНКО,Еднолично дружество с ограничена отговорност,БЪЛГАРИЯ,"Област: София (столица), Община: Столична","гр. София, п.к. 1309","р-н Илинден, ж.к. ИЛИНДЕН, бл. 54, вх. В, ет. 5, ап. 46","ПРОИЗВОДСТВО, ДЕКОРАЦИЯ И ПРОДАЖБА НА ТОРТИ И СЛАДКАРСКИ ИЗДЕЛИЯ, ОРГАНИЗИРАНЕ И ПРОВЕЖДАНЕ НА КУРСОВЕ ПО ДЕКОРАЦИЯ НА ТОРТИ, ТЪРГОВСКА ДЕЙНОСТ, КАКТО И ВСЯКА ДРУГА ДЕЙНОСТ, НЕЗАБРАНЕНА ОТ ЗАКОНА.",,"{""4. Изписване на чужд език"": ""SAVENKO LTD"", ""7. Управители"": ""АННА САВЕНКО, Държава: БЪЛГАРИЯ"", ""23. Едноличен собственик на капитала"": ""АННА САВЕНКО, Държава: БЪЛГАРИЯ"", ""31. Размер"": ""1.02 €"", ""32. Внесен капитал"": ""1.02 €""}"
202712660,https://portal.registryagency.bg/CR/Reports/ActiveConditionTabResult?uic=202712660,"""Хелп Кълекшън"" ООД",18.09.2026г.,202712660,,Хелп Кълекшън,Дружество с ограничена отговорност,БЪЛГАРИЯ,"Област: София (столица), Община: Столична","гр. София, п.к. 1517","ж.к. Суха река, бл. 35, ет. 2, ап. 16","Управление на активи по занятие, събиране на вземания (без принудително изпълнение като държавен или частен съдебен изпълнител) и всички разрешени от закона дейности.",,"{""4. Изписване на чужд език"": ""Help Collection"", ""7. Управители"": ""АСЕН ПЕТРОВ БЕНЧЕВ, Държава: БЪЛГАРИЯ"", ""19. Съдружници"": ""АСЕН ПЕТРОВ БЕНЧЕВ, Държава: БЪЛГАРИЯ, Размер на дяловото участие: 102.00 лв.\nДЕСИСЛАВА РУМЕНОВА КАЛОЯНОВА, Държава: БЪЛГАРИЯ, Размер на дяловото участие: 21.00 лв.\nВЕНИСЛАВА ВЕНЦИСЛАВОВА АЛЕКСАНДРОВА, Държава: БЪЛГАРИЯ, Размер на дяловото участие: 77.00 лв."", ""31. Размер"": ""102.26 €"", ""32. Внесен капитал"": ""102.26 €""}"
202198472,https://portal.registryagency.bg/CR/Reports/ActiveConditionTabResult?uic=202198472,"ЕТ ""ВЕНЕЛИН ЛАКОВ""",18.09.2026г.,202198472,,ВЕНЕЛИН ЛАКОВ,Едноличен търговец,БЪЛГАРИЯ,"Област: София (столица), Община: Столична","гр. София, п.к. 1330","р-н Красна поляна, ж.к. КРАСНА ПОЛЯНА, бл. 244, вх. А, ет. 8, ап. 24 Телефон: 0894779989, Адрес на електронна поща: VASILEV ET@MAIL.BG","АВТОСЕРВИЗНА, АВТОРЕМОНТНА ДЕЙНОСТ, ДИАГНОСТИКА НА АВТОМОБИЛИ, АВТО-ТЕНЕКЕДЖИЙСТВО И АВТО-БОЯДЖИЙСКИ УСЛУГИ, ВЪТРЕШНО-ОБЩНОСТНИ ДОСТАВКИ И ПРИДОБИВАНИЯ, ВНОС И ИЗНОС НА УПОТРЕБЯВАНИ И НОВИ АВТОМОБИЛИ, ТРАНСПОРТНА, СПЕДИЦИОННА, КОМИСИОННА, ПРЕВОЗНА ДЕЙНОСТ И ТЪРГОВСКА ДЕЙНОСТ, КАКТО И ВСЯКА ДРУГА ДЕЙНОСТ, ЗА КОЯТО НЯМА ЗАБРАНА СЪС ЗАКОН.",ВЕНЕЛИН ЛАКОВ ВАСИЛЕВ,
202198481,https://portal.registryagency.bg/CR/Reports/ActiveConditionTabResult?uic=202198481,"ЕТ ""РУЖДИ СЕЙФЕТИНОВ - ФЕТИН""",18.09.2026г.,202198481,,РУЖДИ СЕЙФЕТИНОВ - ФЕТИН,Едноличен търговец,БЪЛГАРИЯ,"Област: Русе, Община: Ветово","с. Смирненски, п.к. 7074",бул./ул. АНГЕЛ КЪНЧЕВ № 6,"ИЗВЪРШВАНЕ НА ТРАНСПОРТНИ УСЛУГИ С ЛЕК И ТОВАРЕН ПРЕВОЗ, СДЕЛКИ ДИСТРИБУТУРСТВО И ТЪРГОВИЯ С ХРАНИТЕЛНИ И ПРОМИШЛЕНИ СТОКИ, ТЪРГОВИЯ С ЖИВОТИНСКА ПРОДУКЦИЯ И ЖИВИ ЖИВОТНИ, ТЪРГОВИЯ СЪС СЕЛСКОСТОПАНСКА ПРОДУКЦИЯ, ПРОДАЖБА НА СТОКИ ОТ СОБСТВЕНО ПРОИЗВОДСТВО, КОМИСИОННИ СПЕДИЦИОННИ СКЛАДОВЕ, ХОТЕЛИЕРСТВО И РЕСТОРАНТЬОРСТВО, ОТГЛЕЖДАНЕ И ОБУЧЕНИЕ НА СЪСТЕЗАТЕЛНИ КОНЕ И ТЪРГОВИЯ С ТЯХ. КОНСУЛТАНСКА И ПОСРЕДНИЧЕСКА ДЕЙНОСТ И ИЗВЪРШВАНЕ НА ВСЯКА ДРУГА ДЕЙНОСТ, КОЯТО НЕ Е ЗАБРАНЕНА ОТ ЗАКОНА. ЛИЦЕНЗИОННИТЕ ДЕЙНОСТИ ЩЕ СЕ ОСЪЩЕСТВЯВАТ СЛЕД ПОЛУЧАВЕНЕ НА СЪОТВЕТНИТЕ ЛИЦЕНЗИИ.",РУЖДИ СЕЙФЕТИНОВ САБРИЕВ,
202198497,https://portal.registryagency.bg/CR/Reports/ActiveConditionTabResult?uic=202198497,"""ЕМ ДЖИ БЕТ"" ЕООД",18.09.2026г.,202198497,,ЕМ ДЖИ БЕТ,Еднолично дружество с ограничена отговорност,БЪЛГАРИЯ,"Област: Варна, Община: Варна","гр. Варна, п.к. 9002","р-н Приморски, бул./ул. ул. Люлебургаз, бл. 1, вх. Г, ап. 81","ТЪРГОВСКА ДЕЙНОСТ В СТРАНАТА И ЧУЖБИНА, ПОКУПКА НА СТОКИ И ВЕЩИ С ЦЕЛ ПРОДАЖБА В ПЪРВОНАЧАЛЕН, ПРЕРАБОТЕН ИЛИ ОБРАБОТЕН ВИД; ПРОИЗВОДСТВО НА СТОКИ, ПРОДАЖБА; ХОТЕЛИЕРСТВО, ЕКСКУРЗИИ, РЕСТОРАНТЬОРСТВО, ТЪРГОВСКО ПРЕДСТАВИТЕЛСТВО, ПОСРЕДНИЧЕСТВО; ТРАНСПОРТНА ДЕЙНОСТ НА ТЕРИТОРИЯТА НА Р.БЪЛГАРИЯ И НА ТЕРИТОРИЯТА НА ДРУГИ СТРАНИ; СПЕДИТОРСКА ДЕЙНОСТ; РЕКЛАМНА ДЕЙНОСТ; ЛИЗИНГ; КОНСУЛТАНТСКА ДЕЙНОСТ; ПОСРЕДНИЧЕСТВО ПРИ ПОКУПКО-ПРОДАЖБА ИЛИ ЗАМЕНИ НА НЕДВИЖИМИ ИМОТИ В НЕЗАВЪРШЕН, ПОЛУЗАВЪРШЕН И ЗАВЪРШЕН ВИД; СТРОИТЕЛСТВО И СТРОИТЕЛНО-РЕМОНТНА ДЕЙНОСТ; СПОРТНО ЗАНИМАТЕЛНИ, ЗАБАВНИ И АТРАКЦИОННИ ДЕЙНОСТИ; ОРГАНИЗИРАНЕ НА ХАЗАРТНИ ИГРИ СЛЕД ЛИЦЕНЗИРАНЕ ОТ ДЪРЖАВНАТА КОМИСИЯ ПО ХАЗАРТА; БУКМЕЙКЪРСКА ДЕЙНОСТ;",,"{""4. Изписване на чужд език"": ""MG BET LTD."", ""7. Управители"": ""МАРИЯ ДОБРЕВА АНДРЕЕВА, Държава: БЪЛГАРИЯ"", ""23. Едноличен собственик на капитала"": ""МАРИЯ ДОБРЕВА АНДРЕЕВА, Държава: БЪЛГАРИЯ"", ""31. Размер"": ""25.56 €"", ""32. Внесен капитал"": ""25.56 €""}"
202198508,https://portal.registryagency.bg/CR/Reports/ActiveConditionTabResult?uic=202198508,"""Класик Инвест Пропърти"" ЕООД",18.09.2026г.,202198508,,Класик Инвест Пропърти,Еднолично дружество с ограничена отговорност,БЪЛГАРИЯ,"Област: Пловдив, Община: Пловдив","гр. Пловдив, п.к. 4017","р-н Източен, бул./ул. бул. Източен № 28, ет. 4, ап. 24","ПОСРЕДНИЧЕСКА ДЕЙНОСТ ПРИ ПОКУПКА, ПРОДАЖБА И НАЕМ НА НЕДВИЖИМИ ИМОТИ, БРОКЕРСКИ ПРОДУКТИ И УСЛУГИ ПО ТЪРГОВИЯ С НЕДВИЖИМИ ИМОТИ, ТЪРГОВИЯ С НЕДВИЖИМИ ИМОТИ, КОНСУЛТАНТСКИ УСЛУГИ ВКЛЮЧИТЕЛНО ПО ПРИДОБИВАНЕ НА НЕДВИЖИМИ ИМОТИ, ДОБИВАНЕ, ПРЕРАБОТВАНЕ И СДЕЛКИ С БЛАГОРОДНИ МЕТАЛИ И СКЪПОЦЕННИ КАМЪНИ И ИЗДЕЛИЯТА СЪС И ОТ ТЯХ /СЛЕД СЪОТВЕТНАТА РЕГИСТРАЦИЯ/, ПРОДАЖБА НА АЛКОХОЛ, ПРОИЗВОДНИТЕ МУ СПИРТНИ НАПИТКИ И ЦИГАРИ /СЛЕД СЪОТВЕТНОТО РАЗРЕШЕНИЕ/, ПОСРЕДНИЧЕСКИ УСЛУГИ ПРИ ИНФОРМИРАНЕ И НАЕМАНЕ НА РАБОТА В СТРАНАТА И ЧУЖБИНА /СЛЕД ПОЛУЧАВАНЕ НА РАЗРЕШЕНИЕ/, ОБУЧЕНИЕ ЗА ПРОФЕСИОНАЛНА КВАЛИФИКАЦИЯ С ЦЕЛ РЕАЛИЗИРАНЕ НА ДОХОДИ В СТРАНАТА И ЧУЖБИНА, ТРАНСПОРТА ДЕЙНОСТ В СТРАНАТА И ЧУЖБИНА, ПРОДАЖБА НА СТОКИ В ПЪРВОНАЧАЛЕН, ПРЕРАБОТЕН ИЛИ ОБРАБОТЕН ВИД, КОМИСИОННА, СКЛАДОВА, ЛИЗИНГОВА, ТЪРГОВСКА, ХОТЕЛИЕРСКА ДЕЙНОСТ, РЕЕКСПОРТ, ТУРИЗЪМ, ИЗВЪРШВАНЕ НА ПРОЕКТАНТСКИ УСЛУГИ И СТРОИТЕЛНА ДЕЙНОСТ, ТЪРГОВСКО ПРЕДСТАВИТЕЛСТВО НА МЕСТНИ И ЧУЖДЕСТРАННИ ЛИЦА, ПРЕДОСТАВЯНЕ НА ВСЯКАКЪВ ВИД УСЛУГИ И ИЗВЪРШВАНЕ НА ВСЯКАКВИ ДРУГИ ДЕЙНОСТИ, НЕЗАБРАНЕНИ ОТ ЗАКОНА.",,"{""4. Изписване на чужд език"": ""Classic Invest Property Ltd."", ""6а. Основна дейност по НКИД"": ""Група по НКИД: 68.31\nКлас по НКИД: Дейност на агенции за недвижими имоти"", ""7. Управители"": ""ВАНЯ КОЛЕВА СТАВРЕВА, Държава: БЪЛГАРИЯ"", ""23. Едноличен собственик на капитала"": ""ВАНЯ КОЛЕВА СТАВРЕВА, Държава: БЪЛГАРИЯ"", ""31. Размер"": ""51.13 €"", ""32. Внесен капитал"": ""51.13 €""}"
202198515,https://portal.registryagency.bg/CR/Reports/ActiveConditionTabResult?uic=202198515,"""ЕКОБЛОК 12"" ЕООД",18.09.2026г.,202198515,,ЕКОБЛОК 12,Еднолично дружество с ограничена отговорност,БЪЛГАРИЯ,"Област: Ямбол, Община: Ямбол","гр. Ямбол, п.к. 8600",бул./ул. Ямболен № 135,"Изпълнение на инвестиционни проекти в пътното строителство, транспортни, изкопни и насипни работи, други услуги със специализирана строителна и транспортна техника и механизация, добив, транспорт и продажба на каменни фракции и други инертни материали, покупка на стоки или други вещи с цел препродажба в първоначален, преработен или обработен вид; продажба на стоки от собствено производство; търговско представителство и посредничество; комисионни сделки; друга търговска дейност, незабранена със закон.",,"{""4. Изписване на чужд език"": ""ECOBLOK 12 Ltd."", ""5а. Адрес за кореспонденция с НАП на територията на страната"": ""Държава: БЪЛГАРИЯ\nОбласт: Ямбол, Община: Ямбол\nНаселено място: гр. Ямбол, п.к. 8600\nбул./ул. Ямболен № 135"", ""6а. Основна дейност по НКИД"": ""Група по НКИД: 42.11\nКлас по НКИД: Строителство на автомагистрали, пътища и самолетни писти"", ""7. Управители"": ""Иван Господинов Писарски, Държава: БЪЛГАРИЯ"", ""23. Едноличен собственик на капитала"": ""Иван Господинов Писарски, Държава: БЪЛГАРИЯ"", ""31. Размер"": ""102.26 €"", ""32. Внесен капитал"": ""102.26 €""}"
203548993,https://portal.registryagency.bg/CR/Reports/ActiveConditionTabResult?uic=203548993,"""Есетере България"" ЕООД",18.09.2026г.,203548993,,Есетере България,Еднолично дружество с ограничена отговорност,БЪЛГАРИЯ,"Област: Добрич, Община: Добрич","гр. Добрич, п.к. 9300",бул./ул. Дванадесета № 12,"Закупуване на недвижими имоти, включително земеделски земи; изграждане на дестилерия; покупка на суровини и селскостопански материали; отдаване под наем на недвижими имоти; износ на готови етерични масла, както и всякаква друга дейност, разрешена от закона (след получаване на съответните лицензи или разрешения, когато такива се изискват).",,"{""4. Изписване на чужд език"": ""Esseterre Bulgaria"", ""7. Управители"": ""Иван Димитров Митев, Държава: БЪЛГАРИЯ"", ""23. Едноличен собственик на капитала"": ""\""доТера Ентърпрайзис” С.а.р.л., Идентификация В 177273, Чуждестранно юридическо лице, Държава: ЛЮКСЕМБУРГ"", ""31. Размер"": ""30677.00 €"", ""32. Внесен капитал"": ""30677.00 €""}"
203549006,https://portal.registryagency.bg/CR/Reports/ActiveConditionTabResult?uic=203549006,"""ХОУМ ДООРС"" ООД",18.09.2026г.,203549006,,ХОУМ ДООРС,Дружество с ограничена отговорност,БЪЛГАРИЯ,"Област: София (столица), Община: Столична","гр. София, п.к. 1309","р-н Илинден, ж.к. Света Троица, бл. 325, вх. А, ет. 4, ап. 10","Производство, продажба, монтаж и сервиз на врати за жилищни, офис и промишлени сгради; внос и дистрибуция на врати, в това число: вътрешни интериорни врати, външни входни врати и пожароустойчиви врати; продажба на стоки собствено производство, търговско представителство и посредничество, комисионни, спедиционни и превозни сделки, складови сделки, както и всяка друга търговска дейност, която не е забранена от закона.",,"{""4. Изписване на чужд език"": ""HOME DOORS"", ""7. Управители"": ""ИВАН ИВОВ ХРИСТОВ, Държава: БЪЛГАРИЯ\nВЕСЕЛА ЦВЕТОСЛАВОВА ЙОТОВА, Държава: БЪЛГАРИЯ"", ""11. Начин на представляване"": ""по друг начин:\nЗАЕДНО И ПООТДЕЛНО"", ""17. Специални условия"": ""Безсрочно"", ""19. Съдружници"": ""ИВАН ИВОВ ХРИСТОВ, Държава: БЪЛГАРИЯ, Размер на дяловото участие: 10.00 лв.\nВЕСЕЛА ЦВЕТОСЛАВОВА ЙОТОВА, Държава: БЪЛГАРИЯ, Размер на дяловото участие: 10.00 лв."", ""31. Размер"": ""10.23 €"", ""32. Внесен капитал"": ""10.23 €""}"
203549013,https://portal.registryagency.bg/CR/Reports/ActiveConditionTabResult?uic=203549013,"""ЕМ ДЖИ БРАДЪРС"" ЕООД",18.09.2026г.,203549013,,ЕМ ДЖИ БРАДЪРС,Еднолично дружество с ограничена отговорност,БЪЛГАРИЯ,"Област: Търговище, Община: Търговище","гр. Търговище, п.к. 7700","ж.к. кв. Запад, бл. 32, вх. А, ет. 2, ап. 4","почистване на автомобили, офиси и домове; инсталиране, ремонт и поддръжка на вендинг автомати; авторемонтни услуги; производство и търговия с промишлени, хранителни, селскостопански, битови стоки; ресторантьорство; хотелиерство, рекламна дейност и всички други търговски дейности, незабранени от закона",,"{""6а. Основна дейност по НКИД"": ""Група по НКИД: 81.29\nКлас по НКИД: Други дейности по почистване"", ""7. Управители"": ""ГЕОРГИ ХРИСТОВ ДИМИТРОВ, Държава: БЪЛГАРИЯ"", ""23. Едноличен собственик на капитала"": ""ГЕОРГИ ХРИСТОВ ДИМИТРОВ, Държава: БЪЛГАРИЯ"", ""31. Размер"": ""255.65 €"", ""32. Внесен капитал"": ""255.65 €""}"
203549020,https://portal.registryagency.bg/CR/Reports/ActiveConditionTabResult?uic=203549020,"""Емоушън тайм"" ЕООД",18.09.2026г.,203549020,,Емоушън тайм,Еднолично дружество с ограничена отговорност,БЪЛГАРИЯ,"Област: Пазарджик, Община: Панагюрище","гр. Панагюрище, п.к. 4500",бул./ул. КНЯЗ БОРИС I № 42,"Търговия и посредничество с медицински изделия, технически помощни средства и приспособления за хората с увреждания. Покупка на всякакви стоки с цел продажба в първоначален или обработен вид. Погребални услуги, организиране и провеждане на погребения, траурни церемонии и ритуали, транспортиране на покойници. Внос-износ. Комисионни, спедиционни и превозни сдлеки. Търговско представителство и посредничество. Лизинг, както и всички други търговски дейности, незабранени от закона.",,"{""7. Управители"": ""ЗОЯ АСЕНОВА ЗАХАРИЕВА, Държава: БЪЛГАРИЯ"", ""23. Едноличен собственик на капитала"": ""КАТЕРИНА ЛУКОВА ПРЕДЬОВА, Държава: БЪЛГАРИЯ"", ""31. Размер"": ""1.02 €"", ""32. Внесен капитал"": ""1.02 €""}"
203549038,https://portal.registryagency.bg/CR/Reports/ActiveConditionTabResult?uic=203549038,"""АВТОБРОКЕРИ"" ЕООД",18.09.2026г.,203549038,,АВТОБРОКЕРИ,Еднолично дружество с ограничена отговорност,БЪЛГАРИЯ,"Област: Хасково, Община: Димитровград","гр. Димитровград, п.к. 6400",бул./ул. ул. Димчо Дебелянов № 19,"Покупка на стоки и други вещи с цел да ги препродаде в първоначален, преработен или обработен вид, продажба на стоки от собствено производство, търговско представителство и посредничество; комисионни, превозни и спедиционни сделки, складови сделки, стоков контрол, сделки с интелектуална собственост, хотелиерски, туристически, рекламни, информационни, програмни, импресарски услуги; ресторантьорство, санитарно-хигиенно поддържане и други услуги, свързани с ресторантьорство и хотелиерство, производство и продажба на студени и топли закуски и ястия; покупко-продажби, строеж, обзавеждане на недвижими имоти, дървопреработване и производство на мебели, превоз на стоки и товари в страната и чужбина; внос и покупко-продажба на автомобили, както и всяка друга дейност не забранена изрично от закона.",,"{""4. Изписване на чужд език"": ""AUTOBROKERS Ltd"", ""5а. Адрес за кореспонденция с НАП на територията на страната"": ""Държава: БЪЛГАРИЯ\nОбласт: Хасково, Община: Димитровград\nНаселено място: гр. Димитровград, п.к. 6400\nбул./ул. ул. Димчо Дебелянов № 19"", ""7. Управители"": ""ДИМИТЪР СЛАВЧЕВ СОТИРОВ, Държава: БЪЛГАРИЯ"", ""23. Едноличен собственик на капитала"": ""ДИМИТЪР СЛАВЧЕВ СОТИРОВ, Държава: БЪЛГАРИЯ"", ""31. Размер"": ""102.26 €"", ""32. Внесен капитал"": ""102.26 €""}"
203731507,https://portal.registryagency.bg/CR/Reports/ActiveConditionTabResult?uic=203731507,"""ДИАНА КИСЬОВА"" ЕООД",18.09.2026г.,203731507,,ДИАНА КИСЬОВА,Еднолично дружество с ограничена отговорност,БЪЛГАРИЯ,"Област: Бургас, Община: Бургас","гр. Бургас, п.к. 8000","ж.к. ИЗГРЕВ, бл. 39, вх. 10, ет. 4, ап. .","ПОКУПКО - ПРОДАЖБА НА ЛЕКАРСТВЕНИ ПРОДУКТИ, ПРЕВЪРЗОЧНИ И САНИТАРНИ МАТЕРИАЛИ, ИНСТРУМЕНТИ, УРЕДИ И ПОСОБИЯ ЗА МЕДИЦИНСКИ ЦЕЛИ, ХРАНИТЕЛНИ ДОБАВКИ И БИЛКИ, ПOKУПKA HA CTOKИ ИЛИ ДPУГИ BEЩИ C ЦEЛ ПРОДАЖБА B ПЪPBOHAЧAЛEH, ПPEPAБOTEH ИЛИ OБPAБOTEH BИД, ПPOДAЖБA HA CTOKИ OT COБCTBEHO ПPOИЗBOДCTBO, TЪPГOBCKO ПPEДCTABИTEЛCTBO И ПOCPEДHИЧECTBO, KOMИCИOHHИ, CПEДИЦИOHHИ И ПPEBOЗHИ CДEЛKИ, CKЛAДOBИ CДEЛKИ, СТОКОВ КОНТРОЛ, CДEЛKИ C ИHTEЛEKTУAЛHA COБCTBEHOCT, КОНСУЛТАНТСКИ УСЛУГИ, РЕКЛАМНИ, ИНФОРМАЦИОННИ, ПРОГРАМНИ И ИМПРЕСАРСКИ УСЛУГИ.",,"{""4. Изписване на чужд език"": ""DIANA KISYOVA Ltd."", ""6а. Основна дейност по НКИД"": ""Група по НКИД: 47.73\nКлас по НКИД: Търговия на дребно с лекарства и други фармацевтични стоки"", ""7. Управители"": ""ДИАНА ДИМОВА КИСЬОВА, Държава: БЪЛГАРИЯ"", ""23. Едноличен собственик на капитала"": ""ДИАНА ДИМОВА КИСЬОВА, Държава: БЪЛГАРИЯ"", ""31. Размер"": ""51.13 €"", ""32. Внесен капитал"": ""51.13 €""}"
203731514,https://portal.registryagency.bg/CR/Reports/ActiveConditionTabResult?uic=203731514,"""АЛФА ХОУМ БЪЛГАРИЯ"" ЕООД",18.09.2026г.,203731514,,АЛФА ХОУМ БЪЛГАРИЯ,Еднолично дружество с ограничена отговорност,БЪЛГАРИЯ,"Област: Благоевград, Община: Благоевград","гр. Благоевград, п.к. 2700",бул./ул. СЕРГЕЙ РУМЯНЦЕВ № 1,"АГЕНЦИЯ ЗА НЕДВИЖИМИ ИМОТИ, ПРОИЗВОДСТВО НА СТОКИ, ПОКУПКА НА СТОКИ ИЛИ ДРУГИ ВЕЩИ С ЦЕЛ ПРЕПРОДАЖБА В ПЪРВОНАЧАЛЕН, ПРЕРАБОТЕН ИЛИ ОБРАБОТЕН ВИД, ТЪРГОВСКО ПРЕДСТАВИТЕЛСТВО И ПОСРEДНИЧЕСТВО, КОМИСИОННИ, СПЕДИЦИОННИ, СКЛАДОВИ, ИНФОРМАЦИОННИ И РЕКЛАМНИ СДЕЛКИ И УСЛУГИ, КАКТО И ВСЯКАКВИ СДЕЛКИ, КОИТО НЕ СА ЗАБРАНЕНИ СЪС ЗАКОН.",,"{""4. Изписване на чужд език"": ""ALFA HOME BULGARIA LTD"", ""5а. Адрес за кореспонденция с НАП на територията на страната"": ""Държава: БЪЛГАРИЯ\nОбласт: Благоевград, Община: Благоевград\nНаселено място: гр. Благоевград, п.к. 2700\nбул./ул. СЕРГЕЙ РУМЯНЦЕВ № 1"", ""7. Управители"": ""ДИМИТРА КОНСТАНТИНОС БУРДУВАЛИ, Държава: ГЪРЦИЯ"", ""23. Едноличен собственик на капитала"": ""ДИМИТРА КОНСТАНТИНОС БУРДУВАЛИ, Държава: ГЪРЦИЯ"", ""31. Размер"": ""5.11 €"", ""32. Внесен капитал"": ""5.11 €""}"
203731521,https://portal.registryagency.bg/CR/Reports/ActiveConditionTabResult?uic=203731521,"""ЕМ ДЖИ БЮТИ СТИЛ"" ООД",18.09.2026г.,203731521,,ЕМ ДЖИ БЮТИ СТИЛ,Дружество с ограничена отговорност,БЪЛГАРИЯ,"Област: Русе, Община: Русе","гр. Русе, п.к. 7000","бул./ул. ул.ЗОРНИЦА № 5, вх. 4, ет. 3, ап. 7","Козметични и бръснаро-фризьорски, аниматорски и спа услуги; декораторство; търговия на едро и дребно; внос и износ на промишлени стоки и изделия; търговско и друго представителство и агентство на местни и чуждестранни фирми; маркетинг и реклама на стоки и услуги; изработка на облекла и аксесоари, както и всяка друга дейност, незабранена със закон.",,"{""4. Изписване на чужд език"": ""MG BEAUTY STYLE LTD"", ""5а. Адрес за кореспонденция с НАП на територията на страната"": ""Държава: БЪЛГАРИЯ\nОбласт: Русе, Община: Русе\nНаселено място: гр. Русе, п.к. 7000\nбул./ул. ул.ЗОРНИЦА № 5, вх. 4, ет. 3, ап. 7"", ""7. Управители"": ""Мейлин Гюнярова Ахмед, Държава: БЪЛГАРИЯ\nАхмед Нуртин Ахмед, Държава: БЪЛГАРИЯ"", ""11. Начин на представляване"": ""поотделно"", ""19. Съдружници"": ""Ахмед Нуртин Ахмед, Държава: БЪЛГАРИЯ, Размер на дяловото участие: 1.00 лв.\nМейлин Гюнярова Ахмед, Държава: БЪЛГАРИЯ, Размер на дяловото участие: 1.00 лв."", ""31. Размер"": ""1.02 €"", ""32. Внесен капитал"": ""1.02 €""}"
203731539,https://portal.registryagency.bg/CR/Reports/ActiveConditionTabResult?uic=203731539,"""Приложни Информационни Системи"" ООД",18.09.2026г.,203731539,,Приложни Информационни Системи,Дружество с ограничена отговорност,БЪЛГАРИЯ,"Област: София (столица), Община: Столична","гр. София, п.к. 1404","р-н Триадица, ж.к. Стрелбище, бл. 27, вх. В, ет. 4, ап. 39 Адрес на електронна поща: office@prilsys.bg","Провеждане на научни изследвания и изпълнение на научни проекти в областта на информатиката и високите технологии; проектиране, производство и продажба на програмни продукти и системи, проектиране, производство и продажба на компютърни системи и мрежи; извършване на проектантски, консултантски, експертни и внедрителски услуги в областта на информатиката и високите технологии; популяризиране на достиженията на информатиката и високите технологии, организиране и провеждане на научни, научно-практически и практически конференции, симпозиуми, семинари и др. в областта на информатиката и високите технологии; търговско представителство и посредничество; издателска и рекламна дейност, покупко-продажба и други сделки с лицензи, ноу-хау, програмни продукти и други обекти на интелектуалната собственост, както и всяка друга търговска дейност, която не е забранена от закона.",,"{""4. Изписване на чужд език"": ""Prilozhni Informatsionni Sistemi OOD"", ""5а. Адрес за кореспонденция с НАП на територията на страната"": ""Държава: БЪЛГАРИЯ\nОбласт: София (столица), Община: Столична\nНаселено място: гр. София, п.к. 1404\nр-н Триадица\nбул./ул. ген. Кирил Ботев № 3, бл. 3, вх. офиси, ет. 1"", ""6а. Основна дейност по НКИД"": ""Група по НКИД: 58.29\nКлас по НКИД: Издаване на други програмни продукти"", ""7. Управители"": ""ИЛИЯ ГЕОРГИЕВ МИТОВ, Държава: БЪЛГАРИЯ\nЛЮБОМИР ВАСИЛЕВ МАКСИМОВ, Държава: БЪЛГАРИЯ\nГЕОРГИ ИЛИЕВ МИТОВ, Държава: БЪЛГАРИЯ"", ""11. Начин на представляване"": ""по друг начин:\nзаедно и/или поотделно"", ""19. Съдружници"": ""ИЛИЯ ГЕОРГИЕВ МИТОВ, Държава: БЪЛГАРИЯ, Размер на дяловото участие: 20000.00 лв.\nМЕТОДИ ГОРЯНОВ ВЛЪЧКОВ, Държава: БЪЛГАРИЯ, Размер на дяловото участие: 25000.00 лв.\nГЕОРГИ ИЛИЕВ МИТОВ, Държава: БЪЛГАРИЯ, Размер на дяловото участие: 2500.00 лв.\nЛЮБОМИР ВАСИЛЕВ МАКСИМОВ, Държава: БЪЛГАРИЯ, Размер на дяловото участие: 2500.00 лв."", ""31. Размер"": ""25564.59 €"", ""32. Внесен капитал"": ""25564.59 €""}"
203731546,https://portal.registryagency.bg/CR/Reports/ActiveConditionTabResult?uic=203731546,"""ВИЛИВО - 95"" ЕООД",18.09.2026г.,203731546,,ВИЛИВО - 95,Еднолично дружество с ограничена отговорност,БЪЛГАРИЯ,"Област: Велико Търново, Община: Горна Оряховица","гр. Горна Оряховица, п.к. 5100","бул./ул. ул. ""Добри Чинтулов"" № 9",Покупка на стоки или други вещи с цел препродажба в първоначален вид. Продажба на стоки от собствено производство. Внос и износ.Рекламни и информационни услуги. Както и всяка друга дейност незабранена от закона.,,"{""4. Изписване на чужд език"": ""VILIVO - 95"", ""7. Управители"": ""Велислава Георгиева Ботева, Държава: БЪЛГАРИЯ"", ""23. Едноличен собственик на капитала"": ""Велислава Георгиева Ботева, Държава: БЪЛГАРИЯ"", ""31. Размер"": ""25.56 €"", ""32. Внесен капитал"": ""25.56 €""}"
208727060,https://portal.registryagency.bg/CR/Reports/ActiveConditionTabResult?uic=208727060,"""Епок Джърнис"" ООД",18.09.2026г.,208727060,,Епок Джърнис,Дружество с ограничена отговорност,БЪЛГАРИЯ,"Област: София (столица), Община: Столична","гр. София, п.к. 1612","р-н Красно село, бул./ул. бул. „Цар Борис III“ № 107, ет. 7","Извършване на международна туроператорска и туристическа дейност, включително организиране и продажба на културни, поклоннически и индивидуално изготвени групови пътувания; изготвяне на туристически маршрути и програми; договаряне и координиране с хотели, местни доставчици, транспортни услуги и лицензирани екскурзоводи; управление на групов туризъм; предоставяне на услуги по управление, както и всяка друга дейност, незабранена от закона.",,"{""4. Изписване на чужд език"": ""Epoch Journeys"", ""7. Управители"": ""Ердал Вардарли, Държава: ТУРЦИЯ"", ""19. Съдружници"": ""Ердал Вардарли, Държава: ТУРЦИЯ, Размер на дяловото участие: 600.00 €\nЕмре Вардарли, Държава: ТУРЦИЯ, Размер на дяловото участие: 400.00 €"", ""31. Размер"": ""1000.00 €"", ""32. Внесен капитал"": ""1000.00 €""}"
203096068,https://portal.registryagency.bg/CR/Reports/ActiveConditionTabResult?uic=203096068,"""МИДАС 2014"" ЕООД",18.09.2026г.,203096068,,МИДАС 2014,Еднолично дружество с ограничена отговорност,БЪЛГАРИЯ,"Област: Варна, Община: Варна","гр. Варна, п.к. 9000","р-н Приморски, бул./ул. ул. Прилеп № 2, вх. 11, ет. 7, ап. 53","Търговия на едро и дребно, транспортна и спедиторска дейност, превозни сделки, туризъм, финансов мениджмънт и маркетинг, консултантска дейност, рекламна и издателска дейност, посредничество, комисионерство, дистрибуторство, търговско представителство, маркетинг и поддръжка на системи за електронна търговия, извършване на интернет търговия със стоки и услуги, извършване на дистанционни продажби чрез интернет магазин, разкриване на заведения и тяхната експлоатация, покупко-продажба на стоки или други вещи с цел препродажбата им в първоначален, преработен или обработен вид, внос, износ, реекспорт на такива стоки, търговско представителство и всяка друга търговска дейност, незабранена със закон или друг нормативен акт; дружеството ще извършва дейностите, включени в предмета му на дейност, за които със закон е предвиден разрешителен, лицензионен или регистрационен режим, само след получаване на съответното разрешение или регистрация; дружеството може да открива клонове и представителства и да участва в дружества с местни и чуждестранни лица в страната и чужбина.",,"{""4. Изписване на чужд език"": ""\""MIDAS 2014\"" Ltd."", ""7. Управители"": ""АНТОНИ ПАВЛОВ ТОНЕВ, Държава: БЪЛГАРИЯ"", ""23. Едноличен собственик на капитала"": ""Антони Павлов Тонев, Държава: БЪЛГАРИЯ"", ""31. Размер"": ""1.02 €"", ""32. Внесен капитал"": ""1.02 €""}"
203096075,https://portal.registryagency.bg/CR/Reports/ActiveConditionTabResult?uic=203096075,"""ВЕТ ОПТИМА"" ЕООД",18.09.2026г.,203096075,,ВЕТ ОПТИМА,Еднолично дружество с ограничена отговорност,БЪЛГАРИЯ,"Област: Шумен, Община: Шумен","гр. Шумен, п.к. 9700","бул./ул. Петър Парчевич № 54, ет. 3, ап. 6","Търговска дейност в страната и в чужбина, търговия с ветеринарномедицински препарати, лекарствени средства. Ветеринарномедицински услуги, амбулатория, клиника, кабинет, аптека. Търговия на едро и дребно със семена, фуражи, минерални торове, подобрители и продукти за растителна защита, както и всички други дейности, за които няма изрични законови забрани.",,"{""4. Изписване на чужд език"": ""VET OPTIMA LTD"", ""5а. Адрес за кореспонденция с НАП на територията на страната"": ""Държава: БЪЛГАРИЯ\nОбласт: Шумен, Община: Шумен\nНаселено място: гр. Шумен, п.к. 9700\nбул./ул. Петър Парчевич № 54, ет. 3, ап. 6"", ""6а. Основна дейност по НКИД"": ""Група по НКИД: 75.00\nКлас по НКИД: Ветеринарномедицинска дейност"", ""7. Управители"": ""Невена Василева Костадинова, Държава: БЪЛГАРИЯ"", ""23. Едноличен собственик на капитала"": ""Невена Василева Костадинова, Държава: БЪЛГАРИЯ"", ""31. Размер"": ""51.13 €"", ""32. Внесен капитал"": ""51.13 €""}"
203096082,https://portal.registryagency.bg/CR/Reports/ActiveConditionTabResult?uic=203096082,"""Ем Джи Грийн"" ООД",18.09.2026г.,203096082,,Ем Джи Грийн,Дружество с ограничена отговорност,БЪЛГАРИЯ,"Област: София (столица), Община: Столична","гр. София, п.к. 1618","ж.к. КРАСНО СЕЛО, бул./ул. Бр.Бъкстон, бл. 208, вх. E, ет. 8, ап. 21 Телефон: 0888238593, Адрес на електронна поща: lotos.1971@abv.bg","ПОКУПКА НА СТОКИ ИЛИ ДРУГИ ВЕЩИ С ЦЕЛ ДА ГИ ПРЕПРОДАДЕ В ПЪРВОНАЧАЛЕН, ПРЕРАБОТЕН ИЛИ ОБРАБОТЕН ВИД; ПРОДАЖБА НА СТОКИ ОТ СОБСТВЕНО ПРОИЗВОДСТВО; ТЪРГОВСКО ПРЕДСТАВИТЕЛСТВО И ПОСРЕДНИЧЕСТВО; КОМИСИОННИ, СПЕДИЦИОННИ И ПРЕВОЗНИ СДЕЛКИ; ТРАНСПОРТНИ СДЕЛКИ, СКЛАДОВИ СДЕЛКИ; ЛИЦЕНЗИОННИ СДЕЛКИ; СТОКОВ КОНТРОЛ; СДЕЛКИ С ИНТЕЛЕКТУАЛНА СОБСТВЕНОСТ; ХОТЕЛИЕРСКИ, ТУРИСТИЧЕСКИ, РЕКЛАМНИ, ИНФОРМАЦИОННИ, ПРОГРАМНИ, ИМПРЕСАРСКИ, РЕСТОРАНТЬОРСКИ ИЛИ ДРУГИ УСЛУГИ; ПОКУПКА, СТРОЕЖ ИЛИ ОБЗАВЕЖДАНЕ НА НЕДВИЖИМИ ИМОТИ С ЦЕЛ ПРОДАЖБА; ЛИЗИНГ.",,"{""4. Изписване на чужд език"": ""MG GREEN"", ""6а. Основна дейност по НКИД"": ""Група по НКИД:\nКлас по НКИД: ТЪРГОВИЯ"", ""7. Управители"": ""МАРИЯ СТЕФАНОВА ГЕОРГИЕВА, Държава: БЪЛГАРИЯ\nВаня Йорданова Димова, Държава: БЪЛГАРИЯ"", ""11. Начин на представляване"": ""по друг начин:\nзаедно и поотделно"", ""19. Съдружници"": ""МАРИЯ СТЕФАНОВА ГЕОРГИЕВА, Държава: БЪЛГАРИЯ, Размер на дяловото участие: 5.00 лв.\nВАНЯ ЙОРДАНОВА ДИМОВА, Държава: БЪЛГАРИЯ, Размер на дяловото участие: 5.00 лв."", ""31. Размер"": ""5.11 €"", ""32. Внесен капитал"": ""5.11 €""}"
203096092,https://portal.registryagency.bg/CR/Reports/ActiveConditionTabResult?uic=203096092,"""Функъл"" ЕООД",18.09.2026г.,203096092,,Функъл,Еднолично дружество с ограничена отговорност,БЪЛГАРИЯ,"Област: София (столица), Община: Столична","гр. София, п.к. 1408","р-н Триадица, бул./ул. Енос № 6, ет. партер, ап. помещение No. 5","Консултантски услуги, бизнес дизайн и маркетинг в страната и чужбина, комисионни сделки, външнотърговска и вътрешнотърговска дейност, както всяка друга дейност незабранена от закона",,"{""4. Изписване на чужд език"": ""Foonkle Ltd"", ""5а. Адрес за кореспонденция с НАП на територията на страната"": ""Държава: БЪЛГАРИЯ\nОбласт: София (столица), Община: Столична\nНаселено място: гр. София, п.к. 1408\nр-н Триадица\nбул./ул. Енос № 6, ет. партер, ап. помещение No. 5"", ""7. Управители"": ""Александър Гьотц, Държава: АВСТРИЯ"", ""23. Едноличен собственик на капитала"": ""Александър Гьотц, Държава: АВСТРИЯ"", ""31. Размер"": ""51.13 €"", ""32. Внесен капитал"": ""51.13 €""}"
205772506,https://portal.registryagency.bg/CR/Reports/ActiveConditionTabResult?uic=205772506,"""АВЕЯ КЛИЙН"" ЕООД",18.09.2026г.,205772506,,АВЕЯ КЛИЙН,Еднолично дружество с ограничена отговорност,БЪЛГАРИЯ,"Област: Варна, Община: Варна","гр. Варна, п.к. 9000","р-н Одесос, бул./ул. ул. Фредерик Кюри № 16, вх. Б, ет. 4, ап. 36","Извършване на цялостно външно и вътрешно почистване на битови, административни, промишлени и търговски обекти; Търговия на едро и дребно; Внос и износ; Търговско представителство и посредничество; Консултантски услуги; Покупка на стоки или други вещи с цел препродажба в първоначален, преработен или обработен вид; Превоз на пътници и товари след лиценз; Строителство и строително – ремонтни услуги и всяка друга търговска дейност, незабранена със закон или друг нормативен акт; дружеството ще извършва дейностите включени в предмета му на дейност, за които със закон е предвиден разрешителен, лицензионен или регистрационен режим, само след получаване на съответното разрешение или регистрация.",,"{""4. Изписване на чужд език"": ""AVEYA CLEAN LTD"", ""7. Управители"": ""Антон Янков Балев, Държава: БЪЛГАРИЯ"", ""23. Едноличен собственик на капитала"": ""Антон Янков Балев, Държава: БЪЛГАРИЯ"", ""31. Размер"": ""5.11 €"", ""32. Внесен капитал"": ""5.11 €""}"
205772513,https://portal.registryagency.bg/CR/Reports/ActiveConditionTabResult?uic=205772513,"""Нов живот - 2019"" ЕООД",18.09.2026г.,205772513,,Нов живот - 2019,Еднолично дружество с ограничена отговорност,БЪЛГАРИЯ,"Област: Плевен, Община: Кнежа","гр. Кнежа, п.к. 5835",бул./ул. Родопи № 1,"Разкриване на собствени търговски обекти включително и питейни заведения; производство на стоки с цел продажба, производство на сладкарски изделия, и търговия с тях, транспортни услуги в страната и чужбина, куриерски услуги, спедиторска и транспортна дейност, строителство и ремонтна дейност, производство и търговия със селскостопанска продукция, извършване на всякакъв вид агро-услуги, съхранение на селскостопанска продукция, външна и вътрешна търговия на едро и дребно с всякакъв вид стоки за промишлено и лично потребление, разрешени от закона; предприемаческа дейност; маркетингови проучвания и специализиран анализ на пазари и търговски предприятия; рекламна дейност; консултантска дейност; изготвяне на инвестиционни проекти; финансово - счетоводни услуги; представителство и посредничество на български и чуждестранни физически и юридически лица; разработка на информационни технологии и производствени иновации; покупко-продажба на недвижими имоти, както и всяка друга дейност незабранена от закона.",,"{""7. Управители"": ""Александра Илиянова Илиева, Държава: БЪЛГАРИЯ"", ""23. Едноличен собственик на капитала"": ""Александра Илиянова Илиева, Държава: БЪЛГАРИЯ"", ""31. Размер"": ""5.11 €"", ""32. Внесен капитал"": ""5.11 €""}"
205772520,https://portal.registryagency.bg/CR/Reports/ActiveConditionTabResult?uic=205772520,"""Мониерм 1994"" ЕООД",18.09.2026г.,205772520,,Мониерм 1994,Еднолично дружество с ограничена отговорност,БЪЛГАРИЯ,"Област: Пловдив, Община: Родопи","с. Бойково, п.к. 4103",бул./ул. улица Бойково № 1,"Обществено хранене ресторантьорство, закуски, кетъринг , обработка и търговия с всякакъв вид селскостопанска продукция, лизинг, производство на продукция и стоки за промишлеността и бита, търговия на дребно и едро, внос и износ, развлекателни услуги , посредническа дейност, хотелиерство както и всеки друг вид дейност незабранена със закон или друг нормативен акт.",,"{""4. Изписване на чужд език"": ""\""Мonierm 1994“ Ltd"", ""6а. Основна дейност по НКИД"": ""Група по НКИД: 56.10\nКлас по НКИД: Дейност на ресторанти и заведения за бързо обслужване"", ""7. Управители"": ""Едмона Стефчева Декова, Държава: БЪЛГАРИЯ"", ""23. Едноличен собственик на капитала"": ""Едмона Стефчева Декова, Държава: БЪЛГАРИЯ"", ""31. Размер"": ""1.02 €"", ""32. Внесен капитал"": ""1.02 €""}"
204453929,https://portal.registryagency.bg/CR/Reports/ActiveConditionTabResult?uic=204453929,"""ХАЙ ТРЕЙД КО"" ЕООД",18.09.2026г.,204453929,,ХАЙ ТРЕЙД КО,Еднолично дружество с ограничена отговорност,БЪЛГАРИЯ,"Област: София (столица), Община: Столична","гр. София, п.к. 1113","р-н Слатина, ж.к. _, бул./ул. Александър Жендов № 1, бл. _, вх. _, ет. 3, ап. 5","ПОКУПКА НА СТОКИ ИЛИ ДРУГИ ВЕЩИ С ЦЕЛ ПРОДАЖБА В ПЪРВОНАЧАЛЕН, ПРЕРАБОТЕН ИЛИ ОБРАБОТЕН ВИД; ПРОДАЖБА НА СТОКИ ОТ СОБСТВЕНО ПРОИЗВОДСТВО; ПОКУПКА, СТРОЕЖ ИЛИ ОБЗАВЕЖДАНЕ НА НЕДВИЖИМИ ИМОТИ С ЦЕЛ ПРОДАЖБА; ТЪРГОВСКО ПРЕДСТАВИТЕЛСТВО И ПОСРЕДНИЧЕСТВО; КОМИСИОННИ, СПЕДИТОРСКИ, ПРЕВОЗНИ, ЛИЦЕНЗИОННИ И СКЛАДОВИ СДЕЛКИ; ХОТЕЛИЕРСКИ, РЕСТОРАНТЬОРСКИ, ТУРОПЕРАТОРСКИ И ТУРАГЕНТСКИ УСЛУГИ; РЕКЛАМНИ, ИНФОРМАЦИОННИ, ПРОГРАМНИ, ИМПРЕСАРСКИ ИЛИ ДРУГИ УСЛУГИ; МАРКЕТИНГОВА, ЛИЗИНГОВА И КОНСУЛТАНТСКА ДЕЙНОСТ; СДЕЛКИ С ИНТЕЛЕКТУАЛНА СОБСТВЕНОСТ; КАКТО И ВСЯКАКВА ДРУГА ДЕЙНОСТ НЕЗАБРАНЕНА СЪС ЗАКОН",,"{""4. Изписване на чужд език"": ""HI TRADE CO ltd"", ""7. Управители"": ""Звонко Христовски, Държава: МАКЕДОНИЯ"", ""23. Едноличен собственик на капитала"": ""Звонко Христовски, Държава: БЪЛГАРИЯ"", ""31. Размер"": ""1.53 €"", ""32. Внесен капитал"": ""1.53 €""}"
204453936,https://portal.registryagency.bg/CR/Reports/ActiveConditionTabResult?uic=204453936,"""АТАНЕЛ ИНВЕСТ"" ЕАД",18.09.2026г.,204453936,,АТАНЕЛ ИНВЕСТ,Еднолично акционерно дружество,БЪЛГАРИЯ,"Област: София (столица), Община: Столична","гр. София, п.к. 1164","р-н Лозенец, бул./ул. бул. Драган Цанков № 12-16, ет. 3, ап. 13","Строителство, инженеринг, дизайн, търговско представителство и посредничество, консултантски услуги, внос и износ на стоки, вътрешна и външна търговия, сделки с интелектуална собственост, както и всяка друга дейност, която не е забранена от закона.",,"{""4. Изписване на чужд език"": ""ATANEL INVEST"", ""10. Представители"": ""АТАНАС СЛАВЕВ ТАБОВ, Държава: БЪЛГАРИЯ"", ""12. Съвет на директорите"": ""Дата на изтичане на мандата: 10.09.2025 г.\nНачин, по който се определя мандатът: съгласно Устава\nАТАНАС СЛАВЕВ ТАБОВ, Държава: БЪЛГАРИЯ\nАТАНИНС ИНВЕСТ АД, ЕИК/ПИК 831754860, Държава: БЪЛГАРИЯ\nФИК КОМПАС ООД, ЕИК/ПИК 104038686, Държава: БЪЛГАРИЯ"", ""23. Едноличен собственик на капитала"": ""АТАНИНС ИНВЕСТ, ЕИК/ПИК 831754860, Държава: БЪЛГАРИЯ"", ""31. Размер"": ""204000.00 €"", ""31а. Акции"": ""Акция:\nВид: обикновени поименни с право на глас , Брой акции: 400000, Номинална стойност: 0.51 €"", ""32. Внесен капитал"": ""204000.00 €""}"
203000527,https://portal.registryagency.bg/CR/Reports/ActiveConditionTabResult?uic=203000527,"""ЕМ ДЖИ ДЖУЛС"" ООД",18.09.2026г.,203000527,,ЕМ ДЖИ ДЖУЛС,Дружество с ограничена отговорност,БЪЛГАРИЯ,"Област: Пловдив, Община: Пловдив","гр. Пловдив, п.к. 4002","р-н Централен, бул./ул. ул. Войнишка слава № 37, ет. 2","Работа с благородни метали и скъпоценни камъни и изделия с и от тях, изpaбoткa, пpepaбoткa и peмонт нa издeлия oт блaгopoдни метaли, външнотърговски сделки c блaгopoдни метaли и cкъпоценнии камъни, изкупуванe и пpoдaжбa нa издeлия от блaгopoдни метaли и cкъпоценни камъни oт местно пpoизводство и oт внос /cлeд пoлучаване нa необходимите peгистрации и лицeнзии/, търговия на едро и дребно, покупка на стоки и други вещи с цел продажба в първоначален, преработен или обработен вид, търговска дейност /вкл. внос и износ/, производство и продажба на бижута от полу-скъпоценни естествени камъни, внос на материали /мъниста, мъниста от стомана и полу-съкпоценни камъни, метални и стоманени, елементи/, с цел ръчна изработка на бижута /гривни, колиета, обеци и аксесоари/, онлайн търговия с посочените изделия, ресторантьорство и хотелиерство, търговско представителство и посредничество, производство, изкупуване, преработка, съхранение и реализация на хранителни и промишлени стоки и предмети за бита, търговско представителство и агентство на български и чуждестранни физически и юридически лица в страната и чужбина; вътрешно и външнотърговска дейност – внос или износ на стоки, както и всяка друга дейност, незабранена от закон.",,"{""4. Изписване на чужд език"": ""MG JEWELS Ltd"", ""7. Управители"": ""ВЕНЦИСЛАВА ГЕОРГИЕВА ГЕРОВА, Държава: БЪЛГАРИЯ\nМАРГАРИТА СПАСОВА ГЕРОВА, Държава: БЪЛГАРИЯ"", ""11. Начин на представляване"": ""по друг начин:\nЗАЕДНО И ПООТДЕЛНО"", ""19. Съдружници"": ""ВЕНЦИСЛАВА ГЕОРГИЕВА ГЕРОВА, Държава: БЪЛГАРИЯ, Размер на дяловото участие: 5.00 лв.\nМАРГАРИТА СПАСОВА ГЕРОВА, Държава: БЪЛГАРИЯ, Размер на дяловото участие: 5.00 лв."", ""31. Размер"": ""5.11 €"", ""32. Внесен капитал"": ""5.11 €""}"
203000534,https://portal.registryagency.bg/CR/Reports/ActiveConditionTabResult?uic=203000534,"""СКАЙШОП БЪЛГАРИЯ"" ЕООД",18.09.2026г.,203000534,,СКАЙШОП БЪЛГАРИЯ,Еднолично дружество с ограничена отговорност,БЪЛГАРИЯ,"Област: София (столица), Община: Столична","гр. София, п.к. 1715","р-н Младост, бул./ул. бул. ""Околовръстен път"" № 251, бл. Ринг Тауър, ет. 6","Вътрешно и външно търговска дейност, импорт, експорт, реекспорт, рекламна дейност, вътрешен и международен туризъм, комплексно туристическо обслужване, резервации на самолетни и други билети, маркетингова дейност, спедиторска и транспортна дейност, търговско представителство, посредничество и комисионерство, както и всяка друга разрешена от закона търговска дейност.",,"{""4. Изписване на чужд език"": ""Skyshop Bulgaria"", ""7. Управители"": ""Александър Николаев Славов, Държава: БЪЛГАРИЯ"", ""23. Едноличен собственик на капитала"": ""„ЕС ВИ СКАЙСТАР ГРУП“ ООД, ЕИК/ПИК 205683317, Държава: БЪЛГАРИЯ"", ""31. Размер"": ""51.13 €"", ""32. Внесен капитал"": ""51.13 €""}"
203000541,https://portal.registryagency.bg/CR/Reports/ActiveConditionTabResult?uic=203000541,"""СТОЙКОВИ ФЕМИЛИ"" ЕООД",18.09.2026г.,203000541,,СТОЙКОВИ ФЕМИЛИ,Еднолично дружество с ограничена отговорност,БЪЛГАРИЯ,"Област: Благоевград, Община: Сандански","гр. Сандански, п.к. 2800","ж.к. Спартак, бл. 18, вх. Б, ет. 7, ап. 13","Покупка на стоки или други вещи с цел продажба в първоначален, преработен или обработен вид; Продажба на стоки собствено производство; Търговско представителство и посредничество; Комисионни, спедиционни и превозни сделки; Складови сделки; Лицензионни сделки; Стоков контрол; Сделки с интелектуална собственост; Хотелиерски, туристически, рекламни, информационни, програмни и импресарски услуги; Покупка, строеж или обзавеждане на недвижими имоти с цел продажба; Лизинг;",,"{""4. Изписване на чужд език"": ""STOYKOVI FAMILY"", ""7. Управители"": ""Валентин Вангелов Стойков, Държава: БЪЛГАРИЯ"", ""23. Едноличен собственик на капитала"": ""Валентин Вангелов Стойков, Държава: БЪЛГАРИЯ"", ""31. Размер"": ""10.23 €"", ""32. Внесен капитал"": ""10.23 €""}"
205255900,https://portal.registryagency.bg/CR/Reports/ActiveConditionTabResult?uic=205255900,"""ДАС ЮНАЙТЕД"" ЕООД",18.09.2026г.,205255900,,ДАС ЮНАЙТЕД,Еднолично дружество с ограничена отговорност,БЪЛГАРИЯ,"Област: Пловдив, Община: Пловдив","гр. Пловдив, п.к. 4004","р-н Южен, бул./ул. УЛ.НЕСТОР ИВАНОВ № 15","ВЪТРЕШНА И ВЪНШНА ТЪРГОВИЯ; ВНОС И ИЗНОС; БАРТЕРНИ СДЕЛКИ И РЕЕКСПОРТ; ПРОИЗВОДСТВО, ИЗКУПУВАНЕ, ПРЕРАБОТКА И ПРОДАЖБА НА ЕДРО И ДРЕБНО НА ХРАНИТЕЛНИ, ПРОМИШЛЕНИ И СЕЛСКОСТОПАНСКИ СТОКИ, СТОКИ ЗА БИТА И ДРУГИ ВЕЩИ; ПРОДАЖБА НА СТОКИ И УСЛУГИ ПО ИНТЕРНЕТ; РАЗКРИВАНЕ НА ЗАВЕДЕНИЯ ЗА ХРАНЕНЕ, КАФЕНЕТА И СЛАДКАРНИЦИ; ТЪРГОВСКО ПРЕДСТАВИТЕЛСТВО И ПОСРЕДНИЧЕСТВО; ТРАНСПОРТНА ДЕЙНОСТ; ИЗДАТЕЛСКА И РЕКЛАМНА ДЕЙНОСТ; ИЗВЪРШВАНЕ НА ЛИЦЕНЗИОННИ, СКЛАДОВИ, ЛИЗИНГОВИ, КОНСИГНАЦИОННИ, КОМИСИОННИ, СПЕДИЦИОННИ И ПРЕВОЗНИ СДЕЛКИ, НА ХОТЕЛИЕРСКИ, ТУРИСТИЧЕСКИ, ИНФОРМАЦИОННИ И КОНСУЛТАНТСКИ УСЛУГИ; ИЗВЪРШВАНЕ НА ВСЯКАКВИ ДРУГИ СДЕЛКИ И УСЛУГИ, КОИТО НЕ СА ЗАБРАНЕНИ ОТ ЗАКОНА.",,"{""4. Изписване на чужд език"": ""DAS UNITED LTD"", ""7. Управители"": ""МОХАМЕД АБДЕЛАЗИЗ ЕЛСАЙД МАХМУД, Държава: ЕГИПЕТ"", ""23. Едноличен собственик на капитала"": ""МОХАМЕД АБДЕЛАЗИЗ ЕЛСАЙД МАХМУД, Държава: ЕГИПЕТ"", ""31. Размер"": ""1.02 €"", ""32. Внесен капитал"": ""1.02 €""}"
205255918,https://portal.registryagency.bg/CR/Reports/ActiveConditionTabResult?uic=205255918,"""Сев - 2018"" ЕООД",18.09.2026г.,205255918,,Сев - 2018,Еднолично дружество с ограничена отговорност,БЪЛГАРИЯ,"Област: Кърджали, Община: Кърджали","гр. Кърджали, п.к. 6600","бул./ул. Ген. Делов № 2, вх. Б, ет. 6, ап. 23 Телефон: 0886495988","БУКМЕЙКЪРСКА ДЕЙНОСТ.ЗАЛАГАНИЯ И ХАЗАРТ. ТЪРГОВИЯ НА ЕДРО И ДРЕБНО С ХРАНИТЕЛНИ, ПРОМИШЛЕНИ И ДРУГИ СТОКИ,ПОКУПКА НА СТОКИ ИЛИ ДРУГИ ВЕЩИ С ЦЕЛ ПРОДАЖБА В ПЪРВОНАЧАЛЕН, ПРЕРАБОТЕН ИЛИ ОБРАБОТЕН ВИД, ПРОДАЖБА НА СТОКИ ОТ СОБСТВЕНО ПРОИЗВОДСТВО, ТЪРГОВИЯ В РЕСТОРАНТИ, КАФЕ-СЛАДКАРНИЦИ, БАРОВЕ И ДРУГИ ЗАВЕДЕНИЯ.ПРОДАЖБА НА ВСИЧКИ ВИДОВЕ БИЛЕТИ ЗА СТРАНАТА И ЧУЖБИНА;ТЪРГОВСКО ПРЕДСТАВИТЕЛСТВО И ПОСРЕДНИЧЕСТВО, КОМИСИОННИ, СПЕДИЦИОННИ И ПРЕВОЗНИ СДЕЛКИ;ХОТЕЛИЕРСКИ, ТУРИСТИЧЕСКИ, РЕКЛАМНИ, ПРОГРАМНИ, ИМПРЕСАРСКИ И ДРУГИ УСЛУГИ; СТРОИТЕЛСТВО И СТРОИТЕЛНО-МОНТАЖНИ ДЕЙНОСТИ,СТРОИТЕЛСТВО И ПРОДАЖБА НА НЕДВИЖИМИ ИМОТИ С ЦЕЛ ПРОДАЖБА, КАКТО И ДРУГИ ТЪРГОВСКИ ДЕЙЙНОСТИ НЕ ЗАБРАНЕНИ СЪС ЗАКОН.",,"{""4. Изписване на чужд език"": ""Sev - 2018 Ltd."", ""6а. Основна дейност по НКИД"": ""Група по НКИД: 9200\nКлас по НКИД: БУКМЕЙКЪРСКА ДЕЙНОСТ;ЗАЛАГАНИЯ И ХАЗАРТ"", ""7. Управители"": ""ГЕОРГИ СЕВОВ ПАЙТАЛОВ, Държава: БЪЛГАРИЯ"", ""23. Едноличен собственик на капитала"": ""ГЕОРГИ СЕВОВ ПАЙТАЛОВ, Държава: БЪЛГАРИЯ"", ""31. Размер"": ""5.11 €"", ""32. Внесен капитал"": ""5.11 €""}"
205255925,https://portal.registryagency.bg/CR/Reports/ActiveConditionTabResult?uic=205255925,"""Арест Груп"" ЕООД",18.09.2026г.,205255925,,Арест Груп,Еднолично дружество с ограничена отговорност,БЪЛГАРИЯ,"Област: София (столица), Община: Столична","гр. София, п.к. 1680","р-н Витоша, бул./ул. България № 98, ет. партер, ап. офис 1.10 Адрес на електронна поща: arestgroup@gmail.com","Проектиране, изграждане, строителство на жилищни и промишлени сгради и съоръжения, пътно строителство и магстрали, ремонт,реновиниране и реставриране на стари сгради и сгради паметници на културата, строителен монтаж, вътрешна и външна търговия; представителство, посредничество и агентство на местни и чужди физически и юридически лица в страната и чужбина; рекламна дейност; производство и търговия с промишлени стоки, стоки за бита, хранителни и селскостопански стоки; производство, търговия и износ с ниско и високо алкохлно съдържание напитки, комисионерство, търговско представителство, в страната и чужбина, пътнически и товарни транспортни услуги в страната и чужбина/след получаване на надлежен лиценз/, вътрешен и международен туризъм, хотелиерство, ресторантьорство, издателска дейност; продажба, сервиз на компютри, компютърна техника, проектиране и изграждане на мрежи и комуникационни решения, изследвания и разработки в областта на информационните технологии:както и извършване на други разрешени от законодателството търговски дейностти след получаване на съответния лиценз когато се налага.",,"{""4. Изписване на чужд език"": ""Arest Group Ltd"", ""5а. Адрес за кореспонденция с НАП на територията на страната"": ""Държава: БЪЛГАРИЯ\nОбласт: София (столица), Община: Столична\nНаселено място: гр. София, п.к. 1680\nр-н Витоша\nбул./ул. България № 98, ет. партер, ап. офис 1.10"", ""6а. Основна дейност по НКИД"": ""Група по НКИД: 41.20\nКлас по НКИД: Строителство на жилищни и нежилищни сгради"", ""7. Управители"": ""Георги Иванов Чонев, Държава: БЪЛГАРИЯ"", ""23. Едноличен собственик на капитала"": ""Георги Иванов Чонев, Държава: БЪЛГАРИЯ"", ""31. Размер"": ""255.65 €"", ""32. Внесен капитал"": ""255.65 €""}"
204057958,https://portal.registryagency.bg/CR/Reports/ActiveConditionTabResult?uic=204057958,"""ЮНИЛ"" ЕООД",18.09.2026г.,204057958,,ЮНИЛ,Еднолично дружество с ограничена отговорност,БЪЛГАРИЯ,"Област: Пловдив, Община: Родопи","с. Браниполе, п.к. 4109",бул./ул. ул. Персенк № 4А Адрес на електронна поща: yunil@abv.bg,"ТЪРГОВИЯ НА ЕДРО И ДРЕБНО С ХРАНИТЕЛНИ СТОКИ, ПРОИЗВОДСТВО И РЕАЛИЗАЦИЯ НА ВСИЧКИ ТЕСТЕНИ ИЗДЕЛИЯ, ТОПЛИ ЗАКУСКИ, КИФЛИ, БАНИЧКИ, СЛАДКАРСКИ ИЗДЕЛИЯ, ХЛЯБ И ХЛЕБНИ ИЗДЕЛИЯ; КОНСУЛТАНТСКИ УСЛУГИ В ОБЛАСТТА НА ЕКОЛОГИЯТА; ТРАНСПОРТНА И СПЕДИТОРСКА ДЕЙНОСТ, СТРОИТЕЛНА ДЕЙНОСТ; ТЪРГОВИЯ НА ЕДРО И ДРЕБНО С ЧЕРНИ И ЦВЕТНИ МЕТАЛИ И ВСЯКАКЪВ ВИД ОТПАДЪЦИ, КАКТО И ВСЯКА ДРУГА ТЪРГОВСКА ДЕЙНОСТ, НЕЗАБРАНЕНА ОТ ЗАКОНА.",,"{""4. Изписване на чужд език"": ""YUNIL"", ""7. Управители"": ""СЕДАТ МЮМЮНАЛИ СКЕНДЕР, Държава: БЪЛГАРИЯ"", ""23. Едноличен собственик на капитала"": ""СЕДАТ МЮМЮНАЛИ СКЕНДЕР, Държава: БЪЛГАРИЯ"", ""31. Размер"": ""255.65 €"", ""32. Внесен капитал"": ""255.65 €""}"
204057965,https://portal.registryagency.bg/CR/Reports/ActiveConditionTabResult?uic=204057965,"""НАЧЕВ СТРОЙ"" ЕООД",18.09.2026г.,204057965,,НАЧЕВ СТРОЙ,Еднолично дружество с ограничена отговорност,БЪЛГАРИЯ,"Област: Пловдив, Община: Марица","с. Бенковски, п.к. 4201",бул./ул. ГЕОРГИ БЕНКОВСКИ № 17,"ПОКУПКА НА ВСЯКАКЪВ ВИД СТОКИ И ВЕЩИ С ЦЕЛ ПРОДАЖБА В ПЪРВОНАЧАЛЕН, ПРЕРАБОТЕН ИЛИ ОБРАБОТЕН ВИД, ПОКУПКА, СТРОЕЖ ИЛИ ОБЗАВЕЖДАНЕ НА НЕДВИЖИМИ ИМОТИ С ЦЕЛ ПРОДАЖБА, ТЪРГОВИЯ И МОНТАЖ НА СТРОИТЕЛНИ МАТЕРИАЛИ, СТРОИТЕЛСТВО НА ЖИЛИЩНИ ИЛИ ДРУГИ ОБЕКТИ, ВНОС И ИЗНОС, БАРТЕРНИ СДЕЛКИ И РЕЕКСПОРТ, ТЪРГОВСКО ПРЕДСТАВИТЕЛСТВО, ПОСРЕДНИЧЕСТВО, МАРКЕТИНГОВА И КОНСУЛТАНСКА ДЕЙНОСТ, СКЛАДОВА, ЛИЗИНГОВА, СПЕДИЦИОННА И ТРАНСПОРТНА ДЕЙНОСТ, ХОТЕЛИЕРСКИ, ТУРИСТИЧЕСКИ, РЕСТОРАНТЬОРСКИ И РЕКЛАМНИ УСЛУГИ, КАКТО И ВСИЧКИ ДРУГИ ДЕЙНОСТИ И УСЛУГИ, НЕЗАБРАНЕНИ СЪС ЗАКОН.",,"{""4. Изписване на чужд език"": ""NACHEV STROY"", ""7. Управители"": ""ДИМИТЪР ЗАПРЯНОВ НАЧЕВ, Държава: БЪЛГАРИЯ"", ""23. Едноличен собственик на капитала"": ""ДИМИТЪР ЗАПРЯНОВ НАЧЕВ, Държава: БЪЛГАРИЯ"", ""31. Размер"": ""1022.58 €"", ""32. Внесен капитал"": ""1022.58 €""}"
202274308,https://portal.registryagency.bg/CR/Reports/ActiveConditionTabResult?uic=202274308,"""ЕМ ДЖИ ЕЛЕКТРОНИКА"" ЕООД",18.09.2026г.,202274308,,ЕМ ДЖИ ЕЛЕКТРОНИКА,Еднолично дружество с ограничена отговорност,БЪЛГАРИЯ,"Област: Варна, Община: Варна","гр. Варна, п.к. 9000","р-н Младост, бул./ул. ул. ПОД ИГОТО № 1, ет. 4, ап. 16","ТЪРГОВСКА ДЕЙНОСТ В СТРАНАТА И ЧУЖБИНА; ТЪРГОВСКО ПРЕДСТАВИТЕЛСТВО И ПОСРЕДНИЧЕСТВО; ТЪРГОВИЯ НА ЕЛ. МАТЕРИАЛИ, СТОКИ ЗА БИТА, ПОКУПКА НА СТОКИ С ЦЕЛ ПРОДАЖБА В ПЪРВОНАЧАЛЕН, ПРЕРАБОТЕН ИЛИ ОБРАБОТЕН ВИД; УСЛУГИ В ОБЛАСТТА НА БИТА, ПРОМИШЛЕНОСТТА И СЕЛСКОТО СТОПАНСТВО; ТУРИСТИЧЕСКА ДЕЙНОСТ; РЕКЛАМНА ДЕЙНОСТ",,"{""4. Изписване на чужд език"": ""\""M G ELEKTRONIKA\""Ltd"", ""6а. Основна дейност по НКИД"": ""Група по НКИД: 47.78\nКлас по НКИД: Търговия на дребно с други нехранителни стоки, некласифицирана другаде"", ""7. Управители"": ""ГЕОРГИ КОСТОВ КОСЕВ, Държава: БЪЛГАРИЯ"", ""23. Едноличен собственик на капитала"": ""ГЕОРГИ КОСТОВ КОСЕВ, Държава: БЪЛГАРИЯ"", ""31. Размер"": ""51.13 €"", ""32. Внесен капитал"": ""51.13 €""}"
202274315,https://portal.registryagency.bg/CR/Reports/ActiveConditionTabResult?uic=202274315,"""ИФЕСТОС ХЕЛЛАС"" ООД",18.09.2026г.,202274315,,ИФЕСТОС ХЕЛЛАС,Дружество с ограничена отговорност,БЪЛГАРИЯ,"Област: Благоевград, Община: Благоевград","гр. Благоевград, п.к. 2700","бул./ул. ул. Петър Зографски № 5, ет. 1, ап. 2","ПОКУПКА НА СТОКИ И ДРУГИ ВЕЩИ, В Т.Ч. И НА КОЗМЕТИКА, ПАРФЮМЕРИЯ, ДЪРВЕН МАТЕРИАЛ И ДЪРВА ЗА ОГРЕВ С ЦЕЛ ПРОДАЖБА В ПЪРВОНАЧАЛЕН, ПРЕРАБОТЕН И ОБРАБОТЕН ВИД В СТРАНАТА И ЧУЖБИНА; КОМИСИОННИ, СПЕДИЦИОННИ И ПРЕВОЗНИ СДЕЛКИ В СТРАНАТА И ЧУЖБИНА СЪС СОБСТВЕН И НАЕТ ТРАНСПОРТ; ЛИЗИНГОВИ СДЕЛКИ; ХОТЕЛИЕРСКИ, РЕСТОРАНТЬОРСКИ, ТУРИСТИЧЕСКИ, РЕКЛАМНИ, ИНФОРМАЦИОННИ, ПРОГРАМНИ, ИМПРЕСАРСКИ УСЛУГИ; ТЪРГОВСКО ПРЕДСТАВИТЕЛСТВО И ПОСРЕДНИЧЕСТВО НА ФИРМИ ОТ СТРАНАТА И ЧУЖБИНА; СКЛАДОВИ СДЕЛКИ; СДЕЛКИ С ИНТЕЛЕКТУАЛНА СОБСТВЕНОСТ; ОТДАВАНЕ ПОД НАЕМ НА ЯХТИ, МОТОРНИ ЛОДКИ, КОРАБИ, ДЖЕТОВЕ, МОТОЦИКЛЕТИ И АВТОМОБИЛИ; АВТОСЕРВИЗНИ УСЛУГИ, В Т.Ч. РЕМОНТ И ПОДРЪЖКА НА ВСЯКАКЪВ ВИД АВТОМОБИЛИ; ПРОЕКТИРАНЕ, СТРОЕЖ И ОБЗАВЕЖДАНЕ НА НЕДВИЖИМИ ИМОТИ С ЦЕЛ ПРОДАЖБА И ОТДАВАНЕ ПОД НАЕМ; РАЗРАБОТВАНЕ, ПРОЕКТИРАНЕ, ИЗГРАЖДАНЕ И ЕКСПЛАТАЦИЯ НА СЪОРАЖЕНИЯ, ИЗПОЛЗВАЩИ СИЛАТА НА ВЯТЪРА И ВОДАТА, КАКТО И ЕКСПЛОАТАЦИЯ НА ДРУГИ ВЪЗОБНОВЯЕМИ ЕНЕРГИЙНИ ИЗТОЧНИЦИ; ПРОИЗВОДСТВО И ПРОДАЖБА НА ВЪЗОБНОВЯЕМИ ЕНЕРГИЙНИ ИЗТОЧНИЦИ, ПРОИЗВОДСТВО И ПРОДАЖБА НА ЕЛЕКТРИЧЕСКА ЕНЕРГИЯ; АКО ЗА НЯКОЯ ОТ ДЕЙНОСТИТЕ СЕ ИЗИСКВА СПЕЦИАЛНО РАЗРЕШЕНИЕ ОТ КОМПЕТЕНТЕН ДЪРЖАВЕН ОРГАН, ДРУЖЕСТВОТО ЩЕ ИЗВЪРШВА ТАКАВА ДЕЙНОСТ СЛЕД ПОЛУЧАВАНЕ НА СЪОТВЕТНО РАЗРЕШЕНИЕ ЗА ИЗВЪРШВАНЕТО Й.",,"{""4. Изписване на чужд език"": ""IFESTOS HELLAS Ltd."", ""7. Управители"": ""КИРИАЗИ ЕФТИМИА ДИМИТРИОС, Държава: ГЪРЦИЯ"", ""19. Съдружници"": ""КИРИАЗИ ЕФТИМИА ДИМИТРИОС, Държава: ГЪРЦИЯ, Размер на дяловото участие: 50.00 лв.\nФИТАС СТИЛИАНОС КОСМАС, Държава: ГЪРЦИЯ, Размер на дяловото участие: 50.00 лв."", ""31. Размер"": ""51.13 €"", ""32. Внесен капитал"": ""51.13 €""}"
202274322,https://portal.registryagency.bg/CR/Reports/ActiveConditionTabResult?uic=202274322,"ЕТ ""КАЛИН РАЧЕВ""",18.09.2026г.,202274322,,КАЛИН РАЧЕВ,Едноличен търговец,БЪЛГАРИЯ,"Област: Велико Търново, Община: Свищов","гр. Свищов, п.к. 5250","бул./ул. ул. МЛАДОСТ № 4, ет. 4, ап. 16","ПРОИЗВОДСТВО НА МЕТАЛНИ И PVC ИЗДЕЛИЯ ЗА СТРОИТЕЛСТВОТО; ТЪРГОВИЯ НА ЕДРО И ДРЕБНО С ХРАНИТЕЛНИ И ПРОМИШЛЕНИ СТОКИ В СТРАНАТА И В ЧУЖБИНА; ПРОИЗВОДСТВО И ПОКУПКА НА СТОКИ С ЦЕЛ ДА ГИ ПРЕПРОДАДЕ В ПЪРВОНАЧАЛЕН, ПРЕРАБОТЕН ИЛИ ОБРАБОТЕН ВИД; ИМПОРТ, ЕКСПОРТ И РЕЕКСПОРТ; СТРОИТЕЛНИ УСЛУГИ; ПОСРЕДНИЧЕСКА ДЕЙНОСТ; РЕСТОРАНТЬОРСТВО И ХОТЕЛИЕРСТВО И ВСЯКАКВИ ДРУГИ ДЕЙНОСТИ И УСЛУГИ НЕЗАБРАНЕНИ СЪС ЗАКОН.",КАЛИН РАЧЕВ РАЧЕВ,
202274331,https://portal.registryagency.bg/CR/Reports/ActiveConditionTabResult?uic=202274331,"""МЕСТА БИО"" ЕООД",18.09.2026г.,202274331,,МЕСТА БИО,Еднолично дружество с ограничена отговорност,БЪЛГАРИЯ,"Област: София (столица), Община: Столична","гр. София, п.к. 1619","р-н Витоша, бул./ул. ул. ЛЮБЛЯНА № 51, бл. 8, вх. В, ет. 1, ап. 27 Телефон: 029874957, Адрес на електронна поща: evgenia.panova@gmail.com","ПРОИЗВОДСТВО И ПРЕРАБОТКА НА СЕЛСКОСТОПАНСКИ ПРОДУКТИ, ВЪНШНО И ВЪТРЕШНА ТЪРГОВСКА ДЕЙНОСТ, ТЪРГОВСКО ПРЕДСТАВИТЕЛСТВО, ТЪРГОВСКО ПОСРЕДНИЧЕСТВО И АГЕНТСТВО, КОНСУЛТАНТСКИ УСЛУГИ, КОМИСИОННА, СПЕДИЦИОННА, СКЛАДОВА, ХОТЕЛИЕРСКА, ТУРИСТИЧЕСКА, РЕКЛАМНА, ИНФОРМАЦИОННА ДЕЙНОСТ, КАКТО И ВСЯКАКВА ДРУГА ДЕЙНОСТ, НЕЗАБРАНЕНА СЪС ЗАКОН.",,"{""4. Изписване на чужд език"": ""MESTA BIO"", ""7. Управители"": ""ЕВГЕНИЯ ПАНКОВА ПАНОВА, Държава: БЪЛГАРИЯ"", ""23. Едноличен собственик на капитала"": ""ЕВГЕНИЯ ПАНКОВА ПАНОВА, Държава: БЪЛГАРИЯ"", ""31. Размер"": ""25.56 €"", ""32. Внесен капитал"": ""25.56 €""}"
203451284,https://portal.registryagency.bg/CR/Reports/ActiveConditionTabResult?uic=203451284,"""АММ СТИЛ"" ЕООД",18.09.2026г.,203451284,,АММ СТИЛ,Еднолично дружество с ограничена отговорност,БЪЛГАРИЯ,"Област: Русе, Община: Русе","гр. Русе, п.к. 7000",бул./ул. Борисова № 40А,"фризьорски и козметични услуги, маникюр, педикюр, както и провеждане на курсове за фризьорски и козметични услуги, маникюр, педикюр, търговска дейност с козметични продукти, извършване на дейности като оптика, частични и цялостни масажи, продажба на дрехи, цветя и др., като всички дейности или услуги, за които се изисква лиценз или регистрация ще бъдат извършвани след тяхното получаване",,"{""4. Изписване на чужд език"": ""AMM STYLE Ltd."", ""5а. Адрес за кореспонденция с НАП на територията на страната"": ""Държава: БЪЛГАРИЯ\nОбласт: Русе, Община: Русе\nНаселено място: гр. Русе, п.к. 7000\nбул./ул. Борисова № 40А"", ""7. Управители"": ""АНЕЛИЯ ТОДОРОВА ПЕТКОВА, Държава: БЪЛГАРИЯ"", ""23. Едноличен собственик на капитала"": ""АНЕЛИЯ ТОДОРОВА ПЕТКОВА, Държава: БЪЛГАРИЯ"", ""31. Размер"": ""1.02 €"", ""32. Внесен капитал"": ""1.02 €""}"
